substance_id,cid,substance_name,substance_class,source,target_name,uniprot_id,gene_symbol,species,affinity_type,affinity_nm,pmid
cid:62787,62787,"2,5-DMA",Amphetamine,bindingdb,5-hydroxytryptamine receptor 2A,,,Human,Ki,211.0,
cid:62787,62787,"2,5-DMA",Amphetamine,bindingdb,5-hydroxytryptamine receptor 2A,,,Rat,Ki,268.0,
cid:62787,62787,"2,5-DMA",Amphetamine,bindingdb,5-hydroxytryptamine receptor 2B,,,Human,Ki,1039.0,
cid:62787,62787,"2,5-DMA",Amphetamine,bindingdb,Amine oxidase [flavin-containing] A,,,Rat,IC50,,
cid:62787,62787,"2,5-DMA",Amphetamine,bindingdb,Serotonin 2 (5-HT2) receptor,,,Rat,Ki,465.0,
cid:10251906,10251906,25I-NBOMe,Substituted_phenethylamines,bindingdb,5-hydroxytryptamine receptor 1B,,,Human,Ki,,
cid:10251906,10251906,25I-NBOMe,Substituted_phenethylamines,bindingdb,5-hydroxytryptamine receptor 1E,,,Human,Ki,,
cid:10251906,10251906,25I-NBOMe,Substituted_phenethylamines,bindingdb,5-hydroxytryptamine receptor 2A,,,Human,Kd,0.097,
cid:10251906,10251906,25I-NBOMe,Substituted_phenethylamines,bindingdb,5-hydroxytryptamine receptor 2C,,,Human,Ki,2.0,
cid:10251906,10251906,25I-NBOMe,Substituted_phenethylamines,bindingdb,5-hydroxytryptamine receptor 7,,,Human,Ki,,
cid:10251906,10251906,25I-NBOMe,Substituted_phenethylamines,bindingdb,Alpha-1A adrenergic receptor,,,Human,Ki,,
cid:10251906,10251906,25I-NBOMe,Substituted_phenethylamines,bindingdb,D(1A) dopamine receptor,,,Human,Ki,,
cid:10251906,10251906,25I-NBOMe,Substituted_phenethylamines,bindingdb,D(1B) dopamine receptor,,,Human,Ki,,
cid:10251906,10251906,25I-NBOMe,Substituted_phenethylamines,bindingdb,Histamine H2 receptor,,,Human,Ki,,
cid:10251906,10251906,25I-NBOMe,Substituted_phenethylamines,bindingdb,Histamine H3 receptor,,,Human,Ki,,
cid:10251906,10251906,25I-NBOMe,Substituted_phenethylamines,bindingdb,Kappa-type opioid receptor,,,Human,Ki,288.0,
cid:10251906,10251906,25I-NBOMe,Substituted_phenethylamines,bindingdb,Mu-type opioid receptor,,,Human,Ki,82.0,
cid:10251906,10251906,25I-NBOMe,Substituted_phenethylamines,bindingdb,Muscarinic acetylcholine receptor M2,,,Human,Ki,,
cid:10251906,10251906,25I-NBOMe,Substituted_phenethylamines,bindingdb,Muscarinic acetylcholine receptor M5,,,Human,Ki,,
cid:10251906,10251906,25I-NBOMe,Substituted_phenethylamines,bindingdb,Sodium-dependent dopamine transporter,,,Human,Ki,,
cid:10251906,10251906,25I-NBOMe,Substituted_phenethylamines,bindingdb,Sodium-dependent serotonin transporter,,,Human,Ki,,
cid:98527,98527,2C-B,Substituted_phenethylamines,bindingdb,5-hydroxytryptamine receptor 1A,,,Human,Ki,240.8,
cid:98527,98527,2C-B,Substituted_phenethylamines,bindingdb,5-hydroxytryptamine receptor 1B,,,Human,Ki,104.4,
cid:98527,98527,2C-B,Substituted_phenethylamines,bindingdb,5-hydroxytryptamine receptor 1D,,,Human,Ki,26.3,
cid:98527,98527,2C-B,Substituted_phenethylamines,bindingdb,5-hydroxytryptamine receptor 2A,,,Rat,EC50,27.0,
cid:98527,98527,2C-B,Substituted_phenethylamines,bindingdb,5-hydroxytryptamine receptor 2C,,,Human,Ki,89.5,
cid:98527,98527,2C-B,Substituted_phenethylamines,bindingdb,5-hydroxytryptamine receptor 3A,,,Human,Ki,,
cid:98527,98527,2C-B,Substituted_phenethylamines,bindingdb,5-hydroxytryptamine receptor 5A,,,Human,Ki,,
cid:98527,98527,2C-B,Substituted_phenethylamines,bindingdb,5-hydroxytryptamine receptor 6,,,Human,Ki,319.9,
cid:98527,98527,2C-B,Substituted_phenethylamines,bindingdb,5-hydroxytryptamine receptor 7,,,Human,Ki,209.5,
cid:98527,98527,2C-B,Substituted_phenethylamines,bindingdb,Alpha-1A adrenergic receptor,,,Human,Ki,,
cid:98527,98527,2C-B,Substituted_phenethylamines,bindingdb,Alpha-1B adrenergic receptor,,,Human,Ki,,
cid:98527,98527,2C-B,Substituted_phenethylamines,bindingdb,Cannabinoid receptor 1,,,Human,Ki,,
cid:98527,98527,2C-B,Substituted_phenethylamines,bindingdb,"Carnitine O-palmitoyltransferase 2, mitochondrial",,,Human,Ki,7116.0,
cid:98527,98527,2C-B,Substituted_phenethylamines,bindingdb,D(1B) dopamine receptor,,,Human,Ki,,
cid:98527,98527,2C-B,Substituted_phenethylamines,bindingdb,D(2) dopamine receptor,,,Human,Ki,3371.0,
cid:98527,98527,2C-B,Substituted_phenethylamines,bindingdb,Gamma-aminobutyric acid receptor subunit alpha-1,,,Human,Ki,,
cid:98527,98527,2C-B,Substituted_phenethylamines,bindingdb,Gamma-aminobutyric acid receptor subunit alpha-1/Adenosine receptor A1,,,Human,Ki,,
cid:98527,98527,2C-B,Substituted_phenethylamines,bindingdb,"Glutamate receptor ionotropic, NMDA 2A",,,Human,Ki,,
cid:98527,98527,2C-B,Substituted_phenethylamines,bindingdb,Histamine H3 receptor,,,Human,Ki,,
cid:98527,98527,2C-B,Substituted_phenethylamines,bindingdb,Histamine H4 receptor,,,Human,Ki,,
cid:98527,98527,2C-B,Substituted_phenethylamines,bindingdb,Mu-type opioid receptor,,,Human,Ki,,
cid:98527,98527,2C-B,Substituted_phenethylamines,bindingdb,Muscarinic acetylcholine receptor M1,,,Human,Ki,,
cid:98527,98527,2C-B,Substituted_phenethylamines,bindingdb,Muscarinic acetylcholine receptor M2,,,Human,Ki,,
cid:98527,98527,2C-B,Substituted_phenethylamines,bindingdb,Muscarinic acetylcholine receptor M4,,,Human,Ki,,
cid:98527,98527,2C-B,Substituted_phenethylamines,bindingdb,Muscarinic acetylcholine receptor M5,,,Human,Ki,,
cid:98527,98527,2C-B,Substituted_phenethylamines,bindingdb,Prostaglandin E2 receptor EP3 subtype,,,Human,Ki,,
cid:98527,98527,2C-B,Substituted_phenethylamines,bindingdb,Serotonin 2 (5-HT2) receptor,,,Rat,Ki,34.0,
cid:98527,98527,2C-B,Substituted_phenethylamines,bindingdb,Sigma intracellular receptor 2,,,Human,Ki,,
cid:98527,98527,2C-B,Substituted_phenethylamines,bindingdb,Sigma non-opioid intracellular receptor 1,,,Human,Ki,,
cid:98527,98527,2C-B,Substituted_phenethylamines,bindingdb,Sodium-dependent noradrenaline transporter,,,Human,Ki,,
cid:98527,98527,2C-B,Substituted_phenethylamines,bindingdb,Vasopressin V1a receptor,,,Human,Ki,,
cid:98527,98527,2C-B,Substituted_phenethylamines,bindingdb,Vasopressin V1b receptor,,,Human,Ki,,
cid:10265873,10265873,2C-B-FLY,"Substituted_phenethylamines, Substituted_benzofurans",bindingdb,5-hydroxytryptamine receptor 1A,,,Rat,Ki,0.8,
cid:10265873,10265873,2C-B-FLY,"Substituted_phenethylamines, Substituted_benzofurans",bindingdb,5-hydroxytryptamine receptor 2A,,,Human,Ki,11.6,
cid:10265873,10265873,2C-B-FLY,"Substituted_phenethylamines, Substituted_benzofurans",bindingdb,5-hydroxytryptamine receptor 2B,,,Human,Ki,0.9,
cid:10265873,10265873,2C-B-FLY,"Substituted_phenethylamines, Substituted_benzofurans",bindingdb,Alpha-2A adrenergic receptor,,,Human,Ki,144.8,
cid:10265873,10265873,2C-B-FLY,"Substituted_phenethylamines, Substituted_benzofurans",bindingdb,Alpha-2B adrenergic receptor,,,Human,Ki,624.2,
cid:10265873,10265873,2C-B-FLY,"Substituted_phenethylamines, Substituted_benzofurans",bindingdb,Alpha-2C adrenergic receptor,,,Human,Ki,233.3,
cid:10265873,10265873,2C-B-FLY,"Substituted_phenethylamines, Substituted_benzofurans",bindingdb,Cannabinoid receptor 2,,,Human,Ki,8974.0,
cid:10265873,10265873,2C-B-FLY,"Substituted_phenethylamines, Substituted_benzofurans",bindingdb,D(1A) dopamine receptor,,,Human,Ki,4963.0,
cid:10265873,10265873,2C-B-FLY,"Substituted_phenethylamines, Substituted_benzofurans",bindingdb,D(4) dopamine receptor,,,Human,Ki,,
cid:10265873,10265873,2C-B-FLY,"Substituted_phenethylamines, Substituted_benzofurans",bindingdb,Delta-type opioid receptor,,,Human,Ki,,
cid:10265873,10265873,2C-B-FLY,"Substituted_phenethylamines, Substituted_benzofurans",bindingdb,Histamine H1 receptor,,,Human,Ki,5753.0,
cid:10265873,10265873,2C-B-FLY,"Substituted_phenethylamines, Substituted_benzofurans",bindingdb,Histamine H4 receptor,,,Human,Ki,,
cid:10265873,10265873,2C-B-FLY,"Substituted_phenethylamines, Substituted_benzofurans",bindingdb,Kappa-type opioid receptor,,,Human,Ki,,
cid:10265873,10265873,2C-B-FLY,"Substituted_phenethylamines, Substituted_benzofurans",bindingdb,Muscarinic acetylcholine receptor M3,,,Human,Ki,338.6,
cid:10265873,10265873,2C-B-FLY,"Substituted_phenethylamines, Substituted_benzofurans",bindingdb,Neuronal acetylcholine receptor subunit alpha-3/beta-2,,,Human,Ki,,
cid:10265873,10265873,2C-B-FLY,"Substituted_phenethylamines, Substituted_benzofurans",bindingdb,Neuronal acetylcholine receptor subunit alpha-4/beta-2,,,Human,Ki,,
cid:10265873,10265873,2C-B-FLY,"Substituted_phenethylamines, Substituted_benzofurans",bindingdb,Nischarin,,,Human,Ki,,
cid:10265873,10265873,2C-B-FLY,"Substituted_phenethylamines, Substituted_benzofurans",bindingdb,Sodium-dependent serotonin transporter,,,Human,Ki,,
cid:29979100,29979100,2C-C,Substituted_phenethylamines,bindingdb,Trace amine-associated receptor 1,,,Human,EC50,3750.0,
cid:24729233,24729233,2C-E,Substituted_phenethylamines,bindingdb,5-hydroxytryptamine receptor 2A,,,Human,EC50,2.5,
cid:24729233,24729233,2C-E,Substituted_phenethylamines,bindingdb,5-hydroxytryptamine receptor 2B,,,Human,Ki,25.1,
cid:24729233,24729233,2C-E,Substituted_phenethylamines,bindingdb,5-hydroxytryptamine receptor 2C,,,Human,EC50,0.2331,
cid:24729233,24729233,2C-E,Substituted_phenethylamines,bindingdb,5-hydroxytryptamine receptor 3A,,,Human,Ki,,
cid:24729233,24729233,2C-E,Substituted_phenethylamines,bindingdb,5-hydroxytryptamine receptor 5A,,,Human,Ki,,
cid:24729233,24729233,2C-E,Substituted_phenethylamines,bindingdb,5-hydroxytryptamine receptor 6,,,Human,Ki,2971.0,
cid:24729233,24729233,2C-E,Substituted_phenethylamines,bindingdb,Alpha-2A adrenergic receptor,,,Human,Ki,490.1,
cid:24729233,24729233,2C-E,Substituted_phenethylamines,bindingdb,Alpha-2B adrenergic receptor,,,Human,Ki,305.5,
cid:24729233,24729233,2C-E,Substituted_phenethylamines,bindingdb,Alpha-2C adrenergic receptor,,,Human,Ki,90.2,
cid:24729233,24729233,2C-E,Substituted_phenethylamines,bindingdb,Beta-1 adrenergic receptor,,,Human,Ki,,
cid:24729233,24729233,2C-E,Substituted_phenethylamines,bindingdb,Cannabinoid receptor 2,,,Human,Ki,,
cid:24729233,24729233,2C-E,Substituted_phenethylamines,bindingdb,Delta-type opioid receptor,,,Human,Ki,,
cid:24729233,24729233,2C-E,Substituted_phenethylamines,bindingdb,Gamma-aminobutyric acid receptor subunit alpha-1,,,Human,Ki,,
cid:24729233,24729233,2C-E,Substituted_phenethylamines,bindingdb,Gamma-aminobutyric acid receptor subunit alpha-1/Adenosine receptor A1,,,Human,Ki,,
cid:24729233,24729233,2C-E,Substituted_phenethylamines,bindingdb,Histamine H1 receptor,,,Human,Ki,,
cid:24729233,24729233,2C-E,Substituted_phenethylamines,bindingdb,Histamine H4 receptor,,,Human,Ki,,
cid:24729233,24729233,2C-E,Substituted_phenethylamines,bindingdb,Kappa-type opioid receptor,,,Human,Ki,,
cid:24729233,24729233,2C-E,Substituted_phenethylamines,bindingdb,Muscarinic acetylcholine receptor M1,,,Human,Ki,,
cid:24729233,24729233,2C-E,Substituted_phenethylamines,bindingdb,Muscarinic acetylcholine receptor M3,,,Human,Ki,2556.3,
cid:24729233,24729233,2C-E,Substituted_phenethylamines,bindingdb,Muscarinic acetylcholine receptor M4,,,Human,Ki,,
cid:24729233,24729233,2C-E,Substituted_phenethylamines,bindingdb,Nischarin,,,Human,Ki,,
cid:24729233,24729233,2C-E,Substituted_phenethylamines,bindingdb,Sigma intracellular receptor 2,,,Human,Ki,,
cid:24729233,24729233,2C-E,Substituted_phenethylamines,bindingdb,Sodium-dependent serotonin transporter,,,Human,Ki,,
cid:24729233,24729233,2C-E,Substituted_phenethylamines,bindingdb,Trace amine-associated receptor 1,,,Human,EC50,6410.0,
cid:24729233,24729233,2C-E,Substituted_phenethylamines,bindingdb,Vasopressin V1b receptor,,,Human,Ki,,
cid:24729233,24729233,2C-E,Substituted_phenethylamines,bindingdb,Voltage-dependent calcium channel subunit alpha-2/delta-1,,,Human,Ki,,
cid:76632,76632,2C-H,Substituted_phenethylamines,bindingdb,5-hydroxytryptamine receptor 2C,,,Rat,Ki,5520.0,
cid:76632,76632,2C-H,Substituted_phenethylamines,bindingdb,Alpha-1A adrenergic receptor,,,Human,EC50,11000.0,
cid:12315927,12315927,2C-T,Substituted_phenethylamines,bindingdb,5-hydroxytryptamine receptor 2A,,,Human,Ki,296.0,
cid:12074193,12074193,2C-T-2,Substituted_phenethylamines,bindingdb,5-hydroxytryptamine receptor 1A,,,Human,Ki,381.2,
cid:12074193,12074193,2C-T-2,Substituted_phenethylamines,bindingdb,5-hydroxytryptamine receptor 2A,,,Human,EC50,0.354,
cid:12074193,12074193,2C-T-2,Substituted_phenethylamines,bindingdb,5-hydroxytryptamine receptor 2A,,,Human,Ki,39.9,
cid:12074193,12074193,2C-T-2,Substituted_phenethylamines,bindingdb,5-hydroxytryptamine receptor 5A,,,Human,Ki,,
cid:12074193,12074193,2C-T-2,Substituted_phenethylamines,bindingdb,Alpha-1B adrenergic receptor,,,Human,Ki,,
cid:12074193,12074193,2C-T-2,Substituted_phenethylamines,bindingdb,Alpha-2B adrenergic receptor,,,Human,Ki,981.8,
cid:12074193,12074193,2C-T-2,Substituted_phenethylamines,bindingdb,Alpha-2C adrenergic receptor,,,Human,Ki,165.9,
cid:12074193,12074193,2C-T-2,Substituted_phenethylamines,bindingdb,Beta-1 adrenergic receptor,,,Human,Ki,9202.0,
cid:12074193,12074193,2C-T-2,Substituted_phenethylamines,bindingdb,Cannabinoid receptor 1,,,Human,Ki,,
cid:12074193,12074193,2C-T-2,Substituted_phenethylamines,bindingdb,D(1A) dopamine receptor,,,Human,Ki,,
cid:12074193,12074193,2C-T-2,Substituted_phenethylamines,bindingdb,D(1B) dopamine receptor,,,Human,Ki,,
cid:12074193,12074193,2C-T-2,Substituted_phenethylamines,bindingdb,D(2) dopamine receptor,,,Human,Ki,2795.0,
cid:12074193,12074193,2C-T-2,Substituted_phenethylamines,bindingdb,D(4) dopamine receptor,,,Human,Ki,,
cid:12074193,12074193,2C-T-2,Substituted_phenethylamines,bindingdb,Gamma-aminobutyric acid receptor subunit alpha-1,,,Human,Ki,,
cid:12074193,12074193,2C-T-2,Substituted_phenethylamines,bindingdb,Histamine H2 receptor,,,Human,Ki,,
cid:12074193,12074193,2C-T-2,Substituted_phenethylamines,bindingdb,Kappa-type opioid receptor,,,Human,Ki,,
cid:12074193,12074193,2C-T-2,Substituted_phenethylamines,bindingdb,Mu-type opioid receptor,,,Human,Ki,,
cid:12074193,12074193,2C-T-2,Substituted_phenethylamines,bindingdb,Muscarinic acetylcholine receptor M2,,,Human,Ki,,
cid:12074193,12074193,2C-T-2,Substituted_phenethylamines,bindingdb,Muscarinic acetylcholine receptor M5,,,Human,Ki,1502.0,
cid:12074193,12074193,2C-T-2,Substituted_phenethylamines,bindingdb,Nischarin,,,Human,Ki,2080.0,
cid:12074193,12074193,2C-T-2,Substituted_phenethylamines,bindingdb,Prostaglandin E2 receptor EP3 subtype,,,Human,Ki,,
cid:12074193,12074193,2C-T-2,Substituted_phenethylamines,bindingdb,Sigma intracellular receptor 2,,,Human,Ki,,
cid:12074193,12074193,2C-T-2,Substituted_phenethylamines,bindingdb,Sigma non-opioid intracellular receptor 1,,,Human,Ki,3870.0,
cid:12074193,12074193,2C-T-2,Substituted_phenethylamines,bindingdb,Sodium-dependent dopamine transporter,,,Human,Ki,,
cid:12074193,12074193,2C-T-2,Substituted_phenethylamines,bindingdb,Sodium-dependent noradrenaline transporter,,,Human,Ki,,
cid:44296390,44296390,"3,4-CTMP",Substituted_phenidates,bindingdb,Sodium-dependent dopamine transporter,,,Rat,IC50,5.3,
cid:15429212,15429212,4-AcO-DMT,Substituted_tryptamines,bindingdb,5-hydroxytryptamine receptor 1A,,,Human,Ki,,
cid:15429212,15429212,4-AcO-DMT,Substituted_tryptamines,bindingdb,5-hydroxytryptamine receptor 2B,,,Human,Ki,12.0,
cid:21786582,21786582,4-HO-MET,Substituted_tryptamines,bindingdb,Sodium-dependent serotonin transporter,,,Human,IC50,3268.0,
cid:15100753,15100753,4-MeO-PCP,Arylcyclohexylamines,bindingdb,"Glutamate receptor ionotropic, NMDA 1/2B",,,Human,IC50,15849.0,
cid:52944002,52944002,4F-MPH,Substituted_phenidates,bindingdb,Sodium-dependent dopamine transporter,,,Rat,IC50,35.0,
cid:50878551,50878551,5-MeO-DALT,Substituted_tryptamines,bindingdb,5-hydroxytryptamine receptor 1B,,,Human,Ki,741.0,
cid:50878551,50878551,5-MeO-DALT,Substituted_tryptamines,bindingdb,5-hydroxytryptamine receptor 1E,,,Human,Ki,501.0,
cid:50878551,50878551,5-MeO-DALT,Substituted_tryptamines,bindingdb,5-hydroxytryptamine receptor 2A,,,Human,Ki,218.0,
cid:50878551,50878551,5-MeO-DALT,Substituted_tryptamines,bindingdb,5-hydroxytryptamine receptor 7,,,Human,Ki,89.0,
cid:50878551,50878551,5-MeO-DALT,Substituted_tryptamines,bindingdb,Acetylcholine receptor subunit alpha/Neuronal acetylcholine receptor subunit beta-4,,,Human,Ki,,
cid:50878551,50878551,5-MeO-DALT,Substituted_tryptamines,bindingdb,Alpha-1A adrenergic receptor,,,Human,Ki,,
cid:50878551,50878551,5-MeO-DALT,Substituted_tryptamines,bindingdb,Alpha-1B adrenergic receptor,,,Human,Ki,,
cid:50878551,50878551,5-MeO-DALT,Substituted_tryptamines,bindingdb,Alpha-1D adrenergic receptor,,,Human,Ki,,
cid:50878551,50878551,5-MeO-DALT,Substituted_tryptamines,bindingdb,Histamine H2 receptor,,,Human,Ki,4247.0,
cid:50878551,50878551,5-MeO-DALT,Substituted_tryptamines,bindingdb,Kappa-type opioid receptor,,,Human,Ki,1122.0,
cid:50878551,50878551,5-MeO-DALT,Substituted_tryptamines,bindingdb,Neuronal acetylcholine receptor subunit alpha-4/beta-2,,,Human,Ki,,
cid:50878551,50878551,5-MeO-DALT,Substituted_tryptamines,bindingdb,Sigma non-opioid intracellular receptor 1,,,Guinea pig,Ki,398.0,
cid:50878551,50878551,5-MeO-DALT,Substituted_tryptamines,bindingdb,Sigma non-opioid intracellular receptor 1,,,Human,Ki,302.0,
cid:50878551,50878551,5-MeO-DALT,Substituted_tryptamines,bindingdb,Sodium-dependent dopamine transporter,,,Human,Ki,3162.0,
cid:50878551,50878551,5-MeO-DALT,Substituted_tryptamines,bindingdb,Sodium-dependent serotonin transporter,,,Human,Ki,501.0,
cid:1832,1832,5-MeO-DMT,Substituted_tryptamines,bindingdb,5-hydroxytryptamine receptor 1A,,,Human,EC50,197.0,
cid:1832,1832,5-MeO-DMT,Substituted_tryptamines,bindingdb,5-hydroxytryptamine receptor 1A,,,Human,IC50,15.0,
cid:1832,1832,5-MeO-DMT,Substituted_tryptamines,bindingdb,5-hydroxytryptamine receptor 1A,,,Rat,IC50,11.0,
cid:1832,1832,5-MeO-DMT,Substituted_tryptamines,bindingdb,5-hydroxytryptamine receptor 1B,,,Human,Ki,23.44,
cid:1832,1832,5-MeO-DMT,Substituted_tryptamines,bindingdb,5-hydroxytryptamine receptor 1B,,,Rat,Ki,90.0,
cid:1832,1832,5-MeO-DMT,Substituted_tryptamines,bindingdb,5-hydroxytryptamine receptor 1D,,,Guinea pig,IC50,49.0,
cid:1832,1832,5-MeO-DMT,Substituted_tryptamines,bindingdb,5-hydroxytryptamine receptor 1D,,,Human,IC50,49.0,
cid:1832,1832,5-MeO-DMT,Substituted_tryptamines,bindingdb,5-hydroxytryptamine receptor 1F,,,Human,Ki,37.0,
cid:1832,1832,5-MeO-DMT,Substituted_tryptamines,bindingdb,5-hydroxytryptamine receptor 2A,,,Human,IC50,,
cid:1832,1832,5-MeO-DMT,Substituted_tryptamines,bindingdb,5-hydroxytryptamine receptor 2A,,,Human,Ki,15.0,
cid:1832,1832,5-MeO-DMT,Substituted_tryptamines,bindingdb,5-hydroxytryptamine receptor 2A,,,Rat,Ki,14.0,
cid:1832,1832,5-MeO-DMT,Substituted_tryptamines,bindingdb,5-hydroxytryptamine receptor 2B,,,Bovine,Ki,1300.0,
cid:1832,1832,5-MeO-DMT,Substituted_tryptamines,bindingdb,5-hydroxytryptamine receptor 2B,,,Rat,EC50,240.0,
cid:1832,1832,5-MeO-DMT,Substituted_tryptamines,bindingdb,5-hydroxytryptamine receptor 2C,,,Human,Ki,42.0,
cid:1832,1832,5-MeO-DMT,Substituted_tryptamines,bindingdb,5-hydroxytryptamine receptor 2C,,,Rat,EC50,78.0,
cid:1832,1832,5-MeO-DMT,Substituted_tryptamines,bindingdb,5-hydroxytryptamine receptor 2C,,,Rat,IC50,250.0,
cid:1832,1832,5-MeO-DMT,Substituted_tryptamines,bindingdb,5-hydroxytryptamine receptor 2C,,,Rat,Ki,960.0,
cid:1832,1832,5-MeO-DMT,Substituted_tryptamines,bindingdb,5-hydroxytryptamine receptor 3A,,,Human,Ki,,
cid:1832,1832,5-MeO-DMT,Substituted_tryptamines,bindingdb,5-hydroxytryptamine receptor 5A,,,Human,Ki,276.6,
cid:1832,1832,5-MeO-DMT,Substituted_tryptamines,bindingdb,5-hydroxytryptamine receptor 6,,,Rat,Ki,79.43,
cid:1832,1832,5-MeO-DMT,Substituted_tryptamines,bindingdb,5-hydroxytryptamine receptor 7,,,Human,Ki,3.9,
cid:1832,1832,5-MeO-DMT,Substituted_tryptamines,bindingdb,Alpha-2A adrenergic receptor,,,Human,Ki,1890.0,
cid:1832,1832,5-MeO-DMT,Substituted_tryptamines,bindingdb,Alpha-2B adrenergic receptor,,,Human,Ki,2640.0,
cid:1832,1832,5-MeO-DMT,Substituted_tryptamines,bindingdb,Alpha-2C adrenergic receptor,,,Human,Ki,508.1,
cid:1832,1832,5-MeO-DMT,Substituted_tryptamines,bindingdb,Cannabinoid receptor 1,,,Human,Ki,,
cid:1832,1832,5-MeO-DMT,Substituted_tryptamines,bindingdb,D(1B) dopamine receptor,,,Human,Ki,,
cid:1832,1832,5-MeO-DMT,Substituted_tryptamines,bindingdb,Gamma-aminobutyric acid receptor subunit alpha-1,,,Human,Ki,,
cid:1832,1832,5-MeO-DMT,Substituted_tryptamines,bindingdb,Gamma-aminobutyric acid receptor subunit alpha-1/Adenosine receptor A1,,,Human,Ki,,
cid:1832,1832,5-MeO-DMT,Substituted_tryptamines,bindingdb,Kappa-type opioid receptor,,,Human,Ki,,
cid:1832,1832,5-MeO-DMT,Substituted_tryptamines,bindingdb,Melatonin receptor type 1B,,,Human,Ki,16.0,
cid:1832,1832,5-MeO-DMT,Substituted_tryptamines,bindingdb,Muscarinic acetylcholine receptor M2,,,Human,Ki,,
cid:1832,1832,5-MeO-DMT,Substituted_tryptamines,bindingdb,Muscarinic acetylcholine receptor M3,,,Human,Ki,,
cid:1832,1832,5-MeO-DMT,Substituted_tryptamines,bindingdb,Muscarinic acetylcholine receptor M5,,,Human,Ki,,
cid:1832,1832,5-MeO-DMT,Substituted_tryptamines,bindingdb,Sigma intracellular receptor 2,,,Human,Ki,,
cid:1832,1832,5-MeO-DMT,Substituted_tryptamines,bindingdb,Sigma non-opioid intracellular receptor 1,,,Human,Ki,,
cid:1832,1832,5-MeO-DMT,Substituted_tryptamines,bindingdb,Sodium-dependent dopamine transporter,,,Human,Ki,,
cid:1832,1832,5-MeO-DMT,Substituted_tryptamines,bindingdb,Voltage-dependent calcium channel subunit alpha-2/delta-1,,,Human,Ki,,
cid:151182,151182,5-MeO-DiPT,Substituted_tryptamines,bindingdb,5-hydroxytryptamine receptor 1A,,,Human,Ki,132.4,
cid:151182,151182,5-MeO-DiPT,Substituted_tryptamines,bindingdb,5-hydroxytryptamine receptor 1D,,,Human,Ki,1718.0,
cid:151182,151182,5-MeO-DiPT,Substituted_tryptamines,bindingdb,5-hydroxytryptamine receptor 2A,,,Human,EC50,215.2,
cid:151182,151182,5-MeO-DiPT,Substituted_tryptamines,bindingdb,5-hydroxytryptamine receptor 2B,,,Human,Ki,163.0,
cid:151182,151182,5-MeO-DiPT,Substituted_tryptamines,bindingdb,5-hydroxytryptamine receptor 5A,,,Human,Ki,,
cid:151182,151182,5-MeO-DiPT,Substituted_tryptamines,bindingdb,5-hydroxytryptamine receptor 6,,,Human,Ki,,
cid:151182,151182,5-MeO-DiPT,Substituted_tryptamines,bindingdb,Alpha-1B adrenergic receptor,,,Human,Ki,,
cid:151182,151182,5-MeO-DiPT,Substituted_tryptamines,bindingdb,Alpha-2A adrenergic receptor,,,Human,Ki,,
cid:151182,151182,5-MeO-DiPT,Substituted_tryptamines,bindingdb,Alpha-2C adrenergic receptor,,,Human,Ki,2865.0,
cid:151182,151182,5-MeO-DiPT,Substituted_tryptamines,bindingdb,Beta-2 adrenergic receptor,,,Human,Ki,,
cid:151182,151182,5-MeO-DiPT,Substituted_tryptamines,bindingdb,Cannabinoid receptor 1,,,Human,Ki,,
cid:151182,151182,5-MeO-DiPT,Substituted_tryptamines,bindingdb,D(2) dopamine receptor,,,Human,Ki,,
cid:151182,151182,5-MeO-DiPT,Substituted_tryptamines,bindingdb,D(4) dopamine receptor,,,Human,Ki,,
cid:151182,151182,5-MeO-DiPT,Substituted_tryptamines,bindingdb,Gamma-aminobutyric acid receptor subunit alpha-1,,,Human,Ki,,
cid:151182,151182,5-MeO-DiPT,Substituted_tryptamines,bindingdb,Gamma-aminobutyric acid receptor subunit alpha-1/Adenosine receptor A1,,,Human,Ki,,
cid:151182,151182,5-MeO-DiPT,Substituted_tryptamines,bindingdb,Histamine H1 receptor,,,Human,Ki,,
cid:151182,151182,5-MeO-DiPT,Substituted_tryptamines,bindingdb,Histamine H2 receptor,,,Human,Ki,,
cid:151182,151182,5-MeO-DiPT,Substituted_tryptamines,bindingdb,Histamine H4 receptor,,,Human,Ki,,
cid:151182,151182,5-MeO-DiPT,Substituted_tryptamines,bindingdb,Mu-type opioid receptor,,,Human,Ki,,
cid:151182,151182,5-MeO-DiPT,Substituted_tryptamines,bindingdb,Muscarinic acetylcholine receptor M3,,,Human,Ki,,
cid:151182,151182,5-MeO-DiPT,Substituted_tryptamines,bindingdb,Nischarin,,,Human,Ki,759.5,
cid:151182,151182,5-MeO-DiPT,Substituted_tryptamines,bindingdb,Prostaglandin E2 receptor EP3 subtype,,,Human,Ki,,
cid:151182,151182,5-MeO-DiPT,Substituted_tryptamines,bindingdb,Vasopressin V1b receptor,,,Human,Ki,,
cid:2763156,2763156,5-MeO-MiPT,Substituted_tryptamines,bindingdb,5-hydroxytryptamine receptor 2A,,,Human,Ki,448.3,
cid:2763156,2763156,5-MeO-MiPT,Substituted_tryptamines,bindingdb,5-hydroxytryptamine receptor 2C,,,Human,EC50,2.784,
cid:2763156,2763156,5-MeO-MiPT,Substituted_tryptamines,bindingdb,5-hydroxytryptamine receptor 5A,,,Human,Ki,952.9,
cid:2763156,2763156,5-MeO-MiPT,Substituted_tryptamines,bindingdb,Alpha-1A adrenergic receptor,,,Human,Ki,,
cid:2763156,2763156,5-MeO-MiPT,Substituted_tryptamines,bindingdb,Alpha-1B adrenergic receptor,,,Human,Ki,,
cid:2763156,2763156,5-MeO-MiPT,Substituted_tryptamines,bindingdb,Alpha-2B adrenergic receptor,,,Human,Ki,1693.0,
cid:2763156,2763156,5-MeO-MiPT,Substituted_tryptamines,bindingdb,Beta-1 adrenergic receptor,,,Human,Ki,,
cid:2763156,2763156,5-MeO-MiPT,Substituted_tryptamines,bindingdb,"Carnitine O-palmitoyltransferase 2, mitochondrial",,,Human,Ki,2470.0,
cid:2763156,2763156,5-MeO-MiPT,Substituted_tryptamines,bindingdb,D(1A) dopamine receptor,,,Human,Ki,,
cid:2763156,2763156,5-MeO-MiPT,Substituted_tryptamines,bindingdb,D(1B) dopamine receptor,,,Human,Ki,,
cid:2763156,2763156,5-MeO-MiPT,Substituted_tryptamines,bindingdb,D(2) dopamine receptor,,,Human,Ki,,
cid:2763156,2763156,5-MeO-MiPT,Substituted_tryptamines,bindingdb,D(4) dopamine receptor,,,Human,Ki,6331.0,
cid:2763156,2763156,5-MeO-MiPT,Substituted_tryptamines,bindingdb,Gamma-aminobutyric acid receptor subunit alpha-1,,,Human,Ki,,
cid:2763156,2763156,5-MeO-MiPT,Substituted_tryptamines,bindingdb,Histamine H2 receptor,,,Human,Ki,,
cid:2763156,2763156,5-MeO-MiPT,Substituted_tryptamines,bindingdb,Kappa-type opioid receptor,,,Human,Ki,,
cid:2763156,2763156,5-MeO-MiPT,Substituted_tryptamines,bindingdb,Muscarinic acetylcholine receptor M2,,,Human,Ki,,
cid:2763156,2763156,5-MeO-MiPT,Substituted_tryptamines,bindingdb,Muscarinic acetylcholine receptor M5,,,Human,Ki,,
cid:2763156,2763156,5-MeO-MiPT,Substituted_tryptamines,bindingdb,Nischarin,,,Human,Ki,879.4,
cid:2763156,2763156,5-MeO-MiPT,Substituted_tryptamines,bindingdb,Prostaglandin E2 receptor EP3 subtype,,,Human,Ki,,
cid:2763156,2763156,5-MeO-MiPT,Substituted_tryptamines,bindingdb,Sigma intracellular receptor 2,,,Human,Ki,917.9,
cid:2763156,2763156,5-MeO-MiPT,Substituted_tryptamines,bindingdb,Sigma non-opioid intracellular receptor 1,,,Human,Ki,,
cid:2763156,2763156,5-MeO-MiPT,Substituted_tryptamines,bindingdb,Sodium-dependent dopamine transporter,,,Human,Ki,,
cid:2763156,2763156,5-MeO-MiPT,Substituted_tryptamines,bindingdb,Sodium-dependent noradrenaline transporter,,,Human,Ki,,
cid:2763156,2763156,5-MeO-MiPT,Substituted_tryptamines,bindingdb,Voltage-dependent calcium channel subunit alpha-2/delta-1,,,Human,Ki,,
cid:44301524,44301524,7-OH,"Alkaloid, Indole_alkaloid",bindingdb,Delta-type opioid receptor,,,Mouse,IC50,691.0,
cid:44301524,44301524,7-OH,"Alkaloid, Indole_alkaloid",bindingdb,Delta-type opioid receptor,,,Mouse,Ki,90.0,
cid:44301524,44301524,7-OH,"Alkaloid, Indole_alkaloid",bindingdb,Kappa-type opioid receptor,,,Guinea pig,EC50,53.0,
cid:44301524,44301524,7-OH,"Alkaloid, Indole_alkaloid",bindingdb,Kappa-type opioid receptor,,,Guinea pig,Ki,123.0,
cid:44301524,44301524,7-OH,"Alkaloid, Indole_alkaloid",bindingdb,Kappa-type opioid receptor,,,Mouse,Ki,131.0,
cid:44301524,44301524,7-OH,"Alkaloid, Indole_alkaloid",bindingdb,Mu-type opioid receptor,,,Human,EC50,5.9,
cid:44301524,44301524,7-OH,"Alkaloid, Indole_alkaloid",bindingdb,Mu-type opioid receptor,,,Human,IC50,725.0,
cid:44301524,44301524,7-OH,"Alkaloid, Indole_alkaloid",bindingdb,Mu-type opioid receptor,,,Human,Ki,7.2,
cid:44301524,44301524,7-OH,"Alkaloid, Indole_alkaloid",bindingdb,Mu-type opioid receptor,,,Mouse,EC50,53.0,
cid:11148955,11148955,A-PVP,"Cathinone, Substituted_cathinones, Substituted_pyrrolidines",bindingdb,Sodium-dependent dopamine transporter,,,Human,Ki,33.7,
cid:11148955,11148955,A-PVP,"Cathinone, Substituted_cathinones, Substituted_pyrrolidines",bindingdb,Sodium-dependent noradrenaline transporter,,,Human,IC50,56.0,
cid:11148955,11148955,A-PVP,"Cathinone, Substituted_cathinones, Substituted_pyrrolidines",bindingdb,Sodium-dependent noradrenaline transporter,,,Human,Ki,199.0,
cid:58124325,58124325,AB-FUBINACA,Indazolecarboxamide,bindingdb,Cannabinoid receptor 1,,,Human,EC50,2.1,
cid:71308155,71308155,APICA,"Indolecarboxamide, Indole_cannabinoid",bindingdb,Cannabinoid receptor 2,,,Human,EC50,29.0,
cid:187,187,Acetylcholine,,bindingdb,Acetylcholine receptor subunit delta,,,Pacific electric ray,EC50,40000.0,
cid:187,187,Acetylcholine,,bindingdb,Beta-arrestin-1,,,Rabbit,Ki,3230.0,
cid:187,187,Acetylcholine,,bindingdb,Bile salt export pump,,,Human,IC50,,
cid:187,187,Acetylcholine,,bindingdb,Cannabinoid receptor 1,,,Medicinal leech,Ki,1000.0,
cid:187,187,Acetylcholine,,bindingdb,G protein-activated inward rectifier potassium channel 1,,,Rat,EC50,0.06142,
cid:187,187,Acetylcholine,,bindingdb,Muscarinic acetylcholine receptor M1,,,Human,EC50,1.1,
cid:187,187,Acetylcholine,,bindingdb,Muscarinic acetylcholine receptor M1,,,Human,IC50,135.0,
cid:187,187,Acetylcholine,,bindingdb,Muscarinic acetylcholine receptor M1,,,Human,Kd,17378.0,
cid:187,187,Acetylcholine,,bindingdb,Muscarinic acetylcholine receptor M1,,,Human,Ki,3.4,
cid:187,187,Acetylcholine,,bindingdb,Muscarinic acetylcholine receptor M2,,,Human,Ki,158.0,
cid:187,187,Acetylcholine,,bindingdb,Muscarinic acetylcholine receptor M3,,,Rat,Ki,2400.0,
cid:187,187,Acetylcholine,,bindingdb,Muscarinic acetylcholine receptor M4,,,Human,EC50,10.0,
cid:187,187,Acetylcholine,,bindingdb,Muscarinic acetylcholine receptor M5,,,Human,EC50,1.2,
cid:187,187,Acetylcholine,,bindingdb,Muscarinic acetylcholine receptor M5,,,Human,Ki,800.0,
cid:187,187,Acetylcholine,,bindingdb,Neuronal acetylcholine receptor subunit alpha-3,,,Human,EC50,19000.0,
cid:187,187,Acetylcholine,,bindingdb,Neuronal acetylcholine receptor subunit alpha-3,,,Rat,Ki,56.0,
cid:187,187,Acetylcholine,,bindingdb,Neuronal acetylcholine receptor subunit alpha-3/beta-2,,,Human,EC50,443000.0,
cid:187,187,Acetylcholine,,bindingdb,Neuronal acetylcholine receptor subunit alpha-4/beta-2,,,Rat,Ki,7.6,
cid:187,187,Acetylcholine,,bindingdb,Neuronal acetylcholine receptor subunit alpha-7,,,Rat,EC50,3120.0,
cid:187,187,Acetylcholine,,bindingdb,Neuronal acetylcholine receptor subunit alpha-7,,,Rat,Ki,,
cid:187,187,Acetylcholine,,bindingdb,Neuronal acetylcholine receptor subunit alpha-9,,,Human,EC50,26000.0,
cid:187,187,Acetylcholine,,bindingdb,Neuronal acetylcholine receptor; alpha2/beta2,,,Rat,Ki,11.0,
cid:187,187,Acetylcholine,,bindingdb,Neuronal acetylcholine receptor; alpha9/alpha10,,,Human,EC50,30000.0,
cid:187,187,Acetylcholine,,bindingdb,Nicotinic acetylcholine receptor,,,Cape York rat,Ki,4.0,
cid:187,187,Acetylcholine,,bindingdb,Resistance to inhibitors of cholinesterase protein 3,,,Pig roundworm,EC50,6360.0,
cid:187,187,Acetylcholine,,bindingdb,Tropomyosin alpha-1 chain,,,Pig,EC50,,
cid:5816,5816,Adrenaline,,bindingdb,Alpha-1A adrenergic receptor,,,Human,EC50,400.0,
cid:5816,5816,Adrenaline,,bindingdb,Alpha-1A adrenergic receptor,,,Human,Ki,2000.0,
cid:5816,5816,Adrenaline,,bindingdb,Alpha-1A adrenergic receptor/Alpha-1B adrenergic receptor/Alpha-1D adrenergic receptor/Alpha-2A adrenergic receptor [16-465]/Alpha-2B adrenergic receptor/Alpha-2C adrenergic receptor,,,Rat,IC50,17.0,
cid:5816,5816,Adrenaline,,bindingdb,Alpha-1A/Alpha-1B/Alpha-1D adrenergic receptor,,,Rat,Ki,200.0,
cid:5816,5816,Adrenaline,,bindingdb,Alpha-2A adrenergic receptor,,,Human,Ki,160.0,
cid:5816,5816,Adrenaline,,bindingdb,Alpha-2A adrenergic receptor [16-465]/Alpha-2B adrenergic receptor/Alpha-2C adrenergic receptor,,,Rat,Ki,38.0,
cid:5816,5816,Adrenaline,,bindingdb,Alpha-2A/Alpha-2B/Alpha-2C adrenergic receptor,,,Human,EC50,300.0,
cid:5816,5816,Adrenaline,,bindingdb,Alpha-2A/Alpha-2B/Alpha-2C adrenergic receptor,,,Human,IC50,8.0,
cid:5816,5816,Adrenaline,,bindingdb,Beta-1 adrenergic receptor,,,Guinea pig,EC50,260.0,
cid:5816,5816,Adrenaline,,bindingdb,Beta-1 adrenergic receptor,,,Rat,Ki,1100.0,
cid:5816,5816,Adrenaline,,bindingdb,Beta-2 adrenergic receptor,,,Dog,Ki,660.0,
cid:5816,5816,Adrenaline,,bindingdb,Beta-2 adrenergic receptor,,,Guinea pig,EC50,15.0,
cid:5816,5816,Adrenaline,,bindingdb,Beta-2 adrenergic receptor,,,Human,Kd,630.0,
cid:5816,5816,Adrenaline,,bindingdb,Beta-2 adrenergic receptor,,,Human,Ki,360.0,
cid:5816,5816,Adrenaline,,bindingdb,D(2) dopamine receptor,,,Human,Ki,910.0,
cid:5816,5816,Adrenaline,,bindingdb,Mu-type opioid receptor,,,Rat,Ki,4000.0,
cid:5816,5816,Adrenaline,,bindingdb,Multidrug resistance-associated protein 1,,,Human,EC50,3749.0,
cid:5816,5816,Adrenaline,,bindingdb,Solute carrier family 22 member 1,,,Rat,Ki,1600000.0,
cid:5816,5816,Adrenaline,,bindingdb,Solute carrier family 22 member 2,,,Rat,Ki,1191000.0,
cid:2118,2118,Alprazolam,Benzodiazepines,bindingdb,Cholecystokinin receptor type A,,,Rat,IC50,64000.0,
cid:2118,2118,Alprazolam,Benzodiazepines,bindingdb,Gamma-aminobutyric acid receptor subunit alpha-1,,,Human,EC50,37.0,
cid:2118,2118,Alprazolam,Benzodiazepines,bindingdb,Gamma-aminobutyric acid receptor subunit alpha-1,,,Rat,Ki,21.0,
cid:2118,2118,Alprazolam,Benzodiazepines,bindingdb,Gamma-aminobutyric acid receptor subunit alpha-1/beta-2/gamma-1,,,Human,Ki,19.6,
cid:2118,2118,Alprazolam,Benzodiazepines,bindingdb,Gamma-aminobutyric acid receptor subunit alpha-1/beta-3/gamma-2,,,Human,Ki,19.6,
cid:2118,2118,Alprazolam,Benzodiazepines,bindingdb,Gamma-aminobutyric acid receptor subunit alpha-2,,,Human,EC50,12.0,
cid:2118,2118,Alprazolam,Benzodiazepines,bindingdb,Gamma-aminobutyric acid receptor subunit alpha-2/beta-2/gamma-2,,,Human,Ki,0.6,
cid:2118,2118,Alprazolam,Benzodiazepines,bindingdb,Gamma-aminobutyric acid type B receptor subunit 1,,,Rat,Ki,4.5,
cid:2118,2118,Alprazolam,Benzodiazepines,bindingdb,Platelet-activating factor receptor,,,Guinea pig,IC50,22000.0,
cid:9690109,9690109,Armodafinil,Benzhydryl,bindingdb,D(2) dopamine receptor,,,Human,IC50,2.1,
cid:9690109,9690109,Armodafinil,Benzhydryl,bindingdb,D(4) dopamine receptor,,,Human,Ki,,
cid:9690109,9690109,Armodafinil,Benzhydryl,bindingdb,Sodium-dependent dopamine transporter,,,Human,IC50,6600.0,
cid:9690109,9690109,Armodafinil,Benzhydryl,bindingdb,Sodium-dependent dopamine transporter,,,Human,Ki,647.0,
cid:9690109,9690109,Armodafinil,Benzhydryl,bindingdb,Sodium-dependent dopamine transporter,,,Rat,Ki,3050.0,
cid:9690109,9690109,Armodafinil,Benzhydryl,bindingdb,Sodium-dependent serotonin transporter,,,Human,IC50,232000.0,
cid:2284,2284,Baclofen,"Butyric_acid, Gabapentinoids",bindingdb,ATP-binding cassette sub-family C member 2,,,Human,IC50,,
cid:2284,2284,Baclofen,"Butyric_acid, Gabapentinoids",bindingdb,ATP-binding cassette sub-family C member 3,,,Human,IC50,,
cid:2284,2284,Baclofen,"Butyric_acid, Gabapentinoids",bindingdb,Bile salt export pump,,,Human,IC50,,
cid:2284,2284,Baclofen,"Butyric_acid, Gabapentinoids",bindingdb,Gamma-aminobutyric acid (GABA) B receptor 1/type B receptor subunit 2 [41-940],,,Rat,Ki,220.0,
cid:2284,2284,Baclofen,"Butyric_acid, Gabapentinoids",bindingdb,Gamma-aminobutyric acid type B receptor subunit 1/2,,,Human,IC50,35.0,
cid:2284,2284,Baclofen,"Butyric_acid, Gabapentinoids",bindingdb,Gamma-aminobutyric acid type B receptor subunit 1/2,,,Human,Ki,6000.0,
cid:2284,2284,Baclofen,"Butyric_acid, Gabapentinoids",bindingdb,Gamma-aminobutyric acid type B receptor subunit 1/2,,,Rat,IC50,30.0,
cid:10257,10257,Bufotenin,Substituted_tryptamines,bindingdb,5-hydroxytryptamine receptor 1A,,,Rat,Ki,21.38,
cid:10257,10257,Bufotenin,Substituted_tryptamines,bindingdb,5-hydroxytryptamine receptor 1F,,,Mouse,Ki,31.62,
cid:10257,10257,Bufotenin,Substituted_tryptamines,bindingdb,5-hydroxytryptamine receptor 2A,,,Human,Ki,15.0,
cid:10257,10257,Bufotenin,Substituted_tryptamines,bindingdb,5-hydroxytryptamine receptor 2C,,,Human,Ki,70.0,
cid:10257,10257,Bufotenin,Substituted_tryptamines,bindingdb,5-hydroxytryptamine receptor 5A,,,Mouse,Ki,1000.0,
cid:10257,10257,Bufotenin,Substituted_tryptamines,bindingdb,5-hydroxytryptamine receptor 6,,,Mouse,Ki,100.0,
cid:10257,10257,Bufotenin,Substituted_tryptamines,bindingdb,5-hydroxytryptamine receptor 6,,,Rat,Ki,4.46,
cid:644073,644073,Buprenorphine,Substituted_morphinans,bindingdb,Delta-type opioid receptor,,,Human,EC50,,
cid:644073,644073,Buprenorphine,Substituted_morphinans,bindingdb,Delta-type opioid receptor,,,Human,IC50,0.9,
cid:644073,644073,Buprenorphine,Substituted_morphinans,bindingdb,Mu-type opioid receptor,,,Human,EC50,0.11,
cid:644073,644073,Buprenorphine,Substituted_morphinans,bindingdb,Mu-type opioid receptor,,,Human,IC50,0.59,
cid:644073,644073,Buprenorphine,Substituted_morphinans,bindingdb,Mu-type opioid receptor,,,Human,Ki,0.21,
cid:644073,644073,Buprenorphine,Substituted_morphinans,bindingdb,Mu-type opioid receptor,,,Mouse,EC50,3.6,
cid:644073,644073,Buprenorphine,Substituted_morphinans,bindingdb,Mu-type opioid receptor,,,Rat,Ki,0.19,
cid:644073,644073,Buprenorphine,Substituted_morphinans,bindingdb,Nociceptin receptor,,,Human,Ki,77.0,
cid:2477,2477,Buspirone,,bindingdb,5-hydroxytryptamine receptor 1A,,,Human,EC50,15.0,
cid:2477,2477,Buspirone,,bindingdb,5-hydroxytryptamine receptor 1A,,,Human,IC50,25.0,
cid:2477,2477,Buspirone,,bindingdb,5-hydroxytryptamine receptor 1A/1B/1D/1F,,,Rat,IC50,95.0,
cid:2477,2477,Buspirone,,bindingdb,5-hydroxytryptamine receptor 1A/1B/1D/1F/2A/2B/2C/3A/3B/4/5A/5B/6/7,,,Rat,IC50,,
cid:2477,2477,Buspirone,,bindingdb,5-hydroxytryptamine receptor 1B,,,Rat,Ki,17.0,
cid:2477,2477,Buspirone,,bindingdb,5-hydroxytryptamine receptor 2A,,,Bovine,IC50,10000.0,
cid:2477,2477,Buspirone,,bindingdb,5-hydroxytryptamine receptor 2A,,,Human,Ki,138.03,
cid:2477,2477,Buspirone,,bindingdb,5-hydroxytryptamine receptor 2A,,,Rat,IC50,,
cid:2477,2477,Buspirone,,bindingdb,5-hydroxytryptamine receptor 2A,,,Rat,Ki,482.0,
cid:2477,2477,Buspirone,,bindingdb,5-hydroxytryptamine receptor 2C,,,Human,Ki,489.77,
cid:2477,2477,Buspirone,,bindingdb,5-hydroxytryptamine receptor 2C,,,Rat,Ki,2089.3,
cid:2477,2477,Buspirone,,bindingdb,5-hydroxytryptamine receptor 3A,,,Rat,Ki,,
cid:2477,2477,Buspirone,,bindingdb,5-hydroxytryptamine receptor 4,,,Rat,Ki,,
cid:2477,2477,Buspirone,,bindingdb,5-hydroxytryptamine receptor 6,,,Mouse,Ki,398.1,
cid:2477,2477,Buspirone,,bindingdb,5-hydroxytryptamine receptor 7,,,Human,Ki,840.0,
cid:2477,2477,Buspirone,,bindingdb,5-hydroxytryptamine receptor 7,,,Rat,Ki,375.0,
cid:2477,2477,Buspirone,,bindingdb,Alpha-1A adrenergic receptor,,,Bovine,IC50,16000.0,
cid:2477,2477,Buspirone,,bindingdb,Alpha-1A adrenergic receptor,,,Human,Ki,,
cid:2477,2477,Buspirone,,bindingdb,Alpha-1A/Alpha-1B/Alpha-1D adrenergic receptor,,,Rat,IC50,,
cid:2477,2477,Buspirone,,bindingdb,Alpha-1A/Alpha-1B/Alpha-1D adrenergic receptor,,,Rat,Ki,138.0,
cid:2477,2477,Buspirone,,bindingdb,Alpha-2A adrenergic receptor,,,Bovine,IC50,10000.0,
cid:2477,2477,Buspirone,,bindingdb,Alpha-2A adrenergic receptor [16-465]/Alpha-2B adrenergic receptor/Alpha-2C adrenergic receptor,,,Rat,IC50,,
cid:2477,2477,Buspirone,,bindingdb,Alpha-2A adrenergic receptor [16-465]/Alpha-2B adrenergic receptor/Alpha-2C adrenergic receptor,,,Rat,Ki,5012.0,
cid:2477,2477,Buspirone,,bindingdb,Bile salt export pump,,,Human,IC50,59630.0,
cid:2477,2477,Buspirone,,bindingdb,D(1A) dopamine receptor,,,Bovine,Ki,6100.0,
cid:2477,2477,Buspirone,,bindingdb,D(1A)/D(1B)/D(2)/D(3)/D(4) dopamine receptor,,,Rat,IC50,120.0,
cid:2477,2477,Buspirone,,bindingdb,D(2) dopamine receptor,,,Bovine,IC50,4000.0,
cid:2477,2477,Buspirone,,bindingdb,D(2) dopamine receptor,,,Bovine,Ki,44.0,
cid:2477,2477,Buspirone,,bindingdb,D(2) dopamine receptor,,,Human,Ki,13.0,
cid:2477,2477,Buspirone,,bindingdb,D(4) dopamine receptor,,,Human,Ki,78.0,
cid:2477,2477,Buspirone,,bindingdb,Serotonin 2 (5-HT2) receptor,,,Rat,Ki,174.0,
cid:2477,2477,Buspirone,,bindingdb,Sigma non-opioid intracellular receptor 1,,,Human,IC50,36.0,
cid:2477,2477,Buspirone,,bindingdb,Sigma non-opioid intracellular receptor 1,,,Human,Ki,,
cid:2477,2477,Buspirone,,bindingdb,Sigma non-opioid intracellular receptor 1,,,Rat,Ki,48.0,
cid:2477,2477,Buspirone,,bindingdb,Sodium-dependent serotonin transporter,,,Rat,IC50,,
cid:2477,2477,Buspirone,,bindingdb,Solute carrier family 22 member 2,,,Human,IC50,12000.0,
cid:2519,2519,Caffeine,Xanthines,bindingdb,Acetylcholinesterase,,,Human,IC50,7250.0,
cid:2519,2519,Caffeine,Xanthines,bindingdb,Adenosine receptor A1,,,Rat,IC50,110000.0,
cid:2519,2519,Caffeine,Xanthines,bindingdb,Adenosine receptor A1,,,Rat,Ki,,
cid:2519,2519,Caffeine,Xanthines,bindingdb,Adenosine receptor A1/A2a/A2b/A3,,,Rat,Ki,15000.0,
cid:2519,2519,Caffeine,Xanthines,bindingdb,Adenosine receptor A2a,,,Guinea pig,Ki,50000.0,
cid:2519,2519,Caffeine,Xanthines,bindingdb,Adenosine receptor A2a,,,Human,Kd,5510.0,
cid:2519,2519,Caffeine,Xanthines,bindingdb,Adenosine receptor A2a,,,Human,Ki,5011.87,
cid:2519,2519,Caffeine,Xanthines,bindingdb,Adenosine receptor A2a,,,Rat,Ki,9400.0,
cid:2519,2519,Caffeine,Xanthines,bindingdb,Adenosine receptor A2a/A2b,,,Rat,IC50,63000.0,
cid:2519,2519,Caffeine,Xanthines,bindingdb,Adenosine receptor A2b,,,Human,IC50,10400.0,
cid:2519,2519,Caffeine,Xanthines,bindingdb,Adenosine receptor A2b,,,Human,Ki,10000.0,
cid:2519,2519,Caffeine,Xanthines,bindingdb,Adenosine receptor A2b,,,Rat,Ki,30000.0,
cid:2519,2519,Caffeine,Xanthines,bindingdb,Adenosine receptor A3,,,Human,IC50,13300.0,
cid:2519,2519,Caffeine,Xanthines,bindingdb,Adenosine receptor A3,,,Rat,Ki,,
cid:2519,2519,Caffeine,Xanthines,bindingdb,Amine oxidase [flavin-containing] A,,,Human,IC50,,
cid:2519,2519,Caffeine,Xanthines,bindingdb,Amine oxidase [flavin-containing] B,,,Human,Ki,3600000.0,
cid:2519,2519,Caffeine,Xanthines,bindingdb,ATP-binding cassette sub-family C member 4,,,Human,IC50,,
cid:2519,2519,Caffeine,Xanthines,bindingdb,Carbonic anhydrase 1,,,Human,IC50,55000000.0,
cid:2519,2519,Caffeine,Xanthines,bindingdb,Carbonic anhydrase 2,,,Human,IC50,2000000.0,
cid:2519,2519,Caffeine,Xanthines,bindingdb,Chitotriosidase-1,,,Human,IC50,257000.0,
cid:2519,2519,Caffeine,Xanthines,bindingdb,DNA-dependent protein kinase catalytic subunit,,,Human,IC50,10000000.0,
cid:2519,2519,Caffeine,Xanthines,bindingdb,Endochitinase B1,,,Neosartorya fumigata,IC50,469000.0,
cid:2519,2519,Caffeine,Xanthines,bindingdb,"Glycogen phosphorylase, liver form",,,Rat,IC50,648000.0,
cid:2519,2519,Caffeine,Xanthines,bindingdb,"Glycogen phosphorylase, muscle form",,,Human,IC50,114000.0,
cid:2519,2519,Caffeine,Xanthines,bindingdb,"Glycogen phosphorylase, muscle form",,,Rabbit,IC50,74900.0,
cid:2519,2519,Caffeine,Xanthines,bindingdb,"NAD-dependent protein deacetylase sirtuin-3, mitochondrial",,,Human,Kd,690.0,
cid:2519,2519,Caffeine,Xanthines,bindingdb,Palmitoleoyl-protein carboxylesterase NOTUM,,,Human,EC50,45800.0,
cid:2519,2519,Caffeine,Xanthines,bindingdb,Palmitoleoyl-protein carboxylesterase NOTUM,,,Human,IC50,18600.0,
cid:2519,2519,Caffeine,Xanthines,bindingdb,Palmitoleoyl-protein carboxylesterase NOTUM,,,Human,Kd,85000.0,
cid:2519,2519,Caffeine,Xanthines,bindingdb,Potassium voltage-gated channel subfamily H member 2,,,Human,IC50,4897.79,
cid:2519,2519,Caffeine,Xanthines,bindingdb,Serine-protein kinase ATM,,,Human,IC50,200000.0,
cid:2519,2519,Caffeine,Xanthines,bindingdb,Transient receptor potential cation channel subfamily A member 1,,,Human,IC50,988000.0,
cid:644019,644019,Cannabidiol,Cannabinoid,bindingdb,5-hydroxytryptamine receptor 2A,,,Rat,EC50,32000.0,
cid:644019,644019,Cannabidiol,Cannabinoid,bindingdb,5-hydroxytryptamine receptor 2C,,,Human,Ki,1100.0,
cid:644019,644019,Cannabidiol,Cannabinoid,bindingdb,Angiotensin-converting enzyme 2,,,Human,IC50,,
cid:644019,644019,Cannabidiol,Cannabinoid,bindingdb,Cannabinoid receptor 1,,,Human,Ki,151.0,
cid:644019,644019,Cannabidiol,Cannabinoid,bindingdb,Cannabinoid receptor 2,,,Human,EC50,0.0,
cid:644019,644019,Cannabidiol,Cannabinoid,bindingdb,Cytochrome P450 1A1,,,Human,Ki,150.0,
cid:644019,644019,Cannabidiol,Cannabinoid,bindingdb,Cytochrome P450 2B6,,,Human,Ki,690.0,
cid:644019,644019,Cannabidiol,Cannabinoid,bindingdb,Cytochrome P450 2C11,,,Rat,Ki,20700.0,
cid:644019,644019,Cannabidiol,Cannabinoid,bindingdb,Cytochrome P450 2C19,,,Human,Ki,790.0,
cid:644019,644019,Cannabidiol,Cannabinoid,bindingdb,Cytochrome P450 2D6,,,Human,Ki,2420.0,
cid:644019,644019,Cannabidiol,Cannabinoid,bindingdb,Cytochrome P450 3A5,,,Human,Ki,190.0,
cid:644019,644019,Cannabidiol,Cannabinoid,bindingdb,D(1A) dopamine receptor,,,Human,Ki,2700.0,
cid:644019,644019,Cannabidiol,Cannabinoid,bindingdb,D(2) dopamine receptor,,,Human,Ki,0.066,
cid:644019,644019,Cannabidiol,Cannabinoid,bindingdb,Diacylglycerol lipase-alpha,,,Human,IC50,,
cid:644019,644019,Cannabidiol,Cannabinoid,bindingdb,Equilibrative nucleoside transporter 1,,,Human,Ki,250.0,
cid:644019,644019,Cannabidiol,Cannabinoid,bindingdb,Fatty-acid amide hydrolase 1,,,Mouse,IC50,27500.0,
cid:644019,644019,Cannabidiol,Cannabinoid,bindingdb,Fatty-acid amide hydrolase 1 [30-579],,,Rat,IC50,53200.0,
cid:644019,644019,Cannabidiol,Cannabinoid,bindingdb,G-protein coupled receptor 55,,,Human,EC50,445.0,
cid:644019,644019,Cannabidiol,Cannabinoid,bindingdb,G-protein coupled receptor 55,,,Human,IC50,445.0,
cid:644019,644019,Cannabidiol,Cannabinoid,bindingdb,Gamma-aminobutyric acid receptor subunit beta-2,,,Human,IC50,130.0,
cid:644019,644019,Cannabidiol,Cannabinoid,bindingdb,Glycine receptor subunit alpha-2,,,Human,IC50,2700.0,
cid:644019,644019,Cannabidiol,Cannabinoid,bindingdb,Heat sensitive channel TRPV3,,,Rat,EC50,510.0,
cid:644019,644019,Cannabidiol,Cannabinoid,bindingdb,Heat sensitive channel TRPV3,,,Rat,IC50,750.0,
cid:644019,644019,Cannabidiol,Cannabinoid,bindingdb,Histamine H3 receptor,,,Human,Ki,3100.0,
cid:644019,644019,Cannabidiol,Cannabinoid,bindingdb,L-lactate dehydrogenase A chain,,,Human,Ki,24000.0,
cid:644019,644019,Cannabidiol,Cannabinoid,bindingdb,Mu-type opioid receptor,,,Human,EC50,41700.0,
cid:644019,644019,Cannabidiol,Cannabinoid,bindingdb,Mu-type opioid receptor,,,Human,IC50,311.0,
cid:644019,644019,Cannabidiol,Cannabinoid,bindingdb,Mu-type opioid receptor,,,Human,Ki,1300.0,
cid:644019,644019,Cannabidiol,Cannabinoid,bindingdb,N-acylethanolamine-hydrolyzing acid amidase,,,Human,IC50,,
cid:644019,644019,Cannabidiol,Cannabinoid,bindingdb,Peroxisome proliferator-activated receptor gamma,,,Human,EC50,,
cid:644019,644019,Cannabidiol,Cannabinoid,bindingdb,Sodium channel protein type 9 subunit alpha,,,Human,IC50,1820.0,
cid:644019,644019,Cannabidiol,Cannabinoid,bindingdb,"Steroid 17-alpha-hydroxylase/17,20 lyase",,,Rat,Ki,124000.0,
cid:644019,644019,Cannabidiol,Cannabinoid,bindingdb,Transient receptor potential cation channel subfamily V member 1,,,Human,EC50,1000.0,
cid:644019,644019,Cannabidiol,Cannabinoid,bindingdb,Transient receptor potential cation channel subfamily V member 1,,,Human,IC50,3700.0,
cid:644019,644019,Cannabidiol,Cannabinoid,bindingdb,Transient receptor potential cation channel subfamily V member 4,,,Rat,EC50,900.0,
cid:644019,644019,Cannabidiol,Cannabinoid,bindingdb,Transient receptor potential cation channel subfamily V member 4,,,Rat,IC50,5900.0,
cid:5281515,5281515,Cannabinoid,,bindingdb,Cannabinoid receptor 2,,,Human,EC50,1900.0,
cid:2802,2802,Clonazepam,Benzodiazepines,bindingdb,Cholecystokinin receptor type A,,,Guinea pig,IC50,,
cid:2802,2802,Clonazepam,Benzodiazepines,bindingdb,Cholecystokinin receptor type A/Gastrin/cholecystokinin type B receptor,,,Human,IC50,,
cid:2802,2802,Clonazepam,Benzodiazepines,bindingdb,Gamma-aminobutyric acid receptor subunit alpha-1,,,Rat,Ki,2.4,
cid:2802,2802,Clonazepam,Benzodiazepines,bindingdb,Gamma-aminobutyric acid receptor subunit alpha-2,,,Human,Ki,1.7,
cid:2802,2802,Clonazepam,Benzodiazepines,bindingdb,Gamma-aminobutyric acid type B receptor subunit 1,,,Rat,Ki,0.75,
cid:2803,2803,Clonidine,"Imidazoline, Arylaminoimidazoline",bindingdb,Alpha-1A/Alpha-1B/Alpha-1D adrenergic receptor,,,Rat,Ki,310.0,
cid:2803,2803,Clonidine,"Imidazoline, Arylaminoimidazoline",bindingdb,Alpha-2A adrenergic receptor,,,Human,Ki,26.0,
cid:2803,2803,Clonidine,"Imidazoline, Arylaminoimidazoline",bindingdb,Alpha-2A adrenergic receptor [16-465]/Alpha-2B adrenergic receptor/Alpha-2C adrenergic receptor,,,Rat,Ki,1.5,
cid:2803,2803,Clonidine,"Imidazoline, Arylaminoimidazoline",bindingdb,Alpha-2A/Alpha-2B/Alpha-2C adrenergic receptor,,,Human,Ki,21.0,
cid:2803,2803,Clonidine,"Imidazoline, Arylaminoimidazoline",bindingdb,Alpha-2B adrenergic receptor,,,Human,Ki,12.0,
cid:2803,2803,Clonidine,"Imidazoline, Arylaminoimidazoline",bindingdb,D(1A)/D(1B)/D(2)/D(3)/D(4) dopamine receptor,,,Rat,Ki,,
cid:2803,2803,Clonidine,"Imidazoline, Arylaminoimidazoline",bindingdb,Nischarin,,,Rat,Ki,112.0,
cid:446220,446220,Cocaine,Substituted_tropanes,bindingdb,Muscarinic acetylcholine receptor M1,,,Rat,Ki,61397.0,
cid:446220,446220,Cocaine,Substituted_tropanes,bindingdb,Norepinephrine transporter,,,Rat,Ki,367.0,
cid:446220,446220,Cocaine,Substituted_tropanes,bindingdb,Sigma non-opioid intracellular receptor 1,,,Rat,Ki,,
cid:446220,446220,Cocaine,Substituted_tropanes,bindingdb,Sodium channel protein type 1/2/3 subunit alpha,,,Human,IC50,49000.0,
cid:446220,446220,Cocaine,Substituted_tropanes,bindingdb,Sodium-dependent dopamine transporter,,,Bovine,IC50,65.0,
cid:446220,446220,Cocaine,Substituted_tropanes,bindingdb,Sodium-dependent dopamine transporter,,,Crab-eating macaque,IC50,96.0,
cid:446220,446220,Cocaine,Substituted_tropanes,bindingdb,Sodium-dependent dopamine transporter,,,Human,IC50,267.0,
cid:446220,446220,Cocaine,Substituted_tropanes,bindingdb,Sodium-dependent dopamine transporter,,,Mouse,Ki,850.0,
cid:446220,446220,Cocaine,Substituted_tropanes,bindingdb,Sodium-dependent dopamine transporter,,,Rat,Ki,74.0,
cid:446220,446220,Cocaine,Substituted_tropanes,bindingdb,Sodium-dependent dopamine transporter,,,Human,Ki,219.0,
cid:446220,446220,Cocaine,Substituted_tropanes,bindingdb,Sodium-dependent dopamine transporter,,,Rat,Ki,128.0,
cid:446220,446220,Cocaine,Substituted_tropanes,bindingdb,Sodium-dependent noradrenaline transporter,,,Human,IC50,186.0,
cid:446220,446220,Cocaine,Substituted_tropanes,bindingdb,Sodium-dependent noradrenaline transporter,,,Human,Ki,108.0,
cid:446220,446220,Cocaine,Substituted_tropanes,bindingdb,Sodium-dependent serotonin transporter,,,Rat,IC50,207.0,
cid:446220,446220,Cocaine,Substituted_tropanes,bindingdb,Sodium-dependent serotonin transporter,,,Rat,Ki,95.0,
cid:446220,446220,Cocaine,Substituted_tropanes,bindingdb,Sodium-dependent serotonin transporter,,,Rat,Ki,177.0,
cid:5284371,5284371,Codeine,Substituted_morphinans,bindingdb,Cytochrome P450 2D1,,,Rat,IC50,1320000.0,
cid:5284371,5284371,Codeine,Substituted_morphinans,bindingdb,Cytochrome P450 2D4,,,Rat,IC50,2216000.0,
cid:5284371,5284371,Codeine,Substituted_morphinans,bindingdb,Delta-type opioid receptor,,,Human,IC50,,
cid:5284371,5284371,Codeine,Substituted_morphinans,bindingdb,Delta-type opioid receptor/Kappa-type opioid receptor/Mu-type opioid receptor/Sigma non-opioid intracellular receptor 1,,,Mouse,IC50,10000.0,
cid:5284371,5284371,Codeine,Substituted_morphinans,bindingdb,Delta-type opioid receptor/Kappa-type opioid receptor/Mu-type opioid receptor/Sigma non-opioid intracellular receptor 1,,,Rat,IC50,10.0,
cid:5284371,5284371,Codeine,Substituted_morphinans,bindingdb,Kappa-type opioid receptor,,,Human,IC50,15000.0,
cid:5754,5754,Cortisol,,bindingdb,ATP-dependent translocase ABCB1,,,Human,IC50,,
cid:5754,5754,Cortisol,,bindingdb,Glucocorticoid receptor,,,Human,Ki,30.0,
cid:5754,5754,Cortisol,,bindingdb,Glucocorticoid receptor,,,Rat,EC50,100.0,
cid:5754,5754,Cortisol,,bindingdb,Mineralocorticoid receptor,,,Human,EC50,2.9,
cid:6090,6090,DET,Substituted_tryptamines,bindingdb,5-hydroxytryptamine receptor 1A,,,Human,Ki,47.0,
cid:6090,6090,DET,Substituted_tryptamines,bindingdb,5-hydroxytryptamine receptor 2A,,,Rat,Ki,133.0,
cid:6090,6090,DET,Substituted_tryptamines,bindingdb,5-hydroxytryptamine receptor 2C,,,Rat,Ki,104.0,
cid:6090,6090,DET,Substituted_tryptamines,bindingdb,5-hydroxytryptamine receptor 6,,,Human,Ki,575.0,
cid:6089,6089,DMT,Substituted_tryptamines,bindingdb,5-hydroxytryptamine receptor 1A,,,Human,IC50,180.0,
cid:6089,6089,DMT,Substituted_tryptamines,bindingdb,5-hydroxytryptamine receptor 1A,,,Human,Ki,100.0,
cid:6089,6089,DMT,Substituted_tryptamines,bindingdb,5-hydroxytryptamine receptor 1D,,,Human,Ki,93.0,
cid:6089,6089,DMT,Substituted_tryptamines,bindingdb,5-hydroxytryptamine receptor 2A,,,Human,EC50,22.0,
cid:6089,6089,DMT,Substituted_tryptamines,bindingdb,5-hydroxytryptamine receptor 2A,,,Human,IC50,150.0,
cid:6089,6089,DMT,Substituted_tryptamines,bindingdb,5-hydroxytryptamine receptor 2A,,,Rat,Ki,42.0,
cid:6089,6089,DMT,Substituted_tryptamines,bindingdb,5-hydroxytryptamine receptor 2B,,,Human,Ki,44.0,
cid:6089,6089,DMT,Substituted_tryptamines,bindingdb,5-hydroxytryptamine receptor 2C,,,Human,EC50,28.91,
cid:6089,6089,DMT,Substituted_tryptamines,bindingdb,5-hydroxytryptamine receptor 2C,,,Human,IC50,390.0,
cid:6089,6089,DMT,Substituted_tryptamines,bindingdb,5-hydroxytryptamine receptor 3A,,,Human,Ki,,
cid:6089,6089,DMT,Substituted_tryptamines,bindingdb,5-hydroxytryptamine receptor 5A,,,Human,Ki,611.0,
cid:6089,6089,DMT,Substituted_tryptamines,bindingdb,5-hydroxytryptamine receptor 6,,,Human,Ki,68.0,
cid:6089,6089,DMT,Substituted_tryptamines,bindingdb,Alpha-1B adrenergic receptor,,,Human,IC50,670.0,
cid:6089,6089,DMT,Substituted_tryptamines,bindingdb,Alpha-1D adrenergic receptor,,,Human,IC50,3070.0,
cid:6089,6089,DMT,Substituted_tryptamines,bindingdb,Alpha-2A adrenergic receptor,,,Human,IC50,2220.0,
cid:6089,6089,DMT,Substituted_tryptamines,bindingdb,Alpha-2A adrenergic receptor,,,Human,Ki,1110.0,
cid:6089,6089,DMT,Substituted_tryptamines,bindingdb,Alpha-2B adrenergic receptor,,,Human,Ki,257.7,
cid:6089,6089,DMT,Substituted_tryptamines,bindingdb,Alpha-2C adrenergic receptor,,,Human,IC50,6100.0,
cid:6089,6089,DMT,Substituted_tryptamines,bindingdb,Alpha-2C adrenergic receptor,,,Human,Ki,258.6,
cid:6089,6089,DMT,Substituted_tryptamines,bindingdb,Beta-1 adrenergic receptor,,,Human,Ki,,
cid:6089,6089,DMT,Substituted_tryptamines,bindingdb,Beta-2 adrenergic receptor,,,Human,Ki,,
cid:6089,6089,DMT,Substituted_tryptamines,bindingdb,D(2) dopamine receptor,,,Human,Ki,,
cid:6089,6089,DMT,Substituted_tryptamines,bindingdb,Gamma-aminobutyric acid receptor subunit alpha-1,,,Human,Ki,,
cid:6089,6089,DMT,Substituted_tryptamines,bindingdb,Gamma-aminobutyric acid receptor subunit alpha-1/Adenosine receptor A1,,,Human,Ki,,
cid:6089,6089,DMT,Substituted_tryptamines,bindingdb,Histamine H1 receptor,,,Human,Ki,160.0,
cid:6089,6089,DMT,Substituted_tryptamines,bindingdb,Histamine H3 receptor,,,Human,Ki,,
cid:6089,6089,DMT,Substituted_tryptamines,bindingdb,Histamine H4 receptor,,,Human,Ki,,
cid:6089,6089,DMT,Substituted_tryptamines,bindingdb,Muscarinic acetylcholine receptor M1,,,Human,Ki,,
cid:6089,6089,DMT,Substituted_tryptamines,bindingdb,Muscarinic acetylcholine receptor M4,,,Human,Ki,,
cid:6089,6089,DMT,Substituted_tryptamines,bindingdb,Nischarin,,,Human,Ki,650.3,
cid:6089,6089,DMT,Substituted_tryptamines,bindingdb,Sigma intracellular receptor 2,,,Human,Ki,,
cid:6089,6089,DMT,Substituted_tryptamines,bindingdb,Sigma non-opioid intracellular receptor 1,,,Guinea pig,Ki,15000.0,
cid:6089,6089,DMT,Substituted_tryptamines,bindingdb,Sodium-dependent noradrenaline transporter,,,Human,Ki,,
cid:6089,6089,DMT,Substituted_tryptamines,bindingdb,Sodium-dependent serotonin transporter,,,Human,IC50,2962.0,
cid:6089,6089,DMT,Substituted_tryptamines,bindingdb,Voltage-dependent calcium channel subunit alpha-2/delta-1,,,Human,Ki,,
cid:62065,62065,DOB,Substituted_amphetamines,bindingdb,5-hydroxytryptamine receptor 1A,,,Rat,Ki,6.1,
cid:62065,62065,DOB,Substituted_amphetamines,bindingdb,5-hydroxytryptamine receptor 1A/1B/1D/1F,,,Rat,Ki,3340.0,
cid:62065,62065,DOB,Substituted_amphetamines,bindingdb,5-hydroxytryptamine receptor 1B,,,Human,Ki,940.7,
cid:62065,62065,DOB,Substituted_amphetamines,bindingdb,5-hydroxytryptamine receptor 1E,,,Human,Ki,556.0,
cid:62065,62065,DOB,Substituted_amphetamines,bindingdb,5-hydroxytryptamine receptor 2A,,,Human,Ki,0.6,
cid:62065,62065,DOB,Substituted_amphetamines,bindingdb,5-hydroxytryptamine receptor 2A,,,Rat,Ki,0.1,
cid:62065,62065,DOB,Substituted_amphetamines,bindingdb,5-hydroxytryptamine receptor 2B,,,Rat,Kd,44.67,
cid:62065,62065,DOB,Substituted_amphetamines,bindingdb,5-hydroxytryptamine receptor 2B,,,Rat,Ki,21.8,
cid:62065,62065,DOB,Substituted_amphetamines,bindingdb,Alpha-1A adrenergic receptor,,,Human,Ki,,
cid:62065,62065,DOB,Substituted_amphetamines,bindingdb,Amine oxidase [flavin-containing] A,,,Rat,IC50,100000.0,
cid:62065,62065,DOB,Substituted_amphetamines,bindingdb,Cannabinoid receptor 2,,,Human,Ki,,
cid:62065,62065,DOB,Substituted_amphetamines,bindingdb,D(1A) dopamine receptor,,,Human,Ki,,
cid:62065,62065,DOB,Substituted_amphetamines,bindingdb,D(4) dopamine receptor,,,Human,Ki,,
cid:62065,62065,DOB,Substituted_amphetamines,bindingdb,Delta-type opioid receptor,,,Human,Ki,,
cid:62065,62065,DOB,Substituted_amphetamines,bindingdb,Histamine H1 receptor,,,Human,Ki,9120.0,
cid:62065,62065,DOB,Substituted_amphetamines,bindingdb,Histamine H2 receptor,,,Human,Ki,,
cid:62065,62065,DOB,Substituted_amphetamines,bindingdb,Kappa-type opioid receptor,,,Human,Ki,,
cid:62065,62065,DOB,Substituted_amphetamines,bindingdb,Muscarinic acetylcholine receptor M3,,,Human,Ki,1151.5,
cid:62065,62065,DOB,Substituted_amphetamines,bindingdb,Serotonin 2 (5-HT2) receptor,,,Rat,Ki,0.79,
cid:62065,62065,DOB,Substituted_amphetamines,bindingdb,Sodium-dependent dopamine transporter,,,Human,Ki,,
cid:62065,62065,DOB,Substituted_amphetamines,bindingdb,Sodium-dependent serotonin transporter,,,Human,Ki,8538.0,
cid:31703,31703,DOx,,bindingdb,14-3-3 protein gamma,,,Human,IC50,,
cid:31703,31703,DOx,,bindingdb,72 kDa type IV collagenase,,,Human,IC50,1100.0,
cid:31703,31703,DOx,,bindingdb,ATP-binding cassette sub-family C member 4,,,Human,IC50,19000.0,
cid:31703,31703,DOx,,bindingdb,ATP-dependent translocase ABCB1,,,Human,IC50,504.0,
cid:31703,31703,DOx,,bindingdb,ATP-dependent translocase ABCB1,,,Human,Ki,8500.0,
cid:31703,31703,DOx,,bindingdb,CDGSH iron-sulfur domain-containing protein 1,,,Human,Ki,3451.0,
cid:31703,31703,DOx,,bindingdb,DNA (cytosine-5)-methyltransferase 3A,,,Mouse,IC50,3000.0,
cid:31703,31703,DOx,,bindingdb,DNA ligase,,,Enterobacteria phage T4,IC50,3000.0,
cid:31703,31703,DOx,,bindingdb,DNA topoisomerase,,,Bovine,IC50,,
cid:31703,31703,DOx,,bindingdb,DNA topoisomerase 1,,,Human,IC50,3200.0,
cid:31703,31703,DOx,,bindingdb,DNA topoisomerase 1,,,Mouse,IC50,,
cid:31703,31703,DOx,,bindingdb,DNA topoisomerase 2-alpha/2-beta,,,Human,IC50,940.0,
cid:31703,31703,DOx,,bindingdb,DNA topoisomerase 2-beta,,,Human,IC50,6.9,
cid:31703,31703,DOx,,bindingdb,DNA-directed RNA polymerase subunit beta,,,Escherichia coli,IC50,14374.7,
cid:31703,31703,DOx,,bindingdb,Glutamate carboxypeptidase 2,,,Human,IC50,10000.0,
cid:31703,31703,DOx,,bindingdb,Heat shock protein HSP 90-alpha,,,Human,IC50,266.0,
cid:31703,31703,DOx,,bindingdb,Isoform 2 of Nuclear receptor ROR-alpha (Alpha-2),,,Human,IC50,1576.0,
cid:31703,31703,DOx,,bindingdb,Multidrug resistance-associated protein 1,,,Human,IC50,50000.0,
cid:31703,31703,DOx,,bindingdb,P2Y purinoceptor 12,,,Human,Ki,,
cid:31703,31703,DOx,,bindingdb,Protein LANA1,,,HHV-8,EC50,7690.0,
cid:31703,31703,DOx,,bindingdb,Reverse transcriptase,,,Human immunodeficiency virus type 1,IC50,52000.0,
cid:31703,31703,DOx,,bindingdb,Reverse transcriptase/RNaseH,,,Human immunodeficiency virus type 1,IC50,74100.0,
cid:31703,31703,DOx,,bindingdb,Solute carrier organic anion transporter family member 1B1,,,Human,IC50,160000.0,
cid:31703,31703,DOx,,bindingdb,Solute carrier organic anion transporter family member 2B1,,,Human,Ki,230000.0,
cid:31703,31703,DOx,,bindingdb,Steroidogenic factor 1,,,Human,IC50,964.0,
cid:31703,31703,DOx,,bindingdb,Stromelysin-3,,,Mouse,IC50,5.15,
cid:31703,31703,DOx,,bindingdb,Type II restriction enzyme ScaI,,,Streptomyces caespitosus,IC50,25000.0,
cid:6091,6091,DPT,Substituted_tryptamines,bindingdb,5-hydroxytryptamine receptor 1A,,,Human,Ki,31.8,
cid:6091,6091,DPT,Substituted_tryptamines,bindingdb,5-hydroxytryptamine receptor 1B,,,Human,Ki,854.4,
cid:6091,6091,DPT,Substituted_tryptamines,bindingdb,5-hydroxytryptamine receptor 1D,,,Human,Ki,618.8,
cid:6091,6091,DPT,Substituted_tryptamines,bindingdb,5-hydroxytryptamine receptor 1E,,,Human,Ki,2338.0,
cid:6091,6091,DPT,Substituted_tryptamines,bindingdb,5-hydroxytryptamine receptor 2A,,,Human,EC50,56.35,
cid:6091,6091,DPT,Substituted_tryptamines,bindingdb,5-hydroxytryptamine receptor 2B,,,Human,Ki,42.0,
cid:6091,6091,DPT,Substituted_tryptamines,bindingdb,5-hydroxytryptamine receptor 2C,,,Human,EC50,21.75,
cid:6091,6091,DPT,Substituted_tryptamines,bindingdb,5-hydroxytryptamine receptor 6,,,Human,Ki,4543.0,
cid:6091,6091,DPT,Substituted_tryptamines,bindingdb,Alpha-2A adrenergic receptor,,,Human,Ki,457.6,
cid:6091,6091,DPT,Substituted_tryptamines,bindingdb,Alpha-2C adrenergic receptor,,,Human,Ki,514.4,
cid:6091,6091,DPT,Substituted_tryptamines,bindingdb,Beta-2 adrenergic receptor,,,Human,Ki,,
cid:6091,6091,DPT,Substituted_tryptamines,bindingdb,Cannabinoid receptor 1,,,Human,Ki,,
cid:6091,6091,DPT,Substituted_tryptamines,bindingdb,Cannabinoid receptor 2,,,Human,Ki,,
cid:6091,6091,DPT,Substituted_tryptamines,bindingdb,D(4) dopamine receptor,,,Human,Ki,2014.0,
cid:6091,6091,DPT,Substituted_tryptamines,bindingdb,Gamma-aminobutyric acid receptor subunit alpha-1/Adenosine receptor A1,,,Human,Ki,,
cid:6091,6091,DPT,Substituted_tryptamines,bindingdb,Histamine H1 receptor,,,Human,Ki,125.1,
cid:6091,6091,DPT,Substituted_tryptamines,bindingdb,Histamine H4 receptor,,,Human,Ki,,
cid:6091,6091,DPT,Substituted_tryptamines,bindingdb,Mu-type opioid receptor,,,Human,Ki,,
cid:6091,6091,DPT,Substituted_tryptamines,bindingdb,Muscarinic acetylcholine receptor M1,,,Human,Ki,,
cid:6091,6091,DPT,Substituted_tryptamines,bindingdb,Muscarinic acetylcholine receptor M3,,,Human,Ki,,
cid:6091,6091,DPT,Substituted_tryptamines,bindingdb,Muscarinic acetylcholine receptor M4,,,Human,Ki,,
cid:6091,6091,DPT,Substituted_tryptamines,bindingdb,Sodium-dependent serotonin transporter,,,Human,Ki,156.7,
cid:6091,6091,DPT,Substituted_tryptamines,bindingdb,Vasopressin V1b receptor,,,Human,Ki,,
cid:5826,5826,Dextroamphetamine,Substituted_phenethylamines,bindingdb,5-hydroxytryptamine receptor 1A,,,Human,Ki,6606.0,
cid:5826,5826,Dextroamphetamine,Substituted_phenethylamines,bindingdb,5-hydroxytryptamine receptor 1A/1B/1D/1F,,,Rat,Ki,7660.0,
cid:5826,5826,Dextroamphetamine,Substituted_phenethylamines,bindingdb,5-hydroxytryptamine receptor 2C,,,Rat,Ki,,
cid:5826,5826,Dextroamphetamine,Substituted_phenethylamines,bindingdb,Alpha-1A adrenergic receptor,,,Rat,Ki,1600.0,
cid:5826,5826,Dextroamphetamine,Substituted_phenethylamines,bindingdb,Amine oxidase [flavin-containing] A,,,Rat,Ki,12200.0,
cid:5826,5826,Dextroamphetamine,Substituted_phenethylamines,bindingdb,Beta-2 adrenergic receptor,,,Human,Ki,,
cid:5826,5826,Dextroamphetamine,Substituted_phenethylamines,bindingdb,Cytochrome P450 2A5,,,Mouse,IC50,2850.0,
cid:5826,5826,Dextroamphetamine,Substituted_phenethylamines,bindingdb,D(3) dopamine receptor,,,Human,Ki,,
cid:5826,5826,Dextroamphetamine,Substituted_phenethylamines,bindingdb,Sodium-dependent dopamine transporter,,,Rat,IC50,960.0,
cid:5826,5826,Dextroamphetamine,Substituted_phenethylamines,bindingdb,Sodium-dependent dopamine transporter,,,Human,EC50,24.8,
cid:5826,5826,Dextroamphetamine,Substituted_phenethylamines,bindingdb,Sodium-dependent dopamine transporter,,,Rat,EC50,25.0,
cid:5826,5826,Dextroamphetamine,Substituted_phenethylamines,bindingdb,Sodium-dependent dopamine transporter,,,Rat,IC50,4900.0,
cid:5826,5826,Dextroamphetamine,Substituted_phenethylamines,bindingdb,Sodium-dependent noradrenaline transporter,,,Mouse,IC50,1000.0,
cid:5826,5826,Dextroamphetamine,Substituted_phenethylamines,bindingdb,Sodium-dependent serotonin transporter,,,Rat,Ki,1000.0,
cid:5826,5826,Dextroamphetamine,Substituted_phenethylamines,bindingdb,Sodium-dependent serotonin transporter,,,Human,EC50,1770.0,
cid:5826,5826,Dextroamphetamine,Substituted_phenethylamines,bindingdb,Solute carrier family 22 member 3,,,Rat,IC50,42000.0,
cid:5826,5826,Dextroamphetamine,Substituted_phenethylamines,bindingdb,Trace amine-associated receptor 1,,,Human,EC50,140.0,
cid:5826,5826,Dextroamphetamine,Substituted_phenethylamines,bindingdb,Transporter,,,Rat,IC50,200.0,
cid:5360696,5360696,Dextromethorphan,Substituted_morphinans,bindingdb,Cytochrome P450 2D1,,,Rat,IC50,264000.0,
cid:5360696,5360696,Dextromethorphan,Substituted_morphinans,bindingdb,Cytochrome P450 2D26,,,Rat,IC50,5600.0,
cid:5360696,5360696,Dextromethorphan,Substituted_morphinans,bindingdb,Cytochrome P450 2D3,,,Rat,IC50,18600.0,
cid:5360696,5360696,Dextromethorphan,Substituted_morphinans,bindingdb,Cytochrome P450 2D4,,,Rat,IC50,136000.0,
cid:5360696,5360696,Dextromethorphan,Substituted_morphinans,bindingdb,Cytochrome P450 2D6,,,Human,IC50,41.0,
cid:5360696,5360696,Dextromethorphan,Substituted_morphinans,bindingdb,Cytochrome P450 2J2,,,Human,IC50,,
cid:5360696,5360696,Dextromethorphan,Substituted_morphinans,bindingdb,"Glutamate receptor ionotropic, NMDA 1/2A",,,Human,IC50,1040.0,
cid:5360696,5360696,Dextromethorphan,Substituted_morphinans,bindingdb,Muscarinic acetylcholine receptor M2,,,Rat,Ki,,
cid:5360696,5360696,Dextromethorphan,Substituted_morphinans,bindingdb,Sigma non-opioid intracellular receptor 1,,,Rat,Ki,5070.0,
cid:5360696,5360696,Dextromethorphan,Substituted_morphinans,bindingdb,Sodium-dependent serotonin transporter,,,Human,IC50,33000.0,
cid:10100,10100,Dextropropoxyphene,Phenylpropylamine,bindingdb,Delta-type opioid receptor,,,Rat,Ki,380.0,
cid:26903,26903,DiPT,Substituted_tryptamines,bindingdb,5-hydroxytryptamine receptor 1A,,,Human,Ki,120.5,
cid:26903,26903,DiPT,Substituted_tryptamines,bindingdb,5-hydroxytryptamine receptor 1D,,,Human,Ki,3742.0,
cid:26903,26903,DiPT,Substituted_tryptamines,bindingdb,5-hydroxytryptamine receptor 2A,,,Human,Ki,,
cid:26903,26903,DiPT,Substituted_tryptamines,bindingdb,5-hydroxytryptamine receptor 2B,,,Human,Ki,398.5,
cid:26903,26903,DiPT,Substituted_tryptamines,bindingdb,5-hydroxytryptamine receptor 5A,,,Human,Ki,,
cid:26903,26903,DiPT,Substituted_tryptamines,bindingdb,5-hydroxytryptamine receptor 6,,,Human,Ki,,
cid:26903,26903,DiPT,Substituted_tryptamines,bindingdb,Alpha-1B adrenergic receptor,,,Human,Ki,,
cid:26903,26903,DiPT,Substituted_tryptamines,bindingdb,Alpha-2C adrenergic receptor,,,Human,Ki,2523.0,
cid:26903,26903,DiPT,Substituted_tryptamines,bindingdb,Beta-1 adrenergic receptor,,,Human,Ki,,
cid:26903,26903,DiPT,Substituted_tryptamines,bindingdb,Beta-2 adrenergic receptor,,,Human,Ki,,
cid:26903,26903,DiPT,Substituted_tryptamines,bindingdb,Cannabinoid receptor 1,,,Human,Ki,,
cid:26903,26903,DiPT,Substituted_tryptamines,bindingdb,D(2) dopamine receptor,,,Human,Ki,,
cid:26903,26903,DiPT,Substituted_tryptamines,bindingdb,D(4) dopamine receptor,,,Human,Ki,,
cid:26903,26903,DiPT,Substituted_tryptamines,bindingdb,Gamma-aminobutyric acid receptor subunit alpha-1,,,Human,Ki,,
cid:26903,26903,DiPT,Substituted_tryptamines,bindingdb,Histamine H2 receptor,,,Human,Ki,,
cid:26903,26903,DiPT,Substituted_tryptamines,bindingdb,Histamine H4 receptor,,,Human,Ki,,
cid:26903,26903,DiPT,Substituted_tryptamines,bindingdb,Mu-type opioid receptor,,,Human,Ki,,
cid:26903,26903,DiPT,Substituted_tryptamines,bindingdb,Muscarinic acetylcholine receptor M2,,,Human,Ki,,
cid:26903,26903,DiPT,Substituted_tryptamines,bindingdb,Muscarinic acetylcholine receptor M3,,,Human,Ki,,
cid:26903,26903,DiPT,Substituted_tryptamines,bindingdb,Muscarinic acetylcholine receptor M5,,,Human,Ki,,
cid:26903,26903,DiPT,Substituted_tryptamines,bindingdb,Nischarin,,,Human,Ki,356.0,
cid:26903,26903,DiPT,Substituted_tryptamines,bindingdb,Prostaglandin E2 receptor EP3 subtype,,,Human,Ki,,
cid:26903,26903,DiPT,Substituted_tryptamines,bindingdb,Sigma non-opioid intracellular receptor 1,,,Human,Ki,1798.0,
cid:26903,26903,DiPT,Substituted_tryptamines,bindingdb,Sodium-dependent dopamine transporter,,,Human,Ki,,
cid:26903,26903,DiPT,Substituted_tryptamines,bindingdb,Sodium-dependent noradrenaline transporter,,,Human,Ki,,
cid:26903,26903,DiPT,Substituted_tryptamines,bindingdb,Vasopressin V1b receptor,,,Human,Ki,,
cid:3016,3016,Diazepam,Benzodiazepines,bindingdb,Albumin,,,Human,Kd,24547.0,
cid:3016,3016,Diazepam,Benzodiazepines,bindingdb,Albumin,,,Rat,Kd,15100.0,
cid:3016,3016,Diazepam,Benzodiazepines,bindingdb,Aldo-keto reductase family 1 member C1,,,Human,IC50,5600.0,
cid:3016,3016,Diazepam,Benzodiazepines,bindingdb,Aldo-keto reductase family 1 member C3,,,Human,IC50,84000.0,
cid:3016,3016,Diazepam,Benzodiazepines,bindingdb,Bile salt export pump,,,Human,IC50,,
cid:3016,3016,Diazepam,Benzodiazepines,bindingdb,Cholecystokinin receptor type A,,,Rat,IC50,,
cid:3016,3016,Diazepam,Benzodiazepines,bindingdb,Cholecystokinin receptor type A/Gastrin/cholecystokinin type B receptor,,,Rat,IC50,,
cid:3016,3016,Diazepam,Benzodiazepines,bindingdb,D(1A) dopamine receptor,,,Rat,Ki,,
cid:3016,3016,Diazepam,Benzodiazepines,bindingdb,"Fatty acid-binding protein, liver",,,Rat,Ki,531.0,
cid:3016,3016,Diazepam,Benzodiazepines,bindingdb,GABA-A receptor; alpha-1/beta-3/gamma-2,,,Human,Ki,31.0,
cid:3016,3016,Diazepam,Benzodiazepines,bindingdb,GABA-A receptor; alpha-2/beta-3/gamma-2,,,Human,EC50,35.0,
cid:3016,3016,Diazepam,Benzodiazepines,bindingdb,GABA-A receptor; alpha-5/beta-3/gamma-2,,,Human,EC50,45.0,
cid:3016,3016,Diazepam,Benzodiazepines,bindingdb,GABA-A receptor; alpha-5/beta-3/gamma-2,,,Human,IC50,17.0,
cid:3016,3016,Diazepam,Benzodiazepines,bindingdb,GABA-A receptor; alpha-5/beta-3/gamma-2,,,Human,Ki,11.0,
cid:3016,3016,Diazepam,Benzodiazepines,bindingdb,Gamma-aminobutyric acid receptor subunit alpha-1,,,Rat,IC50,12.0,
cid:3016,3016,Diazepam,Benzodiazepines,bindingdb,Gamma-aminobutyric acid receptor subunit alpha-1/alpha-6/beta-3/gamma-2,,,Rat,EC50,18000.0,
cid:3016,3016,Diazepam,Benzodiazepines,bindingdb,Gamma-aminobutyric acid receptor subunit alpha-1/beta-3/gamma-2,,,Human,Ki,13.0,
cid:3016,3016,Diazepam,Benzodiazepines,bindingdb,Gamma-aminobutyric acid receptor subunit alpha-2,,,Rat,Ki,4.8,
cid:3016,3016,Diazepam,Benzodiazepines,bindingdb,Gamma-aminobutyric acid receptor subunit alpha-2/beta-2/gamma-2,,,Human,Ki,20.0,
cid:3016,3016,Diazepam,Benzodiazepines,bindingdb,Gamma-aminobutyric acid receptor subunit alpha-2/beta-2/gamma-2,,,Rat,Ki,20.0,
cid:3016,3016,Diazepam,Benzodiazepines,bindingdb,Gamma-aminobutyric acid receptor subunit alpha-3,,,Human,Ki,17.0,
cid:3016,3016,Diazepam,Benzodiazepines,bindingdb,Gamma-aminobutyric acid receptor subunit alpha-3,,,Rat,Ki,13.9,
cid:3016,3016,Diazepam,Benzodiazepines,bindingdb,Gamma-aminobutyric acid receptor subunit alpha-3/beta-2/gamma-2,,,Rat,Ki,14.0,
cid:3016,3016,Diazepam,Benzodiazepines,bindingdb,Gamma-aminobutyric acid receptor subunit alpha-3/beta-3/gamma-2,,,Human,EC50,131.0,
cid:3016,3016,Diazepam,Benzodiazepines,bindingdb,Gamma-aminobutyric acid receptor subunit alpha-3/beta-3/gamma-2,,,Human,Ki,15.0,
cid:3016,3016,Diazepam,Benzodiazepines,bindingdb,Gamma-aminobutyric acid receptor subunit alpha-5,,,Rat,Ki,9.8,
cid:3016,3016,Diazepam,Benzodiazepines,bindingdb,Gamma-aminobutyric acid receptor subunit alpha-6,,,Human,Ki,,
cid:3016,3016,Diazepam,Benzodiazepines,bindingdb,Gamma-aminobutyric acid receptor subunit alpha-6/beta-2/gamma-2,,,Human,Ki,,
cid:3016,3016,Diazepam,Benzodiazepines,bindingdb,Gamma-aminobutyric acid type B receptor subunit 1,,,Rat,Ki,18.0,
cid:3016,3016,Diazepam,Benzodiazepines,bindingdb,Translocator protein,,,Bovine,Ki,0.9,
cid:3100,3100,Diphenhydramine,Ethanolamine,bindingdb,ATP-binding cassette sub-family C member 2,,,Human,IC50,,
cid:3100,3100,Diphenhydramine,Ethanolamine,bindingdb,ATP-binding cassette sub-family C member 4,,,Human,IC50,,
cid:3100,3100,Diphenhydramine,Ethanolamine,bindingdb,Bile salt export pump,,,Human,IC50,,
cid:3100,3100,Diphenhydramine,Ethanolamine,bindingdb,Cytochrome P450 2J2,,,Human,IC50,,
cid:3100,3100,Diphenhydramine,Ethanolamine,bindingdb,Histamine H1 receptor,,,Human,Ki,11.7,
cid:3100,3100,Diphenhydramine,Ethanolamine,bindingdb,Histamine H1 receptor,,,Rat,Ki,17.0,
cid:3100,3100,Diphenhydramine,Ethanolamine,bindingdb,Histamine H3 receptor,,,Human,Ki,,
cid:3100,3100,Diphenhydramine,Ethanolamine,bindingdb,Histamine H4 receptor,,,Human,IC50,11000.0,
cid:3100,3100,Diphenhydramine,Ethanolamine,bindingdb,Histamine H4 receptor,,,Human,Ki,,
cid:3100,3100,Diphenhydramine,Ethanolamine,bindingdb,Muscarinic acetylcholine receptor M1,,,Human,Ki,100.0,
cid:3100,3100,Diphenhydramine,Ethanolamine,bindingdb,Muscarinic acetylcholine receptor M4,,,Human,Ki,112.0,
cid:3100,3100,Diphenhydramine,Ethanolamine,bindingdb,Sodium channel protein type 5 subunit alpha,,,Human,IC50,41000.0,
cid:3100,3100,Diphenhydramine,Ethanolamine,bindingdb,Solute carrier family 22 member 1,,,Rat,IC50,24000.0,
cid:681,681,Dopamine,,bindingdb,5-hydroxytryptamine receptor 1A,,,Rat,Ki,545.0,
cid:681,681,Dopamine,,bindingdb,5-hydroxytryptamine receptor 3A,,,Mouse,Ki,,
cid:681,681,Dopamine,,bindingdb,5-hydroxytryptamine receptor 5B,,,Mouse,Ki,,
cid:681,681,Dopamine,,bindingdb,5-hydroxytryptamine receptor 5B,,,Rat,Ki,1000.0,
cid:681,681,Dopamine,,bindingdb,5-hydroxytryptamine receptor 6,,,Mouse,Ki,,
cid:681,681,Dopamine,,bindingdb,5-hydroxytryptamine receptor 7,,,Rat,Ki,240.0,
cid:681,681,Dopamine,,bindingdb,Adenosine receptor A2b,,,Rat,Ki,977.0,
cid:681,681,Dopamine,,bindingdb,Alpha-1A/Alpha-1B/Alpha-1D adrenergic receptor,,,Rat,IC50,90000.0,
cid:681,681,Dopamine,,bindingdb,Alpha-2C adrenergic receptor,,,Rat,Ki,9989.0,
cid:681,681,Dopamine,,bindingdb,Anthrax toxin receptor 2,,,Human,IC50,,
cid:681,681,Dopamine,,bindingdb,Arginase-1,,,Bovine,IC50,128000.0,
cid:681,681,Dopamine,,bindingdb,Bile salt export pump,,,Human,IC50,,
cid:681,681,Dopamine,,bindingdb,cAMP-regulated phosphoprotein 19,,,Rat,EC50,3500.0,
cid:681,681,Dopamine,,bindingdb,Cannabinoid receptor 1,,,Medicinal leech,Ki,1000.0,
cid:681,681,Dopamine,,bindingdb,CB1 cannabinoid receptor-interacting protein 1,,,Duck leech,Ki,1000.0,
cid:681,681,Dopamine,,bindingdb,D(1A) dopamine receptor,,,Bovine,IC50,200.0,
cid:681,681,Dopamine,,bindingdb,D(1A) dopamine receptor,,,Rat,EC50,3500.0,
cid:681,681,Dopamine,,bindingdb,D(1A) dopamine receptor,,,Rat,IC50,800.0,
cid:681,681,Dopamine,,bindingdb,D(1A) dopamine receptor,,,Human,Ki,2340.0,
cid:681,681,Dopamine,,bindingdb,D(1A)/D(1B)/D(2)/D(3)/D(4) dopamine receptor,,,Rat,IC50,2.0,
cid:681,681,Dopamine,,bindingdb,D(1B) dopamine receptor,,,Human,Ki,228.0,
cid:681,681,Dopamine,,bindingdb,D(1B) dopamine receptor,,,Rat,Ki,3900.0,
cid:681,681,Dopamine,,bindingdb,D(2) dopamine receptor,,,Bovine,IC50,4700.0,
cid:681,681,Dopamine,,bindingdb,D(2) dopamine receptor,,,Mouse,Ki,1949.84,
cid:681,681,Dopamine,,bindingdb,D(2) dopamine receptor,,,Rat,IC50,1200.0,
cid:681,681,Dopamine,,bindingdb,D(2) dopamine receptor,,,Rat,Kd,6200.0,
cid:681,681,Dopamine,,bindingdb,D(2) dopamine receptor,,,Rat,Ki,2.8,
cid:681,681,Dopamine,,bindingdb,D(3) dopamine receptor,,,Human,EC50,0.11,
cid:681,681,Dopamine,,bindingdb,D(3) dopamine receptor,,,Human,Ki,3.0,
cid:681,681,Dopamine,,bindingdb,D(3) dopamine receptor,,,Rat,IC50,111.0,
cid:681,681,Dopamine,,bindingdb,D(3) dopamine receptor,,,Human,Ki,3.0,
cid:681,681,Dopamine,,bindingdb,D(4) dopamine receptor,,,Human,Ki,1.2,
cid:681,681,Dopamine,,bindingdb,D(4) dopamine receptor,,,Human,Ki,6.4,
cid:681,681,Dopamine,,bindingdb,Delta-type opioid receptor/Kappa-type opioid receptor/Mu-type opioid receptor/Sigma non-opioid intracellular receptor 1,,,Rat,IC50,3045.0,
cid:681,681,Dopamine,,bindingdb,Dopamine receptor D4,,,Dog,Ki,7.5,
cid:681,681,Dopamine,,bindingdb,M18 aspartyl aminopeptidase,,,Plasmodium falciparum (isolate 3D7),IC50,1979.0,
cid:681,681,Dopamine,,bindingdb,Procathepsin L,,,Human,IC50,,
cid:681,681,Dopamine,,bindingdb,Sigma non-opioid intracellular receptor 1,,,Rat,Ki,,
cid:681,681,Dopamine,,bindingdb,Sodium-dependent dopamine transporter,,,Human,IC50,460.0,
cid:681,681,Dopamine,,bindingdb,Sodium-dependent dopamine transporter,,,Human,Ki,67.0,
cid:681,681,Dopamine,,bindingdb,Sodium-dependent dopamine transporter,,,Rat,Ki,38.3,
cid:681,681,Dopamine,,bindingdb,Sodium-dependent serotonin transporter,,,Human,Ki,,
cid:681,681,Dopamine,,bindingdb,Sodium-dependent serotonin transporter,,,Rat,Ki,1000.0,
cid:681,681,Dopamine,,bindingdb,Solute carrier family 22 member 2,,,Rat,IC50,2300000.0,
cid:681,681,Dopamine,,bindingdb,Solute carrier family 22 member 3,,,Rat,IC50,62000.0,
cid:458519,458519,ETH-CAT,Cathinone,bindingdb,Sodium-dependent dopamine transporter,,,Human,Ki,1014.0,
cid:458519,458519,ETH-CAT,Cathinone,bindingdb,Sodium-dependent serotonin transporter,,,Human,EC50,2118.0,
cid:64139,64139,Efavirenz,Benzoxazine,bindingdb,ATP-binding cassette sub-family C member 2,,,Human,IC50,,
cid:64139,64139,Efavirenz,Benzoxazine,bindingdb,ATP-binding cassette sub-family C member 4,,,Human,IC50,,
cid:64139,64139,Efavirenz,Benzoxazine,bindingdb,Bile salt export pump,,,Human,IC50,,
cid:64139,64139,Efavirenz,Benzoxazine,bindingdb,Broad substrate specificity ATP-binding cassette transporter ABCG2,,,Human,IC50,20600.0,
cid:64139,64139,Efavirenz,Benzoxazine,bindingdb,Cholesterol 24-hydroxylase,,,Human,Kd,800.0,
cid:64139,64139,Efavirenz,Benzoxazine,bindingdb,Envelope glycoprotein gp160,,,Human immunodeficiency virus type 1,IC50,3.5,
cid:64139,64139,Efavirenz,Benzoxazine,bindingdb,Gag-Pol polyprotein,,,HIV-1,IC50,20.0,
cid:64139,64139,Efavirenz,Benzoxazine,bindingdb,"Gag-Pol polyprotein [588-1027,K691N]/[588-1147,K690N]",,,Human immunodeficiency virus type 1,IC50,364.0,
cid:64139,64139,Efavirenz,Benzoxazine,bindingdb,"Gag-Pol polyprotein [588-1027,K691N]/[588-1147,K690N]",,,Human immunodeficiency virus type 1,Ki,160.0,
cid:64139,64139,Efavirenz,Benzoxazine,bindingdb,"Gag-Pol polyprotein [588-1027,V694A]/[588-1147,V694A]",,,Human immunodeficiency virus type 1,Ki,40.0,
cid:64139,64139,Efavirenz,Benzoxazine,bindingdb,"Gag-Pol polyprotein [588-1027,V767D]/[588-1147,V767D]",,,Human immunodeficiency virus type 1,Ki,100.0,
cid:64139,64139,Efavirenz,Benzoxazine,bindingdb,Gag-Pol polyprotein [588-1027],,,Human immunodeficiency virus type 1,IC50,14.0,
cid:64139,64139,Efavirenz,Benzoxazine,bindingdb,"Gag-Pol polyprotein [588-1127,L687I]/[588-1147,L687I]",,,Human immunodeficiency virus type 1,Ki,120.0,
cid:64139,64139,Efavirenz,Benzoxazine,bindingdb,"Gag-Pol polyprotein [588-1127,Y768C]/[588-1147,Y768C]",,,Human immunodeficiency virus type 1,IC50,4.0,
cid:64139,64139,Efavirenz,Benzoxazine,bindingdb,Reverse transcriptase,,,Human immunodeficiency virus type 1,EC50,2.9,
cid:64139,64139,Efavirenz,Benzoxazine,bindingdb,Reverse transcriptase,,,Human immunodeficiency virus type 1,IC50,0.31,
cid:64139,64139,Efavirenz,Benzoxazine,bindingdb,Reverse transcriptase protein,,,Human immunodeficiency virus type 1,IC50,10.0,
cid:64139,64139,Efavirenz,Benzoxazine,bindingdb,Reverse transcriptase/RNaseH,,,Human immunodeficiency virus type 1,EC50,1.0,
cid:64139,64139,Efavirenz,Benzoxazine,bindingdb,Reverse transcriptase/RNaseH,,,Human immunodeficiency virus type 1,IC50,0.091,
cid:64139,64139,Efavirenz,Benzoxazine,bindingdb,Reverse transcriptase/RNaseH,,,Human immunodeficiency virus type 1,Ki,3.0,
cid:38240,38240,Escaline,Substituted_phenethylamines,bindingdb,5-hydroxytryptamine receptor 1A,,,Rat,Ki,6900.0,
cid:38240,38240,Escaline,Substituted_phenethylamines,bindingdb,5-hydroxytryptamine receptor 2A,,,Human,Ki,215.6,
cid:969472,969472,Eszopiclone,Cyclopyrrolone,bindingdb,ATP-binding cassette sub-family C member 2,,,Human,IC50,,
cid:969472,969472,Eszopiclone,Cyclopyrrolone,bindingdb,Bile salt export pump,,,Human,IC50,,
cid:3080846,3080846,Ethylphenidate,Substituted_phenidates,bindingdb,Sodium-dependent dopamine transporter,,,Human,IC50,95.0,
cid:3080846,3080846,Ethylphenidate,Substituted_phenidates,bindingdb,Sodium-dependent serotonin transporter,,,Human,IC50,7540.0,
cid:3345,3345,Fentanyl,"Anilidopiperidine, Substituted_piperidines",bindingdb,Alpha-1A adrenergic receptor,,,Human,Ki,1407.0,
cid:3345,3345,Fentanyl,"Anilidopiperidine, Substituted_piperidines",bindingdb,Alpha-1B adrenergic receptor,,,Human,Ki,1100.0,
cid:3345,3345,Fentanyl,"Anilidopiperidine, Substituted_piperidines",bindingdb,ATP-dependent translocase ABCB1,,,Human,IC50,6500.0,
cid:3345,3345,Fentanyl,"Anilidopiperidine, Substituted_piperidines",bindingdb,D(4) dopamine receptor,,,Human,Ki,554.0,
cid:3345,3345,Fentanyl,"Anilidopiperidine, Substituted_piperidines",bindingdb,Delta-type opioid receptor,,,Human,IC50,187.0,
cid:3345,3345,Fentanyl,"Anilidopiperidine, Substituted_piperidines",bindingdb,Delta-type opioid receptor,,,Mouse,Ki,568.0,
cid:3345,3345,Fentanyl,"Anilidopiperidine, Substituted_piperidines",bindingdb,Delta-type opioid receptor,,,Pig,Ki,73.8,
cid:3345,3345,Fentanyl,"Anilidopiperidine, Substituted_piperidines",bindingdb,Delta-type opioid receptor,,,Rat,Ki,400.0,
cid:3345,3345,Fentanyl,"Anilidopiperidine, Substituted_piperidines",bindingdb,Delta-type opioid receptor/Kappa-type opioid receptor/Mu-type opioid receptor/Sigma non-opioid intracellular receptor 1,,,Rat,IC50,1.1,
cid:3345,3345,Fentanyl,"Anilidopiperidine, Substituted_piperidines",bindingdb,Delta-type opioid receptor/Kappa-type opioid receptor/Mu-type opioid receptor/Sigma non-opioid intracellular receptor 1,,,Rat,Ki,2.2,
cid:3345,3345,Fentanyl,"Anilidopiperidine, Substituted_piperidines",bindingdb,Histamine H1 receptor,,,Rat,IC50,19952.62,
cid:3345,3345,Fentanyl,"Anilidopiperidine, Substituted_piperidines",bindingdb,Kappa-type opioid receptor,,,Guinea pig,IC50,5893.0,
cid:3345,3345,Fentanyl,"Anilidopiperidine, Substituted_piperidines",bindingdb,Kappa-type opioid receptor,,,Human,Ki,84.8,
cid:3345,3345,Fentanyl,"Anilidopiperidine, Substituted_piperidines",bindingdb,Mu-type opioid receptor,,,Guinea pig,IC50,1.9,
cid:3345,3345,Fentanyl,"Anilidopiperidine, Substituted_piperidines",bindingdb,Mu-type opioid receptor,,,Human,EC50,0.51,
cid:3345,3345,Fentanyl,"Anilidopiperidine, Substituted_piperidines",bindingdb,Mu-type opioid receptor,,,Human,IC50,1.3,
cid:3345,3345,Fentanyl,"Anilidopiperidine, Substituted_piperidines",bindingdb,Mu-type opioid receptor,,,Human,Ki,0.051,
cid:3345,3345,Fentanyl,"Anilidopiperidine, Substituted_piperidines",bindingdb,Mu-type opioid receptor,,,Mouse,Ki,0.45,
cid:3345,3345,Fentanyl,"Anilidopiperidine, Substituted_piperidines",bindingdb,Mu-type opioid receptor,,,Human,Ki,1.6,
cid:3345,3345,Fentanyl,"Anilidopiperidine, Substituted_piperidines",bindingdb,Nuclear receptor subfamily 1 group I member 2,,,Human,EC50,31600.0,
cid:3345,3345,Fentanyl,"Anilidopiperidine, Substituted_piperidines",bindingdb,Potassium voltage-gated channel subfamily H member 2,,,Human,IC50,1819.7,
cid:3345,3345,Fentanyl,"Anilidopiperidine, Substituted_piperidines",bindingdb,Sigma non-opioid intracellular receptor 1,,,Guinea pig,Ki,2474.0,
cid:3345,3345,Fentanyl,"Anilidopiperidine, Substituted_piperidines",bindingdb,Sigma non-opioid intracellular receptor 1,,,Human,Ki,0.39,
cid:3345,3345,Fentanyl,"Anilidopiperidine, Substituted_piperidines",bindingdb,Solute carrier family 22 member 1,,,Human,IC50,46170.0,
cid:12947024,12947024,Flubromazepam,Benzodiazepines,bindingdb,Gamma-aminobutyric acid receptor subunit alpha-3/beta-2/gamma-2,,,Human,Ki,0.28,
cid:12947024,12947024,Flubromazepam,Benzodiazepines,bindingdb,Gamma-aminobutyric acid receptor subunit alpha-5/beta-2/gamma-2,,,Human,Ki,0.26,
cid:3380,3380,Flunitrazepam,Benzodiazepines,bindingdb,Cholecystokinin receptor type A,,,Rat,IC50,,
cid:3380,3380,Flunitrazepam,Benzodiazepines,bindingdb,GABA-A receptor; alpha-2/beta-3/gamma-2,,,Human,Ki,1.1,
cid:3380,3380,Flunitrazepam,Benzodiazepines,bindingdb,GABA-A receptor; alpha-5/beta-3/gamma-2,,,Human,Ki,2.1,
cid:3380,3380,Flunitrazepam,Benzodiazepines,bindingdb,Gamma-aminobutyric acid receptor subunit alpha-1,,,Human,Kd,4.5,
cid:3380,3380,Flunitrazepam,Benzodiazepines,bindingdb,Gamma-aminobutyric acid receptor subunit alpha-1,,,Human,Ki,5.2,
cid:3380,3380,Flunitrazepam,Benzodiazepines,bindingdb,Gamma-aminobutyric acid receptor subunit alpha-2,,,Human,Ki,5.2,
cid:3380,3380,Flunitrazepam,Benzodiazepines,bindingdb,Gamma-aminobutyric acid receptor subunit alpha-3/beta-2/gamma-2,,,Human,Ki,4.5,
cid:3380,3380,Flunitrazepam,Benzodiazepines,bindingdb,Gamma-aminobutyric acid receptor subunit alpha-3/beta-3/gamma-2,,,Human,Ki,4.5,
cid:3380,3380,Flunitrazepam,Benzodiazepines,bindingdb,Gamma-aminobutyric acid receptor subunit alpha-5,,,Human,Kd,3.0,
cid:3380,3380,Flunitrazepam,Benzodiazepines,bindingdb,Gamma-aminobutyric acid receptor subunit alpha-5,,,Human,Ki,5.5,
cid:3380,3380,Flunitrazepam,Benzodiazepines,bindingdb,Gamma-aminobutyric acid receptor subunit alpha-5/beta-2/gamma-2,,,Human,Ki,2.1,
cid:3380,3380,Flunitrazepam,Benzodiazepines,bindingdb,Gamma-aminobutyric acid receptor subunit alpha-6,,,Human,Ki,,
cid:3380,3380,Flunitrazepam,Benzodiazepines,bindingdb,Gamma-aminobutyric acid receptor subunit alpha-6/beta-3/gamma-2,,,Human,Ki,,
cid:3380,3380,Flunitrazepam,Benzodiazepines,bindingdb,Gamma-aminobutyric acid type B receptor subunit 1,,,Rat,Ki,5.0,
cid:119,119,GABA,depressant,bindingdb,D(1A) dopamine receptor,,,Rat,Ki,,
cid:119,119,GABA,depressant,bindingdb,GABA-A receptor; alpha-2/beta-3/gamma-2,,,Human,EC50,40000.0,
cid:119,119,GABA,depressant,bindingdb,GABA-A receptor; alpha-5/beta-3/gamma-2,,,Human,EC50,3000.0,
cid:119,119,GABA,depressant,bindingdb,Gamma-aminobutyric acid receptor subunit alpha-1,,,Human,Ki,21.37,
cid:119,119,GABA,depressant,bindingdb,Gamma-aminobutyric acid receptor subunit alpha-1/beta-2/gamma-2,,,Human,EC50,1778.0,
cid:119,119,GABA,depressant,bindingdb,Gamma-aminobutyric acid receptor subunit alpha-1/beta-3/gamma-2,,,Human,EC50,80000.0,
cid:119,119,GABA,depressant,bindingdb,Gamma-aminobutyric acid receptor subunit alpha-2,,,Rat,IC50,22.0,
cid:119,119,GABA,depressant,bindingdb,Gamma-aminobutyric acid receptor subunit alpha-2/beta-2/gamma-2,,,Human,EC50,650.0,
cid:119,119,GABA,depressant,bindingdb,Gamma-aminobutyric acid receptor subunit alpha-3/beta-3/gamma-2,,,Human,EC50,28000.0,
cid:119,119,GABA,depressant,bindingdb,Gamma-aminobutyric acid receptor subunit alpha-4/beta-2/gamma-2,,,Human,EC50,3700.0,
cid:119,119,GABA,depressant,bindingdb,Gamma-aminobutyric acid receptor subunit alpha-6/beta-3/gamma-2,,,Human,EC50,1500.0,
cid:119,119,GABA,depressant,bindingdb,Gamma-aminobutyric acid type B receptor subunit 1,,,Human,EC50,1700.0,
cid:119,119,GABA,depressant,bindingdb,Gamma-aminobutyric acid type B receptor subunit 1,,,Rat,Ki,33.0,
cid:119,119,GABA,depressant,bindingdb,Proton-coupled amino acid transporter 1,,,Human,Ki,4000000.0,
cid:119,119,GABA,depressant,bindingdb,Sodium- and chloride-dependent betaine transporter,,,Human,IC50,3890.0,
cid:119,119,GABA,depressant,bindingdb,Sodium- and chloride-dependent GABA transporter 1,,,Human,IC50,3000.0,
cid:119,119,GABA,depressant,bindingdb,Sodium- and chloride-dependent GABA transporter 1,,,Mouse,IC50,5000.0,
cid:119,119,GABA,depressant,bindingdb,Sodium- and chloride-dependent GABA transporter 1,,,Rat,IC50,1800.0,
cid:10413,10413,GHB,Γ-Hydroxy_acid,bindingdb,Calcium/calmodulin-dependent protein kinase type II subunit alpha,,,Human,Ki,4300.0,
cid:10413,10413,GHB,Γ-Hydroxy_acid,bindingdb,Calcium/calmodulin-dependent protein kinase type II subunit alpha,,,Rat,Ki,3000.0,
cid:3446,3446,Gabapentin,Gabapentinoids,bindingdb,Bile salt export pump,,,Human,IC50,,
cid:3446,3446,Gabapentin,Gabapentinoids,bindingdb,Voltage-dependent calcium channel subunit alpha-2/delta-1,,,Human,IC50,27.0,
cid:3446,3446,Gabapentin,Gabapentinoids,bindingdb,Voltage-dependent calcium channel subunit alpha-2/delta-1,,,Mouse,Ki,120.0,
cid:3446,3446,Gabapentin,Gabapentinoids,bindingdb,Voltage-dependent calcium channel subunit alpha-2/delta-1,,,Rat,IC50,8900.0,
cid:3448,3448,Gaboxadol,"3-hydroxyisoxazole, 3-Hydroxyisoxazole",bindingdb,Gamma-aminobutyric acid receptor subunit alpha-3,,,Human,Ki,165.95,
cid:3448,3448,Gaboxadol,"3-hydroxyisoxazole, 3-Hydroxyisoxazole",bindingdb,Gamma-aminobutyric acid receptor subunit alpha-6,,,Human,Ki,102.32,
cid:3448,3448,Gaboxadol,"3-hydroxyisoxazole, 3-Hydroxyisoxazole",bindingdb,Sigma non-opioid intracellular receptor 1,,,Rat,Ki,,
cid:9651,9651,Galantamine,Benzazepine,bindingdb,Acetylcholinesterase,,,Electric eel,Ki,370.0,
cid:9651,9651,Galantamine,Benzazepine,bindingdb,Acetylcholinesterase,,,Human,EC50,1100.0,
cid:9651,9651,Galantamine,Benzazepine,bindingdb,Acetylcholinesterase,,,Human,IC50,100.0,
cid:9651,9651,Galantamine,Benzazepine,bindingdb,Acetylcholinesterase,,,Mouse,IC50,2080.0,
cid:9651,9651,Galantamine,Benzazepine,bindingdb,Acetylcholinesterase,,,Rat,IC50,538.0,
cid:9651,9651,Galantamine,Benzazepine,bindingdb,Acetylcholinesterase,,,Electric eel,IC50,560.0,
cid:9651,9651,Galantamine,Benzazepine,bindingdb,ATP-binding cassette sub-family C member 3,,,Human,IC50,,
cid:9651,9651,Galantamine,Benzazepine,bindingdb,ATP-binding cassette sub-family C member 4,,,Human,IC50,,
cid:9651,9651,Galantamine,Benzazepine,bindingdb,Cholinesterase,,,Horse,IC50,1520.0,
cid:9651,9651,Galantamine,Benzazepine,bindingdb,Cholinesterase,,,Human,Ki,192.0,
cid:9651,9651,Galantamine,Benzazepine,bindingdb,Prolyl endopeptidase,,,Human,IC50,,
cid:33032,33032,Glutamate,,bindingdb,Alpha-ketoglutarate-dependent dioxygenase FTO,,,Human,IC50,,
cid:33032,33032,Glutamate,,bindingdb,ATP-citrate synthase,,,Rat,Ki,300000.0,
cid:33032,33032,Glutamate,,bindingdb,Cannabinoid receptor 1,,,Medicinal leech,Ki,1000.0,
cid:33032,33032,Glutamate,,bindingdb,Excitatory amino acid transporter 1,,,Human,Ki,35000.0,
cid:33032,33032,Glutamate,,bindingdb,Excitatory amino acid transporter 2,,,Human,IC50,52000.0,
cid:33032,33032,Glutamate,,bindingdb,Excitatory amino acid transporter 3,,,Human,IC50,32000.0,
cid:33032,33032,Glutamate,,bindingdb,Glutamate carboxypeptidase 2 [44-750],,,Human,IC50,428000.0,
cid:33032,33032,Glutamate,,bindingdb,Glutamate metabotropic receptor 1,,,Pig,Ki,,
cid:33032,33032,Glutamate,,bindingdb,Glutamate receptor 1,,,Human,EC50,2260.0,
cid:33032,33032,Glutamate,,bindingdb,Glutamate receptor 1,,,Human,Ki,1360.0,
cid:33032,33032,Glutamate,,bindingdb,Glutamate receptor 1,,,Rat,Ki,169.0,
cid:33032,33032,Glutamate,,bindingdb,Glutamate receptor 3,,,Human,EC50,3660.0,
cid:33032,33032,Glutamate,,bindingdb,Glutamate receptor 3,,,Rat,EC50,1300.0,
cid:33032,33032,Glutamate,,bindingdb,Glutamate receptor 3,,,Rat,Ki,62.0,
cid:33032,33032,Glutamate,,bindingdb,Glutamate receptor 4,,,Human,EC50,4800.0,
cid:33032,33032,Glutamate,,bindingdb,Glutamate receptor 4,,,Human,Ki,868.0,
cid:33032,33032,Glutamate,,bindingdb,Glutamate receptor 4,,,Rat,EC50,17000.0,
cid:33032,33032,Glutamate,,bindingdb,"Glutamate receptor ionotropic, kainate 1",,,Human,Ki,701.0,
cid:33032,33032,Glutamate,,bindingdb,"Glutamate receptor ionotropic, kainate 1",,,Rat,EC50,35200.0,
cid:33032,33032,Glutamate,,bindingdb,"Glutamate receptor ionotropic, kainate 1",,,Rat,Ki,140.0,
cid:33032,33032,Glutamate,,bindingdb,"Glutamate receptor ionotropic, kainate 2",,,Human,EC50,25000.0,
cid:33032,33032,Glutamate,,bindingdb,"Glutamate receptor ionotropic, kainate 2",,,Human,Ki,1106.0,
cid:33032,33032,Glutamate,,bindingdb,"Glutamate receptor ionotropic, kainate 3",,,Rat,Ki,490.0,
cid:33032,33032,Glutamate,,bindingdb,"Glutamate receptor ionotropic, kainate 5",,,Human,Ki,701.0,
cid:33032,33032,Glutamate,,bindingdb,"Glutamate receptor ionotropic, NMDA 1",,,Rat,EC50,450.0,
cid:33032,33032,Glutamate,,bindingdb,"Glutamate receptor ionotropic, NMDA 1",,,Rat,Ki,100.0,
cid:33032,33032,Glutamate,,bindingdb,"Glutathione reductase, mitochondrial",,,Human,IC50,53700.0,
cid:33032,33032,Glutamate,,bindingdb,"Glutathione reductase, mitochondrial",,,Human,Ki,42700.0,
cid:33032,33032,Glutamate,,bindingdb,Metabotropic glutamate receptor 1,,,Human,Ki,250.0,
cid:33032,33032,Glutamate,,bindingdb,Metabotropic glutamate receptor 1,,,Rat,EC50,1585.0,
cid:33032,33032,Glutamate,,bindingdb,Metabotropic glutamate receptor 1,,,Rat,Ki,,
cid:33032,33032,Glutamate,,bindingdb,Metabotropic glutamate receptor 2,,,Human,Ki,1100.0,
cid:33032,33032,Glutamate,,bindingdb,Metabotropic glutamate receptor 3,,,Human,EC50,1002.0,
cid:33032,33032,Glutamate,,bindingdb,Metabotropic glutamate receptor 3,,,Rat,EC50,58.0,
cid:33032,33032,Glutamate,,bindingdb,Metabotropic glutamate receptor 4,,,Rat,EC50,3200.0,
cid:33032,33032,Glutamate,,bindingdb,Metabotropic glutamate receptor 5,,,Human,Ki,390.0,
cid:33032,33032,Glutamate,,bindingdb,Metabotropic glutamate receptor 5,,,Rat,Ki,6025.6,
cid:33032,33032,Glutamate,,bindingdb,Metabotropic glutamate receptor 6,,,Human,EC50,20000.0,
cid:33032,33032,Glutamate,,bindingdb,Metabotropic glutamate receptor 6,,,Human,Ki,,
cid:33032,33032,Glutamate,,bindingdb,Metabotropic glutamate receptor 7,,,Human,EC50,1180.0,
cid:33032,33032,Glutamate,,bindingdb,Metabotropic glutamate receptor 7,,,Rat,EC50,1000000.0,
cid:33032,33032,Glutamate,,bindingdb,Metabotropic glutamate receptor 8,,,Human,Ki,20.0,
cid:33032,33032,Glutamate,,bindingdb,Metabotropic glutamate receptor 8,,,Mouse,EC50,22.0,
cid:33032,33032,Glutamate,,bindingdb,Metabotropic glutamate receptor 8,,,Rat,EC50,8000.0,
cid:33032,33032,Glutamate,,bindingdb,Metabotropic glutamate receptor 8,,,Rat,Ki,3400.0,
cid:3559,3559,Haloperidol,"Substituted_piperidines, Butyrophenone",bindingdb,5-hydroxytryptamine 1D receptor,,,Bovine,Ki,6950.0,
cid:3559,3559,Haloperidol,"Substituted_piperidines, Butyrophenone",bindingdb,5-hydroxytryptamine receptor 1A,,,Rat,Ki,401.0,
cid:3559,3559,Haloperidol,"Substituted_piperidines, Butyrophenone",bindingdb,5-hydroxytryptamine receptor 1A/1B/1D/1F,,,Rat,Ki,,
cid:3559,3559,Haloperidol,"Substituted_piperidines, Butyrophenone",bindingdb,5-hydroxytryptamine receptor 1B,,,Rat,IC50,,
cid:3559,3559,Haloperidol,"Substituted_piperidines, Butyrophenone",bindingdb,5-hydroxytryptamine receptor 1D,,,Human,Ki,40.0,
cid:3559,3559,Haloperidol,"Substituted_piperidines, Butyrophenone",bindingdb,5-hydroxytryptamine receptor 1F,,,Human,Ki,5000.0,
cid:3559,3559,Haloperidol,"Substituted_piperidines, Butyrophenone",bindingdb,5-hydroxytryptamine receptor 2A,,,Bovine,IC50,30.0,
cid:3559,3559,Haloperidol,"Substituted_piperidines, Butyrophenone",bindingdb,5-hydroxytryptamine receptor 2A,,,Human,Ki,23.0,
cid:3559,3559,Haloperidol,"Substituted_piperidines, Butyrophenone",bindingdb,5-hydroxytryptamine receptor 2A,,,Rat,Ki,15.84,
cid:3559,3559,Haloperidol,"Substituted_piperidines, Butyrophenone",bindingdb,5-hydroxytryptamine receptor 2A,,,Human,Ki,53.0,
cid:3559,3559,Haloperidol,"Substituted_piperidines, Butyrophenone",bindingdb,5-hydroxytryptamine receptor 2A/2B/2C,,,Mouse,Ki,27.0,
cid:3559,3559,Haloperidol,"Substituted_piperidines, Butyrophenone",bindingdb,5-hydroxytryptamine receptor 2C,,,Human,IC50,,
cid:3559,3559,Haloperidol,"Substituted_piperidines, Butyrophenone",bindingdb,5-hydroxytryptamine receptor 2C,,,Pig,Ki,5000.0,
cid:3559,3559,Haloperidol,"Substituted_piperidines, Butyrophenone",bindingdb,5-hydroxytryptamine receptor 2C,,,Rat,IC50,,
cid:3559,3559,Haloperidol,"Substituted_piperidines, Butyrophenone",bindingdb,5-hydroxytryptamine receptor 2C,,,Rat,Ki,1500.0,
cid:3559,3559,Haloperidol,"Substituted_piperidines, Butyrophenone",bindingdb,5-hydroxytryptamine receptor 3A,,,Guinea pig,Ki,0.56,
cid:3559,3559,Haloperidol,"Substituted_piperidines, Butyrophenone",bindingdb,5-hydroxytryptamine receptor 3A,,,Mouse,Ki,5000.0,
cid:3559,3559,Haloperidol,"Substituted_piperidines, Butyrophenone",bindingdb,5-hydroxytryptamine receptor 6,,,Mouse,Ki,501.18,
cid:3559,3559,Haloperidol,"Substituted_piperidines, Butyrophenone",bindingdb,5-hydroxytryptamine receptor 7,,,Mouse,Ki,380.0,
cid:3559,3559,Haloperidol,"Substituted_piperidines, Butyrophenone",bindingdb,5-hydroxytryptamine receptor 7,,,Rat,Ki,241.2,
cid:3559,3559,Haloperidol,"Substituted_piperidines, Butyrophenone",bindingdb,Adenosine receptor A2a,,,Rat,Ki,,
cid:3559,3559,Haloperidol,"Substituted_piperidines, Butyrophenone",bindingdb,Alpha-1A adrenergic receptor,,,Human,Ki,6.1,
cid:3559,3559,Haloperidol,"Substituted_piperidines, Butyrophenone",bindingdb,Alpha-1A/Alpha-1B/Alpha-1D adrenergic receptor,,,Rat,IC50,54.0,
cid:3559,3559,Haloperidol,"Substituted_piperidines, Butyrophenone",bindingdb,Alpha-1A/Alpha-1B/Alpha-1D adrenergic receptor,,,Rat,Ki,1.0,
cid:3559,3559,Haloperidol,"Substituted_piperidines, Butyrophenone",bindingdb,Alpha-1B adrenergic receptor,,,Rat,Ki,7.2,
cid:3559,3559,Haloperidol,"Substituted_piperidines, Butyrophenone",bindingdb,Alpha-2A adrenergic receptor,,,Human,Ki,600.0,
cid:3559,3559,Haloperidol,"Substituted_piperidines, Butyrophenone",bindingdb,Alpha-2A adrenergic receptor [16-465]/Alpha-2B adrenergic receptor/Alpha-2C adrenergic receptor,,,Rat,IC50,6000.0,
cid:3559,3559,Haloperidol,"Substituted_piperidines, Butyrophenone",bindingdb,Alpha-2B adrenergic receptor,,,Human,Ki,480.0,
cid:3559,3559,Haloperidol,"Substituted_piperidines, Butyrophenone",bindingdb,Alpha-2B adrenergic receptor,,,Human,Ki,480.0,
cid:3559,3559,Haloperidol,"Substituted_piperidines, Butyrophenone",bindingdb,Alpha-2C adrenergic receptor,,,Rat,Ki,2.0,
cid:3559,3559,Haloperidol,"Substituted_piperidines, Butyrophenone",bindingdb,Alpha-2C adrenergic receptor,,,Human,Ki,550.0,
cid:3559,3559,Haloperidol,"Substituted_piperidines, Butyrophenone",bindingdb,AP-2 complex subunit sigma,,,Rat,Ki,24.2,
cid:3559,3559,Haloperidol,"Substituted_piperidines, Butyrophenone",bindingdb,ATP-binding cassette sub-family C member 4,,,Human,IC50,,
cid:3559,3559,Haloperidol,"Substituted_piperidines, Butyrophenone",bindingdb,ATP-dependent translocase ABCB1,,,Human,IC50,5300.0,
cid:3559,3559,Haloperidol,"Substituted_piperidines, Butyrophenone",bindingdb,ATP-dependent translocase ABCB1,,,Human,Ki,200.0,
cid:3559,3559,Haloperidol,"Substituted_piperidines, Butyrophenone",bindingdb,Beta-1 adrenergic receptor,,,Rat,IC50,,
cid:3559,3559,Haloperidol,"Substituted_piperidines, Butyrophenone",bindingdb,Beta-2 adrenergic receptor,,,Rat,IC50,,
cid:3559,3559,Haloperidol,"Substituted_piperidines, Butyrophenone",bindingdb,Beta-2 adrenergic receptor,,,Rat,Ki,,
cid:3559,3559,Haloperidol,"Substituted_piperidines, Butyrophenone",bindingdb,Beta-arrestin-1,,,Rabbit,Ki,1000.0,
cid:3559,3559,Haloperidol,"Substituted_piperidines, Butyrophenone",bindingdb,Cholecystokinin,,,Pig,Ki,1000.0,
cid:3559,3559,Haloperidol,"Substituted_piperidines, Butyrophenone",bindingdb,Cysteinyl leukotriene receptor 1,,,Guinea pig,Ki,1000.0,
cid:3559,3559,Haloperidol,"Substituted_piperidines, Butyrophenone",bindingdb,Cytochrome P450 1A2,,,Human,IC50,,
cid:3559,3559,Haloperidol,"Substituted_piperidines, Butyrophenone",bindingdb,D(1A) dopamine receptor,,,Bovine,Ki,315.0,
cid:3559,3559,Haloperidol,"Substituted_piperidines, Butyrophenone",bindingdb,D(1A) dopamine receptor,,,Mouse,Ki,76.0,
cid:3559,3559,Haloperidol,"Substituted_piperidines, Butyrophenone",bindingdb,D(1A) dopamine receptor,,,Rat,IC50,36.0,
cid:3559,3559,Haloperidol,"Substituted_piperidines, Butyrophenone",bindingdb,D(1A) dopamine receptor,,,Human,Ki,120.0,
cid:3559,3559,Haloperidol,"Substituted_piperidines, Butyrophenone",bindingdb,D(1A)/D(1B)/D(2)/D(3)/D(4) dopamine receptor,,,Human,IC50,5.0,
cid:3559,3559,Haloperidol,"Substituted_piperidines, Butyrophenone",bindingdb,D(1A)/D(1B)/D(2)/D(3)/D(4) dopamine receptor,,,Rat,IC50,0.28,
cid:3559,3559,Haloperidol,"Substituted_piperidines, Butyrophenone",bindingdb,D(1A)/D(2) dopamine receptor,,,Bovine,IC50,1.8,
cid:3559,3559,Haloperidol,"Substituted_piperidines, Butyrophenone",bindingdb,D(1B) dopamine receptor,,,Human,Ki,38.0,
cid:3559,3559,Haloperidol,"Substituted_piperidines, Butyrophenone",bindingdb,D(2) dopamine receptor,,,Bovine,Ki,0.3,
cid:3559,3559,Haloperidol,"Substituted_piperidines, Butyrophenone",bindingdb,D(2) dopamine receptor,,,Green monkey,Ki,4.8,
cid:3559,3559,Haloperidol,"Substituted_piperidines, Butyrophenone",bindingdb,D(2) dopamine receptor,,,Mouse,Ki,2.6,
cid:3559,3559,Haloperidol,"Substituted_piperidines, Butyrophenone",bindingdb,D(2) dopamine receptor,,,Pig,Ki,1.1,
cid:3559,3559,Haloperidol,"Substituted_piperidines, Butyrophenone",bindingdb,D(2) dopamine receptor,,,Rat,IC50,0.075,
cid:3559,3559,Haloperidol,"Substituted_piperidines, Butyrophenone",bindingdb,D(2) dopamine receptor,,,Rat,Ki,0.2,
cid:3559,3559,Haloperidol,"Substituted_piperidines, Butyrophenone",bindingdb,D(3) dopamine receptor,,,Bovine,Ki,6.5,
cid:3559,3559,Haloperidol,"Substituted_piperidines, Butyrophenone",bindingdb,D(3) dopamine receptor,,,Human,IC50,0.06,
cid:3559,3559,Haloperidol,"Substituted_piperidines, Butyrophenone",bindingdb,D(3) dopamine receptor,,,Human,Ki,0.2,
cid:3559,3559,Haloperidol,"Substituted_piperidines, Butyrophenone",bindingdb,D(3) dopamine receptor,,,Human,Ki,21.0,
cid:3559,3559,Haloperidol,"Substituted_piperidines, Butyrophenone",bindingdb,D(4) dopamine receptor,,,Human,Ki,0.35,
cid:3559,3559,Haloperidol,"Substituted_piperidines, Butyrophenone",bindingdb,D(4) dopamine receptor,,,Human,Ki,30.0,
cid:3559,3559,Haloperidol,"Substituted_piperidines, Butyrophenone",bindingdb,Delta-type opioid receptor,,,Mouse,Ki,1000.0,
cid:3559,3559,Haloperidol,"Substituted_piperidines, Butyrophenone",bindingdb,Delta-type opioid receptor/Kappa-type opioid receptor/Mu-type opioid receptor/Sigma non-opioid intracellular receptor 1,,,Rat,IC50,24.0,
cid:3559,3559,Haloperidol,"Substituted_piperidines, Butyrophenone",bindingdb,Gamma-aminobutyric acid type B receptor subunit 1,,,Rat,Ki,,
cid:3559,3559,Haloperidol,"Substituted_piperidines, Butyrophenone",bindingdb,Gastrin/cholecystokinin type B receptor,,,Rat,Ki,1000.0,
cid:3559,3559,Haloperidol,"Substituted_piperidines, Butyrophenone",bindingdb,Genome polyprotein,,,Human rhinovirus 1A,IC50,140000.0,
cid:3559,3559,Haloperidol,"Substituted_piperidines, Butyrophenone",bindingdb,Glutamate receptor 3,,,Rat,Ki,,
cid:3559,3559,Haloperidol,"Substituted_piperidines, Butyrophenone",bindingdb,"Glutamate receptor ionotropic, NMDA 2B",,,Human,Ki,13.0,
cid:3559,3559,Haloperidol,"Substituted_piperidines, Butyrophenone",bindingdb,"Glycine amidinotransferase, mitochondrial",,,Rat,Ki,,
cid:3559,3559,Haloperidol,"Substituted_piperidines, Butyrophenone",bindingdb,Glycine receptor subunit alpha-1,,,Rat,Ki,,
cid:3559,3559,Haloperidol,"Substituted_piperidines, Butyrophenone",bindingdb,Histamine H1 receptor,,,Human,Ki,260.0,
cid:3559,3559,Haloperidol,"Substituted_piperidines, Butyrophenone",bindingdb,Histamine H1 receptor,,,Rat,IC50,,
cid:3559,3559,Haloperidol,"Substituted_piperidines, Butyrophenone",bindingdb,Histamine H1 receptor,,,Rat,Ki,384.0,
cid:3559,3559,Haloperidol,"Substituted_piperidines, Butyrophenone",bindingdb,Histone H1.0,,,Human,Ki,780.0,
cid:3559,3559,Haloperidol,"Substituted_piperidines, Butyrophenone",bindingdb,"HLA class I histocompatibility antigen, A alpha chain",,,Human,Kd,,
cid:3559,3559,Haloperidol,"Substituted_piperidines, Butyrophenone",bindingdb,Mu-type opioid receptor,,,Human,EC50,,
cid:3559,3559,Haloperidol,"Substituted_piperidines, Butyrophenone",bindingdb,Mu-type opioid receptor,,,Rat,Ki,1000.0,
cid:3559,3559,Haloperidol,"Substituted_piperidines, Butyrophenone",bindingdb,Muscarinic acetylcholine receptor M1/M2/M3/M4/M5,,,Human,Ki,4670.0,
cid:3559,3559,Haloperidol,"Substituted_piperidines, Butyrophenone",bindingdb,Muscarinic acetylcholine receptor M1/M2/M3/M4/M5,,,Rat,IC50,54.0,
cid:3559,3559,Haloperidol,"Substituted_piperidines, Butyrophenone",bindingdb,Muscarinic acetylcholine receptor M2,,,Rat,Ki,238.0,
cid:3559,3559,Haloperidol,"Substituted_piperidines, Butyrophenone",bindingdb,Muscarinic acetylcholine receptor M3,,,Human,Ki,,
cid:3559,3559,Haloperidol,"Substituted_piperidines, Butyrophenone",bindingdb,Muscarinic acetylcholine receptor M4,,,Rat,Ki,1500.0,
cid:3559,3559,Haloperidol,"Substituted_piperidines, Butyrophenone",bindingdb,N-acetyltransferase Eis,,,Mycobacterium tuberculosis (strain ATCC 25618 / H37Rv),Ki,390.0,
cid:3559,3559,Haloperidol,"Substituted_piperidines, Butyrophenone",bindingdb,Nicotinic acetylcholine receptor,,,Cape York rat,Ki,,
cid:3559,3559,Haloperidol,"Substituted_piperidines, Butyrophenone",bindingdb,Norepinephrine transporter,,,Rat,Ki,1000.0,
cid:3559,3559,Haloperidol,"Substituted_piperidines, Butyrophenone",bindingdb,Potassium voltage-gated channel subfamily H member 2,,,Human,IC50,26.92,
cid:3559,3559,Haloperidol,"Substituted_piperidines, Butyrophenone",bindingdb,Protachykinin-1,,,Human,Ki,1000.0,
cid:3559,3559,Haloperidol,"Substituted_piperidines, Butyrophenone",bindingdb,Serotonin 2 (5-HT2) receptor,,,Human,Ki,20.0,
cid:3559,3559,Haloperidol,"Substituted_piperidines, Butyrophenone",bindingdb,Serotonin 2 (5-HT2) receptor,,,Rat,Ki,4.2,
cid:3559,3559,Haloperidol,"Substituted_piperidines, Butyrophenone",bindingdb,Sigma intracellular receptor 2,,,Human,Ki,16.0,
cid:3559,3559,Haloperidol,"Substituted_piperidines, Butyrophenone",bindingdb,Sigma non-opioid intracellular receptor 1,,,Human,IC50,2.1,
cid:3559,3559,Haloperidol,"Substituted_piperidines, Butyrophenone",bindingdb,Sigma non-opioid intracellular receptor 1,,,Mouse,Ki,24.0,
cid:3559,3559,Haloperidol,"Substituted_piperidines, Butyrophenone",bindingdb,Sigma non-opioid intracellular receptor 1,,,Rat,IC50,0.65,
cid:3559,3559,Haloperidol,"Substituted_piperidines, Butyrophenone",bindingdb,Sigma non-opioid intracellular receptor 1,,,Rat,Ki,0.9,
cid:3559,3559,Haloperidol,"Substituted_piperidines, Butyrophenone",bindingdb,Sodium channel protein type 7 subunit alpha,,,Human,IC50,7000.0,
cid:3559,3559,Haloperidol,"Substituted_piperidines, Butyrophenone",bindingdb,Sodium-dependent dopamine transporter,,,Rat,Ki,,
cid:3559,3559,Haloperidol,"Substituted_piperidines, Butyrophenone",bindingdb,Sodium-dependent serotonin transporter,,,Human,Ki,,
cid:3559,3559,Haloperidol,"Substituted_piperidines, Butyrophenone",bindingdb,Sodium-dependent serotonin transporter,,,Rat,Ki,,
cid:3559,3559,Haloperidol,"Substituted_piperidines, Butyrophenone",bindingdb,Thromboxane A2 receptor,,,Human,Ki,1000.0,
cid:3559,3559,Haloperidol,"Substituted_piperidines, Butyrophenone",bindingdb,Transporter,,,Rat,Ki,5500.0,
cid:3559,3559,Haloperidol,"Substituted_piperidines, Butyrophenone",bindingdb,Type-2 angiotensin II receptor,,,Rat,Ki,,
cid:3559,3559,Haloperidol,"Substituted_piperidines, Butyrophenone",bindingdb,UDP-glucuronosyltransferase 1A9,,,Human,Ki,344000.0,
cid:3559,3559,Haloperidol,"Substituted_piperidines, Butyrophenone",bindingdb,Urokinase plasminogen activator surface receptor,,,Human,Kd,41200.0,
cid:3559,3559,Haloperidol,"Substituted_piperidines, Butyrophenone",bindingdb,Voltage-gated L-type calcium channel,,,Human,IC50,1300.0,
cid:3559,3559,Haloperidol,"Substituted_piperidines, Butyrophenone",bindingdb,Zinc finger protein 664,,,Guinea pig,Ki,6.6,
cid:774,774,Histamine,,bindingdb,5-hydroxytryptamine receptor 7,,,Human,Ki,,
cid:774,774,Histamine,,bindingdb,5-hydroxytryptamine receptor 7,,,Rat,Ki,1000.0,
cid:774,774,Histamine,,bindingdb,Histamine H1 receptor,,,Human,EC50,13.0,
cid:774,774,Histamine,,bindingdb,Histamine H1 receptor,,,Human,IC50,158.0,
cid:774,774,Histamine,,bindingdb,Histamine H1 receptor,,,Rat,Ki,,
cid:774,774,Histamine,,bindingdb,Histamine H2 receptor,,,Guinea pig,EC50,1000.0,
cid:774,774,Histamine,,bindingdb,Histamine H2 receptor,,,Guinea pig,Kd,69183.0,
cid:774,774,Histamine,,bindingdb,Histamine H2 receptor,,,Guinea pig,Ki,1200.0,
cid:774,774,Histamine,,bindingdb,Histamine H2 receptor,,,Rat,Kd,117490.0,
cid:774,774,Histamine,,bindingdb,Histamine H2 receptor,,,Rat,Ki,17.0,
cid:774,774,Histamine,,bindingdb,Histamine H3 receptor,,,Guinea pig,Ki,100.0,
cid:774,774,Histamine,,bindingdb,Histamine H3 receptor,,,Human,EC50,12.88,
cid:774,774,Histamine,,bindingdb,Histamine H3 receptor,,,Human,Ki,2.32,
cid:774,774,Histamine,,bindingdb,Histamine H3 receptor,,,Rat,EC50,62.0,
cid:774,774,Histamine,,bindingdb,Histamine H4 receptor,,,Human,Ki,2.5,
cid:774,774,Histamine,,bindingdb,Solute carrier family 22 member 3,,,Human,Ki,140000.0,
cid:5284569,5284569,Hydrocodone,Substituted_morphinans,bindingdb,Kappa-type opioid receptor,,,Human,Ki,260.0,
cid:5284569,5284569,Hydrocodone,Substituted_morphinans,bindingdb,Mas-related G-protein coupled receptor member X2,,,Human,EC50,11000.0,
cid:5284569,5284569,Hydrocodone,Substituted_morphinans,bindingdb,Solute carrier family 22 member 1,,,Human,IC50,536960.0,
cid:5284570,5284570,Hydromorphone,Substituted_morphinans,bindingdb,Kappa-type opioid receptor,,,Human,Ki,2.8,
cid:5284570,5284570,Hydromorphone,Substituted_morphinans,bindingdb,Mu-type opioid receptor,,,Human,EC50,2.6,
cid:197060,197060,Ibogaine,Substituted_tryptamines,bindingdb,5-hydroxytryptamine receptor 1B,,,Human,Ki,,
cid:197060,197060,Ibogaine,Substituted_tryptamines,bindingdb,5-hydroxytryptamine receptor 2A,,,Human,Ki,14142.0,
cid:197060,197060,Ibogaine,Substituted_tryptamines,bindingdb,5-hydroxytryptamine receptor 2A,,,Rat,Ki,,
cid:197060,197060,Ibogaine,Substituted_tryptamines,bindingdb,5-hydroxytryptamine receptor 2C,,,Human,Ki,,
cid:197060,197060,Ibogaine,Substituted_tryptamines,bindingdb,5-hydroxytryptamine receptor 3A,,,Mus musculus,Ki,,
cid:197060,197060,Ibogaine,Substituted_tryptamines,bindingdb,Beta-1 adrenergic receptor,,,Rat,Ki,,
cid:197060,197060,Ibogaine,Substituted_tryptamines,bindingdb,"Carnitine O-palmitoyltransferase 2, mitochondrial",,,Human,Ki,70000.0,
cid:197060,197060,Ibogaine,Substituted_tryptamines,bindingdb,D(1A) dopamine receptor,,,Human,Ki,,
cid:197060,197060,Ibogaine,Substituted_tryptamines,bindingdb,D(3) dopamine receptor,,,Bovine,Ki,70000.0,
cid:197060,197060,Ibogaine,Substituted_tryptamines,bindingdb,D(4) dopamine receptor,,,Human,IC50,,
cid:197060,197060,Ibogaine,Substituted_tryptamines,bindingdb,D(4) dopamine receptor,,,Human,Ki,,
cid:197060,197060,Ibogaine,Substituted_tryptamines,bindingdb,Gamma-aminobutyric acid receptor subunit beta-1,,,Human,Ki,,
cid:197060,197060,Ibogaine,Substituted_tryptamines,bindingdb,"Glutamate receptor ionotropic, NMDA 2A",,,Human,Ki,2001.0,
cid:197060,197060,Ibogaine,Substituted_tryptamines,bindingdb,Histamine H1 receptor,,,Rat,IC50,,
cid:197060,197060,Ibogaine,Substituted_tryptamines,bindingdb,Kappa-type opioid receptor,,,Bovine,Ki,2.2,
cid:197060,197060,Ibogaine,Substituted_tryptamines,bindingdb,Kappa-type opioid receptor,,,Human,Ki,2717.0,
cid:197060,197060,Ibogaine,Substituted_tryptamines,bindingdb,Kappa-type opioid receptor,,,Mouse,IC50,13800.0,
cid:197060,197060,Ibogaine,Substituted_tryptamines,bindingdb,Kappa-type opioid receptor,,,Rat,IC50,16000.0,
cid:197060,197060,Ibogaine,Substituted_tryptamines,bindingdb,Muscarinic acetylcholine receptor M1,,,Rat,IC50,7600.0,
cid:197060,197060,Ibogaine,Substituted_tryptamines,bindingdb,Muscarinic acetylcholine receptor M2,,,Bovine,Ki,31000.0,
cid:197060,197060,Ibogaine,Substituted_tryptamines,bindingdb,Muscarinic acetylcholine receptor M2,,,Human,Ki,39409.0,
cid:197060,197060,Ibogaine,Substituted_tryptamines,bindingdb,Muscarinic acetylcholine receptor M2,,,Rat,Ki,50100.0,
cid:197060,197060,Ibogaine,Substituted_tryptamines,bindingdb,Muscarinic acetylcholine receptor M3,,,Human,Ki,12500.0,
cid:197060,197060,Ibogaine,Substituted_tryptamines,bindingdb,Neuronal acetylcholine receptor subunit alpha-3/beta-4,,,Human,IC50,220.0,
cid:197060,197060,Ibogaine,Substituted_tryptamines,bindingdb,Neuronal acetylcholine receptor subunit alpha-3/beta-4,,,Human,Ki,1.1,
cid:197060,197060,Ibogaine,Substituted_tryptamines,bindingdb,Opioid receptor delta 1,,,Bovine,Ki,,
cid:197060,197060,Ibogaine,Substituted_tryptamines,bindingdb,Potassium voltage-gated channel subfamily H member 2,,,Human,IC50,4090.0,
cid:197060,197060,Ibogaine,Substituted_tryptamines,bindingdb,Ras-related C3 botulinum toxin substrate 1,,,Guinea pig,Ki,250.0,
cid:197060,197060,Ibogaine,Substituted_tryptamines,bindingdb,Sigma intracellular receptor 2,,,Rat,Ki,90.4,
cid:197060,197060,Ibogaine,Substituted_tryptamines,bindingdb,Sigma non-opioid intracellular receptor 1,,,Bovine,Ki,2500.0,
cid:197060,197060,Ibogaine,Substituted_tryptamines,bindingdb,Sigma non-opioid intracellular receptor 1,,,Guinea pig,Ki,8554.0,
cid:197060,197060,Ibogaine,Substituted_tryptamines,bindingdb,Sigma non-opioid intracellular receptor 1,,,Human,Ki,5839.0,
cid:197060,197060,Ibogaine,Substituted_tryptamines,bindingdb,Sodium-dependent dopamine transporter,,,Human,Ki,1980.0,
cid:197060,197060,Ibogaine,Substituted_tryptamines,bindingdb,Sodium-dependent serotonin transporter,,,Human,Ki,548.7,
cid:197060,197060,Ibogaine,Substituted_tryptamines,bindingdb,Synaptic vesicular amine transporter,,,Rat,IC50,4000.0,
cid:1233,1233,Ibotenic acid,"3-Hydroxyisoxazole, Α-Amino_acid",bindingdb,Glutamate metabotropic receptor 1,,,Pig,Ki,,
cid:1233,1233,Ibotenic acid,"3-Hydroxyisoxazole, Α-Amino_acid",bindingdb,Glutamate metabotropic receptor 5,,,Guinea pig,Ki,1930.0,
cid:1233,1233,Ibotenic acid,"3-Hydroxyisoxazole, Α-Amino_acid",bindingdb,Metabotropic glutamate receptor 1,,,Human,Ki,1200.0,
cid:1233,1233,Ibotenic acid,"3-Hydroxyisoxazole, Α-Amino_acid",bindingdb,Metabotropic glutamate receptor 1,,,Rat,Ki,,
cid:1233,1233,Ibotenic acid,"3-Hydroxyisoxazole, Α-Amino_acid",bindingdb,Metabotropic glutamate receptor 3,,,Human,Ki,,
cid:1233,1233,Ibotenic acid,"3-Hydroxyisoxazole, Α-Amino_acid",bindingdb,Metabotropic glutamate receptor 4,,,Human,EC50,,
cid:1233,1233,Ibotenic acid,"3-Hydroxyisoxazole, Α-Amino_acid",bindingdb,Metabotropic glutamate receptor 4,,,Human,Ki,,
cid:1233,1233,Ibotenic acid,"3-Hydroxyisoxazole, Α-Amino_acid",bindingdb,Metabotropic glutamate receptor 5,,,Rat,Ki,,
cid:10382701,10382701,JWH-018,Naphthoylindole,bindingdb,Cannabinoid receptor 1,,,Human,Ki,2.6,
cid:10382701,10382701,JWH-018,Naphthoylindole,bindingdb,Cannabinoid receptor 1/2,,,Rat,EC50,36.0,
cid:10382701,10382701,JWH-018,Naphthoylindole,bindingdb,Cannabinoid receptor 2,,,Human,Ki,2.9,
cid:10382701,10382701,JWH-018,Naphthoylindole,bindingdb,Delta-type opioid receptor,,,Rat,Ki,,
cid:10382701,10382701,JWH-018,Naphthoylindole,bindingdb,"Fatty acid-binding protein, liver",,,Mouse,Ki,58.0,
cid:10382701,10382701,JWH-018,Naphthoylindole,bindingdb,Kappa-type opioid receptor,,,Guinea pig,Ki,,
cid:10471670,10471670,JWH-073,Naphthoylindole,bindingdb,Cannabinoid receptor 1,,,Mouse,EC50,276.5,
cid:5761,5761,LSD,Lysergamides,bindingdb,5-hydroxytryptamine receptor 1B,,,Human,Ki,3.9,
cid:5761,5761,LSD,Lysergamides,bindingdb,5-hydroxytryptamine receptor 1D,,,Dog,Ki,12.58,
cid:5761,5761,LSD,Lysergamides,bindingdb,5-hydroxytryptamine receptor 1E,,,Human,Ki,92.9,
cid:5761,5761,LSD,Lysergamides,bindingdb,5-hydroxytryptamine receptor 2A,,,Rat,Ki,3.16,
cid:5761,5761,LSD,Lysergamides,bindingdb,5-hydroxytryptamine receptor 2A,,,Human,Kd,21.17,
cid:5761,5761,LSD,Lysergamides,bindingdb,5-hydroxytryptamine receptor 2A,,,Human,Ki,11.3,
cid:5761,5761,LSD,Lysergamides,bindingdb,5-hydroxytryptamine receptor 2C,,,Human,Ki,5.0,
cid:5761,5761,LSD,Lysergamides,bindingdb,5-hydroxytryptamine receptor 2C,,,Human,Kd,52.84,
cid:5761,5761,LSD,Lysergamides,bindingdb,5-hydroxytryptamine receptor 2C,,,Human,Ki,30.6,
cid:5761,5761,LSD,Lysergamides,bindingdb,5-hydroxytryptamine receptor 4,,,Rat,Ki,1000.0,
cid:5761,5761,LSD,Lysergamides,bindingdb,5-hydroxytryptamine receptor 5A,,,Human,Ki,9.0,
cid:5761,5761,LSD,Lysergamides,bindingdb,5-hydroxytryptamine receptor 6,,,Rat,Ki,1.86,
cid:5761,5761,LSD,Lysergamides,bindingdb,5-hydroxytryptamine receptor 7,,,Human,Ki,6.3,
cid:5761,5761,LSD,Lysergamides,bindingdb,5-hydroxytryptamine receptor 7,,,Human,Ki,6.6,
cid:5761,5761,LSD,Lysergamides,bindingdb,Alpha-1A adrenergic receptor,,,Rat,Ki,220.0,
cid:5761,5761,LSD,Lysergamides,bindingdb,Alpha-1A adrenergic receptor,,,Human,Ki,1127.7,
cid:5761,5761,LSD,Lysergamides,bindingdb,Alpha-1B adrenergic receptor,,,Human,Ki,8677.0,
cid:5761,5761,LSD,Lysergamides,bindingdb,"Carnitine O-palmitoyltransferase 2, mitochondrial",,,Human,Ki,27.0,
cid:5761,5761,LSD,Lysergamides,bindingdb,D(1A) dopamine receptor,,,Bovine,Ki,30.0,
cid:5761,5761,LSD,Lysergamides,bindingdb,D(1A) dopamine receptor,,,Mouse,Ki,180.0,
cid:5761,5761,LSD,Lysergamides,bindingdb,D(1A) dopamine receptor,,,Human,Ki,177.0,
cid:5761,5761,LSD,Lysergamides,bindingdb,D(1B) dopamine receptor,,,Human,Ki,340.0,
cid:5761,5761,LSD,Lysergamides,bindingdb,D(1B) dopamine receptor,,,Human,Ki,344.4,
cid:5761,5761,LSD,Lysergamides,bindingdb,D(3) dopamine receptor,,,Human,Ki,27.0,
cid:5761,5761,LSD,Lysergamides,bindingdb,D(4) dopamine receptor,,,Human,Ki,158.4,
cid:5761,5761,LSD,Lysergamides,bindingdb,"Glutamate receptor ionotropic, NMDA 2A",,,Human,Ki,,
cid:5761,5761,LSD,Lysergamides,bindingdb,Histamine H1 receptor,,,Human,Ki,1540.0,
cid:5761,5761,LSD,Lysergamides,bindingdb,Kappa-type opioid receptor,,,Human,Ki,,
cid:5761,5761,LSD,Lysergamides,bindingdb,Metabotropic glutamate receptor 1,,,Human,Ki,,
cid:5761,5761,LSD,Lysergamides,bindingdb,Metabotropic glutamate receptor 2,,,Human,Ki,,
cid:5761,5761,LSD,Lysergamides,bindingdb,Metabotropic glutamate receptor 4,,,Human,Ki,,
cid:5761,5761,LSD,Lysergamides,bindingdb,Metabotropic glutamate receptor 5,,,Human,Ki,,
cid:5761,5761,LSD,Lysergamides,bindingdb,Metabotropic glutamate receptor 8,,,Human,Ki,,
cid:5761,5761,LSD,Lysergamides,bindingdb,Mu-type opioid receptor,,,Human,Ki,,
cid:5761,5761,LSD,Lysergamides,bindingdb,Neuronal acetylcholine receptor subunit alpha-2/beta-2,,,Human,Ki,,
cid:5761,5761,LSD,Lysergamides,bindingdb,Neuronal acetylcholine receptor subunit alpha-4/beta-2,,,Human,Ki,,
cid:5761,5761,LSD,Lysergamides,bindingdb,Neuronal acetylcholine receptor subunit alpha-4/beta-4,,,Human,Ki,,
cid:5761,5761,LSD,Lysergamides,bindingdb,Sodium-dependent dopamine transporter,,,Human,Ki,,
cid:5761,5761,LSD,Lysergamides,bindingdb,Sodium-dependent noradrenaline transporter,,,Human,Ki,,
cid:5761,5761,LSD,Lysergamides,bindingdb,Sodium-dependent serotonin transporter,,,Human,Ki,,
cid:5761,5761,LSD,Lysergamides,bindingdb,Vasopressin V1a receptor,,,Human,Ki,,
cid:3958,3958,Lorazepam,Benzodiazepines,bindingdb,"Fatty acid-binding protein, liver",,,Rat,Ki,12900.0,
cid:3958,3958,Lorazepam,Benzodiazepines,bindingdb,Translocator protein,,,Human,IC50,285000000.0,
cid:7153,7153,MCPP,Substituted_piperazines,bindingdb,5-hydroxytryptamine receptor 2A,,,Human,EC50,150.0,
cid:7153,7153,MCPP,Substituted_piperazines,bindingdb,5-hydroxytryptamine receptor 2C,,,Human,EC50,120.0,
cid:1614,1614,MDA,Amphetamine,bindingdb,5-hydroxytryptamine receptor 1A,,,Human,Ki,3762.0,
cid:1614,1614,MDA,Amphetamine,bindingdb,5-hydroxytryptamine receptor 1D,,,Human,Ki,,
cid:1614,1614,MDA,Amphetamine,bindingdb,5-hydroxytryptamine receptor 2A,,,Rat,Ki,387.0,
cid:1614,1614,MDA,Amphetamine,bindingdb,5-hydroxytryptamine receptor 2B,,,Human,Ki,91.0,
cid:1614,1614,MDA,Amphetamine,bindingdb,5-hydroxytryptamine receptor 2B,,,Rat,Kd,354.81,
cid:1614,1614,MDA,Amphetamine,bindingdb,5-hydroxytryptamine receptor 2C,,,Human,Ki,6418.0,
cid:1614,1614,MDA,Amphetamine,bindingdb,5-hydroxytryptamine receptor 3A,,,Human,Ki,,
cid:1614,1614,MDA,Amphetamine,bindingdb,5-hydroxytryptamine receptor 5A,,,Human,Ki,,
cid:1614,1614,MDA,Amphetamine,bindingdb,5-hydroxytryptamine receptor 6,,,Human,Ki,,
cid:1614,1614,MDA,Amphetamine,bindingdb,Alpha-2A adrenergic receptor,,,Human,Ki,1655.0,
cid:1614,1614,MDA,Amphetamine,bindingdb,Alpha-2B adrenergic receptor,,,Human,Ki,690.3,
cid:1614,1614,MDA,Amphetamine,bindingdb,Alpha-2C adrenergic receptor,,,Human,Ki,229.0,
cid:1614,1614,MDA,Amphetamine,bindingdb,Beta-1 adrenergic receptor,,,Human,Ki,,
cid:1614,1614,MDA,Amphetamine,bindingdb,Beta-2 adrenergic receptor,,,Human,Ki,,
cid:1614,1614,MDA,Amphetamine,bindingdb,"Carnitine O-palmitoyltransferase 2, mitochondrial",,,Human,Ki,,
cid:1614,1614,MDA,Amphetamine,bindingdb,D(2) dopamine receptor,,,Human,Ki,,
cid:1614,1614,MDA,Amphetamine,bindingdb,Gamma-aminobutyric acid receptor subunit alpha-1,,,Human,Ki,,
cid:1614,1614,MDA,Amphetamine,bindingdb,Gamma-aminobutyric acid receptor subunit alpha-1/Adenosine receptor A1,,,Human,Ki,,
cid:1614,1614,MDA,Amphetamine,bindingdb,Histamine H3 receptor,,,Human,Ki,,
cid:1614,1614,MDA,Amphetamine,bindingdb,Histamine H4 receptor,,,Human,Ki,,
cid:1614,1614,MDA,Amphetamine,bindingdb,Nischarin,,,Human,Ki,,
cid:1614,1614,MDA,Amphetamine,bindingdb,Norepinephrine transporter,,,Rat,Ki,108.0,
cid:1614,1614,MDA,Amphetamine,bindingdb,Serotonin 2 (5-HT2) receptor,,,Rat,Ki,2190.0,
cid:1614,1614,MDA,Amphetamine,bindingdb,Sodium-dependent dopamine transporter,,,Rat,EC50,190.0,
cid:1614,1614,MDA,Amphetamine,bindingdb,Sodium-dependent dopamine transporter,,,Rat,Ki,190.0,
cid:1614,1614,MDA,Amphetamine,bindingdb,Sodium-dependent noradrenaline transporter,,,Human,IC50,266.0,
cid:1614,1614,MDA,Amphetamine,bindingdb,Sodium-dependent noradrenaline transporter,,,Human,Ki,,
cid:1614,1614,MDA,Amphetamine,bindingdb,Sodium-dependent serotonin transporter,,,Rat,EC50,160.0,
cid:1614,1614,MDA,Amphetamine,bindingdb,Sodium-dependent serotonin transporter,,,Rat,IC50,478.0,
cid:125558,125558,MDAI,Aminoindane,bindingdb,Sodium-dependent serotonin transporter,,,Rat,Kd,0.104,
cid:1615,1615,MDMA,"Amphetamine, MDxx, Substituted_amphetamines",bindingdb,5-hydroxytryptamine receptor 1A,,,Human,Ki,,
cid:1615,1615,MDMA,"Amphetamine, MDxx, Substituted_amphetamines",bindingdb,5-hydroxytryptamine receptor 1B,,,Human,Ki,,
cid:1615,1615,MDMA,"Amphetamine, MDxx, Substituted_amphetamines",bindingdb,5-hydroxytryptamine receptor 1D,,,Human,Ki,,
cid:1615,1615,MDMA,"Amphetamine, MDxx, Substituted_amphetamines",bindingdb,5-hydroxytryptamine receptor 2B,,,Human,Ki,500.0,
cid:1615,1615,MDMA,"Amphetamine, MDxx, Substituted_amphetamines",bindingdb,5-hydroxytryptamine receptor 2C,,,Human,EC50,831.0,
cid:1615,1615,MDMA,"Amphetamine, MDxx, Substituted_amphetamines",bindingdb,5-hydroxytryptamine receptor 6,,,Human,Ki,,
cid:1615,1615,MDMA,"Amphetamine, MDxx, Substituted_amphetamines",bindingdb,Alpha-2A adrenergic receptor,,,Human,Ki,2532.0,
cid:1615,1615,MDMA,"Amphetamine, MDxx, Substituted_amphetamines",bindingdb,Alpha-2C adrenergic receptor,,,Human,Ki,1346.0,
cid:1615,1615,MDMA,"Amphetamine, MDxx, Substituted_amphetamines",bindingdb,Beta-2 adrenergic receptor,,,Human,Ki,,
cid:1615,1615,MDMA,"Amphetamine, MDxx, Substituted_amphetamines",bindingdb,Cannabinoid receptor 1,,,Human,Ki,,
cid:1615,1615,MDMA,"Amphetamine, MDxx, Substituted_amphetamines",bindingdb,D(4) dopamine receptor,,,Human,Ki,,
cid:1615,1615,MDMA,"Amphetamine, MDxx, Substituted_amphetamines",bindingdb,Gamma-aminobutyric acid receptor subunit alpha-1/Adenosine receptor A1,,,Human,Ki,,
cid:1615,1615,MDMA,"Amphetamine, MDxx, Substituted_amphetamines",bindingdb,Histamine H1 receptor,,,Human,Ki,,
cid:1615,1615,MDMA,"Amphetamine, MDxx, Substituted_amphetamines",bindingdb,Metabotropic glutamate receptor 2,,,Human,Ki,,
cid:1615,1615,MDMA,"Amphetamine, MDxx, Substituted_amphetamines",bindingdb,Metabotropic glutamate receptor 4,,,Human,Ki,,
cid:1615,1615,MDMA,"Amphetamine, MDxx, Substituted_amphetamines",bindingdb,Metabotropic glutamate receptor 5,,,Human,Ki,,
cid:1615,1615,MDMA,"Amphetamine, MDxx, Substituted_amphetamines",bindingdb,Mu-type opioid receptor,,,Human,Ki,,
cid:1615,1615,MDMA,"Amphetamine, MDxx, Substituted_amphetamines",bindingdb,Muscarinic acetylcholine receptor M1,,,Human,Ki,,
cid:1615,1615,MDMA,"Amphetamine, MDxx, Substituted_amphetamines",bindingdb,Muscarinic acetylcholine receptor M3,,,Human,Ki,1851.0,
cid:1615,1615,MDMA,"Amphetamine, MDxx, Substituted_amphetamines",bindingdb,Muscarinic acetylcholine receptor M4,,,Human,Ki,8245.0,
cid:1615,1615,MDMA,"Amphetamine, MDxx, Substituted_amphetamines",bindingdb,Neuronal acetylcholine receptor subunit alpha-2/beta-4,,,Human,Ki,,
cid:1615,1615,MDMA,"Amphetamine, MDxx, Substituted_amphetamines",bindingdb,Neuronal acetylcholine receptor subunit alpha-4/beta-4,,,Human,Ki,,
cid:1615,1615,MDMA,"Amphetamine, MDxx, Substituted_amphetamines",bindingdb,Sodium-dependent noradrenaline transporter,,,Human,IC50,1420.0,
cid:1615,1615,MDMA,"Amphetamine, MDxx, Substituted_amphetamines",bindingdb,Sodium-dependent serotonin transporter,,,Human,Ki,,
cid:1615,1615,MDMA,"Amphetamine, MDxx, Substituted_amphetamines",bindingdb,Vasopressin V1b receptor,,,Human,Ki,,
cid:6137,6137,MET,Substituted_tryptamines,bindingdb,Glutathione hydrolase 1 proenzyme,,,Rat,Ki,26900000.0,
cid:6137,6137,MET,Substituted_tryptamines,bindingdb,Large neutral amino acids transporter small subunit 1,,,Human,IC50,170000.0,
cid:6137,6137,MET,Substituted_tryptamines,bindingdb,S-ribosylhomocysteine lyase,,,Bacillus subtilis (strain 168),Ki,61000.0,
cid:896,896,Melatonin,Substituted_tryptamines,bindingdb,5-hydroxytryptamine receptor 2A,,,Human,Ki,,
cid:896,896,Melatonin,Substituted_tryptamines,bindingdb,5-hydroxytryptamine receptor 2B,,,Human,Ki,5754.4,
cid:896,896,Melatonin,Substituted_tryptamines,bindingdb,5-hydroxytryptamine receptor 5A,,,Rat,Ki,1000.0,
cid:896,896,Melatonin,Substituted_tryptamines,bindingdb,5-hydroxytryptamine receptor 5B,,,Rat,Ki,1000.0,
cid:896,896,Melatonin,Substituted_tryptamines,bindingdb,5-hydroxytryptamine receptor 7,,,Rat,Ki,1000.0,
cid:896,896,Melatonin,Substituted_tryptamines,bindingdb,Acetylcholinesterase,,,Bovine,IC50,,
cid:896,896,Melatonin,Substituted_tryptamines,bindingdb,Amine oxidase [flavin-containing] A,,,Human,IC50,,
cid:896,896,Melatonin,Substituted_tryptamines,bindingdb,ATP-binding cassette sub-family C member 3,,,Human,IC50,,
cid:896,896,Melatonin,Substituted_tryptamines,bindingdb,Carboxylic ester hydrolase,,,Horse,IC50,,
cid:896,896,Melatonin,Substituted_tryptamines,bindingdb,Melatonin receptor type 1A,,,Human,Ki,0.08,
cid:896,896,Melatonin,Substituted_tryptamines,bindingdb,Melatonin receptor type 1A,,,Sheep,Ki,0.24,
cid:896,896,Melatonin,Substituted_tryptamines,bindingdb,Melatonin receptor type 1A/1B,,,Human,Kd,0.0915,
cid:896,896,Melatonin,Substituted_tryptamines,bindingdb,Melatonin receptor type 1A/1B,,,Human,Ki,0.0823,
cid:896,896,Melatonin,Substituted_tryptamines,bindingdb,Melatonin receptor type 1A/1B/1C,,,Chicken,Ki,0.57,
cid:896,896,Melatonin,Substituted_tryptamines,bindingdb,Melatonin receptor type 1B,,,Human,EC50,0.07,
cid:896,896,Melatonin,Substituted_tryptamines,bindingdb,Melatonin receptor type 1B,,,Human,IC50,0.3,
cid:896,896,Melatonin,Substituted_tryptamines,bindingdb,Melatonin receptor type 1B,,,Human,Ki,0.12,
cid:896,896,Melatonin,Substituted_tryptamines,bindingdb,Melatonin receptor type 1C,,,African clawed frog,Ki,1.86,
cid:896,896,Melatonin,Substituted_tryptamines,bindingdb,Melatonin receptor type 1C,,,Chicken,EC50,23.0,
cid:896,896,Melatonin,Substituted_tryptamines,bindingdb,Ribosyldihydronicotinamide dehydrogenase [quinone],,,Human,Ki,28.0,
cid:4054,4054,Memantine,Adamantanes,bindingdb,Acetylcholinesterase,,,Electric eel,IC50,,
cid:4054,4054,Memantine,Adamantanes,bindingdb,Acetylcholinesterase,,,Human,IC50,4.9,
cid:4054,4054,Memantine,Adamantanes,bindingdb,Bile salt export pump,,,Human,IC50,,
cid:4054,4054,Memantine,Adamantanes,bindingdb,Cholinesterase,,,Horse,IC50,,
cid:4054,4054,Memantine,Adamantanes,bindingdb,"Glutamate receptor ionotropic, NMDA 1",,,Rat,Ki,433.0,
cid:4054,4054,Memantine,Adamantanes,bindingdb,"Glutamate receptor ionotropic, NMDA 1/2A",,,Human,IC50,0.95,
cid:4054,4054,Memantine,Adamantanes,bindingdb,"Glutamate receptor ionotropic, NMDA 1/2B",,,Human,IC50,780.0,
cid:4054,4054,Memantine,Adamantanes,bindingdb,"Glutamate receptor ionotropic, NMDA 1/2B",,,Human,Ki,1000.0,
cid:4054,4054,Memantine,Adamantanes,bindingdb,"Glutamate receptor ionotropic, NMDA 2B",,,Rat,Ki,,
cid:45266826,45266826,Mephedrone,"Cathinone, Substituted_cathinones",bindingdb,Sodium-dependent dopamine transporter,,,Human,EC50,49.0,
cid:45266826,45266826,Mephedrone,"Cathinone, Substituted_cathinones",bindingdb,Sodium-dependent serotonin transporter,,,Human,EC50,118.0,
cid:4076,4076,Mescaline,Substituted_phenethylamines,bindingdb,5-hydroxytryptamine receptor 1A,,,Human,Ki,1841.0,
cid:4076,4076,Mescaline,Substituted_phenethylamines,bindingdb,5-hydroxytryptamine receptor 1A,,,Rat,Ki,6900.0,
cid:4076,4076,Mescaline,Substituted_phenethylamines,bindingdb,5-hydroxytryptamine receptor 1B,,,Human,Ki,,
cid:4076,4076,Mescaline,Substituted_phenethylamines,bindingdb,5-hydroxytryptamine receptor 1D,,,Human,Ki,,
cid:4076,4076,Mescaline,Substituted_phenethylamines,bindingdb,5-hydroxytryptamine receptor 2A,,,Human,EC50,87.6,
cid:4076,4076,Mescaline,Substituted_phenethylamines,bindingdb,5-hydroxytryptamine receptor 2A,,,Rat,EC50,2600.0,
cid:4076,4076,Mescaline,Substituted_phenethylamines,bindingdb,5-hydroxytryptamine receptor 2C,,,Human,EC50,20.0,
cid:4076,4076,Mescaline,Substituted_phenethylamines,bindingdb,5-hydroxytryptamine receptor 2C,,,Human,Ki,302.8,
cid:4076,4076,Mescaline,Substituted_phenethylamines,bindingdb,5-hydroxytryptamine receptor 3A,,,Human,Ki,,
cid:4076,4076,Mescaline,Substituted_phenethylamines,bindingdb,5-hydroxytryptamine receptor 5A,,,Human,Ki,,
cid:4076,4076,Mescaline,Substituted_phenethylamines,bindingdb,5-hydroxytryptamine receptor 6,,,Human,Ki,,
cid:4076,4076,Mescaline,Substituted_phenethylamines,bindingdb,5-hydroxytryptamine receptor 7,,,Human,Ki,,
cid:4076,4076,Mescaline,Substituted_phenethylamines,bindingdb,Alpha-1A adrenergic receptor,,,Human,Ki,,
cid:4076,4076,Mescaline,Substituted_phenethylamines,bindingdb,Alpha-1B adrenergic receptor,,,Human,Ki,,
cid:4076,4076,Mescaline,Substituted_phenethylamines,bindingdb,Beta-1 adrenergic receptor,,,Human,Ki,,
cid:4076,4076,Mescaline,Substituted_phenethylamines,bindingdb,Beta-2 adrenergic receptor,,,Human,Ki,,
cid:4076,4076,Mescaline,Substituted_phenethylamines,bindingdb,Cannabinoid receptor 1,,,Human,Ki,,
cid:4076,4076,Mescaline,Substituted_phenethylamines,bindingdb,"Carnitine O-palmitoyltransferase 2, mitochondrial",,,Human,Ki,,
cid:4076,4076,Mescaline,Substituted_phenethylamines,bindingdb,D(1B) dopamine receptor,,,Human,Ki,,
cid:4076,4076,Mescaline,Substituted_phenethylamines,bindingdb,D(2) dopamine receptor,,,Human,Ki,,
cid:4076,4076,Mescaline,Substituted_phenethylamines,bindingdb,Gamma-aminobutyric acid receptor subunit alpha-1,,,Human,Ki,,
cid:4076,4076,Mescaline,Substituted_phenethylamines,bindingdb,Gamma-aminobutyric acid receptor subunit alpha-1/Adenosine receptor A1,,,Human,Ki,,
cid:4076,4076,Mescaline,Substituted_phenethylamines,bindingdb,"Glutamate receptor ionotropic, NMDA 2A",,,Human,Ki,,
cid:4076,4076,Mescaline,Substituted_phenethylamines,bindingdb,Histamine H3 receptor,,,Human,Ki,,
cid:4076,4076,Mescaline,Substituted_phenethylamines,bindingdb,Mu-type opioid receptor,,,Human,Ki,,
cid:4076,4076,Mescaline,Substituted_phenethylamines,bindingdb,Muscarinic acetylcholine receptor M1,,,Human,Ki,,
cid:4076,4076,Mescaline,Substituted_phenethylamines,bindingdb,Muscarinic acetylcholine receptor M2,,,Human,Ki,,
cid:4076,4076,Mescaline,Substituted_phenethylamines,bindingdb,Muscarinic acetylcholine receptor M4,,,Human,Ki,,
cid:4076,4076,Mescaline,Substituted_phenethylamines,bindingdb,Muscarinic acetylcholine receptor M5,,,Human,Ki,,
cid:4076,4076,Mescaline,Substituted_phenethylamines,bindingdb,Prostaglandin E2 receptor EP3 subtype,,,Human,Ki,,
cid:4076,4076,Mescaline,Substituted_phenethylamines,bindingdb,Sigma intracellular receptor 2,,,Human,Ki,,
cid:4076,4076,Mescaline,Substituted_phenethylamines,bindingdb,Sigma non-opioid intracellular receptor 1,,,Human,Ki,,
cid:4076,4076,Mescaline,Substituted_phenethylamines,bindingdb,Sodium-dependent noradrenaline transporter,,,Human,Ki,,
cid:4076,4076,Mescaline,Substituted_phenethylamines,bindingdb,Vasopressin V1a receptor,,,Human,Ki,,
cid:4076,4076,Mescaline,Substituted_phenethylamines,bindingdb,Vasopressin V1b receptor,,,Human,Ki,,
cid:4076,4076,Mescaline,Substituted_phenethylamines,bindingdb,Voltage-dependent calcium channel subunit alpha-2/delta-1,,,Human,Ki,,
cid:4095,4095,Methadone,Diphenylpropylamine,bindingdb,ATP-dependent translocase ABCB1,,,Human,IC50,7500.0,
cid:4095,4095,Methadone,Diphenylpropylamine,bindingdb,Cytochrome P450 2B6,,,Human,Ki,10000.0,
cid:4095,4095,Methadone,Diphenylpropylamine,bindingdb,D(3) dopamine receptor,,,Human,Ki,2110.0,
cid:4095,4095,Methadone,Diphenylpropylamine,bindingdb,Delta-type opioid receptor,,,Human,IC50,1090.0,
cid:4095,4095,Methadone,Diphenylpropylamine,bindingdb,Delta-type opioid receptor,,,Pig,Ki,37.3,
cid:4095,4095,Methadone,Diphenylpropylamine,bindingdb,Delta-type opioid receptor,,,Rat,Ki,371.0,
cid:4095,4095,Methadone,Diphenylpropylamine,bindingdb,Delta-type/Kappa-type/Mu-type opioid receptor,,,Rat,IC50,51.0,
cid:4095,4095,Methadone,Diphenylpropylamine,bindingdb,Kappa-type opioid receptor,,,Human,IC50,512.0,
cid:4095,4095,Methadone,Diphenylpropylamine,bindingdb,Kappa-type opioid receptor,,,Human,Ki,15.8,
cid:4095,4095,Methadone,Diphenylpropylamine,bindingdb,Mas-related G-protein coupled receptor member X2,,,Human,EC50,44000.0,
cid:4095,4095,Methadone,Diphenylpropylamine,bindingdb,Potassium voltage-gated channel subfamily H member 2,,,Human,IC50,9772.37,
cid:10836,10836,Methamphetamine,"Amphetamine, Substituted_amphetamines",bindingdb,5-hydroxytryptamine receptor 1A,,,Human,Ki,,
cid:10836,10836,Methamphetamine,"Amphetamine, Substituted_amphetamines",bindingdb,5-hydroxytryptamine receptor 2A,,,Rat,Ki,,
cid:10836,10836,Methamphetamine,"Amphetamine, Substituted_amphetamines",bindingdb,D(2) dopamine receptor,,,Human,Ki,,
cid:10836,10836,Methamphetamine,"Amphetamine, Substituted_amphetamines",bindingdb,Sodium-dependent dopamine transporter,,,Human,Ki,24.5,
cid:10836,10836,Methamphetamine,"Amphetamine, Substituted_amphetamines",bindingdb,Sodium-dependent noradrenaline transporter,,,Human,Ki,12.3,
cid:10836,10836,Methamphetamine,"Amphetamine, Substituted_amphetamines",bindingdb,Solute carrier family 22 member 3,,,Rat,IC50,248000.0,
cid:10836,10836,Methamphetamine,"Amphetamine, Substituted_amphetamines",bindingdb,Synaptic vesicular amine transporter,,,Mouse,IC50,2740.0,
cid:10836,10836,Methamphetamine,"Amphetamine, Substituted_amphetamines",bindingdb,Trace amine-associated receptor 1,,,Mouse,EC50,18.0,
cid:10836,10836,Methamphetamine,"Amphetamine, Substituted_amphetamines",bindingdb,Trace amine-associated receptor 1,,,Rat,EC50,133.0,
cid:1576,1576,Methcathinone,"Cathinone, Substituted_cathinones",bindingdb,5-hydroxytryptamine receptor 7,,,Human,Ki,1000.0,
cid:1576,1576,Methcathinone,"Cathinone, Substituted_cathinones",bindingdb,Alpha-2A adrenergic receptor,,,Human,Ki,9017.0,
cid:1576,1576,Methcathinone,"Cathinone, Substituted_cathinones",bindingdb,Alpha-2B adrenergic receptor,,,Human,Ki,1542.0,
cid:1576,1576,Methcathinone,"Cathinone, Substituted_cathinones",bindingdb,Alpha-2C adrenergic receptor,,,Human,Ki,605.0,
cid:1576,1576,Methcathinone,"Cathinone, Substituted_cathinones",bindingdb,Sodium-dependent dopamine transporter,,,Human,EC50,13.0,
cid:1576,1576,Methcathinone,"Cathinone, Substituted_cathinones",bindingdb,Sodium-dependent noradrenaline transporter,,,Human,Ki,13.1,
cid:9817261,9817261,Methylnaphthidate,Substituted_phenidates,bindingdb,D(1A)/D(1B)/D(2)/D(3)/D(4) dopamine receptor,,,Rat,IC50,34.0,
cid:9817261,9817261,Methylnaphthidate,Substituted_phenidates,bindingdb,Sodium-dependent dopamine transporter,,,Rat,IC50,11.0,
cid:45789647,45789647,Methylone,Cathinone,bindingdb,Sodium-dependent serotonin transporter,,,Rat,EC50,242.0,
cid:4158,4158,Methylphenidate,Substituted_phenidates,bindingdb,Sodium-dependent dopamine transporter,,,Human,Ki,34.0,
cid:4158,4158,Methylphenidate,Substituted_phenidates,bindingdb,Sodium-dependent serotonin transporter,,,Human,IC50,5100.0,
cid:4158,4158,Methylphenidate,Substituted_phenidates,bindingdb,Sodium-dependent serotonin transporter,,,Human,Ki,,
cid:4192,4192,Midazolam,Benzodiazepines,bindingdb,ATP-dependent translocase ABCB1,,,Human,IC50,,
cid:4192,4192,Midazolam,Benzodiazepines,bindingdb,Gamma-aminobutyric acid receptor subunit alpha-1,,,Rat,Ki,26.0,
cid:4192,4192,Midazolam,Benzodiazepines,bindingdb,Gamma-aminobutyric acid receptor subunit alpha-1/beta-2/gamma-1,,,Human,Ki,5.0,
cid:4192,4192,Midazolam,Benzodiazepines,bindingdb,Potassium voltage-gated channel subfamily H member 2,,,Human,IC50,7090.0,
cid:4192,4192,Midazolam,Benzodiazepines,bindingdb,UDP-glucuronosyltransferase 1A1,,,Human,IC50,26000.0,
cid:4192,4192,Midazolam,Benzodiazepines,bindingdb,UDP-glucuronosyltransferase 2B7,,,Human,IC50,147000.0,
cid:4205,4205,Mirtazapine,Piperazinoazepine,bindingdb,5-hydroxytryptamine receptor 1A,,,Rat,IC50,,
cid:4205,4205,Mirtazapine,Piperazinoazepine,bindingdb,5-hydroxytryptamine receptor 2A,,,Human,Ki,8.2,
cid:4205,4205,Mirtazapine,Piperazinoazepine,bindingdb,5-hydroxytryptamine receptor 2A,,,Rat,Ki,2.0,
cid:4205,4205,Mirtazapine,Piperazinoazepine,bindingdb,Alpha-1A adrenergic receptor,,,Rat,Ki,316.23,
cid:4205,4205,Mirtazapine,Piperazinoazepine,bindingdb,Alpha-2A adrenergic receptor,,,Human,IC50,85.0,
cid:4205,4205,Mirtazapine,Piperazinoazepine,bindingdb,Alpha-2C adrenergic receptor,,,Human,IC50,200.0,
cid:4205,4205,Mirtazapine,Piperazinoazepine,bindingdb,ATP-binding cassette sub-family C member 2,,,Human,IC50,,
cid:4205,4205,Mirtazapine,Piperazinoazepine,bindingdb,ATP-binding cassette sub-family C member 3,,,Human,IC50,,
cid:4205,4205,Mirtazapine,Piperazinoazepine,bindingdb,Bile salt export pump,,,Human,IC50,,
cid:4205,4205,Mirtazapine,Piperazinoazepine,bindingdb,D(1A) dopamine receptor,,,Rat,Ki,4167.0,
cid:4205,4205,Mirtazapine,Piperazinoazepine,bindingdb,D(2) dopamine receptor,,,Rat,Ki,1460.0,
cid:4205,4205,Mirtazapine,Piperazinoazepine,bindingdb,D(4) dopamine receptor,,,Human,Ki,,
cid:4205,4205,Mirtazapine,Piperazinoazepine,bindingdb,Histamine H1 receptor,,,Human,Ki,1.6,
cid:4205,4205,Mirtazapine,Piperazinoazepine,bindingdb,Muscarinic acetylcholine receptor M2,,,Rat,Ki,251.19,
cid:4205,4205,Mirtazapine,Piperazinoazepine,bindingdb,Norepinephrine transporter,,,Rat,Ki,2511.89,
cid:4205,4205,Mirtazapine,Piperazinoazepine,bindingdb,Sodium-dependent dopamine transporter,,,Human,Ki,,
cid:4205,4205,Mirtazapine,Piperazinoazepine,bindingdb,Sodium-dependent dopamine transporter,,,Rat,Ki,,
cid:4205,4205,Mirtazapine,Piperazinoazepine,bindingdb,Sodium-dependent serotonin transporter,,,Human,Ki,,
cid:4205,4205,Mirtazapine,Piperazinoazepine,bindingdb,Transporter,,,Rat,IC50,260.0,
cid:4236,4236,Modafinil,Benzhydryl,bindingdb,Cytochrome P450 2C19,,,Human,IC50,11000.0,
cid:4236,4236,Modafinil,Benzhydryl,bindingdb,D(4) dopamine receptor,,,Human,Ki,,
cid:4236,4236,Modafinil,Benzhydryl,bindingdb,Sodium-dependent dopamine transporter,,,Human,Ki,927.0,
cid:4236,4236,Modafinil,Benzhydryl,bindingdb,Sodium-dependent noradrenaline transporter,,,Human,IC50,283600.0,
cid:4236,4236,Modafinil,Benzhydryl,bindingdb,Sodium-dependent serotonin transporter,,,Human,Ki,570000.0,
cid:4236,4236,Modafinil,Benzhydryl,bindingdb,Sodium-dependent serotonin transporter,,,Rat,Ki,31300.0,
cid:4236,4236,Modafinil,Benzhydryl,bindingdb,Transporter,,,Rat,IC50,,
cid:4236,4236,Modafinil,Benzhydryl,bindingdb,Transporter,,,Rat,Ki,,
cid:5288826,5288826,Morphine,Substituted_morphinans,bindingdb,5-hydroxytryptamine receptor 7,,,Rat,Ki,,
cid:5288826,5288826,Morphine,Substituted_morphinans,bindingdb,Acetylcholinesterase,,,Electric eel,Ki,109000.0,
cid:5288826,5288826,Morphine,Substituted_morphinans,bindingdb,ATP-dependent translocase ABCB1,,,Human,IC50,,
cid:5288826,5288826,Morphine,Substituted_morphinans,bindingdb,Beta-arrestin-1,,,Rabbit,Ki,358.0,
cid:5288826,5288826,Morphine,Substituted_morphinans,bindingdb,D(1A)/D(1B)/D(2)/D(3)/D(4) dopamine receptor,,,Rat,IC50,5.4,
cid:5288826,5288826,Morphine,Substituted_morphinans,bindingdb,Delta-type opioid receptor,,,Human,Ki,1800.0,
cid:5288826,5288826,Morphine,Substituted_morphinans,bindingdb,Delta-type opioid receptor,,,Human,IC50,150.0,
cid:5288826,5288826,Morphine,Substituted_morphinans,bindingdb,Delta-type opioid receptor,,,Mouse,Ki,32.6,
cid:5288826,5288826,Morphine,Substituted_morphinans,bindingdb,Delta-type opioid receptor,,,Pig,Ki,50.0,
cid:5288826,5288826,Morphine,Substituted_morphinans,bindingdb,Delta-type opioid receptor,,,Rat,IC50,7.37,
cid:5288826,5288826,Morphine,Substituted_morphinans,bindingdb,Delta-type opioid receptor,,,Rat,Ki,1.8,
cid:5288826,5288826,Morphine,Substituted_morphinans,bindingdb,Delta-type opioid receptor/Kappa-type opioid receptor/Mu-type opioid receptor/Sigma non-opioid intracellular receptor 1,,,Rat,EC50,3.0,
cid:5288826,5288826,Morphine,Substituted_morphinans,bindingdb,Delta-type opioid receptor/Kappa-type opioid receptor/Mu-type opioid receptor/Sigma non-opioid intracellular receptor 1,,,Rat,IC50,0.027,
cid:5288826,5288826,Morphine,Substituted_morphinans,bindingdb,Delta-type opioid receptor/Kappa-type opioid receptor/Mu-type opioid receptor/Sigma non-opioid intracellular receptor 1,,,Rat,Ki,6.0,
cid:5288826,5288826,Morphine,Substituted_morphinans,bindingdb,Kappa-type opioid receptor,,,Bovine,Ki,32.8,
cid:5288826,5288826,Morphine,Substituted_morphinans,bindingdb,Kappa-type opioid receptor,,,Guinea pig,Ki,49.0,
cid:5288826,5288826,Morphine,Substituted_morphinans,bindingdb,Kappa-type opioid receptor,,,Human,Ki,65.5,
cid:5288826,5288826,Morphine,Substituted_morphinans,bindingdb,Kappa-type opioid receptor,,,Rat,Ki,113.0,
cid:5288826,5288826,Morphine,Substituted_morphinans,bindingdb,Kappa-type opioid receptor,,,Human,Ki,32.0,
cid:5288826,5288826,Morphine,Substituted_morphinans,bindingdb,Kappa-type opioid receptor,,,Guinea pig,Ki,24.0,
cid:5288826,5288826,Morphine,Substituted_morphinans,bindingdb,Kappa-type opioid receptor,,,Rat,Ki,0.6,
cid:5288826,5288826,Morphine,Substituted_morphinans,bindingdb,kappa-type opioid receptor isoform 1,,,Western clawed frog,Ki,3.1,
cid:5288826,5288826,Morphine,Substituted_morphinans,bindingdb,Mas-related G-protein coupled receptor member X2,,,Human,EC50,6200.0,
cid:5288826,5288826,Morphine,Substituted_morphinans,bindingdb,Mu-type opioid receptor,,,Mouse,Ki,1.0,
cid:5288826,5288826,Morphine,Substituted_morphinans,bindingdb,Mu-type opioid receptor,,,Rat,Ki,1.7,
cid:5288826,5288826,Morphine,Substituted_morphinans,bindingdb,Mu-type opioid receptor,,,Bovine,Ki,0.5,
cid:5288826,5288826,Morphine,Substituted_morphinans,bindingdb,Mu-type opioid receptor,,,Guinea pig,IC50,1.0,
cid:5288826,5288826,Morphine,Substituted_morphinans,bindingdb,Mu-type opioid receptor,,,Human,EC50,3.7,
cid:5288826,5288826,Morphine,Substituted_morphinans,bindingdb,Mu-type opioid receptor,,,Human,IC50,0.57,
cid:5288826,5288826,Morphine,Substituted_morphinans,bindingdb,Mu-type opioid receptor,,,Human,Ki,0.14,
cid:5288826,5288826,Morphine,Substituted_morphinans,bindingdb,Mu-type opioid receptor,,,Zebrafish,Ki,187.0,
cid:5288826,5288826,Morphine,Substituted_morphinans,bindingdb,Nociceptin receptor,,,Guinea pig,Ki,14.0,
cid:5288826,5288826,Morphine,Substituted_morphinans,bindingdb,Norepinephrine transporter,,,Rat,Ki,,
cid:5288826,5288826,Morphine,Substituted_morphinans,bindingdb,Oprd1b protein,,,Zebrafish,Ki,1427.0,
cid:5288826,5288826,Morphine,Substituted_morphinans,bindingdb,Potassium voltage-gated channel subfamily H member 2,,,Human,IC50,1000000.0,
cid:5288826,5288826,Morphine,Substituted_morphinans,bindingdb,Sigma non-opioid intracellular receptor 1,,,Human,Ki,,
cid:5288826,5288826,Morphine,Substituted_morphinans,bindingdb,Sodium-dependent serotonin transporter,,,Rat,Ki,,
cid:5288826,5288826,Morphine,Substituted_morphinans,bindingdb,Solute carrier family 22 member 1,,,Human,IC50,28000.0,
cid:4276,4276,Myristicin,Phenylpropenes,bindingdb,Sialidase A,,,Streptococcus pneumoniae,IC50,196900.0,
cid:12035,12035,N-Acetylcysteine,Cysteine,bindingdb,Histone deacetylase,,,Human,IC50,3160000.0,
cid:12035,12035,N-Acetylcysteine,Cysteine,bindingdb,Solute carrier family 22 member 6,,,Rat,Ki,2000000.0,
cid:5284596,5284596,Naloxone,Substituted_morphinans,bindingdb,5-hydroxytryptamine receptor 7,,,Rat,Ki,,
cid:5284596,5284596,Naloxone,Substituted_morphinans,bindingdb,Adenosine receptor A1,,,Human,Ki,,
cid:5284596,5284596,Naloxone,Substituted_morphinans,bindingdb,ATP-binding cassette sub-family C member 3,,,Human,IC50,,
cid:5284596,5284596,Naloxone,Substituted_morphinans,bindingdb,Beta-arrestin-1,,,Rabbit,Ki,67.4,
cid:5284596,5284596,Naloxone,Substituted_morphinans,bindingdb,Bile salt export pump,,,Human,IC50,,
cid:5284596,5284596,Naloxone,Substituted_morphinans,bindingdb,C-C chemokine receptor type 5,,,Mouse,Kd,11.0,
cid:5284596,5284596,Naloxone,Substituted_morphinans,bindingdb,Cytochrome P450 2J2,,,Human,IC50,,
cid:5284596,5284596,Naloxone,Substituted_morphinans,bindingdb,Delta-type opioid receptor,,,Human,Ki,57.0,
cid:5284596,5284596,Naloxone,Substituted_morphinans,bindingdb,Delta-type opioid receptor,,,Mouse,Ki,26.0,
cid:5284596,5284596,Naloxone,Substituted_morphinans,bindingdb,Delta-type opioid receptor,,,Pig,Ki,13.5,
cid:5284596,5284596,Naloxone,Substituted_morphinans,bindingdb,Delta-type opioid receptor,,,Rat,Kd,18.0,
cid:5284596,5284596,Naloxone,Substituted_morphinans,bindingdb,Delta-type opioid receptor,,,Rat,Ki,2.4,
cid:5284596,5284596,Naloxone,Substituted_morphinans,bindingdb,Delta-type opioid receptor/Kappa-type opioid receptor/Mu-type opioid receptor/Sigma non-opioid intracellular receptor 1,,,Mouse,IC50,500000.0,
cid:5284596,5284596,Naloxone,Substituted_morphinans,bindingdb,Delta-type opioid receptor/Kappa-type opioid receptor/Mu-type opioid receptor/Sigma non-opioid intracellular receptor 1,,,Rat,IC50,0.004,
cid:5284596,5284596,Naloxone,Substituted_morphinans,bindingdb,Delta-type/Kappa-type/Mu-type opioid receptor,,,Rat,Kd,1.0,
cid:5284596,5284596,Naloxone,Substituted_morphinans,bindingdb,Kappa-type opioid receptor,,,Guinea pig,Ki,7.3,
cid:5284596,5284596,Naloxone,Substituted_morphinans,bindingdb,Kappa-type opioid receptor,,,Human,IC50,182.0,
cid:5284596,5284596,Naloxone,Substituted_morphinans,bindingdb,Kappa-type opioid receptor,,,Human,Ki,3.7,
cid:5284596,5284596,Naloxone,Substituted_morphinans,bindingdb,Kappa-type opioid receptor,,,Guinea pig,IC50,50.0,
cid:5284596,5284596,Naloxone,Substituted_morphinans,bindingdb,Kappa-type opioid receptor,,,Guinea pig,Ki,3.17,
cid:5284596,5284596,Naloxone,Substituted_morphinans,bindingdb,Kappa-type opioid receptor,,,Rat,Kd,1.0,
cid:5284596,5284596,Naloxone,Substituted_morphinans,bindingdb,Kappa-type opioid receptor,,,Rat,Ki,0.5,
cid:5284596,5284596,Naloxone,Substituted_morphinans,bindingdb,Mu-type opioid receptor,,,Guinea pig,Ki,2.3,
cid:5284596,5284596,Naloxone,Substituted_morphinans,bindingdb,Mu-type opioid receptor,,,Bovine,Ki,3.3,
cid:5284596,5284596,Naloxone,Substituted_morphinans,bindingdb,Mu-type opioid receptor,,,Human,Ki,0.23,
cid:5284596,5284596,Naloxone,Substituted_morphinans,bindingdb,Neuropeptides B/W receptor type 1,,,Human,Ki,3000.0,
cid:5284596,5284596,Naloxone,Substituted_morphinans,bindingdb,Nociceptin receptor,,,Guinea pig,Ki,1.4,
cid:5284596,5284596,Naloxone,Substituted_morphinans,bindingdb,Norepinephrine transporter,,,Rat,Ki,,
cid:5284596,5284596,Naloxone,Substituted_morphinans,bindingdb,Sigma non-opioid intracellular receptor 1,,,Human,Ki,,
cid:5284596,5284596,Naloxone,Substituted_morphinans,bindingdb,Sigma non-opioid intracellular receptor 1,,,Rat,Ki,3500.0,
cid:5284596,5284596,Naloxone,Substituted_morphinans,bindingdb,Sodium-dependent serotonin transporter,,,Rat,Ki,,
cid:89594,89594,Nicotine,"Pyridine, Substituted_pyrrolidines",bindingdb,Acetylcholine receptor subunit alpha,,,Human,EC50,180000.0,
cid:89594,89594,Nicotine,"Pyridine, Substituted_pyrrolidines",bindingdb,Acetylcholine receptor subunit alpha,,,Human,IC50,21000.0,
cid:89594,89594,Nicotine,"Pyridine, Substituted_pyrrolidines",bindingdb,Acetylcholine receptor subunit alpha,,,Rat,Ki,,
cid:89594,89594,Nicotine,"Pyridine, Substituted_pyrrolidines",bindingdb,Acetylcholine receptor subunit alpha/beta/delta/gamma,,,Pacific electric ray,EC50,60000.0,
cid:89594,89594,Nicotine,"Pyridine, Substituted_pyrrolidines",bindingdb,Acetylcholine receptor subunit alpha/beta/delta/gamma,,,Pacific electric ray,IC50,1.0,
cid:89594,89594,Nicotine,"Pyridine, Substituted_pyrrolidines",bindingdb,Acetylcholine receptor subunit alpha/Neuronal acetylcholine receptor subunit beta-4,,,Human,EC50,10000.0,
cid:89594,89594,Nicotine,"Pyridine, Substituted_pyrrolidines",bindingdb,Acetylcholine receptor subunit beta-like 2,,,Fruit fly,IC50,4000.0,
cid:89594,89594,Nicotine,"Pyridine, Substituted_pyrrolidines",bindingdb,Acetylcholine receptor subunit delta,,,Pacific electric ray,EC50,20000.0,
cid:89594,89594,Nicotine,"Pyridine, Substituted_pyrrolidines",bindingdb,Acetylcholine-binding protein,,,Great pond snail,Kd,40.7,
cid:89594,89594,Nicotine,"Pyridine, Substituted_pyrrolidines",bindingdb,Acetylcholine-binding protein,,,Great pond snail,Ki,63.1,
cid:89594,89594,Nicotine,"Pyridine, Substituted_pyrrolidines",bindingdb,ATP-binding cassette sub-family C member 3,,,Human,IC50,,
cid:89594,89594,Nicotine,"Pyridine, Substituted_pyrrolidines",bindingdb,Cholinergic receptor nicotinic alpha 6 subunit,,,Chicken,Ki,131.0,
cid:89594,89594,Nicotine,"Pyridine, Substituted_pyrrolidines",bindingdb,Cytochrome P450 2A6,,,Human,IC50,579429.0,
cid:89594,89594,Nicotine,"Pyridine, Substituted_pyrrolidines",bindingdb,Cytochrome P450 2A6,,,Human,IC50,26300.0,
cid:89594,89594,Nicotine,"Pyridine, Substituted_pyrrolidines",bindingdb,Cytochrome P450 3A4,,,Human,IC50,142400.0,
cid:89594,89594,Nicotine,"Pyridine, Substituted_pyrrolidines",bindingdb,High affinity choline transporter 1,,,Mouse,Ki,520115.74,
cid:89594,89594,Nicotine,"Pyridine, Substituted_pyrrolidines",bindingdb,Isoform Alpha-4-2 of Neuronal acetylcholine receptor subunit alpha-4 (Alpha-4-2)/Neuronal acetylcholine receptor subunit beta-2,,,Rat,Ki,1.5,
cid:89594,89594,Nicotine,"Pyridine, Substituted_pyrrolidines",bindingdb,Muscarinic acetylcholine receptor M1/M2/M3/M4/M5,,,Rat,Ki,,
cid:89594,89594,Nicotine,"Pyridine, Substituted_pyrrolidines",bindingdb,Neuronal acetylcholine receptor subunit alpha-2,,,Human,Ki,9900.0,
cid:89594,89594,Nicotine,"Pyridine, Substituted_pyrrolidines",bindingdb,Neuronal acetylcholine receptor subunit alpha-2,,,Rat,Ki,3.6,
cid:89594,89594,Nicotine,"Pyridine, Substituted_pyrrolidines",bindingdb,Neuronal acetylcholine receptor subunit alpha-2/beta-4,,,Human,Ki,70.0,
cid:89594,89594,Nicotine,"Pyridine, Substituted_pyrrolidines",bindingdb,Neuronal acetylcholine receptor subunit alpha-2/beta-4,,,Rat,Ki,110.0,
cid:89594,89594,Nicotine,"Pyridine, Substituted_pyrrolidines",bindingdb,Neuronal acetylcholine receptor subunit alpha-2/beta-4,,,Rat,Ki,110.0,
cid:89594,89594,Nicotine,"Pyridine, Substituted_pyrrolidines",bindingdb,Neuronal acetylcholine receptor subunit alpha-3,,,Human,EC50,9400.0,
cid:89594,89594,Nicotine,"Pyridine, Substituted_pyrrolidines",bindingdb,Neuronal acetylcholine receptor subunit alpha-3,,,Human,IC50,45.0,
cid:89594,89594,Nicotine,"Pyridine, Substituted_pyrrolidines",bindingdb,Neuronal acetylcholine receptor subunit alpha-3,,,Human,Ki,220.0,
cid:89594,89594,Nicotine,"Pyridine, Substituted_pyrrolidines",bindingdb,Neuronal acetylcholine receptor subunit alpha-3,,,Rat,Ki,47.0,
cid:89594,89594,Nicotine,"Pyridine, Substituted_pyrrolidines",bindingdb,Neuronal acetylcholine receptor subunit alpha-3,,,Human,Ki,14.0,
cid:89594,89594,Nicotine,"Pyridine, Substituted_pyrrolidines",bindingdb,Neuronal acetylcholine receptor subunit alpha-3/beta-4,,,Human,EC50,4300.0,
cid:89594,89594,Nicotine,"Pyridine, Substituted_pyrrolidines",bindingdb,Neuronal acetylcholine receptor subunit alpha-3/beta-4,,,Human,Ki,260.0,
cid:89594,89594,Nicotine,"Pyridine, Substituted_pyrrolidines",bindingdb,Neuronal acetylcholine receptor subunit alpha-3/beta-4,,,Rat,EC50,1500.0,
cid:89594,89594,Nicotine,"Pyridine, Substituted_pyrrolidines",bindingdb,Neuronal acetylcholine receptor subunit alpha-3/beta-4,,,Rat,Ki,440.0,
cid:89594,89594,Nicotine,"Pyridine, Substituted_pyrrolidines",bindingdb,Neuronal acetylcholine receptor subunit alpha-4,,,Human,EC50,4700.0,
cid:89594,89594,Nicotine,"Pyridine, Substituted_pyrrolidines",bindingdb,Neuronal acetylcholine receptor subunit alpha-4,,,Mouse,IC50,7.0,
cid:89594,89594,Nicotine,"Pyridine, Substituted_pyrrolidines",bindingdb,Neuronal acetylcholine receptor subunit alpha-4/beta-2,,,Human,Kd,1.2,
cid:89594,89594,Nicotine,"Pyridine, Substituted_pyrrolidines",bindingdb,Neuronal acetylcholine receptor subunit alpha-4/beta-2,,,Human,Ki,0.045,
cid:89594,89594,Nicotine,"Pyridine, Substituted_pyrrolidines",bindingdb,Neuronal acetylcholine receptor subunit alpha-4/beta-2,,,Mouse,EC50,720.0,
cid:89594,89594,Nicotine,"Pyridine, Substituted_pyrrolidines",bindingdb,Neuronal acetylcholine receptor subunit alpha-4/beta-2,,,Rat,Ki,0.84,
cid:89594,89594,Nicotine,"Pyridine, Substituted_pyrrolidines",bindingdb,Neuronal acetylcholine receptor subunit alpha-4/beta-4,,,Human,EC50,7100.0,
cid:89594,89594,Nicotine,"Pyridine, Substituted_pyrrolidines",bindingdb,Neuronal acetylcholine receptor subunit alpha-5,,,Rat,Ki,156.0,
cid:89594,89594,Nicotine,"Pyridine, Substituted_pyrrolidines",bindingdb,Neuronal acetylcholine receptor subunit alpha-7,,,Human,EC50,740.0,
cid:89594,89594,Nicotine,"Pyridine, Substituted_pyrrolidines",bindingdb,Neuronal acetylcholine receptor subunit alpha-7,,,Human,IC50,7600.0,
cid:89594,89594,Nicotine,"Pyridine, Substituted_pyrrolidines",bindingdb,Neuronal acetylcholine receptor subunit alpha-7,,,Human,Kd,1.06,
cid:89594,89594,Nicotine,"Pyridine, Substituted_pyrrolidines",bindingdb,Neuronal acetylcholine receptor subunit alpha-7,,,Human,Ki,620.0,
cid:89594,89594,Nicotine,"Pyridine, Substituted_pyrrolidines",bindingdb,Neuronal acetylcholine receptor subunit alpha-7,,,Rat,Ki,130.0,
cid:89594,89594,Nicotine,"Pyridine, Substituted_pyrrolidines",bindingdb,Neuronal acetylcholine receptor subunit alpha-7,,,Rat,Ki,130.0,
cid:89594,89594,Nicotine,"Pyridine, Substituted_pyrrolidines",bindingdb,Neuronal acetylcholine receptor subunit alpha-9,,,Rat,IC50,2.4,
cid:89594,89594,Nicotine,"Pyridine, Substituted_pyrrolidines",bindingdb,Neuronal acetylcholine receptor subunit alpha-9,,,Rat,Kd,5.0,
cid:89594,89594,Nicotine,"Pyridine, Substituted_pyrrolidines",bindingdb,Neuronal acetylcholine receptor; alpha2/beta2,,,Rat,Ki,12.0,
cid:89594,89594,Nicotine,"Pyridine, Substituted_pyrrolidines",bindingdb,Nicotinic acetylcholine receptor alpha 5 subunit,,,House fly,IC50,11900.0,
cid:89594,89594,Nicotine,"Pyridine, Substituted_pyrrolidines",bindingdb,PC4 and SFRS1-interacting protein,,,Human,Kd,259000.0,
cid:89594,89594,Nicotine,"Pyridine, Substituted_pyrrolidines",bindingdb,Resistance to inhibitors of cholinesterase protein 3,,,Pig roundworm,EC50,6210.0,
cid:89594,89594,Nicotine,"Pyridine, Substituted_pyrrolidines",bindingdb,Solute carrier family 22 member 2,,,Rat,Ki,50500.0,
cid:89594,89594,Nicotine,"Pyridine, Substituted_pyrrolidines",bindingdb,Transient receptor potential cation channel subfamily A member 1,,,Human,EC50,17000.0,
cid:89594,89594,Nicotine,"Pyridine, Substituted_pyrrolidines",bindingdb,Transient receptor potential cation channel subfamily A member 1,,,Mouse,EC50,10000.0,
cid:89594,89594,Nicotine,"Pyridine, Substituted_pyrrolidines",bindingdb,Uncharacterized protein,,,Chicken,Ki,98.0,
cid:439260,439260,Noradrenaline,,bindingdb,Alpha-1A adrenergic receptor,,,Bovine,Ki,447.0,
cid:439260,439260,Noradrenaline,,bindingdb,Alpha-1A adrenergic receptor,,,Human,Ki,1500.0,
cid:439260,439260,Noradrenaline,,bindingdb,Alpha-1A adrenergic receptor,,,Rat,Ki,282.0,
cid:439260,439260,Noradrenaline,,bindingdb,Alpha-1B adrenergic receptor,,,Hamster,Ki,263.0,
cid:439260,439260,Noradrenaline,,bindingdb,Alpha-1B adrenergic receptor,,,Human,Ki,20400.0,
cid:439260,439260,Noradrenaline,,bindingdb,Alpha-2A adrenergic receptor,,,Human,EC50,110.0,
cid:439260,439260,Noradrenaline,,bindingdb,Alpha-2A adrenergic receptor [16-465]/Alpha-2B adrenergic receptor/Alpha-2C adrenergic receptor,,,Rat,IC50,33.0,
cid:439260,439260,Noradrenaline,,bindingdb,Alpha-2B adrenergic receptor,,,Rat,Ki,78.0,
cid:439260,439260,Noradrenaline,,bindingdb,Alpha-2C adrenergic receptor,,,Human,EC50,794.0,
cid:439260,439260,Noradrenaline,,bindingdb,Beta-1 adrenergic receptor,,,Guinea pig,Ki,400.0,
cid:439260,439260,Noradrenaline,,bindingdb,Beta-2 adrenergic receptor,,,Bovine,Ki,6000.0,
cid:439260,439260,Noradrenaline,,bindingdb,Beta-3 adrenergic receptor,,,Human,EC50,5.5,
cid:439260,439260,Noradrenaline,,bindingdb,Bile salt export pump,,,Human,IC50,,
cid:439260,439260,Noradrenaline,,bindingdb,D(2) dopamine receptor,,,Human,Ki,1300.0,
cid:439260,439260,Noradrenaline,,bindingdb,Solute carrier family 22 member 2,,,Rat,IC50,11000000.0,
cid:9838803,9838803,O-Desmethyltramadol,Phenylpropylamine,bindingdb,Mu-type opioid receptor,,,Human,Ki,8.6,
cid:9838803,9838803,O-Desmethyltramadol,Phenylpropylamine,bindingdb,Mu-type opioid receptor,,,Rat,Ki,13.0,
cid:9838803,9838803,O-Desmethyltramadol,Phenylpropylamine,bindingdb,Sodium-dependent noradrenaline transporter,,,Human,IC50,6700.0,
cid:9838803,9838803,O-Desmethyltramadol,Phenylpropylamine,bindingdb,Sodium-dependent noradrenaline transporter,,,Human,IC50,,
cid:5284603,5284603,Oxycodone,Substituted_morphinans,bindingdb,Acetylcholinesterase,,,Electric eel,IC50,76200.0,
cid:5284603,5284603,Oxycodone,Substituted_morphinans,bindingdb,Delta-type opioid receptor,,,Rat,Ki,487.0,
cid:5284603,5284603,Oxycodone,Substituted_morphinans,bindingdb,Kappa-type opioid receptor,,,Guinea pig,Ki,325.0,
cid:5284603,5284603,Oxycodone,Substituted_morphinans,bindingdb,Kappa-type opioid receptor,,,Rat,Ki,2658.0,
cid:5284603,5284603,Oxycodone,Substituted_morphinans,bindingdb,Mu-type opioid receptor,,,Human,Ki,12.0,
cid:5284603,5284603,Oxycodone,Substituted_morphinans,bindingdb,Sigma non-opioid intracellular receptor 1,,,Human,Ki,,
cid:5284604,5284604,Oxymorphone,Substituted_morphinans,bindingdb,Delta-type opioid receptor,,,Human,IC50,45.0,
cid:5284604,5284604,Oxymorphone,Substituted_morphinans,bindingdb,Delta-type opioid receptor,,,Mouse,Ki,610.0,
cid:5284604,5284604,Oxymorphone,Substituted_morphinans,bindingdb,Delta-type opioid receptor/Kappa-type opioid receptor/Mu-type opioid receptor/Sigma non-opioid intracellular receptor 1,,,Rat,IC50,0.013,
cid:5284604,5284604,Oxymorphone,Substituted_morphinans,bindingdb,Kappa-type opioid receptor,,,Human,Ki,25.0,
cid:5284604,5284604,Oxymorphone,Substituted_morphinans,bindingdb,Mu-type opioid receptor,,,Guinea pig,IC50,1.4,
cid:5284604,5284604,Oxymorphone,Substituted_morphinans,bindingdb,Mu-type opioid receptor,,,Guinea pig,Ki,0.54,
cid:5284604,5284604,Oxymorphone,Substituted_morphinans,bindingdb,Mu-type opioid receptor,,,Human,EC50,7.8,
cid:5284604,5284604,Oxymorphone,Substituted_morphinans,bindingdb,Mu-type opioid receptor,,,Human,Ki,1.8,
cid:5284604,5284604,Oxymorphone,Substituted_morphinans,bindingdb,Mu-type opioid receptor,,,Rat,Ki,0.97,
cid:31721,31721,PMA,"Amphetamine, Substituted_amphetamines",bindingdb,Serotonin 2 (5-HT2) receptor,,,Rat,Ki,33600.0,
cid:4058,4058,Pethidine,Substituted_piperidines,bindingdb,Delta-type opioid receptor,,,Human,IC50,,
cid:4058,4058,Pethidine,Substituted_piperidines,bindingdb,Delta-type/Kappa-type/Mu-type opioid receptor,,,Rat,EC50,700.0,
cid:4058,4058,Pethidine,Substituted_piperidines,bindingdb,Delta-type/Kappa-type/Mu-type opioid receptor,,,Rat,IC50,10000.0,
cid:4058,4058,Pethidine,Substituted_piperidines,bindingdb,Mu-type opioid receptor,,,Guinea pig,Ki,451.0,
cid:4058,4058,Pethidine,Substituted_piperidines,bindingdb,Mu-type opioid receptor,,,Human,EC50,9400.0,
cid:4058,4058,Pethidine,Substituted_piperidines,bindingdb,Mu-type opioid receptor,,,Human,IC50,315.0,
cid:4058,4058,Pethidine,Substituted_piperidines,bindingdb,Sodium-dependent serotonin transporter,,,Rat,Ki,412.0,
cid:1001,1001,Phenethylamine (compound),supplement,bindingdb,5-hydroxytryptamine receptor 2A,,,Rat,Ki,,
cid:1001,1001,Phenethylamine (compound),supplement,bindingdb,Cytochrome P450 2A5,,,Mouse,IC50,3000.0,
cid:1001,1001,Phenethylamine (compound),supplement,bindingdb,Serine protease 1,,,Human,Kd,10964782.0,
cid:1001,1001,Phenethylamine (compound),supplement,bindingdb,Serine protease 1,,,Human,Ki,11000.0,
cid:1001,1001,Phenethylamine (compound),supplement,bindingdb,Trace amine-associated receptor 1,,,Mouse,EC50,47.0,
cid:1001,1001,Phenethylamine (compound),supplement,bindingdb,Trace amine-associated receptor 1,,,Rat,EC50,40.0,
cid:4763,4763,Phenobarbital,Barbiturates,bindingdb,Bile salt export pump,,,Human,IC50,,
cid:4771,4771,Phentermine,stimulant,bindingdb,5-hydroxytryptamine receptor 2A,,,Rat,Ki,,
cid:4843,4843,Piracetam,Racetams,bindingdb,ATP-binding cassette sub-family C member 4,,,Human,IC50,,
cid:5486971,5486971,Pregabalin,Gabapentinoids,bindingdb,ATP-binding cassette sub-family C member 2,,,Human,IC50,,
cid:5486971,5486971,Pregabalin,Gabapentinoids,bindingdb,Bile salt export pump,,,Human,IC50,,
cid:5486971,5486971,Pregabalin,Gabapentinoids,bindingdb,Sodium-dependent noradrenaline transporter,,,Human,Ki,,
cid:5486971,5486971,Pregabalin,Gabapentinoids,bindingdb,Voltage-dependent calcium channel alpha-2 delta subunit,,,Pig,IC50,73.0,
cid:5486971,5486971,Pregabalin,Gabapentinoids,bindingdb,Voltage-dependent calcium channel subunit alpha-2/delta-1,,,Human,Ki,19.0,
cid:5486971,5486971,Pregabalin,Gabapentinoids,bindingdb,Voltage-dependent calcium channel subunit alpha-2/delta-2,,,Human,Ki,99.0,
cid:4917,4917,Prochlorperazine,Phenothiazine,bindingdb,5-hydroxytryptamine receptor 1A/1B/1D/2C,,,Human,Ki,5882.35,
cid:4917,4917,Prochlorperazine,Phenothiazine,bindingdb,5-hydroxytryptamine receptor 2A,,,Rat,Ki,6.3,
cid:4917,4917,Prochlorperazine,Phenothiazine,bindingdb,5-hydroxytryptamine receptor 2C,,,Human,Ki,14.92,
cid:4917,4917,Prochlorperazine,Phenothiazine,bindingdb,5-hydroxytryptamine receptor 6,,,Rat,Ki,148.0,
cid:4917,4917,Prochlorperazine,Phenothiazine,bindingdb,5-hydroxytryptamine receptor 7,,,Guinea pig,Ki,,
cid:4917,4917,Prochlorperazine,Phenothiazine,bindingdb,Alpha-2A adrenergic receptor,,,Human,Ki,1694.91,
cid:4917,4917,Prochlorperazine,Phenothiazine,bindingdb,ATP-binding cassette sub-family C member 2,,,Human,IC50,,
cid:4917,4917,Prochlorperazine,Phenothiazine,bindingdb,ATP-binding cassette sub-family C member 3,,,Human,IC50,,
cid:4917,4917,Prochlorperazine,Phenothiazine,bindingdb,Bile salt export pump,,,Human,IC50,,
cid:4917,4917,Prochlorperazine,Phenothiazine,bindingdb,D(2) dopamine receptor,,,Human,Ki,0.2,
cid:4917,4917,Prochlorperazine,Phenothiazine,bindingdb,D(3) dopamine receptor,,,Human,Ki,1.8,
cid:4917,4917,Prochlorperazine,Phenothiazine,bindingdb,D(3) dopamine receptor,,,Rat,Ki,35.0,
cid:4917,4917,Prochlorperazine,Phenothiazine,bindingdb,Histamine H1 receptor,,,Human,Ki,19.0,
cid:4917,4917,Prochlorperazine,Phenothiazine,bindingdb,Mitochondrial import inner membrane translocase subunit TIM10,,,Baker's yeast,IC50,29100.0,
cid:4917,4917,Prochlorperazine,Phenothiazine,bindingdb,Muscarinic acetylcholine receptor M2,,,Human,Ki,540.0,
cid:4917,4917,Prochlorperazine,Phenothiazine,bindingdb,Solute carrier family 22 member 1,,,Human,IC50,49600.0,
cid:4917,4917,Prochlorperazine,Phenothiazine,bindingdb,Ubiquitin-conjugating enzyme E2 N,,,Human,IC50,,
cid:5994,5994,Progesterone,Steroid,bindingdb,"3-beta-hydroxysteroid-Delta(8),Delta(7)-isomerase",,,Human,Ki,,
cid:5994,5994,Progesterone,Steroid,bindingdb,3-oxo-5-alpha-steroid 4-dehydrogenase 1/2,,,Rat,IC50,1600.0,
cid:5994,5994,Progesterone,Steroid,bindingdb,Androgen receptor,,,Human,IC50,14.0,
cid:5994,5994,Progesterone,Steroid,bindingdb,Androgen receptor,,,Human,Ki,8.5,
cid:5994,5994,Progesterone,Steroid,bindingdb,Androgen receptor,,,Mouse,IC50,37.0,
cid:5994,5994,Progesterone,Steroid,bindingdb,ATP-dependent translocase ABCB1,,,Human,EC50,21200.0,
cid:5994,5994,Progesterone,Steroid,bindingdb,ATP-dependent translocase ABCB1,,,Human,IC50,47863.0,
cid:5994,5994,Progesterone,Steroid,bindingdb,C-8 sterol isomerase ERG2,,,Baker's yeast,Ki,4430.0,
cid:5994,5994,Progesterone,Steroid,bindingdb,Estrogen receptor beta,,,Rat,Kd,3.9,
cid:5994,5994,Progesterone,Steroid,bindingdb,"Fatty acid-binding protein, liver",,,Rat,Ki,27.0,
cid:5994,5994,Progesterone,Steroid,bindingdb,Lanosterol 14-alpha demethylase,,,Human,IC50,,
cid:5994,5994,Progesterone,Steroid,bindingdb,Mineralocorticoid receptor,,,Human,IC50,,
cid:5994,5994,Progesterone,Steroid,bindingdb,Progesterone receptor,,,Human,Ki,3.4,
cid:5994,5994,Progesterone,Steroid,bindingdb,Sex hormone-binding globulin,,,Human,Kd,115.0,
cid:5994,5994,Progesterone,Steroid,bindingdb,Sigma non-opioid intracellular receptor 1,,,Guinea pig,Ki,660.0,
cid:5994,5994,Progesterone,Steroid,bindingdb,Solute carrier family 22 member 2,,,Human,IC50,26700.0,
cid:5994,5994,Progesterone,Steroid,bindingdb,Solute carrier family 22 member 2,,,Rat,IC50,1600.0,
cid:5994,5994,Progesterone,Steroid,bindingdb,Solute carrier family 22 member 3,,,Human,IC50,4280.0,
cid:5994,5994,Progesterone,Steroid,bindingdb,Solute carrier organic anion transporter family member,,,Zebrafish,Ki,9060.0,
cid:4927,4927,Promethazine,Phenothiazine,bindingdb,5-hydroxytryptamine receptor 1A,,,Rat,Ki,,
cid:4927,4927,Promethazine,Phenothiazine,bindingdb,ATP-binding cassette sub-family C member 2,,,Human,IC50,,
cid:4927,4927,Promethazine,Phenothiazine,bindingdb,ATP-binding cassette sub-family C member 3,,,Human,IC50,,
cid:4927,4927,Promethazine,Phenothiazine,bindingdb,Bile salt export pump,,,Human,IC50,,
cid:4927,4927,Promethazine,Phenothiazine,bindingdb,Calmodulin,,,Bovine,IC50,60000.0,
cid:4927,4927,Promethazine,Phenothiazine,bindingdb,Chloroquine resistance transporter,,,malaria parasite P. falciparum,IC50,85000.0,
cid:4927,4927,Promethazine,Phenothiazine,bindingdb,D(2) dopamine receptor,,,Human,IC50,100.0,
cid:4927,4927,Promethazine,Phenothiazine,bindingdb,Histamine H1 receptor,,,Rat,Ki,1.0,
cid:4927,4927,Promethazine,Phenothiazine,bindingdb,Major prion protein,,,Human,EC50,8000.0,
cid:4927,4927,Promethazine,Phenothiazine,bindingdb,Pleiotropic ABC efflux transporter of multiple drugs,,,Baker's yeast,IC50,17700.0,
cid:4927,4927,Promethazine,Phenothiazine,bindingdb,Replicase polyprotein 1ab,,,SARS-CoV,EC50,7540.0,
cid:4927,4927,Promethazine,Phenothiazine,bindingdb,Spike glycoprotein,,,MERS-CoV,IC50,5860.0,
cid:4927,4927,Promethazine,Phenothiazine,bindingdb,Spike glycoprotein,,,SARS-CoV,IC50,21430.0,
cid:4980,4980,Psilocin,Substituted_tryptamines,bindingdb,5-hydroxytryptamine receptor 1A,,,Human,Ki,62.6,
cid:4980,4980,Psilocin,Substituted_tryptamines,bindingdb,5-hydroxytryptamine receptor 1B,,,Human,Ki,305.0,
cid:4980,4980,Psilocin,Substituted_tryptamines,bindingdb,5-hydroxytryptamine receptor 1D,,,Human,Ki,18.6,
cid:4980,4980,Psilocin,Substituted_tryptamines,bindingdb,5-hydroxytryptamine receptor 1E,,,Human,Ki,44.0,
cid:4980,4980,Psilocin,Substituted_tryptamines,bindingdb,5-hydroxytryptamine receptor 2A,,,Rat,EC50,2300.0,
cid:4980,4980,Psilocin,Substituted_tryptamines,bindingdb,5-hydroxytryptamine receptor 2B,,,Bovine,Ki,450.0,
cid:4980,4980,Psilocin,Substituted_tryptamines,bindingdb,5-hydroxytryptamine receptor 2B,,,Human,EC50,58.0,
cid:4980,4980,Psilocin,Substituted_tryptamines,bindingdb,5-hydroxytryptamine receptor 2B,,,Human,IC50,1.1,
cid:4980,4980,Psilocin,Substituted_tryptamines,bindingdb,5-hydroxytryptamine receptor 2C,,,Human,Ki,140.0,
cid:4980,4980,Psilocin,Substituted_tryptamines,bindingdb,5-hydroxytryptamine receptor 7,,,Human,Ki,71.6,
cid:4980,4980,Psilocin,Substituted_tryptamines,bindingdb,Adenosine receptor A1 Isoform 2,,,Human,Ki,,
cid:4980,4980,Psilocin,Substituted_tryptamines,bindingdb,Alpha-1A adrenergic receptor,,,Human,Ki,,
cid:4980,4980,Psilocin,Substituted_tryptamines,bindingdb,Alpha-1B adrenergic receptor,,,Human,Ki,,
cid:4980,4980,Psilocin,Substituted_tryptamines,bindingdb,Cannabinoid receptor 1,,,Human,Ki,,
cid:4980,4980,Psilocin,Substituted_tryptamines,bindingdb,"Carnitine O-palmitoyltransferase 2, mitochondrial",,,Human,Ki,101.2,
cid:4980,4980,Psilocin,Substituted_tryptamines,bindingdb,D(1B) dopamine receptor,,,Human,Ki,,
cid:4980,4980,Psilocin,Substituted_tryptamines,bindingdb,D(2) dopamine receptor,,,Human,Ki,,
cid:4980,4980,Psilocin,Substituted_tryptamines,bindingdb,Gamma-aminobutyric acid receptor subunit alpha-1,,,Human,Ki,,
cid:4980,4980,Psilocin,Substituted_tryptamines,bindingdb,Histamine H2 receptor,,,Human,Ki,,
cid:4980,4980,Psilocin,Substituted_tryptamines,bindingdb,Histamine H3 receptor,,,Human,Ki,,
cid:4980,4980,Psilocin,Substituted_tryptamines,bindingdb,Mu-type opioid receptor,,,Human,Ki,,
cid:4980,4980,Psilocin,Substituted_tryptamines,bindingdb,Muscarinic acetylcholine receptor M2,,,Human,Ki,,
cid:4980,4980,Psilocin,Substituted_tryptamines,bindingdb,Sigma intracellular receptor 2,,,Human,Ki,,
cid:4980,4980,Psilocin,Substituted_tryptamines,bindingdb,Sigma non-opioid intracellular receptor 1,,,Human,Ki,,
cid:4980,4980,Psilocin,Substituted_tryptamines,bindingdb,Sodium-dependent dopamine transporter,,,Human,Ki,,
cid:4980,4980,Psilocin,Substituted_tryptamines,bindingdb,Sodium-dependent noradrenaline transporter,,,Human,Ki,,
cid:4980,4980,Psilocin,Substituted_tryptamines,bindingdb,Voltage-dependent calcium channel subunit alpha-2/delta-1,,,Human,Ki,,
cid:12562545,12562545,Pyrazolam,Benzodiazepines,bindingdb,Gamma-aminobutyric acid receptor subunit alpha-1/beta-2/gamma-2,,,Human,Ki,7.3,
cid:12562545,12562545,Pyrazolam,Benzodiazepines,bindingdb,Gamma-aminobutyric acid receptor subunit alpha-3/beta-2/gamma-2,,,Human,Ki,5.1,
cid:12562545,12562545,Pyrazolam,Benzodiazepines,bindingdb,Gamma-aminobutyric acid receptor subunit alpha-5/beta-2/gamma-2,,,Human,Ki,7.7,
cid:5002,5002,Quetiapine,Dibenzothiazepine,bindingdb,5-hydroxytryptamine receptor 1B,,,Rat,Ki,5000.0,
cid:5002,5002,Quetiapine,Dibenzothiazepine,bindingdb,5-hydroxytryptamine receptor 1F,,,Human,Ki,2240.0,
cid:5002,5002,Quetiapine,Dibenzothiazepine,bindingdb,5-hydroxytryptamine receptor 2A,,,Human,Ki,31.0,
cid:5002,5002,Quetiapine,Dibenzothiazepine,bindingdb,5-hydroxytryptamine receptor 2B,,,Human,Ki,86.0,
cid:5002,5002,Quetiapine,Dibenzothiazepine,bindingdb,5-hydroxytryptamine receptor 2C,,,Pig,Ki,3820.0,
cid:5002,5002,Quetiapine,Dibenzothiazepine,bindingdb,5-hydroxytryptamine receptor 2C,,,Rat,Ki,1500.0,
cid:5002,5002,Quetiapine,Dibenzothiazepine,bindingdb,5-hydroxytryptamine receptor 3A,,,Mouse,Ki,4060.0,
cid:5002,5002,Quetiapine,Dibenzothiazepine,bindingdb,5-hydroxytryptamine receptor 3A,,,Rat,Ki,170.0,
cid:5002,5002,Quetiapine,Dibenzothiazepine,bindingdb,5-hydroxytryptamine receptor 7,,,Mouse,Ki,290.0,
cid:5002,5002,Quetiapine,Dibenzothiazepine,bindingdb,5-hydroxytryptamine receptor 7,,,Rat,Ki,133.6,
cid:5002,5002,Quetiapine,Dibenzothiazepine,bindingdb,Alpha-1A adrenergic receptor,,,Rat,Ki,4.5,
cid:5002,5002,Quetiapine,Dibenzothiazepine,bindingdb,Alpha-1A/Alpha-1B/Alpha-1D adrenergic receptor,,,Rat,Ki,13.0,
cid:5002,5002,Quetiapine,Dibenzothiazepine,bindingdb,Alpha-2A adrenergic receptor,,,Human,Ki,80.0,
cid:5002,5002,Quetiapine,Dibenzothiazepine,bindingdb,Alpha-2A/Alpha-2B/Alpha-2C adrenergic receptor,,,Human,Ki,87.0,
cid:5002,5002,Quetiapine,Dibenzothiazepine,bindingdb,Alpha-2B adrenergic receptor,,,Human,Ki,90.0,
cid:5002,5002,Quetiapine,Dibenzothiazepine,bindingdb,Alpha-2C adrenergic receptor,,,Human,Ki,28.7,
cid:5002,5002,Quetiapine,Dibenzothiazepine,bindingdb,ATP-binding cassette sub-family C member 3,,,Human,IC50,,
cid:5002,5002,Quetiapine,Dibenzothiazepine,bindingdb,Cysteinyl leukotriene receptor 1,,,Guinea pig,Ki,1000.0,
cid:5002,5002,Quetiapine,Dibenzothiazepine,bindingdb,D(1A) dopamine receptor,,,Human,Ki,390.0,
cid:5002,5002,Quetiapine,Dibenzothiazepine,bindingdb,D(1A) dopamine receptor,,,Rat,Ki,390.0,
cid:5002,5002,Quetiapine,Dibenzothiazepine,bindingdb,D(2) dopamine receptor,,,Rat,IC50,330.0,
cid:5002,5002,Quetiapine,Dibenzothiazepine,bindingdb,D(3) dopamine receptor,,,Human,Ki,9.2,
cid:5002,5002,Quetiapine,Dibenzothiazepine,bindingdb,D(4) dopamine receptor,,,Human,Ki,500.0,
cid:5002,5002,Quetiapine,Dibenzothiazepine,bindingdb,Dihydrofolate reductase,,,Bacillus anthracis,IC50,102000.0,
cid:5002,5002,Quetiapine,Dibenzothiazepine,bindingdb,Histamine H1 receptor,,,Human,Ki,2.2,
cid:5002,5002,Quetiapine,Dibenzothiazepine,bindingdb,Histamine H1 receptor,,,Rat,Ki,11.0,
cid:5002,5002,Quetiapine,Dibenzothiazepine,bindingdb,Histone H1.0,,,Human,Ki,10.0,
cid:5002,5002,Quetiapine,Dibenzothiazepine,bindingdb,Muscarinic acetylcholine receptor M1,,,Human,EC50,,
cid:5002,5002,Quetiapine,Dibenzothiazepine,bindingdb,Muscarinic acetylcholine receptor M1,,,Rat,Ki,120.0,
cid:5002,5002,Quetiapine,Dibenzothiazepine,bindingdb,Muscarinic acetylcholine receptor M1/M2/M3/M4/M5,,,Human,Ki,1020.0,
cid:5002,5002,Quetiapine,Dibenzothiazepine,bindingdb,Muscarinic acetylcholine receptor M2,,,Rat,Ki,56.0,
cid:5002,5002,Quetiapine,Dibenzothiazepine,bindingdb,Muscarinic acetylcholine receptor M3,,,Human,Ki,705.0,
cid:5002,5002,Quetiapine,Dibenzothiazepine,bindingdb,Muscarinic acetylcholine receptor M4,,,Rat,Ki,660.0,
cid:5002,5002,Quetiapine,Dibenzothiazepine,bindingdb,Norepinephrine transporter,,,Rat,Ki,1000.0,
cid:5002,5002,Quetiapine,Dibenzothiazepine,bindingdb,Potassium voltage-gated channel subfamily H member 2,,,Human,IC50,5754.4,
cid:5002,5002,Quetiapine,Dibenzothiazepine,bindingdb,Sigma non-opioid intracellular receptor 1,,,Guinea pig,Ki,220.0,
cid:5002,5002,Quetiapine,Dibenzothiazepine,bindingdb,Sodium-dependent dopamine transporter,,,Rat,Ki,1000.0,
cid:5002,5002,Quetiapine,Dibenzothiazepine,bindingdb,Sodium-dependent serotonin transporter,,,Human,Ki,,
cid:5002,5002,Quetiapine,Dibenzothiazepine,bindingdb,Thromboxane A2 receptor,,,Human,Ki,1000.0,
cid:5002,5002,Quetiapine,Dibenzothiazepine,bindingdb,Voltage-dependent L-type calcium channel subunit alpha-1C,,,Rat,Ki,5000.0,
cid:5073,5073,Risperidone,Benzisoxazole,bindingdb,5-hydroxytryptamine 1D receptor,,,Bovine,Ki,60.0,
cid:5073,5073,Risperidone,Benzisoxazole,bindingdb,5-hydroxytryptamine receptor 1A,,,Human,EC50,,
cid:5073,5073,Risperidone,Benzisoxazole,bindingdb,5-hydroxytryptamine receptor 1A,,,Mouse,IC50,430.0,
cid:5073,5073,Risperidone,Benzisoxazole,bindingdb,5-hydroxytryptamine receptor 1A,,,Rat,IC50,820.0,
cid:5073,5073,Risperidone,Benzisoxazole,bindingdb,5-hydroxytryptamine receptor 1B,,,Human,Ki,9.8,
cid:5073,5073,Risperidone,Benzisoxazole,bindingdb,5-hydroxytryptamine receptor 1E,,,Human,Ki,1320.0,
cid:5073,5073,Risperidone,Benzisoxazole,bindingdb,5-hydroxytryptamine receptor 2A,,,Human,Ki,0.14,
cid:5073,5073,Risperidone,Benzisoxazole,bindingdb,5-hydroxytryptamine receptor 2A,,,Rat,Ki,0.016,
cid:5073,5073,Risperidone,Benzisoxazole,bindingdb,5-hydroxytryptamine receptor 2C,,,Human,IC50,1.8,
cid:5073,5073,Risperidone,Benzisoxazole,bindingdb,5-hydroxytryptamine receptor 3A,,,Mouse,Ki,5000.0,
cid:5073,5073,Risperidone,Benzisoxazole,bindingdb,5-hydroxytryptamine receptor 7,,,Guinea pig,Ki,0.4,
cid:5073,5073,Risperidone,Benzisoxazole,bindingdb,5-hydroxytryptamine receptor 7,,,Human,Ki,0.4,
cid:5073,5073,Risperidone,Benzisoxazole,bindingdb,Alpha-1A adrenergic receptor,,,Guinea pig,Ki,0.5,
cid:5073,5073,Risperidone,Benzisoxazole,bindingdb,Alpha-1A adrenergic receptor,,,Human,Ki,2.3,
cid:5073,5073,Risperidone,Benzisoxazole,bindingdb,Alpha-1A adrenergic receptor,,,Rat,Ki,0.69,
cid:5073,5073,Risperidone,Benzisoxazole,bindingdb,Alpha-1A/Alpha-1B/Alpha-1D adrenergic receptor,,,Rat,Ki,1.6,
cid:5073,5073,Risperidone,Benzisoxazole,bindingdb,Alpha-1B adrenergic receptor,,,Pig,Ki,3.16,
cid:5073,5073,Risperidone,Benzisoxazole,bindingdb,Alpha-2A adrenergic receptor [16-465],,,Rat,Ki,25.0,
cid:5073,5073,Risperidone,Benzisoxazole,bindingdb,Alpha-2A adrenergic receptor [16-465]/Alpha-2B adrenergic receptor/Alpha-2C adrenergic receptor,,,Rat,Ki,7.9,
cid:5073,5073,Risperidone,Benzisoxazole,bindingdb,Alpha-2A/Alpha-2B/Alpha-2C adrenergic receptor,,,Human,Ki,7.5,
cid:5073,5073,Risperidone,Benzisoxazole,bindingdb,ATP-binding cassette sub-family C member 2,,,Human,IC50,,
cid:5073,5073,Risperidone,Benzisoxazole,bindingdb,ATP-binding cassette sub-family C member 4,,,Human,IC50,,
cid:5073,5073,Risperidone,Benzisoxazole,bindingdb,Beta-1 adrenergic receptor,,,Rat,Ki,22000.0,
cid:5073,5073,Risperidone,Benzisoxazole,bindingdb,Beta-arrestin-1,,,Rabbit,Ki,1000.0,
cid:5073,5073,Risperidone,Benzisoxazole,bindingdb,Bile salt export pump,,,Human,IC50,,
cid:5073,5073,Risperidone,Benzisoxazole,bindingdb,Cholecystokinin,,,Pig,Ki,1000.0,
cid:5073,5073,Risperidone,Benzisoxazole,bindingdb,Cysteinyl leukotriene receptor 1,,,Guinea pig,Ki,1000.0,
cid:5073,5073,Risperidone,Benzisoxazole,bindingdb,D(1A) dopamine receptor,,,Human,Ki,21.0,
cid:5073,5073,Risperidone,Benzisoxazole,bindingdb,D(1A) dopamine receptor,,,Rat,Ki,21.0,
cid:5073,5073,Risperidone,Benzisoxazole,bindingdb,D(1B) dopamine receptor,,,Human,Ki,563.0,
cid:5073,5073,Risperidone,Benzisoxazole,bindingdb,D(2) dopamine receptor,,,Mouse,IC50,23.0,
cid:5073,5073,Risperidone,Benzisoxazole,bindingdb,D(2) dopamine receptor,,,Pig,Ki,0.83,
cid:5073,5073,Risperidone,Benzisoxazole,bindingdb,D(2) dopamine receptor,,,Rat,Ki,0.44,
cid:5073,5073,Risperidone,Benzisoxazole,bindingdb,D(3) dopamine receptor,,,Human,IC50,24.0,
cid:5073,5073,Risperidone,Benzisoxazole,bindingdb,D(3) dopamine receptor,,,Rat,Ki,2.8,
cid:5073,5073,Risperidone,Benzisoxazole,bindingdb,D(4) dopamine receptor,,,Human,Ki,0.25,
cid:5073,5073,Risperidone,Benzisoxazole,bindingdb,D(4) dopamine receptor,,,Rat,Ki,7.5,
cid:5073,5073,Risperidone,Benzisoxazole,bindingdb,Gamma-aminobutyric acid receptor subunit alpha-1,,,Rat,Ki,1000.0,
cid:5073,5073,Risperidone,Benzisoxazole,bindingdb,Glycine receptor subunit alpha-1,,,Human,EC50,320.0,
cid:5073,5073,Risperidone,Benzisoxazole,bindingdb,Histamine H1 receptor,,,Guinea pig,Ki,2.6,
cid:5073,5073,Risperidone,Benzisoxazole,bindingdb,Histamine H1 receptor,,,Human,Ki,2.6,
cid:5073,5073,Risperidone,Benzisoxazole,bindingdb,Histamine H1 receptor,,,Rat,IC50,80.0,
cid:5073,5073,Risperidone,Benzisoxazole,bindingdb,Multidrug and toxin extrusion protein 2,,,Human,IC50,291000.0,
cid:5073,5073,Risperidone,Benzisoxazole,bindingdb,Muscarinic acetylcholine receptor M2,,,Human,Ki,3700.0,
cid:5073,5073,Risperidone,Benzisoxazole,bindingdb,Muscarinic acetylcholine receptor M2,,,Rat,Ki,5000.0,
cid:5073,5073,Risperidone,Benzisoxazole,bindingdb,Muscarinic acetylcholine receptor M3,,,Human,Ki,,
cid:5073,5073,Risperidone,Benzisoxazole,bindingdb,Muscarinic acetylcholine receptor M5,,,Human,Ki,,
cid:5073,5073,Risperidone,Benzisoxazole,bindingdb,Norepinephrine transporter,,,Rat,Ki,1000.0,
cid:5073,5073,Risperidone,Benzisoxazole,bindingdb,Potassium voltage-gated channel subfamily H member 2,,,Human,Ki,167.0,
cid:5073,5073,Risperidone,Benzisoxazole,bindingdb,Serotonin 2 (5-HT2) receptor,,,Rat,IC50,0.76,
cid:5073,5073,Risperidone,Benzisoxazole,bindingdb,Serotonin 2 (5-HT2) receptor,,,Rat,Ki,0.2,
cid:5073,5073,Risperidone,Benzisoxazole,bindingdb,Sodium channel protein type 5 subunit alpha,,,Human,IC50,102000.0,
cid:5073,5073,Risperidone,Benzisoxazole,bindingdb,Sodium-dependent dopamine transporter,,,Rat,Ki,1000.0,
cid:5073,5073,Risperidone,Benzisoxazole,bindingdb,Sodium-dependent serotonin transporter,,,Human,Ki,1000.0,
cid:5073,5073,Risperidone,Benzisoxazole,bindingdb,Solute carrier family 22 member 2,,,Human,IC50,11000.0,
cid:5073,5073,Risperidone,Benzisoxazole,bindingdb,Thromboxane A2 receptor,,,Human,Ki,1000.0,
cid:5073,5073,Risperidone,Benzisoxazole,bindingdb,Voltage-dependent L-type calcium channel subunit alpha-1C,,,Guinea pig,IC50,73000.0,
cid:5073,5073,Risperidone,Benzisoxazole,bindingdb,Voltage-gated L-type calcium channel,,,Human,IC50,34200.0,
cid:34755,34755,SAM-e,Nitrogenous_organic_acid,bindingdb,Adenosine receptor A1,,,Rat,Ki,675.0,
cid:34755,34755,SAM-e,Nitrogenous_organic_acid,bindingdb,Adenosine receptor A2a,,,Rat,Ki,2780.0,
cid:34755,34755,SAM-e,Nitrogenous_organic_acid,bindingdb,Histone-arginine methyltransferase CARM1,,,Human,IC50,2.8,
cid:34755,34755,SAM-e,Nitrogenous_organic_acid,bindingdb,Met repressor,,,Escherichia coli,Kd,4.0,
cid:34755,34755,SAM-e,Nitrogenous_organic_acid,bindingdb,Methylosome protein 50/Protein arginine N-methyltransferase 5,,,Human,IC50,793.0,
cid:34755,34755,SAM-e,Nitrogenous_organic_acid,bindingdb,Protein arginine N-methyltransferase 1 [11-371],,,Human,IC50,12000.0,
cid:34755,34755,SAM-e,Nitrogenous_organic_acid,bindingdb,Protein arginine N-methyltransferase 3,,,Human,IC50,5175.0,
cid:34755,34755,SAM-e,Nitrogenous_organic_acid,bindingdb,Protein arginine N-methyltransferase 6,,,Human,IC50,1258.0,
cid:34755,34755,SAM-e,Nitrogenous_organic_acid,bindingdb,Protein arginine N-methyltransferase 7,,,Human,IC50,491.0,
cid:34755,34755,SAM-e,Nitrogenous_organic_acid,bindingdb,S-adenosylmethionine decarboxylase proenzyme,,,Rat,Ki,60000.0,
cid:34755,34755,SAM-e,Nitrogenous_organic_acid,bindingdb,Transmembrane and immunoglobulin domain-containing 3,,,Rat,Ki,2470.0,
cid:128563,128563,Salvinorin A,"Salvinorin, Terpenoid",bindingdb,5-hydroxytryptamine receptor 1A,,,Human,Ki,,
cid:128563,128563,Salvinorin A,"Salvinorin, Terpenoid",bindingdb,5-hydroxytryptamine receptor 1D,,,Human,Ki,,
cid:128563,128563,Salvinorin A,"Salvinorin, Terpenoid",bindingdb,5-hydroxytryptamine receptor 2B,,,Human,Ki,,
cid:128563,128563,Salvinorin A,"Salvinorin, Terpenoid",bindingdb,5-hydroxytryptamine receptor 2C,,,Human,Ki,,
cid:128563,128563,Salvinorin A,"Salvinorin, Terpenoid",bindingdb,5-hydroxytryptamine receptor 3A,,,Human,Ki,,
cid:128563,128563,Salvinorin A,"Salvinorin, Terpenoid",bindingdb,5-hydroxytryptamine receptor 5A,,,Human,Ki,,
cid:128563,128563,Salvinorin A,"Salvinorin, Terpenoid",bindingdb,5-hydroxytryptamine receptor 6,,,Human,Ki,,
cid:128563,128563,Salvinorin A,"Salvinorin, Terpenoid",bindingdb,Beta-1 adrenergic receptor,,,Human,Ki,,
cid:128563,128563,Salvinorin A,"Salvinorin, Terpenoid",bindingdb,Beta-2 adrenergic receptor,,,Human,Ki,,
cid:128563,128563,Salvinorin A,"Salvinorin, Terpenoid",bindingdb,Beta-2 adrenergic receptor,,,Rat,Ki,,
cid:128563,128563,Salvinorin A,"Salvinorin, Terpenoid",bindingdb,"Carnitine O-palmitoyltransferase 2, mitochondrial",,,Human,Ki,,
cid:128563,128563,Salvinorin A,"Salvinorin, Terpenoid",bindingdb,D(1B) dopamine receptor,,,Human,Ki,,
cid:128563,128563,Salvinorin A,"Salvinorin, Terpenoid",bindingdb,D(2) dopamine receptor,,,Human,Ki,,
cid:128563,128563,Salvinorin A,"Salvinorin, Terpenoid",bindingdb,D(3) dopamine receptor,,,Human,Ki,,
cid:128563,128563,Salvinorin A,"Salvinorin, Terpenoid",bindingdb,D(4) dopamine receptor,,,Rat,Ki,,
cid:128563,128563,Salvinorin A,"Salvinorin, Terpenoid",bindingdb,Delta-type opioid receptor,,,Mouse,Ki,,
cid:128563,128563,Salvinorin A,"Salvinorin, Terpenoid",bindingdb,Gamma-aminobutyric acid receptor subunit alpha-1,,,Rat,Ki,,
cid:128563,128563,Salvinorin A,"Salvinorin, Terpenoid",bindingdb,Kappa-type opioid receptor,,,Human,EC50,0.015,
cid:128563,128563,Salvinorin A,"Salvinorin, Terpenoid",bindingdb,Kappa-type opioid receptor,,,Mouse,EC50,6.9,
cid:128563,128563,Salvinorin A,"Salvinorin, Terpenoid",bindingdb,Kappa-type opioid receptor,,,Mouse,Ki,19.0,
cid:128563,128563,Salvinorin A,"Salvinorin, Terpenoid",bindingdb,Kappa-type opioid receptor [D138A],,,Human,EC50,0.3,
cid:128563,128563,Salvinorin A,"Salvinorin, Terpenoid",bindingdb,Kappa-type opioid receptor [D138A],,,Human,Ki,3.5,
cid:128563,128563,Salvinorin A,"Salvinorin, Terpenoid",bindingdb,Kappa-type opioid receptor [D138N],,,Human,EC50,0.03,
cid:128563,128563,Salvinorin A,"Salvinorin, Terpenoid",bindingdb,Kappa-type opioid receptor [E297A],,,Human,Ki,7.2,
cid:128563,128563,Salvinorin A,"Salvinorin, Terpenoid",bindingdb,Kappa-type opioid receptor [H291A],,,Human,EC50,7.2,
cid:128563,128563,Salvinorin A,"Salvinorin, Terpenoid",bindingdb,Kappa-type opioid receptor [H291F],,,Human,Ki,7.8,
cid:128563,128563,Salvinorin A,"Salvinorin, Terpenoid",bindingdb,Kappa-type opioid receptor [I135A],,,Human,Ki,8.3,
cid:128563,128563,Salvinorin A,"Salvinorin, Terpenoid",bindingdb,Kappa-type opioid receptor [I294A],,,Human,EC50,0.087,
cid:128563,128563,Salvinorin A,"Salvinorin, Terpenoid",bindingdb,Kappa-type opioid receptor [I316A],,,Human,EC50,300.0,
cid:128563,128563,Salvinorin A,"Salvinorin, Terpenoid",bindingdb,Kappa-type opioid receptor [K200A],,,Human,EC50,0.093,
cid:128563,128563,Salvinorin A,"Salvinorin, Terpenoid",bindingdb,Kappa-type opioid receptor [K212A],,,Human,EC50,6.2,
cid:128563,128563,Salvinorin A,"Salvinorin, Terpenoid",bindingdb,Kappa-type opioid receptor [M142A],,,Human,EC50,17.0,
cid:128563,128563,Salvinorin A,"Salvinorin, Terpenoid",bindingdb,Kappa-type opioid receptor [M142A],,,Human,Ki,58.0,
cid:128563,128563,Salvinorin A,"Salvinorin, Terpenoid",bindingdb,Kappa-type opioid receptor [M226A],,,Human,Ki,7.2,
cid:128563,128563,Salvinorin A,"Salvinorin, Terpenoid",bindingdb,Kappa-type opioid receptor [Q115A],,,Human,Ki,590.0,
cid:128563,128563,Salvinorin A,"Salvinorin, Terpenoid",bindingdb,Kappa-type opioid receptor [Y119A],,,Human,EC50,3.9,
cid:128563,128563,Salvinorin A,"Salvinorin, Terpenoid",bindingdb,Kappa-type opioid receptor [Y119F],,,Human,Ki,25.0,
cid:128563,128563,Salvinorin A,"Salvinorin, Terpenoid",bindingdb,Kappa-type opioid receptor [Y139A],,,Human,EC50,7.2,
cid:128563,128563,Salvinorin A,"Salvinorin, Terpenoid",bindingdb,Kappa-type opioid receptor [Y139A],,,Human,Ki,26.0,
cid:128563,128563,Salvinorin A,"Salvinorin, Terpenoid",bindingdb,Kappa-type opioid receptor [Y312A],,,Human,EC50,6.2,
cid:128563,128563,Salvinorin A,"Salvinorin, Terpenoid",bindingdb,Kappa-type opioid receptor [Y312F],,,Human,Ki,19.0,
cid:128563,128563,Salvinorin A,"Salvinorin, Terpenoid",bindingdb,Kappa-type opioid receptor [Y313A],,,Human,EC50,8.9,
cid:128563,128563,Salvinorin A,"Salvinorin, Terpenoid",bindingdb,Kappa-type opioid receptor [Y313A],,,Human,Ki,1400.0,
cid:128563,128563,Salvinorin A,"Salvinorin, Terpenoid",bindingdb,Kappa-type opioid receptor [Y320F],,,Human,EC50,21.0,
cid:128563,128563,Salvinorin A,"Salvinorin, Terpenoid",bindingdb,Kappa-type opioid receptor [Y66A],,,Human,Ki,27.0,
cid:128563,128563,Salvinorin A,"Salvinorin, Terpenoid",bindingdb,Metabotropic glutamate receptor 1,,,Human,Ki,,
cid:128563,128563,Salvinorin A,"Salvinorin, Terpenoid",bindingdb,Metabotropic glutamate receptor 4,,,Human,Ki,,
cid:128563,128563,Salvinorin A,"Salvinorin, Terpenoid",bindingdb,Metabotropic glutamate receptor 6,,,Human,Ki,,
cid:128563,128563,Salvinorin A,"Salvinorin, Terpenoid",bindingdb,Mu-type opioid receptor,,,Human,Ki,,
cid:128563,128563,Salvinorin A,"Salvinorin, Terpenoid",bindingdb,Mu-type opioid receptor,,,Rat,Ki,,
cid:128563,128563,Salvinorin A,"Salvinorin, Terpenoid",bindingdb,Muscarinic acetylcholine receptor M1,,,Human,Ki,,
cid:128563,128563,Salvinorin A,"Salvinorin, Terpenoid",bindingdb,Muscarinic acetylcholine receptor M4,,,Human,Ki,,
cid:128563,128563,Salvinorin A,"Salvinorin, Terpenoid",bindingdb,Neuronal acetylcholine receptor subunit alpha-2,,,Human,Ki,,
cid:128563,128563,Salvinorin A,"Salvinorin, Terpenoid",bindingdb,Neuronal acetylcholine receptor subunit alpha-3,,,Human,Ki,,
cid:128563,128563,Salvinorin A,"Salvinorin, Terpenoid",bindingdb,Neuronal acetylcholine receptor subunit alpha-4,,,Rat,Ki,,
cid:128563,128563,Salvinorin A,"Salvinorin, Terpenoid",bindingdb,Sodium-dependent dopamine transporter,,,Bovine,Ki,,
cid:128563,128563,Salvinorin A,"Salvinorin, Terpenoid",bindingdb,Vasopressin V1b receptor,,,Human,Ki,,
cid:44456192,44456192,Salvinorin B methoxymethyl ether,Salvinorin,bindingdb,Delta-type opioid receptor,,,Human,Ki,2840.0,
cid:44456192,44456192,Salvinorin B methoxymethyl ether,Salvinorin,bindingdb,Kappa-type opioid receptor,,,Human,EC50,0.4,
cid:44456192,44456192,Salvinorin B methoxymethyl ether,Salvinorin,bindingdb,Kappa-type opioid receptor,,,Human,Ki,0.6,
cid:44456192,44456192,Salvinorin B methoxymethyl ether,Salvinorin,bindingdb,Mu-type opioid receptor,,,Rat,Ki,,
cid:5202,5202,Serotonin,,bindingdb,5-hydroxytryptamine receptor 1A,,,Human,EC50,0.7,
cid:5202,5202,Serotonin,,bindingdb,5-hydroxytryptamine receptor 1A,,,Human,IC50,1.2,
cid:5202,5202,Serotonin,,bindingdb,5-hydroxytryptamine receptor 1A,,,Human,Kd,3.2,
cid:5202,5202,Serotonin,,bindingdb,5-hydroxytryptamine receptor 1A,,,Human,Ki,0.26,
cid:5202,5202,Serotonin,,bindingdb,5-hydroxytryptamine receptor 1A,,,Mouse,IC50,5.0,
cid:5202,5202,Serotonin,,bindingdb,5-hydroxytryptamine receptor 1A,,,Rat,Ki,0.12,
cid:5202,5202,Serotonin,,bindingdb,5-hydroxytryptamine receptor 1A/1B/1D/1F,,,Rat,IC50,20.0,
cid:5202,5202,Serotonin,,bindingdb,5-hydroxytryptamine receptor 1A/1B/1D/1F,,,Rat,Ki,2.0,
cid:5202,5202,Serotonin,,bindingdb,5-hydroxytryptamine receptor 1B,,,Mouse,Ki,39.81,
cid:5202,5202,Serotonin,,bindingdb,5-hydroxytryptamine receptor 1B,,,Rat,EC50,26.0,
cid:5202,5202,Serotonin,,bindingdb,5-hydroxytryptamine receptor 1B,,,Rat,IC50,4.6,
cid:5202,5202,Serotonin,,bindingdb,5-hydroxytryptamine receptor 1D,,,Dog,Ki,5.01,
cid:5202,5202,Serotonin,,bindingdb,5-hydroxytryptamine receptor 1D,,,Human,IC50,3.0,
cid:5202,5202,Serotonin,,bindingdb,5-hydroxytryptamine receptor 1D,,,Human,Kd,13.0,
cid:5202,5202,Serotonin,,bindingdb,5-hydroxytryptamine receptor 1D,,,Human,Ki,0.5,
cid:5202,5202,Serotonin,,bindingdb,5-hydroxytryptamine receptor 1E,,,Rat,Ki,7.0,
cid:5202,5202,Serotonin,,bindingdb,5-hydroxytryptamine receptor 1F,,,Mouse,Ki,125.89,
cid:5202,5202,Serotonin,,bindingdb,5-hydroxytryptamine receptor 2A,,,Human,EC50,0.27,
cid:5202,5202,Serotonin,,bindingdb,5-hydroxytryptamine receptor 2A,,,Human,IC50,28.0,
cid:5202,5202,Serotonin,,bindingdb,5-hydroxytryptamine receptor 2A,,,Human,Ki,7.77,
cid:5202,5202,Serotonin,,bindingdb,5-hydroxytryptamine receptor 2A,,,Rat,EC50,55.8,
cid:5202,5202,Serotonin,,bindingdb,5-hydroxytryptamine receptor 2B,,,Bovine,Ki,750.0,
cid:5202,5202,Serotonin,,bindingdb,5-hydroxytryptamine receptor 2B,,,Human,EC50,0.070795,
cid:5202,5202,Serotonin,,bindingdb,5-hydroxytryptamine receptor 2B,,,Human,Ki,0.79,
cid:5202,5202,Serotonin,,bindingdb,5-hydroxytryptamine receptor 2B,,,Rat,Ki,10.0,
cid:5202,5202,Serotonin,,bindingdb,5-hydroxytryptamine receptor 2C,,,Rat,EC50,2.8,
cid:5202,5202,Serotonin,,bindingdb,5-hydroxytryptamine receptor 2C,,,Rat,IC50,42.0,
cid:5202,5202,Serotonin,,bindingdb,5-hydroxytryptamine receptor 3A,,,Mouse,Ki,269.15,
cid:5202,5202,Serotonin,,bindingdb,5-hydroxytryptamine receptor 3A,,,Rat,EC50,12000.0,
cid:5202,5202,Serotonin,,bindingdb,5-hydroxytryptamine receptor 4,,,Human,EC50,100.0,
cid:5202,5202,Serotonin,,bindingdb,5-hydroxytryptamine receptor 4,,,Human,IC50,323.0,
cid:5202,5202,Serotonin,,bindingdb,5-hydroxytryptamine receptor 4,,,Mouse,Ki,56.23,
cid:5202,5202,Serotonin,,bindingdb,5-hydroxytryptamine receptor 4,,,Rat,EC50,6.3,
cid:5202,5202,Serotonin,,bindingdb,5-hydroxytryptamine receptor 4,,,Rat,IC50,3.7,
cid:5202,5202,Serotonin,,bindingdb,5-hydroxytryptamine receptor 4,,,Rat,Ki,6.3,
cid:5202,5202,Serotonin,,bindingdb,5-hydroxytryptamine receptor 5A,,,Human,IC50,79.0,
cid:5202,5202,Serotonin,,bindingdb,5-hydroxytryptamine receptor 5A,,,Human,Ki,126.0,
cid:5202,5202,Serotonin,,bindingdb,5-hydroxytryptamine receptor 5A,,,Rat,Ki,239.88,
cid:5202,5202,Serotonin,,bindingdb,5-hydroxytryptamine receptor 6,,,Human,Ki,33.0,
cid:5202,5202,Serotonin,,bindingdb,5-hydroxytryptamine receptor 6,,,Rat,Ki,12.58,
cid:5202,5202,Serotonin,,bindingdb,5-hydroxytryptamine receptor 7,,,Guinea pig,Ki,0.1,
cid:5202,5202,Serotonin,,bindingdb,5-hydroxytryptamine receptor 7,,,Human,EC50,3.7,
cid:5202,5202,Serotonin,,bindingdb,5-hydroxytryptamine receptor 7,,,Human,IC50,0.25,
cid:5202,5202,Serotonin,,bindingdb,5-hydroxytryptamine receptor 7,,,Mouse,Ki,5.01,
cid:5202,5202,Serotonin,,bindingdb,Alpha-1A adrenergic receptor,,,Rat,Ki,18000.0,
cid:5202,5202,Serotonin,,bindingdb,Alpha-2C adrenergic receptor,,,Rat,Ki,,
cid:5202,5202,Serotonin,,bindingdb,Alpha-glucosidase MAL62,,,Baker's yeast,IC50,,
cid:5202,5202,Serotonin,,bindingdb,D(2) dopamine receptor,,,Dog,Ki,,
cid:5202,5202,Serotonin,,bindingdb,D(2) dopamine receptor,,,Human,IC50,0.0,
cid:5202,5202,Serotonin,,bindingdb,Insulin-like growth factor 1 receptor,,,Human,IC50,,
cid:5202,5202,Serotonin,,bindingdb,MAP/microtubule affinity-regulating kinase 4,,,Human,IC50,2990.0,
cid:5202,5202,Serotonin,,bindingdb,Polyphenol oxidase 2,,,White button mushroom,IC50,,
cid:5202,5202,Serotonin,,bindingdb,Prostaglandin G/H synthase 1,,,Human,IC50,,
cid:5202,5202,Serotonin,,bindingdb,Prostaglandin G/H synthase 2,,,Human,IC50,,
cid:5202,5202,Serotonin,,bindingdb,Serotonin 2 (5-HT2) receptor,,,Human,Kd,3162.0,
cid:5202,5202,Serotonin,,bindingdb,Serotonin 2 (5-HT2) receptor,,,Rat,IC50,20.0,
cid:5202,5202,Serotonin,,bindingdb,Sodium-dependent dopamine transporter,,,Human,Ki,,
cid:5202,5202,Serotonin,,bindingdb,Solute carrier family 22 member 2,,,Rat,Ki,242000.0,
cid:5202,5202,Serotonin,,bindingdb,Solute carrier family 22 member 3,,,Rat,IC50,97000.0,
cid:5202,5202,Serotonin,,bindingdb,Synaptic vesicular amine transporter,,,Human,IC50,1430.0,
cid:5202,5202,Serotonin,,bindingdb,Synaptic vesicular amine transporter,,,Mouse,IC50,98.0,
cid:5202,5202,Serotonin,,bindingdb,Trace amine-associated receptor 1,,,Human,EC50,35100.0,
cid:5202,5202,Serotonin,,bindingdb,Vascular endothelial growth factor receptor 2,,,Human,IC50,,
cid:5202,5202,Serotonin,,bindingdb,Vascular endothelial growth factor receptor 3,,,Human,IC50,,
cid:41693,41693,Sufentanil,Anilidopiperidine,bindingdb,ATP-dependent translocase ABCB1,,,Human,IC50,4500.0,
cid:41693,41693,Sufentanil,Anilidopiperidine,bindingdb,Delta-type opioid receptor/Kappa-type opioid receptor/Mu-type opioid receptor/Sigma non-opioid intracellular receptor 1,,,Rat,IC50,2.3,
cid:41693,41693,Sufentanil,Anilidopiperidine,bindingdb,Kappa-type opioid receptor,,,Human,Ki,75.0,
cid:41693,41693,Sufentanil,Anilidopiperidine,bindingdb,Perilipin-1,,,Human,IC50,2092.0,
cid:31014,31014,TMA-2,Substituted_amphetamines,bindingdb,5-hydroxytryptamine receptor 1A,,,Human,Ki,,
cid:31014,31014,TMA-2,Substituted_amphetamines,bindingdb,5-hydroxytryptamine receptor 1D,,,Human,Ki,,
cid:31014,31014,TMA-2,Substituted_amphetamines,bindingdb,5-hydroxytryptamine receptor 2A,,,Rat,Ki,81.0,
cid:31014,31014,TMA-2,Substituted_amphetamines,bindingdb,5-hydroxytryptamine receptor 2B,,,Human,Ki,154.4,
cid:31014,31014,TMA-2,Substituted_amphetamines,bindingdb,5-hydroxytryptamine receptor 2B,,,Rat,Kd,154.88,
cid:31014,31014,TMA-2,Substituted_amphetamines,bindingdb,5-hydroxytryptamine receptor 2C,,,Human,Ki,4062.0,
cid:31014,31014,TMA-2,Substituted_amphetamines,bindingdb,5-hydroxytryptamine receptor 3A,,,Human,Ki,,
cid:31014,31014,TMA-2,Substituted_amphetamines,bindingdb,5-hydroxytryptamine receptor 5A,,,Human,Ki,,
cid:31014,31014,TMA-2,Substituted_amphetamines,bindingdb,5-hydroxytryptamine receptor 6,,,Human,Ki,,
cid:31014,31014,TMA-2,Substituted_amphetamines,bindingdb,Alpha-2A adrenergic receptor,,,Human,Ki,,
cid:31014,31014,TMA-2,Substituted_amphetamines,bindingdb,Alpha-2B adrenergic receptor,,,Human,Ki,,
cid:31014,31014,TMA-2,Substituted_amphetamines,bindingdb,Alpha-2C adrenergic receptor,,,Human,Ki,,
cid:31014,31014,TMA-2,Substituted_amphetamines,bindingdb,Beta-1 adrenergic receptor,,,Human,Ki,,
cid:31014,31014,TMA-2,Substituted_amphetamines,bindingdb,Beta-2 adrenergic receptor,,,Human,Ki,,
cid:31014,31014,TMA-2,Substituted_amphetamines,bindingdb,"Carnitine O-palmitoyltransferase 2, mitochondrial",,,Human,Ki,,
cid:31014,31014,TMA-2,Substituted_amphetamines,bindingdb,D(2) dopamine receptor,,,Human,Ki,,
cid:31014,31014,TMA-2,Substituted_amphetamines,bindingdb,Histamine H3 receptor,,,Human,Ki,,
cid:31014,31014,TMA-2,Substituted_amphetamines,bindingdb,Histamine H4 receptor,,,Human,Ki,,
cid:31014,31014,TMA-2,Substituted_amphetamines,bindingdb,Serotonin 2 (5-HT2) receptor,,,Rat,Ki,1250.0,
cid:31014,31014,TMA-2,Substituted_amphetamines,bindingdb,Sodium-dependent noradrenaline transporter,,,Human,Ki,,
cid:9838022,9838022,Tapentadol,Phenylpropylamine,bindingdb,Mu-type opioid receptor,,,Human,EC50,670.0,
cid:9838022,9838022,Tapentadol,Phenylpropylamine,bindingdb,Mu-type opioid receptor,,,Human,Ki,160.0,
cid:5391,5391,Temazepam,Benzodiazepines,bindingdb,Translocator protein,,,Human,IC50,62500000.0,
cid:16078,16078,Tetrahydrocannabinol,,bindingdb,Cannabinoid receptor 1,,,Human,Ki,2.9,
cid:16078,16078,Tetrahydrocannabinol,,bindingdb,Cannabinoid receptor 1,,,Mouse,EC50,77.0,
cid:16078,16078,Tetrahydrocannabinol,,bindingdb,Cannabinoid receptor 1,,,Rat,EC50,11.0,
cid:16078,16078,Tetrahydrocannabinol,,bindingdb,Cannabinoid receptor 1,,,Rat,IC50,5.8,
cid:16078,16078,Tetrahydrocannabinol,,bindingdb,Cannabinoid receptor 1,,,Rat,Ki,36.0,
cid:16078,16078,Tetrahydrocannabinol,,bindingdb,Cannabinoid receptor 1/2,,,Human,Ki,41.0,
cid:16078,16078,Tetrahydrocannabinol,,bindingdb,Cannabinoid receptor 1/2,,,Rat,Ki,46.0,
cid:16078,16078,Tetrahydrocannabinol,,bindingdb,Cannabinoid receptor 2,,,Human,Ki,3.3,
cid:16078,16078,Tetrahydrocannabinol,,bindingdb,Cannabinoid receptor 2,,,Human,Ki,3.13,
cid:16078,16078,Tetrahydrocannabinol,,bindingdb,"Fatty acid-binding protein, liver",,,Mouse,Ki,1000.0,
cid:16078,16078,Tetrahydrocannabinol,,bindingdb,Fatty-acid amide hydrolase 1,,,Human,IC50,43600.0,
cid:16078,16078,Tetrahydrocannabinol,,bindingdb,L-lactate dehydrogenase A chain,,,Human,Ki,14000.0,
cid:16078,16078,Tetrahydrocannabinol,,bindingdb,Lysophosphatidylserine lipase ABHD12,,,Human,IC50,11600.0,
cid:16078,16078,Tetrahydrocannabinol,,bindingdb,Monoglyceride lipase,,,Human,IC50,,
cid:16078,16078,Tetrahydrocannabinol,,bindingdb,N-arachidonyl glycine receptor,,,Human,EC50,4610.0,
cid:16078,16078,Tetrahydrocannabinol,,bindingdb,Nuclear receptor subfamily 1 group I member 2,,,Human,EC50,12600.0,
cid:16078,16078,Tetrahydrocannabinol,,bindingdb,Transient receptor potential cation channel subfamily A member 1,,,Rat,EC50,230.0,
cid:6453074,6453074,Tetrahydrocannabiphorol,,bindingdb,Cannabinoid receptor 1,,,Human,Ki,1.2,
cid:5487,5487,Tizanidine,"Imidazoline, Arylaminoimidazoline",bindingdb,Alpha-2C adrenergic receptor,,,OK,Ki,75.0,
cid:5487,5487,Tizanidine,"Imidazoline, Arylaminoimidazoline",bindingdb,ATP-binding cassette sub-family C member 2,,,Human,IC50,,
cid:5487,5487,Tizanidine,"Imidazoline, Arylaminoimidazoline",bindingdb,ATP-binding cassette sub-family C member 4,,,Human,IC50,,
cid:5487,5487,Tizanidine,"Imidazoline, Arylaminoimidazoline",bindingdb,Bile salt export pump,,,Human,IC50,,
cid:33741,33741,Tramadol,Phenylpropylamine,bindingdb,Delta-type opioid receptor,,,Human,Ki,9.4,
cid:33741,33741,Tramadol,Phenylpropylamine,bindingdb,Kappa-type opioid receptor,,,Human,Ki,14.0,
cid:33741,33741,Tramadol,Phenylpropylamine,bindingdb,Mu-type opioid receptor,,,Human,EC50,1000.0,
cid:33741,33741,Tramadol,Phenylpropylamine,bindingdb,Mu-type opioid receptor,,,Human,IC50,5300.0,
cid:33741,33741,Tramadol,Phenylpropylamine,bindingdb,Mu-type opioid receptor,,,Rat,Ki,2400.0,
cid:33741,33741,Tramadol,Phenylpropylamine,bindingdb,Sodium-dependent serotonin transporter,,,Human,IC50,1100.0,
cid:5572,5572,Trihexyphenidyl,,bindingdb,Alpha-1A adrenergic receptor,,,Rat,Ki,5000.0,
cid:5572,5572,Trihexyphenidyl,,bindingdb,Muscarinic acetylcholine receptor,,,Rabbit,Ki,1.95,
cid:5572,5572,Trihexyphenidyl,,bindingdb,Muscarinic acetylcholine receptor M1,,,Rat,Ki,0.74,
cid:5572,5572,Trihexyphenidyl,,bindingdb,Muscarinic acetylcholine receptor M2,,,Human,IC50,19.0,
cid:5572,5572,Trihexyphenidyl,,bindingdb,Muscarinic acetylcholine receptor M3,,,Human,Ki,2.45,
cid:5572,5572,Trihexyphenidyl,,bindingdb,Muscarinic acetylcholine receptor M3,,,Rat,Ki,2.95,
cid:5572,5572,Trihexyphenidyl,,bindingdb,Muscarinic acetylcholine receptor M4,,,Chicken,Ki,1.95,
cid:5572,5572,Trihexyphenidyl,,bindingdb,Muscarinic acetylcholine receptor M5,,,Human,IC50,10.0,
cid:6057,6057,Tyrosine,"Substituted_phenethylamines, Amino_acid",bindingdb,Glutamate carboxypeptidase 2,,,Human,IC50,100000.0,
cid:6057,6057,Tyrosine,"Substituted_phenethylamines, Amino_acid",bindingdb,Tubulin--tyrosine ligase,,,Human,Ki,25000.0,
cid:6057,6057,Tyrosine,"Substituted_phenethylamines, Amino_acid",bindingdb,Xanthine dehydrogenase/oxidase,,,Human,IC50,,
cid:71719125,71719125,U-47700,Benzamide,bindingdb,Mu-type opioid receptor,,,Mouse,Ki,52.0,
cid:5732,5732,Zolpidem,Imidazopyridine,bindingdb,Albumin,,,Human,Kd,63000.0,
cid:5732,5732,Zolpidem,Imidazopyridine,bindingdb,ATP-binding cassette sub-family C member 4,,,Human,IC50,,
cid:5732,5732,Zolpidem,Imidazopyridine,bindingdb,Gamma-aminobutyric acid receptor subunit alpha-1,,,Rat,Ki,5.0,
cid:5732,5732,Zolpidem,Imidazopyridine,bindingdb,"Gamma-aminobutyric acid receptor subunit alpha-1 [28-456]/beta-2 [26-512]/gamma-2 [40-200],P14867[176-456]",,,Human,Ki,427.0,
cid:5732,5732,Zolpidem,Imidazopyridine,bindingdb,"Gamma-aminobutyric acid receptor subunit alpha-1 [28-456]/beta-2 [26-512]/gamma-2 [40-467,L179C]",,,Human,Ki,63.1,
cid:5732,5732,Zolpidem,Imidazopyridine,bindingdb,"Gamma-aminobutyric acid receptor subunit alpha-1 [28-456]/beta-2 [26-512]/gamma-2 [40-467,M169C]",,,Human,Ki,15.5,
cid:5732,5732,Zolpidem,Imidazopyridine,bindingdb,Gamma-aminobutyric acid receptor subunit alpha-1 [28-456]/beta-2 [26-512]/gamma-2 [40-467],,,Human,Ki,61.9,
cid:5732,5732,Zolpidem,Imidazopyridine,bindingdb,Gamma-aminobutyric acid receptor subunit alpha-1 [A160C]/beta-2 [26-512]/gamma-2 [40-467],,,Human,Ki,81.4,
cid:5732,5732,Zolpidem,Imidazopyridine,bindingdb,Gamma-aminobutyric acid receptor subunit alpha-1 [F99C]/beta-2 [26-512]/gamma-2 [40-467],,,Human,Ki,180.0,
cid:5732,5732,Zolpidem,Imidazopyridine,bindingdb,Gamma-aminobutyric acid receptor subunit alpha-1 [S204C]/beta-2 [26-512]/gamma-2 [40-467],,,Human,Ki,433.0,
cid:5732,5732,Zolpidem,Imidazopyridine,bindingdb,Gamma-aminobutyric acid receptor subunit alpha-1 [T206C]/beta-2 [26-512]/gamma-2 [40-467],,,Human,Ki,76.4,
cid:5732,5732,Zolpidem,Imidazopyridine,bindingdb,Gamma-aminobutyric acid receptor subunit alpha-1 [V202C]/beta-2 [26-512]/gamma-2 [40-467],,,Human,Ki,556.0,
cid:5732,5732,Zolpidem,Imidazopyridine,bindingdb,Gamma-aminobutyric acid receptor subunit alpha-1/beta-2/gamma-2,,,Human,Ki,53.0,
cid:5732,5732,Zolpidem,Imidazopyridine,bindingdb,Gamma-aminobutyric acid receptor subunit alpha-1/beta-3/gamma-2,,,Human,Ki,27.0,
cid:5732,5732,Zolpidem,Imidazopyridine,bindingdb,Gamma-aminobutyric acid receptor subunit alpha-2,,,Human,EC50,737.0,
cid:5732,5732,Zolpidem,Imidazopyridine,bindingdb,Gamma-aminobutyric acid receptor subunit alpha-2 [29-451]/beta-2 [26-512]/gamma-2 [40-467],,,Human,Ki,408.0,
cid:5732,5732,Zolpidem,Imidazopyridine,bindingdb,Gamma-aminobutyric acid receptor subunit alpha-3,,,Human,EC50,,
cid:5732,5732,Zolpidem,Imidazopyridine,bindingdb,Gamma-aminobutyric acid receptor subunit alpha-3,,,Human,Ki,400.0,
cid:5732,5732,Zolpidem,Imidazopyridine,bindingdb,Gamma-aminobutyric acid receptor subunit alpha-3,,,Rat,Ki,8.0,
cid:5732,5732,Zolpidem,Imidazopyridine,bindingdb,Gamma-aminobutyric acid receptor subunit alpha-3 [29-492]/beta-2 [26-512]/gamma-2 [40-467],,,Human,Ki,975.0,
cid:5732,5732,Zolpidem,Imidazopyridine,bindingdb,Gamma-aminobutyric acid receptor subunit alpha-3/beta-2/gamma-2,,,Rat,Ki,383.0,
cid:5732,5732,Zolpidem,Imidazopyridine,bindingdb,Gamma-aminobutyric acid receptor subunit alpha-4,,,Human,Ki,,
cid:5732,5732,Zolpidem,Imidazopyridine,bindingdb,Gamma-aminobutyric acid receptor subunit alpha-5,,,Human,EC50,,
cid:5732,5732,Zolpidem,Imidazopyridine,bindingdb,Gamma-aminobutyric acid receptor subunit alpha-5,,,Rat,Ki,35.0,
cid:5732,5732,Zolpidem,Imidazopyridine,bindingdb,Gamma-aminobutyric acid receptor subunit alpha-5 [32-462]/beta-2 [26-512]/gamma-2 [40-467],,,Human,Ki,,
cid:5732,5732,Zolpidem,Imidazopyridine,bindingdb,Gamma-aminobutyric acid receptor subunit alpha-6,,,Human,Ki,,
cid:5732,5732,Zolpidem,Imidazopyridine,bindingdb,Gamma-aminobutyric acid receptor subunit alpha-6 [20-453]/beta-2 [26-512]/gamma-2 [40-467],,,Human,Ki,,
cid:5732,5732,Zolpidem,Imidazopyridine,bindingdb,Translocator protein,,,Rat,IC50,4700.0,
cid:64961,64961,Beta-Carboline,,bindingdb,Acetylcholinesterase,,,Human,IC50,,
cid:64961,64961,Beta-Carboline,,bindingdb,Amine oxidase [flavin-containing] B,,,Human,Ki,1120.0,
cid:64961,64961,Beta-Carboline,,bindingdb,DNA topoisomerase 1,,,Human,IC50,31000.0,
cid:64961,64961,Beta-Carboline,,bindingdb,"Indoleamine 2,3-dioxygenase 1",,,Human,IC50,90000.0,
cid:64961,64961,Beta-Carboline,,bindingdb,Inhibitor of nuclear factor kappa-B kinase subunit alpha,,,Human,IC50,15000.0,
cid:64961,64961,Beta-Carboline,,bindingdb,Rho-associated protein kinase 2,,,Human,IC50,,
cid:9287,9287,ΑMT,Substituted_tryptamines,bindingdb,5-hydroxytryptamine receptor 1A,,,Rat,Ki,530.0,
cid:9287,9287,ΑMT,Substituted_tryptamines,bindingdb,Acetylcholine receptor subunit alpha/Neuronal acetylcholine receptor subunit beta-2,,,Human,Ki,,
cid:9287,9287,ΑMT,Substituted_tryptamines,bindingdb,Acetylcholine receptor subunit alpha/Neuronal acetylcholine receptor subunit beta-4,,,Human,Ki,,
cid:9287,9287,ΑMT,Substituted_tryptamines,bindingdb,Histamine H1 receptor,,,Human,Ki,,
cid:9287,9287,ΑMT,Substituted_tryptamines,bindingdb,Histamine H2 receptor,,,Human,Ki,,
cid:9287,9287,ΑMT,Substituted_tryptamines,bindingdb,Neuronal acetylcholine receptor subunit alpha-4/beta-2,,,Human,Ki,,
cid:9287,9287,ΑMT,Substituted_tryptamines,bindingdb,Sigma non-opioid intracellular receptor 1,,,Guinea pig,Ki,,
cid:9287,9287,ΑMT,Substituted_tryptamines,bindingdb,Transporter,,,Rat,EC50,112.0,
