substance_id,cid,substance_name,substance_class,source,target_name,gene,species,ki_nm,reference,reference_source
cid:62787,62787,"2,5-DMA",Amphetamine,pdsp,5-HT2A,HTR2A,UNDEFINED,5200.0,"Runyon SP et al., 2008",UNDEFINED
cid:76310,76310,2-Aminoindane,Aminoindane,pdsp,5-HT1A,HTR1A,HUMAN,10000.0,Halberstadt Adam L et al 2019,CLONED
cid:76310,76310,2-Aminoindane,Aminoindane,pdsp,5-HT1B,HTR1B,HUMAN,10000.0,Halberstadt Adam L et al 2019,CLONED
cid:76310,76310,2-Aminoindane,Aminoindane,pdsp,5-HT1D,HTR1D,HUMAN,10000.0,Halberstadt Adam L et al 2019,CLONED
cid:76310,76310,2-Aminoindane,Aminoindane,pdsp,5-HT1E,HTR1E,HUMAN,10000.0,Halberstadt Adam L et al 2019,CLONED
cid:76310,76310,2-Aminoindane,Aminoindane,pdsp,5-HT2A,HTR2A,HUMAN,10000.0,Halberstadt Adam L et al 2019,CLONED
cid:76310,76310,2-Aminoindane,Aminoindane,pdsp,5-HT2B,HTR2B,HUMAN,10000.0,Halberstadt Adam L et al 2019,CLONED
cid:76310,76310,2-Aminoindane,Aminoindane,pdsp,5-HT2C,HTR2C,HUMAN,10000.0,Halberstadt Adam L et al 2019,CLONED
cid:76310,76310,2-Aminoindane,Aminoindane,pdsp,5-HT5a,HTR5A,HUMAN,10000.0,Halberstadt Adam L et al 2019,CLONED
cid:76310,76310,2-Aminoindane,Aminoindane,pdsp,5-HT6,HTR6,HUMAN,10000.0,Halberstadt Adam L et al 2019,CLONED
cid:76310,76310,2-Aminoindane,Aminoindane,pdsp,5-HT7,HTR7,HUMAN,10000.0,Halberstadt Adam L et al 2019,CLONED
cid:76310,76310,2-Aminoindane,Aminoindane,pdsp,alpha1A,,HUMAN,10000.0,Halberstadt Adam L et al 2019,CLONED
cid:76310,76310,2-Aminoindane,Aminoindane,pdsp,alpha1B,,HUMAN,10000.0,Halberstadt Adam L et al 2019,CLONED
cid:76310,76310,2-Aminoindane,Aminoindane,pdsp,Alpha1D,,HUMAN,10000.0,Halberstadt Adam L et al 2019,CLONED
cid:76310,76310,2-Aminoindane,Aminoindane,pdsp,Alpha2A,,HUMAN,134.0,Halberstadt Adam L et al 2019,CLONED
cid:76310,76310,2-Aminoindane,Aminoindane,pdsp,Alpha2B,,HUMAN,211.0,Halberstadt Adam L et al 2019,CLONED
cid:76310,76310,2-Aminoindane,Aminoindane,pdsp,Alpha2C,,HUMAN,41.0,Halberstadt Adam L et al 2019,CLONED
cid:76310,76310,2-Aminoindane,Aminoindane,pdsp,beta1,,HUMAN,10000.0,Halberstadt Adam L et al 2019,HEART
cid:76310,76310,2-Aminoindane,Aminoindane,pdsp,Beta 2,,HUMAN,10000.0,Halberstadt Adam L et al 2019,CLONED
cid:76310,76310,2-Aminoindane,Aminoindane,pdsp,beta3,,HUMAN,10000.0,Halberstadt Adam L et al 2019,CLONED
cid:76310,76310,2-Aminoindane,Aminoindane,pdsp,D1,,HUMAN,10000.0,Halberstadt Adam L et al 2019,CLONED
cid:76310,76310,2-Aminoindane,Aminoindane,pdsp,D2,,HUMAN,10000.0,Halberstadt Adam L et al 2019,CLONED
cid:76310,76310,2-Aminoindane,Aminoindane,pdsp,D3,,HUMAN,10000.0,Halberstadt Adam L et al 2019,CLONED
cid:76310,76310,2-Aminoindane,Aminoindane,pdsp,D4,,HUMAN,10000.0,Halberstadt Adam L et al 2019,CLONED
cid:76310,76310,2-Aminoindane,Aminoindane,pdsp,D5,,HUMAN,10000.0,Halberstadt Adam L et al 2019,CLONED
cid:76310,76310,2-Aminoindane,Aminoindane,pdsp,DAT,,HUMAN,10000.0,Halberstadt Adam L et al 2019,CLONED
cid:76310,76310,2-Aminoindane,Aminoindane,pdsp,Norepinephrine transporter,,HUMAN,10000.0,Halberstadt Adam L et al 2019,CLONED
cid:76310,76310,2-Aminoindane,Aminoindane,pdsp,SERT,,HUMAN,10000.0,Halberstadt Adam L et al 2019,CLONED
cid:76310,76310,2-Aminoindane,Aminoindane,pdsp,Sigma 1,,RAT,10000.0,Halberstadt Adam L et al 2019,BRAIN
cid:76310,76310,2-Aminoindane,Aminoindane,pdsp,Sigma 2,,RAT,10000.0,Halberstadt Adam L et al 2019,PC12
cid:9837232,9837232,5-APB,"Substituted_amphetamines, Substituted_benzofurans",pdsp,Norepinephrine transporter,,HUMAN,180.0,"Iversen l., et al., 2012",CLONED
cid:9837232,9837232,5-APB,"Substituted_amphetamines, Substituted_benzofurans",pdsp,Dopamine Transporter,SLC6A3,HUMAN,265.0,"Iversen l., et al., 2012",CLONED
cid:9837232,9837232,5-APB,"Substituted_amphetamines, Substituted_benzofurans",pdsp,5-HT Transporter,SLC6A4,HUMAN,811.0,"Iversen l., et al., 2012",CLONED
cid:9837232,9837232,5-APB,"Substituted_amphetamines, Substituted_benzofurans",pdsp,5-HT2B,HTR2B,HUMAN,14.0,"Iversen l., et al., 2012",CLONED
cid:9837232,9837232,5-APB,"Substituted_amphetamines, Substituted_benzofurans",pdsp,5-HT2,,HUMAN,527.0,"Iversen l., et al., 2012",CLONED
cid:9837232,9837232,5-APB,"Substituted_amphetamines, Substituted_benzofurans",pdsp,5-HT7,HTR7,HUMAN,1060.0,"Iversen l., et al., 2012",CLONED
cid:9837232,9837232,5-APB,"Substituted_amphetamines, Substituted_benzofurans",pdsp,5-HT1A,HTR1A,HUMAN,3793.0,"Iversen l., et al., 2012",CLONED
cid:9837232,9837232,5-APB,"Substituted_amphetamines, Substituted_benzofurans",pdsp,5-HT1D,HTR1D,HUMAN,5085.0,"Iversen l., et al., 2012",CLONED
cid:9837232,9837232,5-APB,"Substituted_amphetamines, Substituted_benzofurans",pdsp,5-HT2A,HTR2A,HUMAN,2184.0,"Iversen l., et al., 2012",CLONED
cid:9837232,9837232,5-APB,"Substituted_amphetamines, Substituted_benzofurans",pdsp,adrenergic Alpha2A,ADRA2A,HUMAN,1958.0,"Iversen l., et al., 2012",CLONED
cid:9837232,9837232,5-APB,"Substituted_amphetamines, Substituted_benzofurans",pdsp,adrenergic Alpha2B,ADRA2B,HUMAN,693.0,"Iversen l., et al., 2012",CLONED
cid:9837232,9837232,5-APB,"Substituted_amphetamines, Substituted_benzofurans",pdsp,adrenergic Alpha2C,ADRA2C,HUMAN,492.0,"Iversen l., et al., 2012",CLONED
cid:9837232,9837232,5-APB,"Substituted_amphetamines, Substituted_benzofurans",pdsp,DOPAMINE D4,DRD4,HUMAN,4065.0,"Iversen l., et al., 2012",CLONED
cid:9837232,9837232,5-APB,"Substituted_amphetamines, Substituted_benzofurans",pdsp,Norepinephrine transporter,,HUMAN,2383.0,"Iversen l., et al., 2012",CLONED
cid:9837232,9837232,5-APB,"Substituted_amphetamines, Substituted_benzofurans",pdsp,Norepinephrine transporter,,HUMAN,85.0,"Iversen l., et al., 2012",CLONED
cid:9837232,9837232,5-APB,"Substituted_amphetamines, Substituted_benzofurans",pdsp,Serotonin,Serotonin,HUMAN,552.0,"Iversen l., et al., 2012",CLONED
cid:1832,1832,5-MeO-DMT,Substituted_tryptamines,pdsp,5-HT2C,HTR2C,PIG,100.0,"HOYER, 1988 or 9 (book)",Choroid Plexus
cid:1832,1832,5-MeO-DMT,Substituted_tryptamines,pdsp,5-HT2C,HTR2C,PIG,87.1,"HOYER, 1988",Choroid Plexus
cid:1832,1832,5-MeO-DMT,Substituted_tryptamines,pdsp,5-HT2C,HTR2C,PIG,100.0,"HOYER ET AL., 1989",Choroid Plexus
cid:1832,1832,5-MeO-DMT,Substituted_tryptamines,pdsp,5-HT1B,HTR1B,RAT,320.0,"PEROUTKA, 1986",CORTEX
cid:1832,1832,5-MeO-DMT,Substituted_tryptamines,pdsp,5-HT1B,HTR1B,RAT,351.0,"OFFORD ET AL., 1988",CORTEX
cid:1832,1832,5-MeO-DMT,Substituted_tryptamines,pdsp,5-HT1D,HTR1D,BOVINE,77.14,"PEROUTKA, 1985",STRIATUM
cid:1832,1832,5-MeO-DMT,Substituted_tryptamines,pdsp,5-HT1D,HTR1D,CALF,28.8,"WAEBER ET AL., 1988",CAUDATE
cid:1832,1832,5-MeO-DMT,Substituted_tryptamines,pdsp,5-HT1D,HTR1D,PIG,66.1,"WAEBER ET AL., 1988",CAUDATE
cid:1832,1832,5-MeO-DMT,Substituted_tryptamines,pdsp,5-HT2A,HTR2A,HUMAN,207.0,"SADZOT ET AL., 1989",CORTEX
cid:1832,1832,5-MeO-DMT,Substituted_tryptamines,pdsp,5-HT2A,HTR2A,BOVINE,390.0,"MCKENNA, ET AL., 1989",CORTEX
cid:1832,1832,5-MeO-DMT,Substituted_tryptamines,pdsp,5-HT2A,HTR2A,RAT,600.0,"LYON ET AL., 1988",CORTEX
cid:1832,1832,5-MeO-DMT,Substituted_tryptamines,pdsp,5-HT2A,HTR2A,RAT,600.0,"LYON ET AL., 1988",CORTEX
cid:1832,1832,5-MeO-DMT,Substituted_tryptamines,pdsp,5-HT2A,HTR2A,RAT,616.0,"LYON ET AL., 1987",CORTEX
cid:1832,1832,5-MeO-DMT,Substituted_tryptamines,pdsp,5-HT2A,HTR2A,RAT,617.0,"HOYER, 1988 (TIPS)",CORTEX
cid:1832,1832,5-MeO-DMT,Substituted_tryptamines,pdsp,5-HT2A,HTR2A,RAT,620.0,"GLENNON ET AL., 1988",CORTEX
cid:1832,1832,5-MeO-DMT,Substituted_tryptamines,pdsp,5-HT2B,HTR2B,BOVINE,1300.0,"MCKENNA & PEROUTKA, 1989",CORTEX
cid:1832,1832,5-MeO-DMT,Substituted_tryptamines,pdsp,5-HT7,HTR7,RAT,20.9,"SHEN Y, ET AL., 1993",CLONED
cid:1832,1832,5-MeO-DMT,Substituted_tryptamines,pdsp,5-HT7,HTR7,RAT,8.26,"SHEN Y, ET AL., 1993",CLONED
cid:1832,1832,5-MeO-DMT,Substituted_tryptamines,pdsp,5-HT6,HTR6,RAT,79.8,"MONSMA FJ Jr. ET AL., 1993",CLONED
cid:1832,1832,5-MeO-DMT,Substituted_tryptamines,pdsp,5-HT1E,HTR1E,HUMAN,528.0,"ZGOMBICK JM, ET AL., 1992",CLONED
cid:1832,1832,5-MeO-DMT,Substituted_tryptamines,pdsp,5-HT1F,HTR1F,HUMAN,37.0,"Adham N, et al., 1992",CLONED
cid:1832,1832,5-MeO-DMT,Substituted_tryptamines,pdsp,5-HT1D,HTR1D,Dog,5.12,"BOESS FG, ET AL., 1994",CLONED
cid:1832,1832,5-MeO-DMT,Substituted_tryptamines,pdsp,5-HT1B,HTR1B,HUMAN,23.44,"BOESS FG, ET AL., 1994",CLONED
cid:1832,1832,5-MeO-DMT,Substituted_tryptamines,pdsp,5-HT1E,HTR1E,HUMAN,524.8,"BOESS FG, ET AL., 1994",CLONED
cid:1832,1832,5-MeO-DMT,Substituted_tryptamines,pdsp,5-HT1F,HTR1F,HUMAN,37.15,"BOESS FG, ET AL., 1994",CLONED
cid:1832,1832,5-MeO-DMT,Substituted_tryptamines,pdsp,5-HT6,HTR6,RAT,79.43,"BOESS FG, ET AL., 1994",CLONED
cid:1832,1832,5-MeO-DMT,Substituted_tryptamines,pdsp,5-HT7,HTR7,RAT,20.89,"BOESS FG, ET AL., 1994",CLONED
cid:1832,1832,5-MeO-DMT,Substituted_tryptamines,pdsp,5-HT7,HTR7,RAT,8.31,"BOESS FG, ET AL., 1994",CLONED
cid:1832,1832,5-MeO-DMT,Substituted_tryptamines,pdsp,5-HT2A,HTR2A,HUMAN,1325.0,"Egan C, et.al., 2000",CLONED
cid:1832,1832,5-MeO-DMT,Substituted_tryptamines,pdsp,5-HT2A,HTR2A,HUMAN,90.0,"Egan C, et.al., 2000",CLONED
cid:1832,1832,5-MeO-DMT,Substituted_tryptamines,pdsp,5-HT6,HTR6,HUMAN,78.0,"Glennon RA, et.al., 2000",CLONED
cid:1832,1832,5-MeO-DMT,Substituted_tryptamines,pdsp,5-HT2A,HTR2A,RAT,14.0,"MCKENNA & PEROUTKA, 1989",CORTEX
cid:1832,1832,5-MeO-DMT,Substituted_tryptamines,pdsp,5-HT1A,HTR1A,HUMAN,1.9,Ray TS 2010,CLONED
cid:1832,1832,5-MeO-DMT,Substituted_tryptamines,pdsp,5-HT1B,HTR1B,HUMAN,74.0,Ray TS 2010,CLONED
cid:1832,1832,5-MeO-DMT,Substituted_tryptamines,pdsp,5-HT1D,HTR1D,HUMAN,6.3,Ray TS 2010,CLONED
cid:1832,1832,5-MeO-DMT,Substituted_tryptamines,pdsp,5-HT1E,HTR1E,HUMAN,360.2,Ray TS 2010,CLONED
cid:1832,1832,5-MeO-DMT,Substituted_tryptamines,pdsp,5-HT2A,HTR2A,HUMAN,2011.0,Ray TS 2010,CLONED
cid:1832,1832,5-MeO-DMT,Substituted_tryptamines,pdsp,5-HT2B,HTR2B,HUMAN,3884.0,Ray TS 2010,CLONED
cid:1832,1832,5-MeO-DMT,Substituted_tryptamines,pdsp,5-HT2C,HTR2C,HUMAN,538.0,Ray TS 2010,CLONED
cid:1832,1832,5-MeO-DMT,Substituted_tryptamines,pdsp,5-HT5a,HTR5A,HUMAN,276.6,Ray TS 2010,CLONED
cid:1832,1832,5-MeO-DMT,Substituted_tryptamines,pdsp,5-HT6,HTR6,HUMAN,35.5,Ray TS 2010,CLONED
cid:1832,1832,5-MeO-DMT,Substituted_tryptamines,pdsp,5-HT7,HTR7,HUMAN,3.9,Ray TS 2010,CLONED
cid:1832,1832,5-MeO-DMT,Substituted_tryptamines,pdsp,D1,,HUMAN,79.5,Ray TS 2010,CLONED
cid:1832,1832,5-MeO-DMT,Substituted_tryptamines,pdsp,D2,,HUMAN,3562.0,Ray TS 2010,CLONED
cid:1832,1832,5-MeO-DMT,Substituted_tryptamines,pdsp,D3,,HUMAN,497.6,Ray TS 2010,CLONED
cid:1832,1832,5-MeO-DMT,Substituted_tryptamines,pdsp,D4,,HUMAN,3120.0,Ray TS 2010,CLONED
cid:1832,1832,5-MeO-DMT,Substituted_tryptamines,pdsp,D5,,HUMAN,10000.0,Ray TS 2010,CLONED
cid:1832,1832,5-MeO-DMT,Substituted_tryptamines,pdsp,alpha1A,,HUMAN,10000.0,Ray TS 2010,CLONED
cid:1832,1832,5-MeO-DMT,Substituted_tryptamines,pdsp,alpha1B,,HUMAN,10000.0,Ray TS 2010,CLONED
cid:1832,1832,5-MeO-DMT,Substituted_tryptamines,pdsp,Alpha2A,,HUMAN,1890.0,Ray TS 2010,CLONED
cid:1832,1832,5-MeO-DMT,Substituted_tryptamines,pdsp,Alpha2B,,HUMAN,2640.0,Ray TS 2010,CLONED
cid:1832,1832,5-MeO-DMT,Substituted_tryptamines,pdsp,Alpha2C,,HUMAN,508.1,Ray TS 2010,CLONED
cid:1832,1832,5-MeO-DMT,Substituted_tryptamines,pdsp,Beta 1,,HUMAN,10000.0,Ray TS 2010,CLONED
cid:1832,1832,5-MeO-DMT,Substituted_tryptamines,pdsp,Beta 2,,HUMAN,10000.0,Ray TS 2010,CLONED
cid:1832,1832,5-MeO-DMT,Substituted_tryptamines,pdsp,SERT,,HUMAN,2032.0,Ray TS 2010,CLONED
cid:1832,1832,5-MeO-DMT,Substituted_tryptamines,pdsp,Norepinephrine transporter,,HUMAN,2859.0,Ray TS 2010,CLONED
cid:1832,1832,5-MeO-DMT,Substituted_tryptamines,pdsp,Imidazoline 1,,HUMAN,2498.0,Ray TS 2010,CLONED
cid:1832,1832,5-MeO-DMT,Substituted_tryptamines,pdsp,Sigma-1,,HUMAN,10000.0,Ray TS 2010,CLONED
cid:1832,1832,5-MeO-DMT,Substituted_tryptamines,pdsp,Sigma-2,,HUMAN,10000.0,Ray TS 2010,CLONED
cid:1832,1832,5-MeO-DMT,Substituted_tryptamines,pdsp,KOR,,HUMAN,10000.0,Ray TS 2010,CLONED
cid:1832,1832,5-MeO-DMT,Substituted_tryptamines,pdsp,"Cholinergic, muscarinic M1",CHRM1,HUMAN,10000.0,Ray TS 2010,CLONED
cid:1832,1832,5-MeO-DMT,Substituted_tryptamines,pdsp,"Cholinergic, muscarinic M2",CHRM2,HUMAN,10000.0,Ray TS 2010,CLONED
cid:1832,1832,5-MeO-DMT,Substituted_tryptamines,pdsp,"Cholinergic, muscarinic M3",CHRM3,HUMAN,10000.0,Ray TS 2010,CLONED
cid:1832,1832,5-MeO-DMT,Substituted_tryptamines,pdsp,"Cholinergic, muscarinic M4",CHRM4,HUMAN,10000.0,Ray TS 2010,CLONED
cid:1832,1832,5-MeO-DMT,Substituted_tryptamines,pdsp,"Cholinergic, muscarinic M5",CHRM5,HUMAN,10000.0,Ray TS 2010,CLONED
cid:1832,1832,5-MeO-DMT,Substituted_tryptamines,pdsp,H2,,HUMAN,10000.0,Ray TS 2010,CLONED
cid:1832,1832,5-MeO-DMT,Substituted_tryptamines,pdsp,CB1,,HUMAN,10000.0,Ray TS 2010,CLONED
cid:1832,1832,5-MeO-DMT,Substituted_tryptamines,pdsp,CB2,,HUMAN,10000.0,Ray TS 2010,CLONED
cid:1832,1832,5-MeO-DMT,Substituted_tryptamines,pdsp,Calcium channel,,HUMAN,10000.0,Ray TS 2010,CLONED
cid:1832,1832,5-MeO-DMT,Substituted_tryptamines,pdsp,NMDA,,RAT,10000.0,Ray TS 2010,CORTICAL MEMBRANES
cid:1832,1832,5-MeO-DMT,Substituted_tryptamines,pdsp,5-HT3,HTR3A,HUMAN,10000.0,Ray TS 2010,CLONED
cid:1832,1832,5-MeO-DMT,Substituted_tryptamines,pdsp,GABA A,,RAT,10000.0,Ray TS 2010,CORTICAL MEMBRANES
cid:1832,1832,5-MeO-DMT,Substituted_tryptamines,pdsp,BZP Rat Brain,,RAT,10000.0,Ray TS 2010,CORTICAL MEMBRANES
cid:9794343,9794343,6-APB,"Substituted_amphetamines, Substituted_benzofurans",pdsp,Norepinephrine transporter,,HUMAN,117.0,"Iversen l., et al., 2012",CLONED
cid:9794343,9794343,6-APB,"Substituted_amphetamines, Substituted_benzofurans",pdsp,Dopamine Transporter,SLC6A3,HUMAN,150.0,"Iversen l., et al., 2012",CLONED
cid:9794343,9794343,6-APB,"Substituted_amphetamines, Substituted_benzofurans",pdsp,5-HT Transporter,SLC6A4,HUMAN,2698.0,"Iversen l., et al., 2012",CLONED
cid:9794343,9794343,6-APB,"Substituted_amphetamines, Substituted_benzofurans",pdsp,5-HT2A,HTR2A,HUMAN,1927.0,"Iversen l., et al., 2012",CLONED
cid:9794343,9794343,6-APB,"Substituted_amphetamines, Substituted_benzofurans",pdsp,5-HT1A,HTR1A,HUMAN,1284.0,"Iversen l., et al., 2012",CLONED
cid:9794343,9794343,6-APB,"Substituted_amphetamines, Substituted_benzofurans",pdsp,5-HT2B,HTR2B,HUMAN,3.6,"Iversen l., et al., 2012",CLONED
cid:9794343,9794343,6-APB,"Substituted_amphetamines, Substituted_benzofurans",pdsp,5-HT2,,HUMAN,753.0,"Iversen l., et al., 2012",CLONED
cid:9794343,9794343,6-APB,"Substituted_amphetamines, Substituted_benzofurans",pdsp,5-HT7,HTR7,HUMAN,155.0,"Iversen l., et al., 2012",CLONED
cid:9794343,9794343,6-APB,"Substituted_amphetamines, Substituted_benzofurans",pdsp,adrenergic Alpha2A,ADRA2A,HUMAN,213.0,"Iversen l., et al., 2012",CLONED
cid:9794343,9794343,6-APB,"Substituted_amphetamines, Substituted_benzofurans",pdsp,adrenergic Alpha2B,ADRA2B,HUMAN,253.0,"Iversen l., et al., 2012",CLONED
cid:9794343,9794343,6-APB,"Substituted_amphetamines, Substituted_benzofurans",pdsp,adrenergic Alpha2C,ADRA2C,HUMAN,45.0,"Iversen l., et al., 2012",CLONED
cid:9794343,9794343,6-APB,"Substituted_amphetamines, Substituted_benzofurans",pdsp,Beta 1,,HUMAN,4037.0,"Iversen l., et al., 2012",CLONED
cid:9794343,9794343,6-APB,"Substituted_amphetamines, Substituted_benzofurans",pdsp,Norepinephrine transporter,,HUMAN,574.0,"Iversen l., et al., 2012",CLONED
cid:9794343,9794343,6-APB,"Substituted_amphetamines, Substituted_benzofurans",pdsp,Dopamine Transporter,SLC6A3,HUMAN,565.0,"Iversen l., et al., 2012",CLONED
cid:9794343,9794343,6-APB,"Substituted_amphetamines, Substituted_benzofurans",pdsp,Serotonin,Serotonin,HUMAN,4046.0,"Iversen l., et al., 2012",CLONED
cid:187,187,Acetylcholine,,pdsp,n-AChR,,RAT,4.0,"Mukhin, et al, 1999",BRAIN
cid:187,187,Acetylcholine,,pdsp,"Cholinergic, muscarinic M2",CHRM2,HUMAN,347.0,"Kovacs, Yamamura, Waite, Varga, Roeske, 1998",CLONED
cid:187,187,Acetylcholine,,pdsp,"Cholinergic, muscarinic M2",CHRM2,RAT,430.0,"Kovacs, Yamamura, Waite, Varga, Roeske, 1998",CLONED
cid:187,187,Acetylcholine,,pdsp,"Cholinergic, muscarinic M1",CHRM1,RAT,2960.0,"Wei,Roeske,Lai,Wanibuchi,Hidaka,Usuda,Yamamura1992",CLONED
cid:187,187,Acetylcholine,,pdsp,"Cholinergic, muscarinic M2",CHRM2,RAT,700.0,"Wei,Roeske,Lai,Wanibuchi,Hidaka,Usuda,Yamamura1992",CLONED
cid:187,187,Acetylcholine,,pdsp,n-AChR,,RAT,69.0,"Davila-Garcia,Musachio,Perry,Xiao,Horti,London1997",FOREBRAIN
cid:187,187,Acetylcholine,,pdsp,"Cholinergic, Nicotinic Alpha4Beta2",,Mammalian,10000.0,"Whiteaker P, Sharples CG, Wonnacott S, 1998",M10 Cells
cid:187,187,Acetylcholine,,pdsp,"Cholinergic, Nicotinic Alpha4Beta2",,Mammalian,6.8,"Whiteaker P, Sharples CG, Wonnacott S, 1998",M10 membranes
cid:187,187,Acetylcholine,,pdsp,"Cholinergic, Nicotinic Alpha3Beta4x",,RAT,881.0,"Xiao,Meyer,Thompson,Surin,Wroblewski,Kellar, 1998",CLONED
cid:187,187,Acetylcholine,,pdsp,n-AChR,,RAT,32.8,"Xiao,Meyer,Thompson,Surin,Wroblewski,Kellar, 1998",FOREBRAIN
cid:187,187,Acetylcholine,,pdsp,Nicotinic Alpha-Bungarotoxin,,RAT,6200.0,"Quik M, Choremis, Komourian, Lukas, Puchacz, 1996",CLONED
cid:187,187,Acetylcholine,,pdsp,n-AChR,,RAT,47.3,"Houghtling RA, Davila-Garcia MI, Kellar KJ, 1995",FOREBRAIN
cid:187,187,Acetylcholine,,pdsp,n-AChR,,RAT,352.6,"Houghtling RA, Davila-Garcia MI, Kellar KJ, 1995",FOREBRAIN
cid:187,187,Acetylcholine,,pdsp,n-AChR,,RAT,32.7,"Pabreza LA, Dhawan S, Kellar KJ, 1991",CEREBRAL CORTEX
cid:187,187,Acetylcholine,,pdsp,n-AChR,,RAT,3.0,"Lippiello PM, Fernandes KG, 1986",BRAIN
cid:187,187,Acetylcholine,,pdsp,n-AChR,,RAT,11.6,"Khan IM, et al., 1994",Spinal cord
cid:187,187,Acetylcholine,,pdsp,"Cholinergic, muscarinic M1",CHRM1,HUMAN,3.4,"Mei L, et al., 1991",CLONED
cid:187,187,Acetylcholine,,pdsp,"Cholinergic, muscarinic",,RAT,2000.0,"Yamamura HI, et al., 1974",BRAIN
cid:187,187,Acetylcholine,,pdsp,"Cholinergic, Nicotinic Alpha4Beta2",,HUMAN,2.66,"Gopalakrishnan M, et al., 1996",CLONED
cid:187,187,Acetylcholine,,pdsp,"Cholinergic, muscarinic",,RABBIT,3230.0,"Bloom JW, et al., 1987",LUNG
cid:187,187,Acetylcholine,,pdsp,"Cholinergic, muscarinic",,RABBIT,478.0,"Bloom JW, et al., 1987",LUNG
cid:187,187,Acetylcholine,,pdsp,"Cholinergic, muscarinic M1",CHRM1,RAT,10000.0,"Cheng K, et al., 2002",CLONED
cid:187,187,Acetylcholine,,pdsp,"Cholinergic, muscarinic M2",CHRM2,HUMAN,340.0,"Cheng K, et al., 2002",CLONED
cid:187,187,Acetylcholine,,pdsp,"Cholinergic, muscarinic M3",CHRM3,RAT,2400.0,"Cheng K, et al., 2002",CLONED
cid:187,187,Acetylcholine,,pdsp,"Cholinergic, muscarinic M3",CHRM3,HUMAN,4200.0,"Cheng K, et al., 2002",CLONED
cid:187,187,Acetylcholine,,pdsp,"Cholinergic, muscarinic M4",CHRM4,HUMAN,5400.0,"Cheng K, et al., 2002",CLONED
cid:187,187,Acetylcholine,,pdsp,"Cholinergic, muscarinic M5",CHRM5,HUMAN,800.0,"Cheng K, et al., 2002",CLONED
cid:187,187,Acetylcholine,,pdsp,"Cholinergic, Nicotinic Alpha6Beta2",,Chick,123.0,"Vailati S, et al., 2003",retina
cid:187,187,Acetylcholine,,pdsp,"Cholinergic, Nicotinic Alpha6Beta4",,Chick,72.0,"Vailati S, et al., 2003",retina
cid:187,187,Acetylcholine,,pdsp,"Cholinergic, Nicotinic Alpha6",,Chick,76.0,"Vailati S, et al., 2003",retina
cid:187,187,Acetylcholine,,pdsp,"Cholinergic, Nicotinic Alpha4Beta2",,HUMAN,18.0,"Eaton JB, et.al.,2003",CLONED
cid:187,187,Acetylcholine,,pdsp,"Cholinergic, Nicotinic Alpha2Beta2",,RAT,4.2,"Jensen AA, et al., 2003",CLONED
cid:187,187,Acetylcholine,,pdsp,"Cholinergic, Nicotinic Alpha4Beta2",,RAT,33.0,"Jensen AA, et al., 2003",CLONED
cid:187,187,Acetylcholine,,pdsp,"Cholinergic, Nicotinic Alpha2Beta4",,RAT,110.0,"Jensen AA, et al., 2003",CLONED
cid:187,187,Acetylcholine,,pdsp,"Cholinergic, Nicotinic Alpha3Beta4",,RAT,620.0,"Jensen AA, et al., 2003",CLONED
cid:187,187,Acetylcholine,,pdsp,"Cholinergic, Nicotinic Alpha4Beta4",,RAT,58.0,"Jensen AA, et al., 2003",CLONED
cid:187,187,Acetylcholine,,pdsp,"Cholinergic, Nicotinic Alpha7",,RAT,10000.0,"Jensen AA, et al., 2003",BRAIN
cid:187,187,Acetylcholine,,pdsp,"Cholinergic, Nicotinic Alpha7/5-HT3",,RAT,10000.0,"Jensen AA, et al., 2003",BRAIN
cid:187,187,Acetylcholine,,pdsp,"Cholinergic, muscarinic",,RAT,10000.0,"Sanchez-Roa, P.M., et al., 1989",Striatal Membranes
cid:187,187,Acetylcholine,,pdsp,"Cholinergic, Nicotinic Alpha2Beta2",,RAT,11.0,"Xiao Y et al., 2004",CLONED
cid:187,187,Acetylcholine,,pdsp,"Cholinergic, Nicotinic Alpha2Beta4",,RAT,110.0,"Xiao Y et al., 2004",CLONED
cid:187,187,Acetylcholine,,pdsp,"Cholinergic, Nicotinic Alpha3Beta2",,RAT,56.0,"Xiao Y et al., 2004",CLONED
cid:187,187,Acetylcholine,,pdsp,"Cholinergic, Nicotinic Alpha3Beta4",,RAT,850.0,"Xiao Y et al., 2004",CLONED
cid:187,187,Acetylcholine,,pdsp,"Cholinergic, Nicotinic Alpha4Beta2",,RAT,44.0,"Xiao Y et al., 2004",CLONED
cid:187,187,Acetylcholine,,pdsp,"Cholinergic, Nicotinic Alpha4Beta4",,RAT,99.0,"Xiao Y et al., 2004",CLONED
cid:187,187,Acetylcholine,,pdsp,n-AChR,,RAT,45.0,"Xiao Y et al., 2004",FOREBRAIN
cid:187,187,Acetylcholine,,pdsp,"Cholinergic, Nicotinic Alpha4Beta2",,RAT,7.6,"Bisson WH, et al., 2005",BRAIN
cid:187,187,Acetylcholine,,pdsp,"Cholinergic, Nicotinic Alpha3Beta4",,RAT,881.0,"Bisson WH, et al., 2005",BRAIN
cid:187,187,Acetylcholine,,pdsp,CANNABINOID CB1,CNR1,Hirudo medicinalis,1000.0,"Stefano, GB et al., 1997",ganglia
cid:187,187,Acetylcholine,,pdsp,CANNABINOID CB1,CNR1,theromyzon Tessulatum,1000.0,"Stefano, GB et al., 1997",ganglia
cid:187,187,Acetylcholine,,pdsp,Neuronal acetylcholine receptor protein alpha-4 subunit,CHRNA4,RAT,39.0,"Charton Y et al., 2008",UNDEFINED
cid:187,187,Acetylcholine,,pdsp,"Cholinergic, Nicotinic Alpha4Beta2",,RAT,14.52,"De Fiebre, C. M. et al 1995",BRAIN
cid:187,187,Acetylcholine,,pdsp,"Cholinergic, Nicotinic Alpha7",,RAT,4000.0,"De Fiebre, C. M. et al 1995",BRAIN
cid:187,187,Acetylcholine,,pdsp,"Cholinergic, Nicotinic Alpha4Beta2",,RAT,11200.0,"Papke, R.L. et al., 1996",BRAIN
cid:187,187,Acetylcholine,,pdsp,"Cholinergic, muscarinic M1",CHRM1,HUMAN,5.8,Fish I et al 2017,CLONED
cid:187,187,Acetylcholine,,pdsp,"Cholinergic, muscarinic M2",CHRM2,HUMAN,0.39,Fish I et al 2017,CLONED
cid:187,187,Acetylcholine,,pdsp,"Cholinergic, muscarinic M3",CHRM3,HUMAN,4.7,Fish I et al 2017,CLONED
cid:2118,2118,Alprazolam,Benzodiazepines,pdsp,HISTAMINE H1,HRH1,HUMAN,10000.0,"Kanba S, et al., 1984",CORTICAL MEMBRANES
cid:2118,2118,Alprazolam,Benzodiazepines,pdsp,GABA A,,RAT,21.0,"Giusti P, et al., 1993",CEREBELLUM
cid:2118,2118,Alprazolam,Benzodiazepines,pdsp,GABA A,,RAT,18.0,"Giusti P, et al., 1993",CORTEX
cid:2118,2118,Alprazolam,Benzodiazepines,pdsp,GABA A,,RAT,65.0,"Giusti P, et al., 1993",Spinal cord
cid:2118,2118,Alprazolam,Benzodiazepines,pdsp,GABA,,RAT,5.3,"Massotti M, et al., 1991",CEREBELLUM
cid:2118,2118,Alprazolam,Benzodiazepines,pdsp,GABA,,RAT,5.0,"Massotti M, et al., 1991",CEREBELLUM
cid:2118,2118,Alprazolam,Benzodiazepines,pdsp,GABA,,RAT,6.7,"Massotti M, et al., 1991",STRIATUM
cid:2118,2118,Alprazolam,Benzodiazepines,pdsp,GABA,,RAT,4.5,"Massotti M, et al., 1991",STRIATUM
cid:2118,2118,Alprazolam,Benzodiazepines,pdsp,GABA,,RAT,8.0,"Massotti M, et al., 1991",Spinal cord
cid:2118,2118,Alprazolam,Benzodiazepines,pdsp,PAF Platelet activating factor,PTAFR,HUMAN,4663.0,"Tahraoui L, et al., 1990",Platelets
cid:2118,2118,Alprazolam,Benzodiazepines,pdsp,PAF Platelet activating factor,PTAFR,HUMAN,2610.0,"Tahraoui L, et al., 1990",Washed Platelets
cid:2118,2118,Alprazolam,Benzodiazepines,pdsp,GABA A Alpha1Beta3Gamma2,,HUMAN,0.8,"Clayton, Terry et. al. 2015",CLONED
cid:2118,2118,Alprazolam,Benzodiazepines,pdsp,GABA A Alpha2Beta3Gamma2,,HUMAN,0.59,"Clayton, Terry et. al. 2015",CLONED
cid:2118,2118,Alprazolam,Benzodiazepines,pdsp,GABA A Alpha3Beta3Gamma2,,HUMAN,1.43,"Clayton, Terry et. al. 2015",CLONED
cid:2118,2118,Alprazolam,Benzodiazepines,pdsp,GABA A Alpha5Beta3Gamma2,,HUMAN,1.54,"Clayton, Terry et. al. 2015",CLONED
cid:2118,2118,Alprazolam,Benzodiazepines,pdsp,GABA A Alpha6Beta3Gamma2,,HUMAN,10000.0,"Clayton, Terry et. al. 2015",CLONED
cid:2118,2118,Alprazolam,Benzodiazepines,pdsp,GABAA alpha1beta3gamma2,,HUMAN,0.8,"Clayton, Terry et. al. 2015",CLONED
cid:2118,2118,Alprazolam,Benzodiazepines,pdsp,GABAA alpha2beta3gamma2,,HUMAN,0.59,"Clayton, Terry et. al. 2015",CLONED
cid:2118,2118,Alprazolam,Benzodiazepines,pdsp,GABAA alpha3beta3gamma2,,HUMAN,1.43,"Clayton, Terry et. al. 2015",CLONED
cid:2118,2118,Alprazolam,Benzodiazepines,pdsp,GABAA alpha5beta3gamma2,,HUMAN,1.54,"Clayton, Terry et. al. 2015",CLONED
cid:2118,2118,Alprazolam,Benzodiazepines,pdsp,GABAA alpha6beta3gamma2,,HUMAN,10000.0,"Clayton, Terry et. al. 2015",CLONED
cid:3007,3007,Amphetamine,Substituted_phenethylamines,pdsp,DOPAMINE D1,DRD1,HUMAN,10000.0,"TOLL L, et. al., 1998",CLONED
cid:3007,3007,Amphetamine,Substituted_phenethylamines,pdsp,DOPAMINE D2,DRD2,HUMAN,10000.0,"TOLL L, et. al., 1998",CLONED
cid:3007,3007,Amphetamine,Substituted_phenethylamines,pdsp,DOPAMINE D3,DRD3,HUMAN,10000.0,"TOLL L, et. al., 1998",CLONED
cid:3007,3007,Amphetamine,Substituted_phenethylamines,pdsp,5-HT1A,HTR1A,HUMAN,6606.0,"TOLL L, et. al., 1998",CLONED
cid:3007,3007,Amphetamine,Substituted_phenethylamines,pdsp,5-HT2A,HTR2A,RAT,10000.0,"TOLL L, et. al., 1998",CLONED
cid:3007,3007,Amphetamine,Substituted_phenethylamines,pdsp,5-HT2C,HTR2C,RAT,10000.0,"TOLL L, et. al., 1998",CLONED
cid:3007,3007,Amphetamine,Substituted_phenethylamines,pdsp,5-HT3,HTR3A,MOUSE,10000.0,"TOLL L, et. al., 1998",NG108-15
cid:3007,3007,Amphetamine,Substituted_phenethylamines,pdsp,Dopamine Transporter,SLC6A3,HUMAN,116.0,"PRISTUPA ZB, ET AL., 1994",CLONED
cid:3007,3007,Amphetamine,Substituted_phenethylamines,pdsp,Dopamine Transporter,SLC6A3,HUMAN,190.0,"PRISTUPA ZB, ET AL., 1994",CLONED
cid:3007,3007,Amphetamine,Substituted_phenethylamines,pdsp,Dopamine Transporter,SLC6A3,HUMAN,10000.0,"PRISTUPA ZB, ET AL., 1994",CLONED
cid:3007,3007,Amphetamine,Substituted_phenethylamines,pdsp,adrenergic Alpha2,,RAT,2409.0,"Boyajian CL, et al., 1987",BRAIN
cid:3007,3007,Amphetamine,Substituted_phenethylamines,pdsp,adrenergic Alpha2,,RAT,992.0,"Boyajian CL, et al., 1987",BRAIN
cid:3007,3007,Amphetamine,Substituted_phenethylamines,pdsp,adrenergic Beta,ADRB2,Mammalian,10000.0,"Bylund DB, et al., 1976",BRAIN
cid:3007,3007,Amphetamine,Substituted_phenethylamines,pdsp,adrenergic Beta,ADRB2,Mammalian,10000.0,"Bylund DB, et al., 1976",BRAIN
cid:3007,3007,Amphetamine,Substituted_phenethylamines,pdsp,Dopamine Transporter,SLC6A3,RAT,1000.0,"Davids E et al., 2002",FOREBRAIN
cid:3007,3007,Amphetamine,Substituted_phenethylamines,pdsp,Norepinephrine transporter,,RAT,1000.0,"Davids E et al., 2002",FOREBRAIN
cid:3007,3007,Amphetamine,Substituted_phenethylamines,pdsp,5-HT Transporter,SLC6A4,RAT,10000.0,"Davids E et al., 2002",FOREBRAIN
cid:3007,3007,Amphetamine,Substituted_phenethylamines,pdsp,Adrenergic Alpha,,RAT,10000.0,"U'Prichard DC et al., 1977",BRAIN
cid:3007,3007,Amphetamine,Substituted_phenethylamines,pdsp,Adrenergic Alpha,,RAT,10000.0,"U'Prichard DC et al., 1977",BRAIN
cid:3007,3007,Amphetamine,Substituted_phenethylamines,pdsp,Adrenergic Alpha,,RAT,1600.0,"U'Prichard DC et al., 1977",BRAIN
cid:3007,3007,Amphetamine,Substituted_phenethylamines,pdsp,Adrenergic Alpha,,RAT,2200.0,"U'Prichard DC et al., 1977",BRAIN
cid:3007,3007,Amphetamine,Substituted_phenethylamines,pdsp,Norepinephrine transporter,,HUMAN,7.1,"Rothman RB, et al., 2003a",CLONED
cid:3007,3007,Amphetamine,Substituted_phenethylamines,pdsp,Dopamine Transporter,SLC6A3,HUMAN,24.8,"Rothman RB, et al., 2003a",CLONED
cid:3007,3007,Amphetamine,Substituted_phenethylamines,pdsp,5-HT Transporter,SLC6A4,HUMAN,1765.0,"Rothman RB, et al., 2003a",CLONED
cid:3007,3007,Amphetamine,Substituted_phenethylamines,pdsp,Dopamine Transporter,SLC6A3,RAT,400.0,"Andersen PH, et al., 1989",STRIATUM
cid:3007,3007,Amphetamine,Substituted_phenethylamines,pdsp,Dopamine Transporter,SLC6A3,RAT,2900.0,"Andersen PH, et al., 1989",STRIATUM
cid:3007,3007,Amphetamine,Substituted_phenethylamines,pdsp,Norepinephrine transporter,,RAT,59.0,"Andersen PH, et al., 1989",CEREBRAL CORTEX
cid:3007,3007,Amphetamine,Substituted_phenethylamines,pdsp,Norepinephrine transporter,,RAT,58.0,"Andersen PH, et al., 1989",CEREBRAL CORTEX
cid:3007,3007,Amphetamine,Substituted_phenethylamines,pdsp,5-HT Transporter,SLC6A4,RAT,1000.0,"Andersen PH, et al., 1989",BRAIN
cid:3007,3007,Amphetamine,Substituted_phenethylamines,pdsp,5-HT Transporter,SLC6A4,RAT,1000.0,"Andersen PH, et al., 1989",BRAIN
cid:3007,3007,Amphetamine,Substituted_phenethylamines,pdsp,Sigma,,RAT,10000.0,"Largent BL, et al., 1984",BRAIN
cid:3007,3007,Amphetamine,Substituted_phenethylamines,pdsp,Norepinephrine transporter,,RAT,38.9,"Rothman RB, et al., 2001",WHOLE BRAIN MINUS  CEREBELLUM
cid:3007,3007,Amphetamine,Substituted_phenethylamines,pdsp,5-HT Transporter,SLC6A4,RAT,3830.0,"Rothman RB, et al., 2001",WHOLE BRAIN MINUS  CEREBELLUM
cid:3007,3007,Amphetamine,Substituted_phenethylamines,pdsp,Dopamine Transporter,SLC6A3,RAT,34.0,"Rothman RB, et al., 2001",CAUDATE
cid:3007,3007,Amphetamine,Substituted_phenethylamines,pdsp,Norepinephrine transporter,,HUMAN,101.0,"Iversen l., et al., 2012",CLONED
cid:3007,3007,Amphetamine,Substituted_phenethylamines,pdsp,Dopamine Transporter,SLC6A3,HUMAN,109.0,"Iversen l., et al., 2012",CLONED
cid:3007,3007,Amphetamine,Substituted_phenethylamines,pdsp,5-HT Transporter,SLC6A4,HUMAN,5728.0,"Iversen l., et al., 2012",CLONED
cid:3007,3007,Amphetamine,Substituted_phenethylamines,pdsp,Dopamine Transporter,SLC6A3,RAT,500.0,"Wang W, et al., 2003",CLONED
cid:3007,3007,Amphetamine,Substituted_phenethylamines,pdsp,Dopamine Transporter,SLC6A3,RAT,2800.0,"Wang W, et al., 2003",CLONED
cid:3007,3007,Amphetamine,Substituted_phenethylamines,pdsp,Dopamine Transporter,SLC6A3,RAT,400.0,"Wang W, et al., 2003",CLONED
cid:3007,3007,Amphetamine,Substituted_phenethylamines,pdsp,Dopamine Transporter,SLC6A3,RAT,2000.0,"Wang W, et al., 2003",CLONED
cid:3007,3007,Amphetamine,Substituted_phenethylamines,pdsp,Serotonin uptake,,RAT,1840.0,"Richelson, E. et, al. 1984",frontal cortex synaptosomes
cid:3007,3007,Amphetamine,Substituted_phenethylamines,pdsp,Serotonin uptake,,RAT,10000.0,"Richelson, E. et, al. 1984",frontal cortex synaptosomes
cid:3007,3007,Amphetamine,Substituted_phenethylamines,pdsp,Dopamine Transporter,SLC6A3,RAT,82.0,"Richelson, E. et, al. 1984",corpus striatum synaptosomes
cid:3007,3007,Amphetamine,Substituted_phenethylamines,pdsp,Dopamine Transporter,SLC6A3,RAT,380.0,"Richelson, E. et, al. 1984",corpus striatum synaptosomes
cid:3007,3007,Amphetamine,Substituted_phenethylamines,pdsp,Norepinephrine transporter,,HUMAN,1000.0,Simmler LD et al 2013,HEK293 cells
cid:3007,3007,Amphetamine,Substituted_phenethylamines,pdsp,DAT,,HUMAN,5680.0,Simmler LD et al 2013,HEK293 cells
cid:3007,3007,Amphetamine,Substituted_phenethylamines,pdsp,SERT,,HUMAN,25000.0,Simmler LD et al 2013,HEK293 cells
cid:3007,3007,Amphetamine,Substituted_phenethylamines,pdsp,5-HT1A,HTR1A,HUMAN,6740.0,Simmler LD et al 2013,HEK293 cells
cid:3007,3007,Amphetamine,Substituted_phenethylamines,pdsp,5-HT2A,HTR2A,HUMAN,13000.0,Simmler LD et al 2013,HEK293 cells
cid:3007,3007,Amphetamine,Substituted_phenethylamines,pdsp,5-HT2C,HTR2C,HUMAN,13000.0,Simmler LD et al 2013,HEK293 cells
cid:3007,3007,Amphetamine,Substituted_phenethylamines,pdsp,alpha1A,,HUMAN,6000.0,Simmler LD et al 2013,HEK293 cells
cid:3007,3007,Amphetamine,Substituted_phenethylamines,pdsp,Alpha2A,,HUMAN,2800.0,Simmler LD et al 2013,HEK293 cells
cid:3007,3007,Amphetamine,Substituted_phenethylamines,pdsp,D1,,HUMAN,13600.0,Simmler LD et al 2013,HEK293 cells
cid:3007,3007,Amphetamine,Substituted_phenethylamines,pdsp,D2,,HUMAN,30000.0,Simmler LD et al 2013,HEK293 cells
cid:3007,3007,Amphetamine,Substituted_phenethylamines,pdsp,D3,,HUMAN,17700.0,Simmler LD et al 2013,HEK293 cells
cid:3007,3007,Amphetamine,Substituted_phenethylamines,pdsp,H1,,HUMAN,14400.0,Simmler LD et al 2013,HEK293 cells
cid:3007,3007,Amphetamine,Substituted_phenethylamines,pdsp,TA1,TRAR1,RAT,230.0,Simmler LD et al 2013,HEK293 cells
cid:3007,3007,Amphetamine,Substituted_phenethylamines,pdsp,TA1,TRAR1,MOUSE,90.0,Simmler LD et al 2013,HEK293 cells
cid:2284,2284,Baclofen,"Butyric_acid, Gabapentinoids",pdsp,GABA B,,UNDEFINED,330.0,"Costantino G, et. al., 2001",UNDEFINED
cid:2284,2284,Baclofen,"Butyric_acid, Gabapentinoids",pdsp,GABA B,,CAT,35.0,"Froestl W, et. al., 1995",CEREBELLUM
cid:2284,2284,Baclofen,"Butyric_acid, Gabapentinoids",pdsp,GABA B,,CAT,15.0,"Froestl W, et. al., 1995",CEREBELLUM
cid:2284,2284,Baclofen,"Butyric_acid, Gabapentinoids",pdsp,GABA B,,CAT,1770.0,"Froestl W, et. al., 1995",CEREBELLUM
cid:2284,2284,Baclofen,"Butyric_acid, Gabapentinoids",pdsp,GABA A,,RAT,10000.0,"Froestl W, et. al., 1995",CORTEX
cid:2284,2284,Baclofen,"Butyric_acid, Gabapentinoids",pdsp,GABA A,,RAT,10000.0,"Froestl W, et. al., 1995",CORTEX
cid:2284,2284,Baclofen,"Butyric_acid, Gabapentinoids",pdsp,GABA A,,RAT,10000.0,"Froestl W, et. al., 1995",CORTEX
cid:2284,2284,Baclofen,"Butyric_acid, Gabapentinoids",pdsp,GABA B,,RAT,107.0,"Froestl W, et. al., 1995",CORTEX
cid:2284,2284,Baclofen,"Butyric_acid, Gabapentinoids",pdsp,GABA B,,RAT,32.0,"Froestl W, et. al., 1995",CORTEX
cid:10257,10257,Bufotenin,Substituted_tryptamines,pdsp,5-HT2C,HTR2C,PIG,63.1,"HOYER, 1988 or 9 (book)",Choroid Plexus
cid:10257,10257,Bufotenin,Substituted_tryptamines,pdsp,5-HT2C,HTR2C,PIG,70.8,"ENGEL ET AL, 1986",Choroid Plexus
cid:10257,10257,Bufotenin,Substituted_tryptamines,pdsp,5-HT2C,HTR2C,PIG,70.8,"HOYER, 1988",Choroid Plexus
cid:10257,10257,Bufotenin,Substituted_tryptamines,pdsp,5-HT2C,HTR2C,PIG,70.8,"HOYER ET AL., 1989",Choroid Plexus
cid:10257,10257,Bufotenin,Substituted_tryptamines,pdsp,5-HT2C,HTR2C,PIG,70.8,"HOYER, 1989 (J.R.R.)",Choroid Plexus
cid:10257,10257,Bufotenin,Substituted_tryptamines,pdsp,5-HT1A,HTR1A,BOVINE,2.52,"PEROUTKA, 1985",HIPPOCAMPUS
cid:10257,10257,Bufotenin,Substituted_tryptamines,pdsp,5-HT1A,HTR1A,RAT,3.31,"GOZLAN ET AL., 1988",HIPPOCAMPUS
cid:10257,10257,Bufotenin,Substituted_tryptamines,pdsp,5-HT1A,HTR1A,RAT,5.0,"PEROUTKA, 1986",CORTEX
cid:10257,10257,Bufotenin,Substituted_tryptamines,pdsp,5-HT1A,HTR1A,RAT,5.68,"COSSERY ET AL.,1986",HIPPOCAMPUS
cid:10257,10257,Bufotenin,Substituted_tryptamines,pdsp,5-HT1A,HTR1A,RAT,16.64,"GOZLAN ET AL., 1983",HIPPOCAMPUS
cid:10257,10257,Bufotenin,Substituted_tryptamines,pdsp,5-HT1A,HTR1A,PIG,25.1,"ENGEL ET AL, 1986",CORTEX
cid:10257,10257,Bufotenin,Substituted_tryptamines,pdsp,5-HT1A,HTR1A,PIG,25.1,"HOYER, 1989 (J.R.R.)",CORTEX
cid:10257,10257,Bufotenin,Substituted_tryptamines,pdsp,5-HT1B,HTR1B,RAT,912.0,"HOYER ET AL., 1985",CORTEX
cid:10257,10257,Bufotenin,Substituted_tryptamines,pdsp,5-HT1B,HTR1B,RAT,52.0,"PEROUTKA, 1986",CORTEX
cid:10257,10257,Bufotenin,Substituted_tryptamines,pdsp,5-HT1B,HTR1B,RAT,912.0,"ENGEL ET AL, 1986",CORTEX
cid:10257,10257,Bufotenin,Substituted_tryptamines,pdsp,5-HT1B,HTR1B,RAT,912.0,"HOYER, 1989 (J.R.R.)",CORTEX
cid:10257,10257,Bufotenin,Substituted_tryptamines,pdsp,5-HT1D,HTR1D,BOVINE,3.71,"PEROUTKA, 1985",STRIATUM
cid:10257,10257,Bufotenin,Substituted_tryptamines,pdsp,5-HT1D,HTR1D,COW,7.24,"HOYER, 1987",CAUDATE
cid:10257,10257,Bufotenin,Substituted_tryptamines,pdsp,5-HT1D,HTR1D,CALF,7.24,"HOYER, 1989 (J.R.R.)",CAUDATE
cid:10257,10257,Bufotenin,Substituted_tryptamines,pdsp,5-HT1D,HTR1D,CALF,7.94,"HOYER, 1988 or 9 (book)",CAUDATE
cid:10257,10257,Bufotenin,Substituted_tryptamines,pdsp,5-HT1D,HTR1D,CALF,20.4,"WAEBER ET AL., 1988",CAUDATE
cid:10257,10257,Bufotenin,Substituted_tryptamines,pdsp,5-HT2A,HTR2A,RAT,121.33,"BATTAGLIA ET AL., 1983",CORTEX
cid:10257,10257,Bufotenin,Substituted_tryptamines,pdsp,5-HT2A,HTR2A,RAT,230.0,"CLOSSE, 1983",CORTEX
cid:10257,10257,Bufotenin,Substituted_tryptamines,pdsp,5-HT2A,HTR2A,RAT,304.45,"LEYSEN ET AL., 1978",CORTEX
cid:10257,10257,Bufotenin,Substituted_tryptamines,pdsp,5-HT2A,HTR2A,BOVINE,330.0,"MCKENNA, ET AL., 1989",CORTEX
cid:10257,10257,Bufotenin,Substituted_tryptamines,pdsp,5-HT2A,HTR2A,RAT,380.0,"ENGEL ET AL, 1986",CORTEX
cid:10257,10257,Bufotenin,Substituted_tryptamines,pdsp,5-HT2A,HTR2A,RAT,380.0,"HOYER, 1989 (J.R.R.)",CORTEX
cid:10257,10257,Bufotenin,Substituted_tryptamines,pdsp,5-HT2A,HTR2A,RAT,420.27,"WOUTERS ET AL., 1987",CORTEX
cid:10257,10257,Bufotenin,Substituted_tryptamines,pdsp,5-HT2A,HTR2A,RAT,477.8,"TITELER ET AL., 1984",CORTEX
cid:10257,10257,Bufotenin,Substituted_tryptamines,pdsp,5-HT2A,HTR2A,RAT,479.0,"BATTAGLIA ET AL., 1984",CORTEX
cid:10257,10257,Bufotenin,Substituted_tryptamines,pdsp,5-HT2A,HTR2A,RAT,840.0,"PEROUTKA & SNYDER, 1979",CORTEX
cid:10257,10257,Bufotenin,Substituted_tryptamines,pdsp,5-HT2A,HTR2A,RAT,1522.54,"CREESE & SNYDER, 1978",CORTEX
cid:10257,10257,Bufotenin,Substituted_tryptamines,pdsp,5-HT2A,HTR2A,RAT,10000.0,"HOYER, 1988 (TIPS)",CORTEX
cid:10257,10257,Bufotenin,Substituted_tryptamines,pdsp,5-HT2A,HTR2A,RAT,297.0,"LYON ET AL., 1987",CORTEX
cid:10257,10257,Bufotenin,Substituted_tryptamines,pdsp,5-HT2A,HTR2A,RAT,480.0,"LYON ET AL., 1988",CORTEX
cid:10257,10257,Bufotenin,Substituted_tryptamines,pdsp,5-HT2A,HTR2A,RAT,480.0,"LYON ET AL., 1988",CORTEX
cid:10257,10257,Bufotenin,Substituted_tryptamines,pdsp,5-HT3,HTR3A,RAT,34.0,"MILBURN & PEROUTKA, 1989",CORTEX
cid:10257,10257,Bufotenin,Substituted_tryptamines,pdsp,5-HT5a,HTR5A,MOUSE,2900.0,"WEISS HM, ET AL., 1995",CLONED
cid:10257,10257,Bufotenin,Substituted_tryptamines,pdsp,5-HT6,HTR6,RAT,112.2,"BOESS FG, ET AL., 1996",CLONED
cid:10257,10257,Bufotenin,Substituted_tryptamines,pdsp,5-HT6,HTR6,RAT,4.46,"BOESS FG, ET AL., 1996",CLONED
cid:10257,10257,Bufotenin,Substituted_tryptamines,pdsp,5-HT7,HTR7,GUINEA PIG,21.37,"TO ZP, ET AL., 1995",CLONED
cid:10257,10257,Bufotenin,Substituted_tryptamines,pdsp,5-HT7,HTR7,GUINEA PIG,95.49,"TO ZP, ET AL., 1995",CORTEX
cid:10257,10257,Bufotenin,Substituted_tryptamines,pdsp,5-HT5a,HTR5A,MOUSE,1000.0,"Matthes H, et.al., 1993",CLONED
cid:10257,10257,Bufotenin,Substituted_tryptamines,pdsp,5-HT5B,,MOUSE,1584.89,"Matthes H, et.al., 1993",CLONED
cid:10257,10257,Bufotenin,Substituted_tryptamines,pdsp,5-HT7,HTR7,GUINEA PIG,19.95,"TSOU AP, ET AL., 1994",CLONED
cid:10257,10257,Bufotenin,Substituted_tryptamines,pdsp,5-HT6,HTR6,MOUSE,100.0,"PLASSAT JL, ET AL., 1993",CLONED
cid:10257,10257,Bufotenin,Substituted_tryptamines,pdsp,5-HT2,,RAT,404.0,"Battaglia G, et al., 1983",FR. CORTEX
cid:10257,10257,Bufotenin,Substituted_tryptamines,pdsp,5-HT2,,RAT,182.0,"Battaglia G, et al., 1983",FR. CORTEX
cid:10257,10257,Bufotenin,Substituted_tryptamines,pdsp,5-HT2,,RAT,68.0,"Battaglia G, et al., 1983",FR. CORTEX
cid:10257,10257,Bufotenin,Substituted_tryptamines,pdsp,5-HT1F,HTR1F,MOUSE,31.62,"BOESS FG, ET AL., 1994",CLONED
cid:10257,10257,Bufotenin,Substituted_tryptamines,pdsp,5-HT5a,HTR5A,MOUSE,1000.0,"BOESS FG, ET AL., 1994",CLONED
cid:10257,10257,Bufotenin,Substituted_tryptamines,pdsp,5-HT5B,,MOUSE,1584.89,"BOESS FG, ET AL., 1994",CLONED
cid:10257,10257,Bufotenin,Substituted_tryptamines,pdsp,5-HT5,,MOUSE,1000.0,"Plassat JL, et al., 1992",CLONED
cid:10257,10257,Bufotenin,Substituted_tryptamines,pdsp,5-HT1A,HTR1A,RAT,1023.2929922808,"Gozlan H et al., 1983",STRIATUM
cid:10257,10257,Bufotenin,Substituted_tryptamines,pdsp,5-HT1A,HTR1A,RAT,21.379620895022,"Gozlan H et al., 1983",HIPPOCAMPUS
cid:10257,10257,Bufotenin,Substituted_tryptamines,pdsp,5-HT2A,HTR2A,HUMAN,145.0,"Egan C, et.al., 2000",CLONED
cid:10257,10257,Bufotenin,Substituted_tryptamines,pdsp,5-HT2A,HTR2A,HUMAN,15.0,"Egan C, et.al., 2000",CLONED
cid:644073,644073,Buprenorphine,Substituted_morphinans,pdsp,OPIATE Mu,OPRM1,HUMAN,1.5,"TOLL L, et. al., 1998",CLONED
cid:644073,644073,Buprenorphine,Substituted_morphinans,pdsp,OPIATE Mu,OPRM1,GUINEA PIG,1.3,"TOLL L, et. al., 1998",BRAIN
cid:644073,644073,Buprenorphine,Substituted_morphinans,pdsp,OPIATE Delta,OPRD1,HUMAN,4.5,"TOLL L, et. al., 1998",CLONED
cid:644073,644073,Buprenorphine,Substituted_morphinans,pdsp,OPIATE Delta,OPRD1,GUINEA PIG,1.6,"TOLL L, et. al., 1998",BRAIN
cid:644073,644073,Buprenorphine,Substituted_morphinans,pdsp,OPIATE Kappa,OPRK1,HUMAN,0.8,"TOLL L, et. al., 1998",CLONED
cid:644073,644073,Buprenorphine,Substituted_morphinans,pdsp,OPIATE Kappa,OPRK1,GUINEA PIG,1.5,"TOLL L, et. al., 1998",BRAIN
cid:644073,644073,Buprenorphine,Substituted_morphinans,pdsp,OPIATE Mu,OPRM1,GUINEA PIG,0.57,"TRAYNOR, JR., et al., 1999",BRAIN
cid:644073,644073,Buprenorphine,Substituted_morphinans,pdsp,OPIATE Delta,OPRD1,GUINEA PIG,1.3,"TRAYNOR, JR., et al., 1999",BRAIN
cid:644073,644073,Buprenorphine,Substituted_morphinans,pdsp,OPIATE Kappa,OPRK1,GUINEA PIG,2.0,"TRAYNOR, JR., et al., 1999",BRAIN
cid:644073,644073,Buprenorphine,Substituted_morphinans,pdsp,OPIATE Mu,OPRM1,RAT,4.18,"Codd EE et al, 1995",FOREBRAIN
cid:644073,644073,Buprenorphine,Substituted_morphinans,pdsp,OPIATE Delta,OPRD1,RAT,25.8,"Codd EE et al, 1995",FOREBRAIN
cid:644073,644073,Buprenorphine,Substituted_morphinans,pdsp,OPIATE Kappa,OPRK1,RAT,12.9,"Codd EE et al, 1995",FOREBRAIN
cid:644073,644073,Buprenorphine,Substituted_morphinans,pdsp,Norepinephrine transporter,,RAT,10000.0,"Codd EE et al, 1995","medulla, pons"
cid:644073,644073,Buprenorphine,Substituted_morphinans,pdsp,5-HT Transporter,SLC6A4,RAT,10000.0,"Codd EE et al, 1995",CEREBRAL CORTEX
cid:644073,644073,Buprenorphine,Substituted_morphinans,pdsp,OPIATE Mu,OPRM1,HUMAN,1.5,"Rennison D et al., 2007",UNDEFINED
cid:644073,644073,Buprenorphine,Substituted_morphinans,pdsp,OPIATE Kappa,OPRK1,HUMAN,0.800000011920929,"Rennison D et al., 2007",UNDEFINED
cid:644073,644073,Buprenorphine,Substituted_morphinans,pdsp,OPIATE Delta,OPRD1,HUMAN,4.5,"Rennison D et al., 2007",UNDEFINED
cid:644073,644073,Buprenorphine,Substituted_morphinans,pdsp,OPIATE Mu,OPRM1,HUMAN,0.209999993443489,"Wentland MP et al., 2009",UNDEFINED
cid:644073,644073,Buprenorphine,Substituted_morphinans,pdsp,OPIATE Delta,OPRD1,HUMAN,2.90000009536743,"Wentland MP et al., 2009",UNDEFINED
cid:644073,644073,Buprenorphine,Substituted_morphinans,pdsp,OPIATE Kappa,OPRK1,HUMAN,0.620000004768372,"Wentland MP et al., 2009",UNDEFINED
cid:644073,644073,Buprenorphine,Substituted_morphinans,pdsp,OPIATE Mu 1,,MOUSE,0.4,"Pan YX, et al., 2005",CLONED
cid:644073,644073,Buprenorphine,Substituted_morphinans,pdsp,OPIATE Mu 1B4,,MOUSE,0.8,"Pan YX, et al., 2005",CLONED
cid:644073,644073,Buprenorphine,Substituted_morphinans,pdsp,MOR,,HUMAN,0.9,"Olson KM, et al., 2019",CLONED
cid:644073,644073,Buprenorphine,Substituted_morphinans,pdsp,DOR,,HUMAN,34.0,"Olson KM, et al., 2019",CLONED
cid:644073,644073,Buprenorphine,Substituted_morphinans,pdsp,KOR,,HUMAN,27.0,"Olson KM, et al., 2019",CLONED
cid:644073,644073,Buprenorphine,Substituted_morphinans,pdsp,NOP,,HUMAN,430.0,"Olson KM, et al., 2019",CLONED
cid:644073,644073,Buprenorphine,Substituted_morphinans,pdsp,CB1,,HUMAN,2000.0,"Olson KM, et al., 2019",CLONED
cid:644073,644073,Buprenorphine,Substituted_morphinans,pdsp,Sigma 1,,HUMAN,10000.0,"Olson KM, et al., 2019",CLONED
cid:644073,644073,Buprenorphine,Substituted_morphinans,pdsp,Norepinephrine transporter,,HUMAN,10000.0,"Olson KM, et al., 2019",CLONED
cid:644073,644073,Buprenorphine,Substituted_morphinans,pdsp,SERT,,HUMAN,10000.0,"Olson KM, et al., 2019",CLONED
cid:644073,644073,Buprenorphine,Substituted_morphinans,pdsp,DAT,,HUMAN,2000.0,"Olson KM, et al., 2019",CLONED
cid:2477,2477,Buspirone,,pdsp,5-HT2C,HTR2C,PIG,1160.0,"TITELER ET AL., 1987",CORTEX
cid:2477,2477,Buspirone,,pdsp,5-HT2C,HTR2C,RAT,2940.0,"Sanders-Bush E, Breeding M., 1988",Choroid Plexus
cid:2477,2477,Buspirone,,pdsp,5-HT2C,HTR2C,PIG,7940.0,"HOYER, 1988 or 9 (book)",Choroid Plexus
cid:2477,2477,Buspirone,,pdsp,5-HT1A,HTR1A,RAT,3.86,"ALEXANDER & WOOD, 1988",HIPPOCAMPUS
cid:2477,2477,Buspirone,,pdsp,5-HT1A,HTR1A,C0S-7,4.0,"RAYMOND ET AL., 1989",CELLS
cid:2477,2477,Buspirone,,pdsp,5-HT1A,HTR1A,RAT,7.6,"SCHLEGEL & PEROUTKA, 1986",CORTEX
cid:2477,2477,Buspirone,,pdsp,5-HT1A,HTR1A,RAT,9.1,"DUDLEY ET AL., 1988",HIPPOCAMPUS
cid:2477,2477,Buspirone,,pdsp,5-HT1A,HTR1A,RAT,12.94,"FOZARD ET AL., 1987",CORTEX
cid:2477,2477,Buspirone,,pdsp,5-HT1A,HTR1A,BOVINE,14.0,"DOMPERT ET AL., 1985",HIPPOCAMPUS
cid:2477,2477,Buspirone,,pdsp,5-HT1A,HTR1A,RAT,14.0,"TITELER ET AL., 1987",HIPPOCAMPUS
cid:2477,2477,Buspirone,,pdsp,5-HT1A,HTR1A,RAT,15.0,"GLENNON ET AL., 1988",HIPPOCAMPUS
cid:2477,2477,Buspirone,,pdsp,5-HT1A,HTR1A,RAT,15.0,"PEROUTKA, 1986",CORTEX
cid:2477,2477,Buspirone,,pdsp,5-HT1A,HTR1A,RAT,15.8,"Kilpatrick et al., 1989",CORTEX
cid:2477,2477,Buspirone,,pdsp,5-HT1A,HTR1A,BOVINE,17.78,"PEROUTKA, 1985",HIPPOCAMPUS
cid:2477,2477,Buspirone,,pdsp,5-HT1A,HTR1A,BOVINE,20.0,"PEROUTKA, 1985",HIPPOCAMPUS
cid:2477,2477,Buspirone,,pdsp,5-HT1A,HTR1A,RAT,20.89,"HALL ET AL., 1985",HIPPOCAMPUS
cid:2477,2477,Buspirone,,pdsp,5-HT1A,HTR1A,RAT,22.94,"GOZLAN ET AL., 1983",HIPPOCAMPUS
cid:2477,2477,Buspirone,,pdsp,5-HT1A,HTR1A,RAT,23.4,"GOZLAN ET AL., 1988",HIPPOCAMPUS
cid:2477,2477,Buspirone,,pdsp,5-HT1A,HTR1A,PIG,26.3,"SCHOEFFTER AND HOYER,1988",CORTEX
cid:2477,2477,Buspirone,,pdsp,5-HT1A,HTR1A,PIG,26.3,"HOYER, 1989 (J.R.R.)",CORTEX
cid:2477,2477,Buspirone,,pdsp,5-HT1A,HTR1A,RAT,31.19,"COSSERY ET AL.,1986",HIPPOCAMPUS
cid:2477,2477,Buspirone,,pdsp,5-HT1A,HTR1A,C0S-7,74.1,"RAYMOND ET AL., 1989",CELLS
cid:2477,2477,Buspirone,,pdsp,5-HT1A,HTR1A,C0S-7,97.0,"RAYMOND ET AL., 1989",CELLS
cid:2477,2477,Buspirone,,pdsp,5-HT1B,HTR1B,RAT,10000.0,"TITELER ET AL., 1987",STRIATUM
cid:2477,2477,Buspirone,,pdsp,5-HT1B,HTR1B,RAT,10000.0,"PEROUTKA, 1986",CORTEX
cid:2477,2477,Buspirone,,pdsp,5-HT1B,HTR1B,RAT,10000.0,"HOYER, 1989 (J.R.R.)",CORTEX
cid:2477,2477,Buspirone,,pdsp,5-HT1B,HTR1B,RAT,10000.0,"OFFORD ET AL., 1988",CORTEX
cid:2477,2477,Buspirone,,pdsp,5-HT2C,HTR2C,PIG,8320.0,"HOYER, 1989 (J.R.R.)",Choroid Plexus
cid:2477,2477,Buspirone,,pdsp,5-HT1D,HTR1D,CALF,10000.0,"HOYER, 1989 (J.R.R.)",CAUDATE
cid:2477,2477,Buspirone,,pdsp,5-HT1D,HTR1D,BOVINE,9428.57,"PEROUTKA, 1985",STRIATUM
cid:2477,2477,Buspirone,,pdsp,5-HT1D,HTR1D,BOVINE,10000.0,"PEROUTKA, 1985",CORTEX
cid:2477,2477,Buspirone,,pdsp,5-HT1D,HTR1D,HUMAN,10000.0,"PEROUTKA ET AL., 1989",CORTEX
cid:2477,2477,Buspirone,,pdsp,5-HT1D,HTR1D,CALF,10000.0,"HOYER, 1988 or 9 (book)",CAUDATE
cid:2477,2477,Buspirone,,pdsp,5-HT1D,HTR1D,COW,10000.0,"HOYER, 1987",CAUDATE
cid:2477,2477,Buspirone,,pdsp,5-HT1D,HTR1D,CALF,10000.0,"WAEBER ET AL., 1988",CAUDATE
cid:2477,2477,Buspirone,,pdsp,5-HT1D,HTR1D,PIG,10000.0,"WAEBER ET AL., 1988",CAUDATE
cid:2477,2477,Buspirone,,pdsp,5-HT1D,HTR1D,HUMAN,10000.0,"WAEBER ET AL., 1988",CAUDATE
cid:2477,2477,Buspirone,,pdsp,5-HT1D,HTR1D,BOVINE,10000.0,"HEURING & PEROUTKA, 1987",STRIATUM
cid:2477,2477,Buspirone,,pdsp,5-HT2A,HTR2A,RAT,851.0,"HOYER, 1989 (J.R.R.)",CORTEX
cid:2477,2477,Buspirone,,pdsp,5-HT2A,HTR2A,RAT,1210.0,"FOZARD ET AL., 1987",CORTEX
cid:2477,2477,Buspirone,,pdsp,5-HT2A,HTR2A,BOVINE,1336.36,"PEROUTKA, 1985",CORTEX
cid:2477,2477,Buspirone,,pdsp,5-HT3,HTR3A,RAT,10000.0,"NELSON & THOMAS, 1989",CORTEX
cid:2477,2477,Buspirone,,pdsp,5-HT1A,HTR1A,? HUMAN,30.0,"HAMON M, ET AL., 1990",?CLONED
cid:2477,2477,Buspirone,,pdsp,5-HT2A,HTR2A,RAT,758.57,"BONHAUS DW, ET AL., 1997",CLONED
cid:2477,2477,Buspirone,,pdsp,5-HT2C,HTR2C,RAT,6025.59,"BONHAUS DW, ET AL., 1997",CLONED
cid:2477,2477,Buspirone,,pdsp,5-HT2A,HTR2A,HUMAN,138.03,"BONHAUS DW, ET AL., 1997",CLONED
cid:2477,2477,Buspirone,,pdsp,5-HT2B,HTR2B,HUMAN,213.79,"BONHAUS DW, ET AL., 1997",CLONED
cid:2477,2477,Buspirone,,pdsp,5-HT2C,HTR2C,HUMAN,489.77,"BONHAUS DW, ET AL., 1997",CLONED
cid:2477,2477,Buspirone,,pdsp,5-HT7,HTR7,RAT,381.0,"RUAT M, ET AL., 1993",CLONED
cid:2477,2477,Buspirone,,pdsp,5-HT6,HTR6,MOUSE,398.1,"PLASSAT JL, ET AL., 1993",CLONED
cid:2477,2477,Buspirone,,pdsp,DOPAMINE D4.2,,HUMAN,78.0,"TALLMAN JF, ET AL., 1997",CLONED
cid:2477,2477,Buspirone,,pdsp,DOPAMINE D4.2,,HUMAN,136.0,"TALLMAN JF, ET AL., 1997",CLONED
cid:2477,2477,Buspirone,,pdsp,5-HT1A,HTR1A,RAT,12.58,"Millan MJ, et al., 2000",HIPPOCAMPUS
cid:2477,2477,Buspirone,,pdsp,5-HT1A,HTR1A,HUMAN,3.98,"BOESS FG, ET AL., 1994",CLONED
cid:2477,2477,Buspirone,,pdsp,5-HT1A,HTR1A,HUMAN,77.62,"BOESS FG, ET AL., 1994",CLONED
cid:2477,2477,Buspirone,,pdsp,5-HT1A,HTR1A,HUMAN,19.05,"BOESS FG, ET AL., 1994",CLONED
cid:2477,2477,Buspirone,,pdsp,5-HT1A,HTR1A,HUMAN,21.37,"BOESS FG, ET AL., 1994",CLONED
cid:2477,2477,Buspirone,,pdsp,5-HT1A,HTR1A,HUMAN,15.13,"BOESS FG, ET AL., 1994",CLONED
cid:2477,2477,Buspirone,,pdsp,5-HT1A,HTR1A,HUMAN,213.79,"BOESS FG, ET AL., 1994",CLONED
cid:2477,2477,Buspirone,,pdsp,5-HT7,HTR7,RAT,375.0,"Lovenberg TW, et al., 1993a",CLONED
cid:2477,2477,Buspirone,,pdsp,5-HT1A,HTR1A,RAT,68.7,"Lovenberg TW, et al., 1993a",CLONED
cid:2477,2477,Buspirone,,pdsp,5-HT1A,HTR1A,HUMAN,21.1,"Sundaram H, et al., 1993",CLONED
cid:2477,2477,Buspirone,,pdsp,5-HT1A,HTR1A,HUMAN,212.0,"Sundaram H, et al., 1993",CLONED
cid:2477,2477,Buspirone,,pdsp,Dopamine2-like,,RAT,1210.0,"Seeman P et al,1997b",STRIATUM
cid:2477,2477,Buspirone,,pdsp,5-HT1A,HTR1A,RAT,891.25093813375,"Gozlan H et al., 1983",STRIATUM
cid:2477,2477,Buspirone,,pdsp,5-HT1A,HTR1A,RAT,29.512092266664,"Gozlan H et al., 1983",HIPPOCAMPUS
cid:2477,2477,Buspirone,,pdsp,5-HT1A,HTR1A,RABBIT,26.0,"Weber JT, et al.,  1997",CEREBRAL CORTEX
cid:2477,2477,Buspirone,,pdsp,5-HT1A,HTR1A,RAT,56.234132519035,"Borsini F, et al., 1995",HIPPOCAMPUS
cid:2477,2477,Buspirone,,pdsp,5-HT1A,HTR1A,RAT,47.863009232264,"Borsini F, et al., 1995",FR. CORTEX
cid:2477,2477,Buspirone,,pdsp,5-HT1B,HTR1B,RAT,10000.0,"Borsini F, et al., 1995",STRIATUM
cid:2477,2477,Buspirone,,pdsp,5-HT1D,HTR1D,RAT,10000.0,"Borsini F, et al., 1995",CEREBRAL CORTEX
cid:2477,2477,Buspirone,,pdsp,5-HT2A,HTR2A,RAT,870.96358995608,"Borsini F, et al., 1995",CEREBRAL CORTEX
cid:2477,2477,Buspirone,,pdsp,5-HT2C,HTR2C,RAT,2089.296130854,"Borsini F, et al., 1995",CEREBRAL CORTEX
cid:2477,2477,Buspirone,,pdsp,5-HT3,HTR3A,RAT,10000.0,"Borsini F, et al., 1995",NG108-15
cid:2477,2477,Buspirone,,pdsp,5-HT4,HTR4,RAT,10000.0,"Borsini F, et al., 1995",STRIATUM
cid:2477,2477,Buspirone,,pdsp,5-HT1A,HTR1A,RAT,15.0,"Siracusa MA et al., 2008",UNDEFINED
cid:2477,2477,Buspirone,,pdsp,5-HT1A,HTR1A,HUMAN,15.0,"Dounay AB et al., 2009",UNDEFINED
cid:2477,2477,Buspirone,,pdsp,5-HT2A,HTR2A,UNDEFINED,851.0,"Bojarski AJ et al., 2009",UNDEFINED
cid:2477,2477,Buspirone,,pdsp,5-HT1A,HTR1A,RAT,3.79999995231628,"Bojarski AJ et al., 2009",UNDEFINED
cid:2477,2477,Buspirone,,pdsp,5-HT1A,HTR1A,RAT,36.0,"Zajdel P et al., 2009",UNDEFINED
cid:2477,2477,Buspirone,,pdsp,5-HT1A,HTR1A,UNDEFINED,24.0,"Liu Z et al., 2010",UNDEFINED
cid:2477,2477,Buspirone,,pdsp,5-HT1A,HTR1A,UNDEFINED,20.0,"Liu Z et al., 2010",UNDEFINED
cid:2477,2477,Buspirone,,pdsp,5-HT1A,HTR1A,HUMAN,5.0118723362727,Sniecikowska J et al 2019,CLONED
cid:56843046,56843046,Butylone,"MDxx, Cathinone, Substituted_cathinones",pdsp,Norepinephrine transporter,,HUMAN,8130.0,Simmler LD et al 2013,HEK293 cells
cid:56843046,56843046,Butylone,"MDxx, Cathinone, Substituted_cathinones",pdsp,DAT,,HUMAN,440.0,Simmler LD et al 2013,HEK293 cells
cid:56843046,56843046,Butylone,"MDxx, Cathinone, Substituted_cathinones",pdsp,SERT,,HUMAN,14100.0,Simmler LD et al 2013,HEK293 cells
cid:56843046,56843046,Butylone,"MDxx, Cathinone, Substituted_cathinones",pdsp,5-HT1A,HTR1A,HUMAN,20000.0,Simmler LD et al 2013,HEK293 cells
cid:56843046,56843046,Butylone,"MDxx, Cathinone, Substituted_cathinones",pdsp,5-HT2A,HTR2A,HUMAN,13000.0,Simmler LD et al 2013,HEK293 cells
cid:56843046,56843046,Butylone,"MDxx, Cathinone, Substituted_cathinones",pdsp,5-HT2C,HTR2C,HUMAN,13000.0,Simmler LD et al 2013,HEK293 cells
cid:56843046,56843046,Butylone,"MDxx, Cathinone, Substituted_cathinones",pdsp,alpha1A,,HUMAN,6000.0,Simmler LD et al 2013,HEK293 cells
cid:56843046,56843046,Butylone,"MDxx, Cathinone, Substituted_cathinones",pdsp,Alpha2A,,HUMAN,25000.0,Simmler LD et al 2013,HEK293 cells
cid:56843046,56843046,Butylone,"MDxx, Cathinone, Substituted_cathinones",pdsp,D1,,HUMAN,12500.0,Simmler LD et al 2013,HEK293 cells
cid:56843046,56843046,Butylone,"MDxx, Cathinone, Substituted_cathinones",pdsp,D3,,HUMAN,16000.0,Simmler LD et al 2013,HEK293 cells
cid:56843046,56843046,Butylone,"MDxx, Cathinone, Substituted_cathinones",pdsp,H1,,HUMAN,13000.0,Simmler LD et al 2013,HEK293 cells
cid:56843046,56843046,Butylone,"MDxx, Cathinone, Substituted_cathinones",pdsp,TA1,TRAR1,RAT,12500.0,Simmler LD et al 2013,HEK293 cells
cid:56843046,56843046,Butylone,"MDxx, Cathinone, Substituted_cathinones",pdsp,TA1,TRAR1,MOUSE,10000.0,Simmler LD et al 2013,HEK293 cells
cid:2519,2519,Caffeine,Xanthines,pdsp,ADENOSINE A1,ADORA1,RAT,10000.0,"Bruns RF et al., 1986",BRAIN
cid:2519,2519,Caffeine,Xanthines,pdsp,ADENOSINE A2,,HUMAN,10000.0,"Bruns RF et al., 1986",Striatal Membranes
cid:2519,2519,Caffeine,Xanthines,pdsp,ADENOSINE A1,ADORA1,RAT,10000.0,"Sarges R et al., 1990",CEREBRAL CORTEX
cid:2519,2519,Caffeine,Xanthines,pdsp,ADENOSINE A2,,RAT,10000.0,"Sarges R et al., 1990",Striatal Membranes
cid:2519,2519,Caffeine,Xanthines,pdsp,ADENOSINE A2,,HUMAN,10000.0,"Schwabe U et al., 1985",Platelet membrane
cid:2519,2519,Caffeine,Xanthines,pdsp,ADENOSINE A1,ADORA1,RAT,10000.0,"Schwabe U et al., 1985",BRAIN
cid:2519,2519,Caffeine,Xanthines,pdsp,ADENOSINE A1,ADORA1,BOVINE,10000.0,"Schwabe U et al., 1985",BRAIN
cid:2519,2519,Caffeine,Xanthines,pdsp,ADENOSINE A1,ADORA1,RAT,10000.0,"Daly JW et al., 1990",BRAIN
cid:2519,2519,Caffeine,Xanthines,pdsp,ADENOSINE A2,,RAT,10000.0,"Daly JW et al., 1990",STRIATUM
cid:2519,2519,Caffeine,Xanthines,pdsp,ADENOSINE A1,ADORA1,RAT,10000.0,"Daly JW et al., 1986",CORTEX
cid:2519,2519,Caffeine,Xanthines,pdsp,ADENOSINE A1,ADORA1,HUMAN,10000.0,"Ohshita K et al., 2007",UNDEFINED
cid:2519,2519,Caffeine,Xanthines,pdsp,ADENOSINE A2a,ADORA2A,HUMAN,10000.0,"Ohshita K et al., 2007",UNDEFINED
cid:2519,2519,Caffeine,Xanthines,pdsp,ADENOSINE A2B,ADORA2B,HUMAN,10000.0,"Borrmann T et al., 2009",UNDEFINED
cid:2519,2519,Caffeine,Xanthines,pdsp,ADENOSINE A2B,ADORA2B,HUMAN,10000.0,"Borrmann T et al., 2009",UNDEFINED
cid:2519,2519,Caffeine,Xanthines,pdsp,ADENOSINE A1,ADORA1,HUMAN,10000.0,"Ishiyama H et al., 2008",UNDEFINED
cid:2519,2519,Caffeine,Xanthines,pdsp,ADENOSINE A2a,ADORA2A,HUMAN,10000.0,"Ishiyama H et al., 2008",UNDEFINED
cid:2519,2519,Caffeine,Xanthines,pdsp,ADENOSINE A3,ADORA3,HUMAN,10000.0,"Ishiyama H et al., 2008",UNDEFINED
cid:2519,2519,Caffeine,Xanthines,pdsp,ADENOSINE A2a,ADORA2A,HUMAN,10000.0,"Ishiyama H et al., 2009",UNDEFINED
cid:2519,2519,Caffeine,Xanthines,pdsp,ADENOSINE A1,ADORA1,HUMAN,10000.0,"Ishiyama H et al., 2009",UNDEFINED
cid:2519,2519,Caffeine,Xanthines,pdsp,ADENOSINE A2B,ADORA2B,HUMAN,10000.0,"Scheiff AB et al., 2010",UNDEFINED
cid:2519,2519,Caffeine,Xanthines,pdsp,ADENOSINE A3,ADORA3,HUMAN,10000.0,"Scheiff AB et al., 2010",UNDEFINED
cid:2519,2519,Caffeine,Xanthines,pdsp,ADENOSINE A1,ADORA1,RAT,18800.0,Drabczynska A et al 2013,CORTEX
cid:2519,2519,Caffeine,Xanthines,pdsp,ADENOSINE A2a,ADORA2A,RAT,32800.0,Drabczynska A et al 2013,CORTEX
cid:2519,2519,Caffeine,Xanthines,pdsp,ADENOSINE A2a,ADORA2A,? HUMAN,23400.0,Zaluski M et al 2019,?CLONED
cid:2519,2519,Caffeine,Xanthines,pdsp,ADENOSINE A2B,ADORA2B,? HUMAN,33800.0,Zaluski M et al 2019,?CLONED
cid:2519,2519,Caffeine,Xanthines,pdsp,ADENOSINE A3,ADORA3,? HUMAN,13300.0,Zaluski M et al 2019,?CLONED
cid:644019,644019,Cannabidiol,Cannabinoid,pdsp,CANNABINOID CB1,CNR1,RAT,4350.0,"Compton DR, et al., 1993",BRAIN
cid:5281520,5281520,Cannabis,Cannabinoid,pdsp,CB1,,HUMAN,10.19,Ray TS 2010,CLONED
cid:5281520,5281520,Cannabis,Cannabinoid,pdsp,CB2,,HUMAN,16.85,Ray TS 2010,CLONED
cid:62258,62258,Cathinone,,pdsp,Norepinephrine transporter,,HUMAN,3500.0,Simmler LD et al 2013,HEK293 cells
cid:62258,62258,Cathinone,,pdsp,DAT,,HUMAN,19800.0,Simmler LD et al 2013,HEK293 cells
cid:62258,62258,Cathinone,,pdsp,SERT,,HUMAN,30000.0,Simmler LD et al 2013,HEK293 cells
cid:62258,62258,Cathinone,,pdsp,5-HT1A,HTR1A,HUMAN,20000.0,Simmler LD et al 2013,HEK293 cells
cid:62258,62258,Cathinone,,pdsp,5-HT2A,HTR2A,HUMAN,13000.0,Simmler LD et al 2013,HEK293 cells
cid:62258,62258,Cathinone,,pdsp,5-HT2C,HTR2C,HUMAN,13000.0,Simmler LD et al 2013,HEK293 cells
cid:62258,62258,Cathinone,,pdsp,alpha1A,,HUMAN,5400.0,Simmler LD et al 2013,HEK293 cells
cid:62258,62258,Cathinone,,pdsp,Alpha2A,,HUMAN,8900.0,Simmler LD et al 2013,HEK293 cells
cid:62258,62258,Cathinone,,pdsp,D1,,HUMAN,13600.0,Simmler LD et al 2013,HEK293 cells
cid:62258,62258,Cathinone,,pdsp,D2,,HUMAN,30000.0,Simmler LD et al 2013,HEK293 cells
cid:62258,62258,Cathinone,,pdsp,D3,,HUMAN,17700.0,Simmler LD et al 2013,HEK293 cells
cid:62258,62258,Cathinone,,pdsp,H1,,HUMAN,14400.0,Simmler LD et al 2013,HEK293 cells
cid:62258,62258,Cathinone,,pdsp,TA1,TRAR1,RAT,2200.0,Simmler LD et al 2013,HEK293 cells
cid:62258,62258,Cathinone,,pdsp,TA1,TRAR1,MOUSE,2100.0,Simmler LD et al 2013,HEK293 cells
cid:6900,6900,Choline bitartrate,Ammonium_salt,pdsp,"Cholinergic, Nicotinic Alpha4Beta2",,HUMAN,7000.0,"Eaton JB, et.al.,2003",CLONED
cid:6900,6900,Choline bitartrate,Ammonium_salt,pdsp,"Cholinergic, Nicotinic Alpha2Beta2",,RAT,10000.0,"Xiao Y et al., 2004",CLONED
cid:6900,6900,Choline bitartrate,Ammonium_salt,pdsp,"Cholinergic, Nicotinic Alpha2Beta4",,RAT,10000.0,"Xiao Y et al., 2004",CLONED
cid:6900,6900,Choline bitartrate,Ammonium_salt,pdsp,"Cholinergic, Nicotinic Alpha3Beta2",,RAT,10000.0,"Xiao Y et al., 2004",CLONED
cid:6900,6900,Choline bitartrate,Ammonium_salt,pdsp,"Cholinergic, Nicotinic Alpha3Beta4",,RAT,10000.0,"Xiao Y et al., 2004",CLONED
cid:6900,6900,Choline bitartrate,Ammonium_salt,pdsp,"Cholinergic, Nicotinic Alpha4Beta2",,RAT,10000.0,"Xiao Y et al., 2004",CLONED
cid:6900,6900,Choline bitartrate,Ammonium_salt,pdsp,"Cholinergic, Nicotinic Alpha4Beta4",,RAT,10000.0,"Xiao Y et al., 2004",CLONED
cid:6900,6900,Choline bitartrate,Ammonium_salt,pdsp,n-AChR,,RAT,10000.0,"Xiao Y et al., 2004",FOREBRAIN
cid:2802,2802,Clonazepam,Benzodiazepines,pdsp,GABA A Benzodiazepine,,RAT,18.6,"Yamagishi H, et al., 1998",Parotid gland
cid:2802,2802,Clonazepam,Benzodiazepines,pdsp,GABA A Benzodiazepine,,RAT,33.4,"Yamagishi H, et al., 1998",Submandibular gland
cid:2802,2802,Clonazepam,Benzodiazepines,pdsp,GABA A Benzodiazepine,,RAT,10000.0,"Yamagishi H, et al., 1998",Parotid gland
cid:2802,2802,Clonazepam,Benzodiazepines,pdsp,GABA A Benzodiazepine,,RAT,10000.0,"Yamagishi H, et al., 1998",Submandibular gland
cid:2802,2802,Clonazepam,Benzodiazepines,pdsp,GABA A Benzodiazepine,,RAT,27.0,"Hoogerkamp,Arends,Bomers,Mandema,Voskuyl,Damhof 96",BRAIN
cid:2802,2802,Clonazepam,Benzodiazepines,pdsp,GABA A Alpha1Beta1Gamma2,,HUMAN,1.27,"Pritchett DB, Luddens H, Seeburg PH, 1989",CLONED
cid:2802,2802,Clonazepam,Benzodiazepines,pdsp,GABA A Alpha2Beta1Gamma2,,HUMAN,1.7,"Pritchett DB, Luddens H, Seeburg PH, 1989",CLONED
cid:2802,2802,Clonazepam,Benzodiazepines,pdsp,GABA A Alpha3Beta1Gamma2,,HUMAN,2.0,"Pritchett DB, Luddens H, Seeburg PH, 1989",CLONED
cid:2802,2802,Clonazepam,Benzodiazepines,pdsp,GABA A Benzodiazepine,,RAT,2.4,"Schotte A, et al.,  1996",FOREBRAIN
cid:2802,2802,Clonazepam,Benzodiazepines,pdsp,GABA A Benzodiazepine,,RAT,2900.0,"Braestrup C, et al., 1977",KIDNEY
cid:2802,2802,Clonazepam,Benzodiazepines,pdsp,GABA A Benzodiazepine,,RAT,5080.0,"Braestrup C, et al., 1977",LIVER
cid:2802,2802,Clonazepam,Benzodiazepines,pdsp,GABA A Benzodiazepine,,RAT,7900.0,"Braestrup C, et al., 1977",LUNG
cid:2802,2802,Clonazepam,Benzodiazepines,pdsp,GABA A Benzodiazepine,,RAT,5.0,"Braestrup C, et al., 1977",BRAIN
cid:2802,2802,Clonazepam,Benzodiazepines,pdsp,GABA,,RAT,1.0,"Massotti M, et al., 1991",CEREBELLUM
cid:2802,2802,Clonazepam,Benzodiazepines,pdsp,GABA,,RAT,0.75,"Massotti M, et al., 1991",CEREBELLUM
cid:2802,2802,Clonazepam,Benzodiazepines,pdsp,GABA,,RAT,1.2,"Massotti M, et al., 1991",STRIATUM
cid:2802,2802,Clonazepam,Benzodiazepines,pdsp,GABA,,RAT,1.0,"Massotti M, et al., 1991",STRIATUM
cid:2802,2802,Clonazepam,Benzodiazepines,pdsp,GABA,,RAT,50.0,"Massotti M, et al., 1991",Spinal cord
cid:2802,2802,Clonazepam,Benzodiazepines,pdsp,GABA A Benzodiazepine,,HUMAN,10000.0,"Awad M et al., 1991",COLON
cid:2802,2802,Clonazepam,Benzodiazepines,pdsp,GABA A Benzodiazepine,,CALF,10000.0,"Awad M et al., 1991",KIDNEY
cid:2802,2802,Clonazepam,Benzodiazepines,pdsp,GABA A Benzodiazepine,,HUMAN,10000.0,"Awad M et al., 1991",KIDNEY
cid:2802,2802,Clonazepam,Benzodiazepines,pdsp,GABA A Benzodiazepine,,RAT,10000.0,"Awad M et al., 1991",KIDNEY
cid:2802,2802,Clonazepam,Benzodiazepines,pdsp,GABA A Benzodiazepine,,CALF,10000.0,"Awad M et al., 1991",CEREBRAL CORTEX
cid:2802,2802,Clonazepam,Benzodiazepines,pdsp,GABA A Benzodiazepine,,RAT,10000.0,"Awad M et al., 1991",CEREBRAL CORTEX
cid:2802,2802,Clonazepam,Benzodiazepines,pdsp,GABA A Benzodiazepine,,HUMAN,10000.0,"Awad M et al., 1991",CEREBRAL CORTEX
cid:2803,2803,Clonidine,"Imidazoline, Arylaminoimidazoline",pdsp,5-HT2A,HTR2A,HUMAN,10000.0,"ANDORN ET AL., 1984",CORTEX
cid:2803,2803,Clonidine,"Imidazoline, Arylaminoimidazoline",pdsp,adrenergic Alpha2B,ADRA2B,HUMAN,7.2,"WEINSHANK RL, ET AL, 1990",CLONED
cid:2803,2803,Clonidine,"Imidazoline, Arylaminoimidazoline",pdsp,adrenergic Alpha1,,Dog,37.0,"Jones SB, et al., 1987",AORTA
cid:2803,2803,Clonidine,"Imidazoline, Arylaminoimidazoline",pdsp,adrenergic Alpha1,,Dog,67.0,"Jones SB, et al., 1987",AORTA
cid:2803,2803,Clonidine,"Imidazoline, Arylaminoimidazoline",pdsp,5-HT1B,HTR1B,RAT,10000.0,"Matsumoto I, et al., 1992",Spinal cord
cid:2803,2803,Clonidine,"Imidazoline, Arylaminoimidazoline",pdsp,Adrenergic Alpha,,RAT,340.0,"Greengrass P, et al., 1979",BRAIN
cid:2803,2803,Clonidine,"Imidazoline, Arylaminoimidazoline",pdsp,adrenergic Alpha2,,RAT,27.7,"Boyajian CL, et al., 1987",BRAIN
cid:2803,2803,Clonidine,"Imidazoline, Arylaminoimidazoline",pdsp,adrenergic Alpha2,,RAT,41.9,"Boyajian CL, et al., 1987",BRAIN
cid:2803,2803,Clonidine,"Imidazoline, Arylaminoimidazoline",pdsp,adrenergic Alpha2,,OPOSSUM,14.0,"Murphy TJ, et al., 1988",CLONED
cid:2803,2803,Clonidine,"Imidazoline, Arylaminoimidazoline",pdsp,Imidazoline I2,,RAT,2520.0,"Molderings GJ, et al., 1997",Stomach membranes
cid:2803,2803,Clonidine,"Imidazoline, Arylaminoimidazoline",pdsp,Imidazoline I2,,RAT,10000.0,"Molderings GJ, et al., 1997",Stomach membranes
cid:2803,2803,Clonidine,"Imidazoline, Arylaminoimidazoline",pdsp,adrenergic Alpha2A,ADRA2A,PIG,85.11,"Brink CB, et al., 2000",CLONED
cid:2803,2803,Clonidine,"Imidazoline, Arylaminoimidazoline",pdsp,DOPAMINE D2,DRD2,RAT,10000.0,"Neve KA, et al., 1990a",CORTEX
cid:2803,2803,Clonidine,"Imidazoline, Arylaminoimidazoline",pdsp,adrenergic Alpha2,,RAT,47.0,"Neve KA, et al., 1990a",CORTEX
cid:2803,2803,Clonidine,"Imidazoline, Arylaminoimidazoline",pdsp,Dopamine2-like,,RAT,1980.0,"Seeman P et al,1997b",STRIATUM
cid:2803,2803,Clonidine,"Imidazoline, Arylaminoimidazoline",pdsp,Adrenergic Alpha,,RAT,5.7,"U'Prichard DC et al., 1977",BRAIN
cid:2803,2803,Clonidine,"Imidazoline, Arylaminoimidazoline",pdsp,Adrenergic Alpha,,RAT,430.0,"U'Prichard DC et al., 1977",BRAIN
cid:2803,2803,Clonidine,"Imidazoline, Arylaminoimidazoline",pdsp,adrenergic Alpha2,,RAT,31.6228,"Millan MJ, et al., 2000a",CORTEX
cid:2803,2803,Clonidine,"Imidazoline, Arylaminoimidazoline",pdsp,adrenergic Alpha2A,ADRA2A,RAT,25.1189,"Millan MJ, et al., 2000a",Salivary  gland
cid:2803,2803,Clonidine,"Imidazoline, Arylaminoimidazoline",pdsp,adrenergic Alpha2A,ADRA2A,HUMAN,31.6228,"Millan MJ, et al., 2000a",CLONED
cid:2803,2803,Clonidine,"Imidazoline, Arylaminoimidazoline",pdsp,adrenergic Alpha2A,ADRA2A,HUMAN,50.1187,"Millan MJ, et al., 2000a",Sf9
cid:2803,2803,Clonidine,"Imidazoline, Arylaminoimidazoline",pdsp,adrenergic Alpha2B,ADRA2B,HUMAN,39.8107,"Millan MJ, et al., 2000a",CLONED
cid:2803,2803,Clonidine,"Imidazoline, Arylaminoimidazoline",pdsp,adrenergic Alpha2C,ADRA2C,HUMAN,63.0957,"Millan MJ, et al., 2000a",CLONED
cid:2803,2803,Clonidine,"Imidazoline, Arylaminoimidazoline",pdsp,adrenergic Alpha1,,RAT,501.1872,"Millan MJ, et al., 2000a",FR. CORTEX
cid:2803,2803,Clonidine,"Imidazoline, Arylaminoimidazoline",pdsp,adrenergic Alpha1A,ADRA1A,RAT,100.0,"Millan MJ, et al., 2000a",Salivary  gland
cid:2803,2803,Clonidine,"Imidazoline, Arylaminoimidazoline",pdsp,adrenergic Alpha1A,ADRA1A,HUMAN,316.2278,"Millan MJ, et al., 2000a",CLONED
cid:2803,2803,Clonidine,"Imidazoline, Arylaminoimidazoline",pdsp,adrenergic Alpha1B,ADRA1B,RAT,316.2278,"Millan MJ, et al., 2000a",LIVER
cid:2803,2803,Clonidine,"Imidazoline, Arylaminoimidazoline",pdsp,adrenergic Alpha1B,ADRA1B,HUMAN,316.2278,"Millan MJ, et al., 2000a",CLONED
cid:2803,2803,Clonidine,"Imidazoline, Arylaminoimidazoline",pdsp,adrenergic Alpha1D,ADRA1D,HUMAN,125.8925,"Millan MJ, et al., 2000a",CLONED
cid:2803,2803,Clonidine,"Imidazoline, Arylaminoimidazoline",pdsp,Imidazoline I1,,BOVINE,31.6228,"Millan MJ, et al., 2000a",adrenal medulla
cid:2803,2803,Clonidine,"Imidazoline, Arylaminoimidazoline",pdsp,Imidazoline I2,,RAT,1000.0,"Millan MJ, et al., 2000a",CORTEX
cid:2803,2803,Clonidine,"Imidazoline, Arylaminoimidazoline",pdsp,Norepinephrine transporter,,HUMAN,1000.0,"Millan MJ, et al., 2000a",CLONED
cid:2803,2803,Clonidine,"Imidazoline, Arylaminoimidazoline",pdsp,Monoamine Oxidase A,,RAT,1000.0,"Millan MJ, et al., 2000a",BRAIN
cid:2803,2803,Clonidine,"Imidazoline, Arylaminoimidazoline",pdsp,Monoamine Oxidase B,,RAT,1000.0,"Millan MJ, et al., 2000a",BRAIN
cid:2803,2803,Clonidine,"Imidazoline, Arylaminoimidazoline",pdsp,adrenergic Alpha2A,ADRA2A,HUMAN,35.4813,"Millan MJ, et al., 2000a",CLONED
cid:2803,2803,Clonidine,"Imidazoline, Arylaminoimidazoline",pdsp,adrenergic Alpha2B,ADRA2B,HUMAN,309.0295,"Millan MJ, et al., 2000a",CLONED
cid:2803,2803,Clonidine,"Imidazoline, Arylaminoimidazoline",pdsp,adrenergic Alpha2C,ADRA2C,HUMAN,501.1872,"Millan MJ, et al., 2000a",CLONED
cid:2803,2803,Clonidine,"Imidazoline, Arylaminoimidazoline",pdsp,Adrenergic Alpha,,RAT,4.7,"Greenberg, DA et al., 1976",BRAIN
cid:2803,2803,Clonidine,"Imidazoline, Arylaminoimidazoline",pdsp,Adrenergic Alpha,,RAT,580.0,"Greenberg, DA et al., 1976",BRAIN
cid:2803,2803,Clonidine,"Imidazoline, Arylaminoimidazoline",pdsp,adrenergic Alpha2,,RAT,2066.0,"Sanchez-Roa, P.M., et al., 1989",Striatal Membranes
cid:2803,2803,Clonidine,"Imidazoline, Arylaminoimidazoline",pdsp,Sigma,,GUINEA PIG,10000.0,"Weber E, et al., 1986",BRAIN
cid:2803,2803,Clonidine,"Imidazoline, Arylaminoimidazoline",pdsp,adrenergic Alpha2B,ADRA2B,HUMAN,69.183097091894,"Jasper JR, et al., 1998",CLONED
cid:2803,2803,Clonidine,"Imidazoline, Arylaminoimidazoline",pdsp,adrenergic Alpha2C,ADRA2C,HUMAN,134.89628825917,"Jasper JR, et al., 1998",CLONED
cid:2803,2803,Clonidine,"Imidazoline, Arylaminoimidazoline",pdsp,adrenergic Alpha2A,ADRA2A,HUMAN,61.659500186148,"Jasper JR, et al., 1998",CLONED
cid:2803,2803,Clonidine,"Imidazoline, Arylaminoimidazoline",pdsp,adrenergic Alpha2A,ADRA2A,MOUSE,40.738027780411,"Jasper JR, et al., 1998",CLONED
cid:2803,2803,Clonidine,"Imidazoline, Arylaminoimidazoline",pdsp,adrenergic Alpha2A,ADRA2A,MOUSE,61.659500186148,"Jasper JR, et al., 1998",CLONED
cid:2803,2803,Clonidine,"Imidazoline, Arylaminoimidazoline",pdsp,Nischarin,NISCH,HUMAN,55.0,"Nikolic K et al., 2008",UNDEFINED
cid:446220,446220,Cocaine,Substituted_tropanes,pdsp,5-HT3,HTR3A,RAT,0.15,"Kilpatrick et al., 1989",AREA POSTREMA
cid:446220,446220,Cocaine,Substituted_tropanes,pdsp,5-HT3,HTR3A,RAT,0.19,"Kilpatrick et al., 1989",VAGUS NERVE
cid:446220,446220,Cocaine,Substituted_tropanes,pdsp,5-HT3,HTR3A,RAT,1600.0,"PEROUTKA, 1988",CORTEX
cid:446220,446220,Cocaine,Substituted_tropanes,pdsp,5-HT3,HTR3A,RAT,2300.0,"MILBURN & PEROUTKA, 1989",CORTEX
cid:446220,446220,Cocaine,Substituted_tropanes,pdsp,5-HT3,HTR3A,RAT,2300.0,"PEROUTKA, 1988",CORTEX
cid:446220,446220,Cocaine,Substituted_tropanes,pdsp,5-HT3,HTR3A,RAT,3336.0,"BARNES ET AL., 1988",ENTO CORTEX
cid:446220,446220,Cocaine,Substituted_tropanes,pdsp,5-HT3,HTR3A,RAT,3600.0,"Kilpatrick et al., 1987",ENTO CORTEX
cid:446220,446220,Cocaine,Substituted_tropanes,pdsp,5-HT3,HTR3A,HUMAN,4900.0,"BARNES ET AL., 1989",HIPPOCAMPUS
cid:446220,446220,Cocaine,Substituted_tropanes,pdsp,5-HT3,HTR3A,HUMAN,5370.0,"BARNES ET AL., 1989",AMYGDALA
cid:446220,446220,Cocaine,Substituted_tropanes,pdsp,5-HT3,HTR3A,HUMAN,7080.0,"BARNES ET AL., 1988",HIPPOCAMPUS
cid:446220,446220,Cocaine,Substituted_tropanes,pdsp,5-HT3,HTR3A,HUMAN,7590.0,"BARNES ET AL., 1988",AMYGDALA
cid:446220,446220,Cocaine,Substituted_tropanes,pdsp,DOPAMINE D1,DRD1,HUMAN,10000.0,"TOLL L, et. al., 1998",CLONED
cid:446220,446220,Cocaine,Substituted_tropanes,pdsp,DOPAMINE D2,DRD2,HUMAN,10000.0,"TOLL L, et. al., 1998",CLONED
cid:446220,446220,Cocaine,Substituted_tropanes,pdsp,5-HT1A,HTR1A,HUMAN,10000.0,"TOLL L, et. al., 1998",CLONED
cid:446220,446220,Cocaine,Substituted_tropanes,pdsp,5-HT2A,HTR2A,RAT,10000.0,"TOLL L, et. al., 1998",CLONED
cid:446220,446220,Cocaine,Substituted_tropanes,pdsp,5-HT2C,HTR2C,RAT,10000.0,"TOLL L, et. al., 1998",CLONED
cid:446220,446220,Cocaine,Substituted_tropanes,pdsp,5-HT3,HTR3A,MOUSE,10000.0,"TOLL L, et. al., 1998",NG108-15
cid:446220,446220,Cocaine,Substituted_tropanes,pdsp,Dopamine Transporter,SLC6A3,HUMAN,743.0,"PRISTUPA ZB, ET AL., 1994",CLONED
cid:446220,446220,Cocaine,Substituted_tropanes,pdsp,Dopamine Transporter,SLC6A3,HUMAN,240.0,"PRISTUPA ZB, ET AL., 1994",CLONED
cid:446220,446220,Cocaine,Substituted_tropanes,pdsp,Dopamine Transporter,SLC6A3,HUMAN,68.5,"PRISTUPA ZB, ET AL., 1994",CLONED
cid:446220,446220,Cocaine,Substituted_tropanes,pdsp,Dopamine Transporter,SLC6A3,HUMAN,331.0,"PRISTUPA ZB, ET AL., 1994",CLONED
cid:446220,446220,Cocaine,Substituted_tropanes,pdsp,Norepinephrine transporter,,RAT,398.0,"Paczkowski,Bryan-Lluka,Porzgen,Bruss,Bonisch, 1999",CLONED
cid:446220,446220,Cocaine,Substituted_tropanes,pdsp,Norepinephrine transporter,,HUMAN,217.0,"Paczkowski,Bryan-Lluka,Porzgen,Bruss,Bonisch, 1999",CLONED
cid:446220,446220,Cocaine,Substituted_tropanes,pdsp,Norepinephrine transporter,,BOVINE,197.0,"Paczkowski,Bryan-Lluka,Porzgen,Bruss,Bonisch, 1999",CLONED
cid:446220,446220,Cocaine,Substituted_tropanes,pdsp,Dopamine Transporter,SLC6A3,RAT,102.0,"DAMAJ MI, et al., 1999",BRAIN
cid:446220,446220,Cocaine,Substituted_tropanes,pdsp,5-HT Transporter,SLC6A4,RAT,1060.0,"DAMAJ MI, et al., 1999",BRAIN
cid:446220,446220,Cocaine,Substituted_tropanes,pdsp,Norepinephrine transporter,,RAT,3830.0,"DAMAJ MI, et al., 1999",BRAIN
cid:446220,446220,Cocaine,Substituted_tropanes,pdsp,Dopamine Transporter,SLC6A3,RAT,600.0,"Garreau L, et al., 1997",STRIATUM
cid:446220,446220,Cocaine,Substituted_tropanes,pdsp,Dopamine Transporter,SLC6A3,RAT,150.0,"Letchworth SR, et al., 2000",STRIATUM
cid:446220,446220,Cocaine,Substituted_tropanes,pdsp,Dopamine Transporter,SLC6A3,RAT,475.0,"Letchworth SR, et al., 2000",STRIATUM
cid:446220,446220,Cocaine,Substituted_tropanes,pdsp,Dopamine Transporter,SLC6A3,RAT,104.0,"Letchworth SR, et al., 2000",STRIATUM
cid:446220,446220,Cocaine,Substituted_tropanes,pdsp,Dopamine Transporter,SLC6A3,RAT,275.0,"Kozikowski AP et., al 2003",BRAIN
cid:446220,446220,Cocaine,Substituted_tropanes,pdsp,Norepinephrine transporter,,RAT,119.0,"Kozikowski AP et., al 2003",BRAIN
cid:446220,446220,Cocaine,Substituted_tropanes,pdsp,5-HT Transporter,SLC6A4,RAT,177.0,"Kozikowski AP et., al 2003",BRAIN
cid:446220,446220,Cocaine,Substituted_tropanes,pdsp,metabotropic glutamate 5,GRM5,RAT,10000.0,PDSP Certified Data,CLONED
cid:446220,446220,Cocaine,Substituted_tropanes,pdsp,5-HT5a,HTR5A,HUMAN,10000.0,PDSP Certified Data,CLONED
cid:446220,446220,Cocaine,Substituted_tropanes,pdsp,GABA A Benzodiazepine,,RAT,10000.0,PDSP Certified Data,FOREBRAIN
cid:446220,446220,Cocaine,Substituted_tropanes,pdsp,"Cholinergic, muscarinic M2",CHRM2,HUMAN,10000.0,PDSP Certified Data,CLONED
cid:446220,446220,Cocaine,Substituted_tropanes,pdsp,OPIATE Delta,OPRD1,GUINEA PIG,10000.0,PDSP Certified Data,FOREBRAIN
cid:446220,446220,Cocaine,Substituted_tropanes,pdsp,5-HT3,HTR3A,HUMAN,1950.0,PDSP Certified Data,CLONED
cid:446220,446220,Cocaine,Substituted_tropanes,pdsp,5-HT2A,HTR2A,RAT,10000.0,PDSP Certified Data,CLONED
cid:446220,446220,Cocaine,Substituted_tropanes,pdsp,5-HT6,HTR6,HUMAN,10000.0,PDSP Certified Data,CLONED
cid:446220,446220,Cocaine,Substituted_tropanes,pdsp,Dopamine Transporter,SLC6A3,HUMAN,214.0,PDSP Certified Data,CLONED
cid:446220,446220,Cocaine,Substituted_tropanes,pdsp,CANNABINOID CB1,CNR1,RAT,10000.0,PDSP Certified Data,BRAIN
cid:446220,446220,Cocaine,Substituted_tropanes,pdsp,DOPAMINE D3,DRD3,RAT,10000.0,PDSP Certified Data,CLONED
cid:446220,446220,Cocaine,Substituted_tropanes,pdsp,HISTAMINE H4,HRH4,HUMAN,10000.0,PDSP Certified Data,CLONED
cid:446220,446220,Cocaine,Substituted_tropanes,pdsp,OPIATE Kappa,OPRK1,HUMAN,10000.0,PDSP Certified Data,CLONED
cid:446220,446220,Cocaine,Substituted_tropanes,pdsp,DOPAMINE D2,DRD2,HUMAN,10000.0,PDSP Certified Data,CLONED
cid:446220,446220,Cocaine,Substituted_tropanes,pdsp,Norepinephrine transporter,,HUMAN,10000.0,PDSP Certified Data,CLONED
cid:446220,446220,Cocaine,Substituted_tropanes,pdsp,metabotropic glutamate 1,GRM1,RAT,10000.0,PDSP Certified Data,CLONED
cid:446220,446220,Cocaine,Substituted_tropanes,pdsp,DOPAMINE D4,DRD4,HUMAN,10000.0,PDSP Certified Data,CLONED
cid:446220,446220,Cocaine,Substituted_tropanes,pdsp,"Cholinergic, muscarinic M1",CHRM1,HUMAN,10000.0,PDSP Certified Data,CLONED
cid:446220,446220,Cocaine,Substituted_tropanes,pdsp,5-HT2C,HTR2C,RAT,10000.0,PDSP Certified Data,CLONED
cid:446220,446220,Cocaine,Substituted_tropanes,pdsp,DOPAMINE D5,DRD5,HUMAN,10000.0,PDSP Certified Data,CLONED
cid:446220,446220,Cocaine,Substituted_tropanes,pdsp,GABA A,,RAT,10000.0,PDSP Certified Data,FOREBRAIN
cid:446220,446220,Cocaine,Substituted_tropanes,pdsp,OPIATE Mu,OPRM1,HUMAN,10000.0,PDSP Certified Data,CLONED
cid:446220,446220,Cocaine,Substituted_tropanes,pdsp,Calcium channel,,RAT,10000.0,PDSP Certified Data,HEART
cid:446220,446220,Cocaine,Substituted_tropanes,pdsp,adrenergic Alpha1B,ADRA1B,HUMAN,10000.0,PDSP Certified Data,CLONED
cid:446220,446220,Cocaine,Substituted_tropanes,pdsp,metabotropic glutamate 6,GRM6,RAT,10000.0,PDSP Certified Data,CLONED
cid:446220,446220,Cocaine,Substituted_tropanes,pdsp,HISTAMINE H2,HRH2,HUMAN,10000.0,PDSP Certified Data,CLONED
cid:446220,446220,Cocaine,Substituted_tropanes,pdsp,metabotropic glutamate 2,GRM2,RAT,10000.0,PDSP Certified Data,CLONED
cid:446220,446220,Cocaine,Substituted_tropanes,pdsp,5-HT1B,HTR1B,HUMAN,3392.0,PDSP Certified Data,CLONED
cid:446220,446220,Cocaine,Substituted_tropanes,pdsp,metabotropic glutamate 7,GRM7,RAT,10000.0,PDSP Certified Data,CLONED
cid:446220,446220,Cocaine,Substituted_tropanes,pdsp,adrenergic Alpha2C,ADRA2C,HUMAN,10000.0,PDSP Certified Data,CLONED
cid:446220,446220,Cocaine,Substituted_tropanes,pdsp,HISTAMINE H1,HRH1,HUMAN,2138.0,PDSP Certified Data,CLONED
cid:446220,446220,Cocaine,Substituted_tropanes,pdsp,"Cholinergic, Nicotinic Alpha3Beta2",,HUMAN,10000.0,PDSP Certified Data,CLONED
cid:446220,446220,Cocaine,Substituted_tropanes,pdsp,5-HT1D,HTR1D,HUMAN,10000.0,PDSP Certified Data,CLONED
cid:446220,446220,Cocaine,Substituted_tropanes,pdsp,metabotropic glutamate 8,GRM8,RAT,10000.0,PDSP Certified Data,CLONED
cid:446220,446220,Cocaine,Substituted_tropanes,pdsp,"Cholinergic, Nicotinic Alpha3Beta4",,HUMAN,10000.0,PDSP Certified Data,CLONED
cid:446220,446220,Cocaine,Substituted_tropanes,pdsp,"Cholinergic, Nicotinic Alpha4Beta2",,RAT,10000.0,PDSP Certified Data,FOREBRAIN
cid:446220,446220,Cocaine,Substituted_tropanes,pdsp,adrenergic Alpha2A,ADRA2A,HUMAN,10000.0,PDSP Certified Data,CLONED
cid:446220,446220,Cocaine,Substituted_tropanes,pdsp,5-HT1A,HTR1A,HUMAN,10000.0,PDSP Certified Data,CLONED
cid:446220,446220,Cocaine,Substituted_tropanes,pdsp,Glutamate-NMDA-MK801,,RAT,10000.0,PDSP Certified Data,FOREBRAIN
cid:446220,446220,Cocaine,Substituted_tropanes,pdsp,"Cholinergic, Nicotinic Alpha2Beta4",,HUMAN,10000.0,PDSP Certified Data,CLONED
cid:446220,446220,Cocaine,Substituted_tropanes,pdsp,Glutamate-NMDA-MK801,,RAT,10000.0,PDSP Certified Data,FOREBRAIN
cid:446220,446220,Cocaine,Substituted_tropanes,pdsp,"Cholinergic, Nicotinic Alpha4Beta4",,HUMAN,10000.0,PDSP Certified Data,CLONED
cid:446220,446220,Cocaine,Substituted_tropanes,pdsp,"Cholinergic, Nicotinic Alpha2Beta2",,HUMAN,10000.0,PDSP Certified Data,CLONED
cid:446220,446220,Cocaine,Substituted_tropanes,pdsp,5-HT Transporter,SLC6A4,HUMAN,120.0,PDSP Certified Data,CLONED
cid:446220,446220,Cocaine,Substituted_tropanes,pdsp,"Cholinergic, muscarinic M5",CHRM5,HUMAN,10000.0,PDSP Certified Data,CLONED
cid:446220,446220,Cocaine,Substituted_tropanes,pdsp,"Cholinergic, muscarinic M4",CHRM4,HUMAN,10000.0,PDSP Certified Data,CLONED
cid:446220,446220,Cocaine,Substituted_tropanes,pdsp,5-HT1E,HTR1E,HUMAN,10000.0,PDSP Certified Data,CLONED
cid:446220,446220,Cocaine,Substituted_tropanes,pdsp,"Cholinergic, muscarinic M3",CHRM3,HUMAN,10000.0,PDSP Certified Data,CLONED
cid:446220,446220,Cocaine,Substituted_tropanes,pdsp,metabotropic glutamate 4,GRM4,RAT,10000.0,PDSP Certified Data,CLONED
cid:446220,446220,Cocaine,Substituted_tropanes,pdsp,DOPAMINE D1,DRD1,HUMAN,10000.0,PDSP Certified Data,CLONED
cid:446220,446220,Cocaine,Substituted_tropanes,pdsp,adrenergic Alpha1A,ADRA1A,HUMAN,2092.0,PDSP Certified Data,CLONED
cid:446220,446220,Cocaine,Substituted_tropanes,pdsp,GABA B,,RAT,10000.0,PDSP Certified Data,FOREBRAIN
cid:446220,446220,Cocaine,Substituted_tropanes,pdsp,HISTAMINE H3,HRH3,GUINEA PIG,10000.0,PDSP Certified Data,CLONED
cid:446220,446220,Cocaine,Substituted_tropanes,pdsp,adrenergic Beta1,ADRB1,HUMAN,10000.0,PDSP Certified Data,CLONED
cid:446220,446220,Cocaine,Substituted_tropanes,pdsp,5-HT7,HTR7,HUMAN,10000.0,PDSP Certified Data,CLONED
cid:446220,446220,Cocaine,Substituted_tropanes,pdsp,adrenergic Beta2,ADRB2,HUMAN,10000.0,PDSP Certified Data,CLONED
cid:446220,446220,Cocaine,Substituted_tropanes,pdsp,"Cholinergic, Nicotinic Alpha7",,HUMAN,10000.0,PDSP Certified Data,CLONED
cid:446220,446220,Cocaine,Substituted_tropanes,pdsp,Dopamine Transporter,SLC6A3,HUMAN,469.0,"Miller DK et al., 2004",CLONED
cid:446220,446220,Cocaine,Substituted_tropanes,pdsp,5-HT Transporter,SLC6A4,HUMAN,353.0,"Miller DK et al., 2004",CLONED
cid:446220,446220,Cocaine,Substituted_tropanes,pdsp,Norepinephrine transporter,,HUMAN,2420.0,"Miller DK et al., 2004",CLONED
cid:446220,446220,Cocaine,Substituted_tropanes,pdsp,Sigma,,GUINEA PIG,10000.0,"Weber E, et al., 1986",BRAIN
cid:446220,446220,Cocaine,Substituted_tropanes,pdsp,Dopamine Transporter,SLC6A3,RAT,690.0,"Andersen PH, et al., 1989",STRIATUM
cid:446220,446220,Cocaine,Substituted_tropanes,pdsp,Norepinephrine transporter,,RAT,367.0,"Andersen PH, et al., 1989",CEREBRAL CORTEX
cid:446220,446220,Cocaine,Substituted_tropanes,pdsp,5-HT Transporter,SLC6A4,RAT,389.0,"Andersen PH, et al., 1989",BRAIN
cid:446220,446220,Cocaine,Substituted_tropanes,pdsp,Dopamine Transporter,SLC6A3,RAT,10000.0,"Lomenzo SA, et.al., 2005",BRAIN
cid:446220,446220,Cocaine,Substituted_tropanes,pdsp,Dopamine Transporter,SLC6A3,RAT,89.0,"Carroll FI, et al., 1995",Striatal Membranes
cid:446220,446220,Cocaine,Substituted_tropanes,pdsp,Norepinephrine transporter,,RAT,3298.0,"Carroll FI, et al., 1995",CEREBRAL CORTEX
cid:446220,446220,Cocaine,Substituted_tropanes,pdsp,5-HT Transporter,SLC6A4,RAT,1045.0,"Carroll FI, et al., 1995",Midbrain
cid:446220,446220,Cocaine,Substituted_tropanes,pdsp,Dopamine Transporter,SLC6A3,RAT,241.3,"Carroll FI, et al., 1995",Striatal Membranes
cid:446220,446220,Cocaine,Substituted_tropanes,pdsp,Norepinephrine transporter,,RAT,160.55,"Carroll FI, et al., 1995",FR. CORTEX
cid:446220,446220,Cocaine,Substituted_tropanes,pdsp,5-HT Transporter,SLC6A4,RAT,112.11,"Carroll FI, et al., 1995",Midbrain
cid:446220,446220,Cocaine,Substituted_tropanes,pdsp,Dopamine Transporter,SLC6A3,RAT,555.0,"Ukairo UT, et al., 2005",CLONED
cid:446220,446220,Cocaine,Substituted_tropanes,pdsp,Dopamine Transporter,SLC6A3,RAT,128.0,"Ukairo UT, et al., 2005",CLONED
cid:446220,446220,Cocaine,Substituted_tropanes,pdsp,Sigma,,RAT,10000.0,"Largent BL, et al., 1984",BRAIN
cid:446220,446220,Cocaine,Substituted_tropanes,pdsp,Norepinephrine transporter,,RAT,779.0,"Rothman RB, et al., 2001",WHOLE BRAIN MINUS  CEREBELLUM
cid:446220,446220,Cocaine,Substituted_tropanes,pdsp,5-HT Transporter,SLC6A4,RAT,304.0,"Rothman RB, et al., 2001",WHOLE BRAIN MINUS  CEREBELLUM
cid:446220,446220,Cocaine,Substituted_tropanes,pdsp,Dopamine Transporter,SLC6A3,RAT,478.0,"Rothman RB, et al., 2001",CAUDATE
cid:446220,446220,Cocaine,Substituted_tropanes,pdsp,Norepinephrine transporter,,HUMAN,1275.0,"Iversen l., et al., 2012",CLONED
cid:446220,446220,Cocaine,Substituted_tropanes,pdsp,Dopamine Transporter,SLC6A3,HUMAN,249.0,"Iversen l., et al., 2012",CLONED
cid:446220,446220,Cocaine,Substituted_tropanes,pdsp,5-HT Transporter,SLC6A4,HUMAN,818.0,"Iversen l., et al., 2012",CLONED
cid:446220,446220,Cocaine,Substituted_tropanes,pdsp,Dopamine Transporter,SLC6A3,RAT,779.0,"Rothman RB, et al., 2003",CAUDATE
cid:446220,446220,Cocaine,Substituted_tropanes,pdsp,Norepinephrine transporter,,RAT,304.0,"Rothman RB, et al., 2003",BRAIN
cid:446220,446220,Cocaine,Substituted_tropanes,pdsp,5-HT Transporter,SLC6A4,RAT,478.0,"Rothman RB, et al., 2003",BRAIN
cid:446220,446220,Cocaine,Substituted_tropanes,pdsp,Dopamine Transporter,SLC6A3,RAT,89.1,"Carroll FI, et al., 2004",Striatal Membranes
cid:446220,446220,Cocaine,Substituted_tropanes,pdsp,Norepinephrine transporter,,RAT,1990.0,"Carroll FI, et al., 2004",CEREBRAL CORTEX
cid:446220,446220,Cocaine,Substituted_tropanes,pdsp,5-HT Transporter,SLC6A4,RAT,45.0,"Carroll FI, et al., 2004",Midbrain
cid:446220,446220,Cocaine,Substituted_tropanes,pdsp,Dopamine Transporter,SLC6A3,RAT,150.0,"Simoni D, et al., 2005",STRIATUM
cid:446220,446220,Cocaine,Substituted_tropanes,pdsp,Dopamine Transporter,SLC6A3,RAT,353.1,"Simoni D, et al., 2005",STRIATUM
cid:446220,446220,Cocaine,Substituted_tropanes,pdsp,5-HT Transporter,SLC6A4,RAT,0.5,"Simoni D, et al., 2005",BRAIN
cid:446220,446220,Cocaine,Substituted_tropanes,pdsp,Norepinephrine transporter,,RAT,1990.0,"Kotturi SV, et al., 2005",CEREBRAL CORTEX
cid:446220,446220,Cocaine,Substituted_tropanes,pdsp,5-HT Transporter,SLC6A4,RAT,45.0,"Kotturi SV, et al., 2005",Midbrain
cid:446220,446220,Cocaine,Substituted_tropanes,pdsp,Norepinephrine transporter,,RAT,155.0,"Richelson, E. et, al. 1984",occipital cortex synaptosomes
cid:446220,446220,Cocaine,Substituted_tropanes,pdsp,Serotonin uptake,,RAT,180.0,"Richelson, E. et, al. 1984",frontal cortex synaptosomes
cid:446220,446220,Cocaine,Substituted_tropanes,pdsp,Dopamine Transporter,SLC6A3,RAT,270.0,"Richelson, E. et, al. 1984",corpus striatum synaptosomes
cid:446220,446220,Cocaine,Substituted_tropanes,pdsp,DAT,,RAT,76.6,Hiranita T et al 2014,STRIATUM
cid:446220,446220,Cocaine,Substituted_tropanes,pdsp,SERT,,RAT,289.0,Hiranita T et al 2014,Midbrain
cid:446220,446220,Cocaine,Substituted_tropanes,pdsp,Norepinephrine transporter,,HUMAN,2550.0,Hiranita T et al 2014,FR. CORTEX
cid:446220,446220,Cocaine,Substituted_tropanes,pdsp,"Cholinergic, muscarinic M1",CHRM1,RAT,61100.0,Hiranita T et al 2014,BRAIN
cid:446220,446220,Cocaine,Substituted_tropanes,pdsp,Sigma 1,,GUINEA PIG,5190.0,Hiranita T et al 2014,BRAIN
cid:446220,446220,Cocaine,Substituted_tropanes,pdsp,Sigma 2,,GUINEA PIG,19300.0,Hiranita T et al 2014,BRAIN
cid:446220,446220,Cocaine,Substituted_tropanes,pdsp,SERT,,HUMAN,450.0,Janowsky A et al 2014,CLONED
cid:446220,446220,Cocaine,Substituted_tropanes,pdsp,Norepinephrine transporter,,HUMAN,410.0,Janowsky A et al 2014,CLONED
cid:446220,446220,Cocaine,Substituted_tropanes,pdsp,DAT,,HUMAN,416.0,Janowsky A et al 2014,CLONED
cid:446220,446220,Cocaine,Substituted_tropanes,pdsp,Norepinephrine transporter,,HUMAN,4470.0,Simmler LD et al 2013,HEK293 cells
cid:446220,446220,Cocaine,Substituted_tropanes,pdsp,DAT,,HUMAN,280.0,Simmler LD et al 2013,HEK293 cells
cid:446220,446220,Cocaine,Substituted_tropanes,pdsp,SERT,,HUMAN,1100.0,Simmler LD et al 2013,HEK293 cells
cid:446220,446220,Cocaine,Substituted_tropanes,pdsp,5-HT1A,HTR1A,HUMAN,20000.0,Simmler LD et al 2013,HEK293 cells
cid:446220,446220,Cocaine,Substituted_tropanes,pdsp,5-HT2A,HTR2A,HUMAN,13000.0,Simmler LD et al 2013,HEK293 cells
cid:446220,446220,Cocaine,Substituted_tropanes,pdsp,5-HT2C,HTR2C,HUMAN,13000.0,Simmler LD et al 2013,HEK293 cells
cid:446220,446220,Cocaine,Substituted_tropanes,pdsp,alpha1A,,HUMAN,6000.0,Simmler LD et al 2013,HEK293 cells
cid:446220,446220,Cocaine,Substituted_tropanes,pdsp,Alpha2A,,HUMAN,20000.0,Simmler LD et al 2013,HEK293 cells
cid:446220,446220,Cocaine,Substituted_tropanes,pdsp,D1,,HUMAN,13600.0,Simmler LD et al 2013,HEK293 cells
cid:446220,446220,Cocaine,Substituted_tropanes,pdsp,D2,,HUMAN,30000.0,Simmler LD et al 2013,HEK293 cells
cid:446220,446220,Cocaine,Substituted_tropanes,pdsp,D3,,HUMAN,17700.0,Simmler LD et al 2013,HEK293 cells
cid:446220,446220,Cocaine,Substituted_tropanes,pdsp,H1,,HUMAN,14400.0,Simmler LD et al 2013,HEK293 cells
cid:446220,446220,Cocaine,Substituted_tropanes,pdsp,TA1,TRAR1,RAT,10000.0,Simmler LD et al 2013,HEK293 cells
cid:446220,446220,Cocaine,Substituted_tropanes,pdsp,TA1,TRAR1,MOUSE,10000.0,Simmler LD et al 2013,HEK293 cells
cid:5284371,5284371,Codeine,Substituted_morphinans,pdsp,OPIATE Mu,OPRM1,HUMAN,6300.0,"Nikolaev VO et al., 2007",UNDEFINED
cid:5284371,5284371,Codeine,Substituted_morphinans,pdsp,OPIATE Mu,OPRM1,UNDEFINED,727.0,"Cunningham CW et al., 2008",UNDEFINED
cid:5284371,5284371,Codeine,Substituted_morphinans,pdsp,OPIATE Delta,OPRD1,UNDEFINED,10000.0,"Cunningham CW et al., 2008",UNDEFINED
cid:5284371,5284371,Codeine,Substituted_morphinans,pdsp,OPIATE Kappa,OPRK1,UNDEFINED,10000.0,"Cunningham CW et al., 2008",UNDEFINED
cid:6089,6089,DMT,Substituted_tryptamines,pdsp,5-HT1A,HTR1A,HUMAN,119.51,"PIERCE & PEROUTKA, 1989",CORTEX
cid:6089,6089,DMT,Substituted_tryptamines,pdsp,5-HT1A,HTR1A,BOVINE,140.74,"PEROUTKA, 1985",HIPPOCAMPUS
cid:6089,6089,DMT,Substituted_tryptamines,pdsp,5-HT1A,HTR1A,RAT,245.0,"TAYLOR ET AL,. 1987",CORTEX
cid:6089,6089,DMT,Substituted_tryptamines,pdsp,5-HT1B,HTR1B,RAT,2200.0,"OFFORD ET AL., 1988",CORTEX
cid:6089,6089,DMT,Substituted_tryptamines,pdsp,5-HT1D,HTR1D,COW,71.38,"PIERCE & PEROUTKA, 1989",CAUDATE
cid:6089,6089,DMT,Substituted_tryptamines,pdsp,5-HT1D,HTR1D,BOVINE,190.0,"HEURING & PEROUTKA, 1987",STRIATUM
cid:6089,6089,DMT,Substituted_tryptamines,pdsp,5-HT1D,HTR1D,HUMAN,270.0,"PEROUTKA ET AL., 1989",CORTEX
cid:6089,6089,DMT,Substituted_tryptamines,pdsp,5-HT1D,HTR1D,BOVINE,342.86,"PEROUTKA, 1985",STRIATUM
cid:6089,6089,DMT,Substituted_tryptamines,pdsp,5-HT2A,HTR2A,HUMAN,230.27,"PIERCE & PEROUTKA, 1989",CORTEX
cid:6089,6089,DMT,Substituted_tryptamines,pdsp,5-HT2A,HTR2A,HUMAN,462.0,"SADZOT ET AL., 1989",CORTEX
cid:6089,6089,DMT,Substituted_tryptamines,pdsp,5-HT2B,HTR2B,BOVINE,550.0,"MCKENNA & PEROUTKA, 1989",CORTEX
cid:6089,6089,DMT,Substituted_tryptamines,pdsp,5-HT2A,HTR2A,RAT,558.0,"TAYLOR ET AL,. 1987",CORTEX
cid:6089,6089,DMT,Substituted_tryptamines,pdsp,5-HT2A,HTR2A,RAT,1183.0,"LYON ET AL., 1987",CORTEX
cid:6089,6089,DMT,Substituted_tryptamines,pdsp,5-HT2A,HTR2A,RAT,1200.0,"LYON ET AL., 1988",CORTEX
cid:6089,6089,DMT,Substituted_tryptamines,pdsp,5-HT2A,HTR2A,RAT,1200.0,"LYON ET AL., 1988",CORTEX
cid:6089,6089,DMT,Substituted_tryptamines,pdsp,5-HT6,HTR6,HUMAN,68.0,"KOHEN R, ET AL., 1996",CLONED
cid:6089,6089,DMT,Substituted_tryptamines,pdsp,5-HT2A,HTR2A,RAT,42.0,"MCKENNA & PEROUTKA, 1989",CORTEX
cid:6089,6089,DMT,Substituted_tryptamines,pdsp,5-HT1A,HTR1A,HUMAN,10000.0,Ray TS 2010,CLONED
cid:6089,6089,DMT,Substituted_tryptamines,pdsp,5-HT1B,HTR1B,HUMAN,10000.0,Ray TS 2010,CLONED
cid:6089,6089,DMT,Substituted_tryptamines,pdsp,5-HT1D,HTR1D,HUMAN,93.0,Ray TS 2010,CLONED
cid:6089,6089,DMT,Substituted_tryptamines,pdsp,5-HT1E,HTR1E,HUMAN,455.7,Ray TS 2010,CLONED
cid:6089,6089,DMT,Substituted_tryptamines,pdsp,5-HT2A,HTR2A,HUMAN,2323.0,Ray TS 2010,CLONED
cid:6089,6089,DMT,Substituted_tryptamines,pdsp,5-HT2B,HTR2B,HUMAN,107.6,Ray TS 2010,CLONED
cid:6089,6089,DMT,Substituted_tryptamines,pdsp,5-HT2C,HTR2C,HUMAN,334.6,Ray TS 2010,CLONED
cid:6089,6089,DMT,Substituted_tryptamines,pdsp,5-HT5a,HTR5A,HUMAN,611.0,Ray TS 2010,CLONED
cid:6089,6089,DMT,Substituted_tryptamines,pdsp,5-HT6,HTR6,HUMAN,487.4,Ray TS 2010,CLONED
cid:6089,6089,DMT,Substituted_tryptamines,pdsp,5-HT7,HTR7,HUMAN,87.5,Ray TS 2010,CLONED
cid:6089,6089,DMT,Substituted_tryptamines,pdsp,D1,,HUMAN,271.1,Ray TS 2010,CLONED
cid:6089,6089,DMT,Substituted_tryptamines,pdsp,D2,,HUMAN,10000.0,Ray TS 2010,CLONED
cid:6089,6089,DMT,Substituted_tryptamines,pdsp,D3,,HUMAN,10000.0,Ray TS 2010,CLONED
cid:6089,6089,DMT,Substituted_tryptamines,pdsp,D4,,HUMAN,10000.0,Ray TS 2010,CLONED
cid:6089,6089,DMT,Substituted_tryptamines,pdsp,D5,,HUMAN,10000.0,Ray TS 2010,CLONED
cid:6089,6089,DMT,Substituted_tryptamines,pdsp,alpha1A,,HUMAN,1745.0,Ray TS 2010,CLONED
cid:6089,6089,DMT,Substituted_tryptamines,pdsp,alpha1B,,HUMAN,973.7,Ray TS 2010,CLONED
cid:6089,6089,DMT,Substituted_tryptamines,pdsp,Alpha2A,,HUMAN,1561.0,Ray TS 2010,CLONED
cid:6089,6089,DMT,Substituted_tryptamines,pdsp,Alpha2B,,HUMAN,257.7,Ray TS 2010,CLONED
cid:6089,6089,DMT,Substituted_tryptamines,pdsp,Alpha2C,,HUMAN,258.6,Ray TS 2010,CLONED
cid:6089,6089,DMT,Substituted_tryptamines,pdsp,Beta 1,,HUMAN,10000.0,Ray TS 2010,CLONED
cid:6089,6089,DMT,Substituted_tryptamines,pdsp,Beta 2,,HUMAN,10000.0,Ray TS 2010,CLONED
cid:6089,6089,DMT,Substituted_tryptamines,pdsp,SERT,,HUMAN,3742.0,Ray TS 2010,CLONED
cid:6089,6089,DMT,Substituted_tryptamines,pdsp,DAT,,HUMAN,10000.0,Ray TS 2010,CLONED
cid:6089,6089,DMT,Substituted_tryptamines,pdsp,Norepinephrine transporter,,HUMAN,10000.0,Ray TS 2010,CLONED
cid:6089,6089,DMT,Substituted_tryptamines,pdsp,Imidazoline 1,,HUMAN,650.3,Ray TS 2010,CLONED
cid:6089,6089,DMT,Substituted_tryptamines,pdsp,Sigma-1,,HUMAN,5209.0,Ray TS 2010,CLONED
cid:6089,6089,DMT,Substituted_tryptamines,pdsp,Sigma-2,,HUMAN,10000.0,Ray TS 2010,CLONED
cid:6089,6089,DMT,Substituted_tryptamines,pdsp,KOR,,HUMAN,10000.0,Ray TS 2010,CLONED
cid:6089,6089,DMT,Substituted_tryptamines,pdsp,"Cholinergic, muscarinic M1",CHRM1,HUMAN,10000.0,Ray TS 2010,CLONED
cid:6089,6089,DMT,Substituted_tryptamines,pdsp,"Cholinergic, muscarinic M2",CHRM2,HUMAN,10000.0,Ray TS 2010,CLONED
cid:6089,6089,DMT,Substituted_tryptamines,pdsp,"Cholinergic, muscarinic M3",CHRM3,HUMAN,10000.0,Ray TS 2010,CLONED
cid:6089,6089,DMT,Substituted_tryptamines,pdsp,"Cholinergic, muscarinic M4",CHRM4,HUMAN,10000.0,Ray TS 2010,CLONED
cid:6089,6089,DMT,Substituted_tryptamines,pdsp,"Cholinergic, muscarinic M5",CHRM5,HUMAN,10000.0,Ray TS 2010,CLONED
cid:6089,6089,DMT,Substituted_tryptamines,pdsp,H2,,HUMAN,10000.0,Ray TS 2010,CLONED
cid:6089,6089,DMT,Substituted_tryptamines,pdsp,CB1,,HUMAN,10000.0,Ray TS 2010,CLONED
cid:6089,6089,DMT,Substituted_tryptamines,pdsp,CB2,,HUMAN,10000.0,Ray TS 2010,CLONED
cid:6089,6089,DMT,Substituted_tryptamines,pdsp,Calcium channel,,HUMAN,10000.0,Ray TS 2010,CLONED
cid:6089,6089,DMT,Substituted_tryptamines,pdsp,5-HT3,HTR3A,HUMAN,10000.0,Ray TS 2010,CLONED
cid:6089,6089,DMT,Substituted_tryptamines,pdsp,H3,,HUMAN,10000.0,Ray TS 2010,CLONED
cid:6089,6089,DMT,Substituted_tryptamines,pdsp,H4,,HUMAN,10000.0,Ray TS 2010,CLONED
cid:6089,6089,DMT,Substituted_tryptamines,pdsp,GABA A,,RAT,10000.0,Ray TS 2010,CORTICAL MEMBRANES
cid:6089,6089,DMT,Substituted_tryptamines,pdsp,BZP Rat Brain,,RAT,10000.0,Ray TS 2010,CORTICAL MEMBRANES
cid:6089,6089,DMT,Substituted_tryptamines,pdsp,5-HT2C,HTR2C,HUMAN,166.0,Janowsky A et al 2014,CLONED
cid:6089,6089,DMT,Substituted_tryptamines,pdsp,5-HT2A,HTR2A,HUMAN,210.0,Janowsky A et al 2014,CLONED
cid:6089,6089,DMT,Substituted_tryptamines,pdsp,5-HT1A,HTR1A,HUMAN,450.0,Janowsky A et al 2014,CLONED
cid:6089,6089,DMT,Substituted_tryptamines,pdsp,5-HT2A,HTR2A,HUMAN,53.0,Janowsky A et al 2014,CLONED
cid:6089,6089,DMT,Substituted_tryptamines,pdsp,5-HT2A,HTR2A,HUMAN,175.0,Janowsky A et al 2014,CLONED
cid:62065,62065,DOB,Substituted_amphetamines,pdsp,5-HT1A,HTR1A,RAT,3770.0,"TITELER ET AL., 1988",HIPPOCAMPUS
cid:62065,62065,DOB,Substituted_amphetamines,pdsp,5-HT1A,HTR1A,HUMAN,6326.73,"PIERCE & PEROUTKA, 1989",CORTEX
cid:62065,62065,DOB,Substituted_amphetamines,pdsp,5-HT1A,HTR1A,RAT,3770.0,"TITELER ET AL., 1987",HIPPOCAMPUS
cid:62065,62065,DOB,Substituted_amphetamines,pdsp,5-HT2C,HTR2C,PIG,69.0,"TITELER ET AL., 1988",CORTEX
cid:62065,62065,DOB,Substituted_amphetamines,pdsp,5-HT2C,HTR2C,PIG,69.0,"TITELER ET AL., 1987",CORTEX
cid:62065,62065,DOB,Substituted_amphetamines,pdsp,5-HT1B,HTR1B,RAT,831.0,"TITELER ET AL., 1988",STRIATUM
cid:62065,62065,DOB,Substituted_amphetamines,pdsp,5-HT1B,HTR1B,RAT,831.0,"TITELER ET AL., 1987",STRIATUM
cid:62065,62065,DOB,Substituted_amphetamines,pdsp,5-HT1D,HTR1D,COW,1448.28,"PIERCE & PEROUTKA, 1989",CAUDATE
cid:62065,62065,DOB,Substituted_amphetamines,pdsp,5-HT1D,HTR1D,RAT,1800.0,"HERRICK-DAVIS & TITELER, 198",STRIATUM
cid:62065,62065,DOB,Substituted_amphetamines,pdsp,5-HT1D,HTR1D,RAT,3400.0,"HERRICK-DAVIS & TITELER, 198",CORTEX
cid:62065,62065,DOB,Substituted_amphetamines,pdsp,5-HT2A,HTR2A,HUMAN,26.23,"PIERCE & PEROUTKA, 1989",CORTEX
cid:62065,62065,DOB,Substituted_amphetamines,pdsp,5-HT2A,HTR2A,RAT,41.0,"LYON ET AL., 1987",CORTEX
cid:62065,62065,DOB,Substituted_amphetamines,pdsp,5-HT2C,HTR2C,RAT,10.0,"HERRICK-DAVIS K, ET AL., 1998",CLONED
cid:62065,62065,DOB,Substituted_amphetamines,pdsp,5-HT2C,HTR2C,RAT,152.0,"HERRICK-DAVIS K, ET AL., 1998",CLONED
cid:62065,62065,DOB,Substituted_amphetamines,pdsp,5-HT2A,HTR2A,HUMAN,0.6,"NELSON DL, ET AL., 1999",CLONED
cid:62065,62065,DOB,Substituted_amphetamines,pdsp,5-HT2B,HTR2B,HUMAN,26.9,"NELSON DL, ET AL., 1999",CLONED
cid:62065,62065,DOB,Substituted_amphetamines,pdsp,5-HT2C,HTR2C,HUMAN,1.3,"NELSON DL, ET AL., 1999",CLONED
cid:62065,62065,DOB,Substituted_amphetamines,pdsp,5-HT2B,HTR2B,RAT,21.8,"NELSON DL, ET AL., 1999",CLONED
cid:62065,62065,DOB,Substituted_amphetamines,pdsp,5-HT1E,HTR1E,HUMAN,556.0,"LEONHARDT S, ET AL., 1989",CORTEX
cid:62065,62065,DOB,Substituted_amphetamines,pdsp,5-HT1D,HTR1D,BOVINE,1000.0,"LEONHARDT S, ET AL., 1989",STRIATUM
cid:62065,62065,DOB,Substituted_amphetamines,pdsp,5-HT2A,HTR2A,RAT,85.11,"BOESS FG, ET AL., 1994",CLONED
cid:62065,62065,DOB,Substituted_amphetamines,pdsp,5-HT2A,HTR2A,RAT,1.0,"BOESS FG, ET AL., 1994",CLONED
cid:62065,62065,DOB,Substituted_amphetamines,pdsp,5-HT2C,HTR2C,RAT,3.01,"BOESS FG, ET AL., 1994",CLONED
cid:62065,62065,DOB,Substituted_amphetamines,pdsp,5-HT2C,HTR2C,RAT,60.25,"BOESS FG, ET AL., 1994",CLONED
cid:62065,62065,DOB,Substituted_amphetamines,pdsp,5-HT2A,HTR2A,HUMAN,81.0,"Egan C, et.al., 2000",CLONED
cid:62065,62065,DOB,Substituted_amphetamines,pdsp,5-HT2A,HTR2A,HUMAN,3.3,"Egan C, et.al., 2000",CLONED
cid:62065,62065,DOB,Substituted_amphetamines,pdsp,5-HT2C,HTR2C,RAT,152.0,"Egan C, et.al., 2000",CLONED
cid:62065,62065,DOB,Substituted_amphetamines,pdsp,5-HT2C,HTR2C,RAT,10.0,"Egan C, et.al., 2000",CLONED
cid:62065,62065,DOB,Substituted_amphetamines,pdsp,5-HT2A,HTR2A,HUMAN,1.5135612484362,"Porter RH, et.al., 1999",CLONED
cid:62065,62065,DOB,Substituted_amphetamines,pdsp,5-HT2B,HTR2B,HUMAN,2.8840315031266,"Porter RH, et.al., 1999",CLONED
cid:62065,62065,DOB,Substituted_amphetamines,pdsp,5-HT2C,HTR2C,HUMAN,7.7624711662869,"Porter RH, et.al., 1999",CLONED
cid:62065,62065,DOB,Substituted_amphetamines,pdsp,5-HT2A,HTR2A,HUMAN,1.1748975549395,"Knight AR, et al., 2004",CLONED
cid:62065,62065,DOB,Substituted_amphetamines,pdsp,5-HT2B,HTR2B,HUMAN,43.651583224017,"Knight AR, et al., 2004",CLONED
cid:62065,62065,DOB,Substituted_amphetamines,pdsp,5-HT2C,HTR2C,HUMAN,6.3095734448019,"Knight AR, et al., 2004",CLONED
cid:62065,62065,DOB,Substituted_amphetamines,pdsp,5-HT2A,HTR2A,UNDEFINED,41.0,"Runyon SP et al., 2008",UNDEFINED
cid:62065,62065,DOB,Substituted_amphetamines,pdsp,5-HT2A,HTR2A,UNDEFINED,0.28999999165535,"Runyon SP et al., 2008",UNDEFINED
cid:62065,62065,DOB,Substituted_amphetamines,pdsp,5-HT2A,HTR2A,UNDEFINED,1.89999997615814,"Runyon SP et al., 2008",UNDEFINED
cid:6091,6091,DPT,Substituted_tryptamines,pdsp,5-HT1A,HTR1A,HUMAN,100.0,"Thiagaraj HV, et al., 2005",CLONED
cid:160506,160506,Desoxypipradrol,Substituted_piperidines,pdsp,Dopamine Transporter,SLC6A3,HUMAN,32.0,"Iversen l., et al., 2012",CLONED
cid:160506,160506,Desoxypipradrol,Substituted_piperidines,pdsp,5-HT Transporter,SLC6A4,HUMAN,10000.0,"Iversen l., et al., 2012",CLONED
cid:160506,160506,Desoxypipradrol,Substituted_piperidines,pdsp,Norepinephrine transporter,,HUMAN,213.0,"Iversen l., et al., 2012",CLONED
cid:160506,160506,Desoxypipradrol,Substituted_piperidines,pdsp,Norepinephrine transporter,,HUMAN,281.0,"Iversen l., et al., 2012",CLONED
cid:5360696,5360696,Dextromethorphan,Substituted_morphinans,pdsp,Sigma,,HUMAN,521.0,"Ganapathy ME, et al., 1998",CLONED
cid:5360696,5360696,Dextromethorphan,Substituted_morphinans,pdsp,OPIATE Mu,OPRM1,RAT,1280.0,"Codd EE et al, 1995",FOREBRAIN
cid:5360696,5360696,Dextromethorphan,Substituted_morphinans,pdsp,OPIATE Delta,OPRD1,RAT,10000.0,"Codd EE et al, 1995",FOREBRAIN
cid:5360696,5360696,Dextromethorphan,Substituted_morphinans,pdsp,OPIATE Kappa,OPRK1,RAT,7000.0,"Codd EE et al, 1995",FOREBRAIN
cid:5360696,5360696,Dextromethorphan,Substituted_morphinans,pdsp,Norepinephrine transporter,,RAT,240.0,"Codd EE et al, 1995","medulla, pons"
cid:5360696,5360696,Dextromethorphan,Substituted_morphinans,pdsp,5-HT Transporter,SLC6A4,RAT,23.0,"Codd EE et al, 1995",CEREBRAL CORTEX
cid:5360696,5360696,Dextromethorphan,Substituted_morphinans,pdsp,Sigma,,RAT,768.0,"Largent BL, et al., 1984",BRAIN
cid:3016,3016,Diazepam,Benzodiazepines,pdsp,5-HT1A,HTR1A,BOVINE,10000.0,"DOMPERT ET AL., 1985",HIPPOCAMPUS
cid:3016,3016,Diazepam,Benzodiazepines,pdsp,5-HT3,HTR3A,RAT,10000.0,"NELSON & THOMAS, 1989",CORTEX
cid:3016,3016,Diazepam,Benzodiazepines,pdsp,GABA A Benzodiazepine,,BOVINE,10.0,"Costanzo A, et al., 1999",BRAIN
cid:3016,3016,Diazepam,Benzodiazepines,pdsp,GABA A Benzodiazepine,,RAT,180.0,"Yamagishi H, et al., 1998",Parotid gland
cid:3016,3016,Diazepam,Benzodiazepines,pdsp,GABA A Benzodiazepine,,RAT,193.0,"Yamagishi H, et al., 1998",Submandibular gland
cid:3016,3016,Diazepam,Benzodiazepines,pdsp,GABA A Benzodiazepine,,RAT,12.0,"Yamagishi H, et al., 1998",Parotid gland
cid:3016,3016,Diazepam,Benzodiazepines,pdsp,GABA A Benzodiazepine,,RAT,30.8,"Yamagishi H, et al., 1998",Submandibular gland
cid:3016,3016,Diazepam,Benzodiazepines,pdsp,GABA A Benzodiazepine,,RAT,53.0,"Hoogerkamp,Arends,Bomers,Mandema,Voskuyl,Damhof 96",BRAIN
cid:3016,3016,Diazepam,Benzodiazepines,pdsp,GABA A Alpha1Beta3Gamma2,,HUMAN,16.8,"Hadingham K, et al., 1995",CLONED
cid:3016,3016,Diazepam,Benzodiazepines,pdsp,GABA A Alpha6Beta3Gamma2,,HUMAN,10000.0,"Hadingham K, et al., 1995",CLONED
cid:3016,3016,Diazepam,Benzodiazepines,pdsp,GABA A Alpha1Beta1Gamma2,,HUMAN,16.3,"Pritchett DB, Luddens H, Seeburg PH, 1989",CLONED
cid:3016,3016,Diazepam,Benzodiazepines,pdsp,GABA A Alpha2Beta1Gamma2,,HUMAN,16.9,"Pritchett DB, Luddens H, Seeburg PH, 1989",CLONED
cid:3016,3016,Diazepam,Benzodiazepines,pdsp,GABA A Alpha3Beta1Gamma2,,HUMAN,17.0,"Pritchett DB, Luddens H, Seeburg PH, 1989",CLONED
cid:3016,3016,Diazepam,Benzodiazepines,pdsp,GABA A,,RAT,38.0,"Giusti P, et al., 1993",CEREBELLUM
cid:3016,3016,Diazepam,Benzodiazepines,pdsp,GABA A,,RAT,42.0,"Giusti P, et al., 1993",CORTEX
cid:3016,3016,Diazepam,Benzodiazepines,pdsp,GABA A,,RAT,43.0,"Giusti P, et al., 1993",Spinal cord
cid:3016,3016,Diazepam,Benzodiazepines,pdsp,DOPAMINE D1,DRD1,RAT,10000.0,"Billard W, et al., 1984",STRIATUM
cid:3016,3016,Diazepam,Benzodiazepines,pdsp,DOPAMINE D2,DRD2,RAT,10000.0,"Billard W, et al., 1984",STRIATUM
cid:3016,3016,Diazepam,Benzodiazepines,pdsp,GABA,,RAT,20.0,"Massotti M, et al., 1991",CEREBELLUM
cid:3016,3016,Diazepam,Benzodiazepines,pdsp,GABA,,RAT,18.0,"Massotti M, et al., 1991",CEREBELLUM
cid:3016,3016,Diazepam,Benzodiazepines,pdsp,GABA,,RAT,22.0,"Massotti M, et al., 1991",STRIATUM
cid:3016,3016,Diazepam,Benzodiazepines,pdsp,GABA,,RAT,19.0,"Massotti M, et al., 1991",STRIATUM
cid:3016,3016,Diazepam,Benzodiazepines,pdsp,GABA,,RAT,26.0,"Massotti M, et al., 1991",Spinal cord
cid:3016,3016,Diazepam,Benzodiazepines,pdsp,Cholecystokinin,,RAT,10000.0,"Evans BE et al., 1986",PANCREAS
cid:3016,3016,Diazepam,Benzodiazepines,pdsp,GABA A alpha2,,RAT,4.8,"Griebel G et al., 2001",Spinal cord
cid:3016,3016,Diazepam,Benzodiazepines,pdsp,GABA A alpha5,,RAT,13.4,"Griebel G et al., 2001",HIPPOCAMPUS
cid:3016,3016,Diazepam,Benzodiazepines,pdsp,GABA A Alpha1Beta2Gamma2,,RAT,14.0,"Griebel G et al., 2001",CEREBELLUM
cid:3016,3016,Diazepam,Benzodiazepines,pdsp,GABA A Alpha2Beta2Gamma2,,RAT,7.8,"Griebel G et al., 2001",Spinal cord
cid:3016,3016,Diazepam,Benzodiazepines,pdsp,GABA A Alpha3Beta2Gamma2,,RAT,13.9,"Griebel G et al., 2001",HIPPOCAMPUS
cid:3016,3016,Diazepam,Benzodiazepines,pdsp,GABA A Alpha5Beta3Gamma2,,RAT,9.8,"Griebel G et al., 2001",HIPPOCAMPUS
cid:3016,3016,Diazepam,Benzodiazepines,pdsp,GABA A alpha1,,RAT,5.8,"Griebel G et al., 2001",CEREBELLUM
cid:3016,3016,Diazepam,Benzodiazepines,pdsp,GABA A alpha1,,HUMAN,14.0,"Carling RW, et al., 2005",CLONED
cid:3016,3016,Diazepam,Benzodiazepines,pdsp,GABA A alpha2,,HUMAN,20.0,"Carling RW, et al., 2005",CLONED
cid:3016,3016,Diazepam,Benzodiazepines,pdsp,GABA A alpha3,,HUMAN,15.0,"Carling RW, et al., 2005",CLONED
cid:3016,3016,Diazepam,Benzodiazepines,pdsp,GABA A Benzodiazepine,,RAT,6.8,"Grunwald C, et al., 2006",WHOLE BRAIN
cid:3016,3016,Diazepam,Benzodiazepines,pdsp,GABA A Alpha1Beta3Gamma2,,HUMAN,13.0,"Russell MG, et al., 2006",CLONED
cid:3016,3016,Diazepam,Benzodiazepines,pdsp,GABA A Alpha3Beta3Gamma2,,HUMAN,33.0,"Russell MG, et al., 2006",CLONED
cid:3016,3016,Diazepam,Benzodiazepines,pdsp,GABA A Benzodiazepine,,BOVINE,10.0,"Costanzo A, et al., 1999",BRAIN
cid:3016,3016,Diazepam,Benzodiazepines,pdsp,GABA receptor alpha-3 subunit,Gabra3,RAT,14.0,"Guerrini G et al., 2007",UNDEFINED
cid:3016,3016,Diazepam,Benzodiazepines,pdsp,GABA receptor alpha-5 subunit,GABRA5,RAT,9.80000019073486,"Guerrini G et al., 2007",UNDEFINED
cid:3016,3016,Diazepam,Benzodiazepines,pdsp,GABA receptor alpha-2 subunit,GABRA2,RAT,15.0,"Taliani S et al., 2009",UNDEFINED
cid:3016,3016,Diazepam,Benzodiazepines,pdsp,GABA receptor alpha-5 subunit,GABRA5,RAT,9.80000019073486,"Taliani S et al., 2009",UNDEFINED
cid:3016,3016,Diazepam,Benzodiazepines,pdsp,GABA A Alpha5Beta3Gamma2,,HUMAN,11.0,"Clayton, Terry et. al. 2015",CLONED
cid:3016,3016,Diazepam,Benzodiazepines,pdsp,GABA A Alpha3Beta3Gamma2,,HUMAN,15.0,"Clayton, Terry et. al. 2015",CLONED
cid:3016,3016,Diazepam,Benzodiazepines,pdsp,GABA A Alpha2Beta3Gamma2,,HUMAN,20.0,"Clayton, Terry et. al. 2015",CLONED
cid:3016,3016,Diazepam,Benzodiazepines,pdsp,GABA A Alpha1Beta3Gamma2,,HUMAN,14.0,"Clayton, Terry et. al. 2015",CLONED
cid:3016,3016,Diazepam,Benzodiazepines,pdsp,GABA A Alpha1Beta2Gamma2,,RAT,14.0,"Costanzo A et al., 2002",CLONED
cid:3016,3016,Diazepam,Benzodiazepines,pdsp,GABA A Alpha2Beta2Gamma2,,RAT,7.8,"Costanzo A et al., 2002",CLONED
cid:3016,3016,Diazepam,Benzodiazepines,pdsp,GABA A Alpha3Beta2Gamma2,,RAT,13.9,"Costanzo A et al., 2002",CLONED
cid:3016,3016,Diazepam,Benzodiazepines,pdsp,GABA A Alpha5Beta3Gamma2,,RAT,9.8,"Costanzo A et al., 2002",CLONED
cid:3016,3016,Diazepam,Benzodiazepines,pdsp,alpha1beta3gamma2,,HUMAN,14.0,"Clayton, Terry et. al. 2015",CLONED
cid:3016,3016,Diazepam,Benzodiazepines,pdsp,alpha2beta3gamma2,,HUMAN,20.0,"Clayton, Terry et. al. 2015",CLONED
cid:3016,3016,Diazepam,Benzodiazepines,pdsp,alpha3beta3gamma2,,HUMAN,15.0,"Clayton, Terry et. al. 2015",CLONED
cid:3016,3016,Diazepam,Benzodiazepines,pdsp,alpha5beta3gamma2,,HUMAN,11.0,"Clayton, Terry et. al. 2015",CLONED
cid:3016,3016,Diazepam,Benzodiazepines,pdsp,GABA A Benzodiazepine,,BOVINE,10.0,"Primofiore G, et al., 2006",CORTICAL MEMBRANES
cid:127024,127024,Dichloropane,Substituted_tropanes,pdsp,Dopamine Transporter,SLC6A3,RAT,0.79,"DAMAJ MI, et al., 1999",BRAIN
cid:127024,127024,Dichloropane,Substituted_tropanes,pdsp,5-HT Transporter,SLC6A4,RAT,3.1,"DAMAJ MI, et al., 1999",BRAIN
cid:127024,127024,Dichloropane,Substituted_tropanes,pdsp,Norepinephrine transporter,,RAT,17.9,"DAMAJ MI, et al., 1999",BRAIN
cid:127024,127024,Dichloropane,Substituted_tropanes,pdsp,Dopamine Transporter,SLC6A3,RAT,0.79,"Carroll FI, et al., 1995",Striatal Membranes
cid:127024,127024,Dichloropane,Substituted_tropanes,pdsp,Norepinephrine transporter,,RAT,17.96,"Carroll FI, et al., 1995",CEREBRAL CORTEX
cid:127024,127024,Dichloropane,Substituted_tropanes,pdsp,5-HT Transporter,SLC6A4,RAT,3.13,"Carroll FI, et al., 1995",Midbrain
cid:5284543,5284543,Dihydrocodeine,Substituted_morphinans,pdsp,5-HT6,HTR6,MOUSE,100.0,"PLASSAT JL, ET AL., 1993",CLONED
cid:3100,3100,Diphenhydramine,Ethanolamine,pdsp,HISTAMINE H1,HRH1,HUMAN,62.0,"Kanba S, et al., 1984",CORTICAL MEMBRANES
cid:3100,3100,Diphenhydramine,Ethanolamine,pdsp,HISTAMINE H1,HRH1,HUMAN,14.08,"Richelson E., 1988",BRAIN
cid:3100,3100,Diphenhydramine,Ethanolamine,pdsp,HISTAMINE H1,HRH1,RAT,17.0,"Tran VT, et al., 1978",BRAIN
cid:3100,3100,Diphenhydramine,Ethanolamine,pdsp,HISTAMINE H3,HRH3,HUMAN,10000.0,"Liu C., et al., 2000",CLONED
cid:3100,3100,Diphenhydramine,Ethanolamine,pdsp,HISTAMINE H3,HRH3,HUMAN,10000.0,"Lovenberg, TW  et al., 1999",CLONED
cid:3100,3100,Diphenhydramine,Ethanolamine,pdsp,HISTAMINE H4,HRH4,HUMAN,10000.0,"Liu C., et al., 2000",CLONED
cid:3100,3100,Diphenhydramine,Ethanolamine,pdsp,"Cholinergic, muscarinic M1",CHRM1,HUMAN,100.0,"Bolden C, et al., 1992",CLONED
cid:3100,3100,Diphenhydramine,Ethanolamine,pdsp,"Cholinergic, muscarinic M2",CHRM2,HUMAN,120.0,"Bolden C, et al., 1992",CLONED
cid:3100,3100,Diphenhydramine,Ethanolamine,pdsp,"Cholinergic, muscarinic M3",CHRM3,HUMAN,229.0,"Bolden C, et al., 1992",CLONED
cid:3100,3100,Diphenhydramine,Ethanolamine,pdsp,"Cholinergic, muscarinic M4",CHRM4,HUMAN,112.0,"Bolden C, et al., 1992",CLONED
cid:3100,3100,Diphenhydramine,Ethanolamine,pdsp,"Cholinergic, muscarinic M5",CHRM5,HUMAN,260.0,"Bolden C, et al., 1992",CLONED
cid:3100,3100,Diphenhydramine,Ethanolamine,pdsp,HISTAMINE H1,HRH1,HUMAN,11.7,"Booth RG et al., 2002",CLONED
cid:3100,3100,Diphenhydramine,Ethanolamine,pdsp,HISTAMINE H1,HRH1,GUINEA PIG,9.2,"Booth RG et al., 2002",CLONED
cid:3100,3100,Diphenhydramine,Ethanolamine,pdsp,HISTAMINE H1,HRH1,GUINEA PIG,9.57,"Booth RG et al., 2002",CLONED
cid:3100,3100,Diphenhydramine,Ethanolamine,pdsp,HISTAMINE H1,HRH1,HUMAN,13.5,"Booth RG et al., 2002",CLONED
cid:3100,3100,Diphenhydramine,Ethanolamine,pdsp,Adrenergic Alpha,,RAT,3500.0,"U'Prichard DC et al., 1977",BRAIN
cid:3100,3100,Diphenhydramine,Ethanolamine,pdsp,Adrenergic Alpha,,RAT,3500.0,"U'Prichard DC et al., 1977",BRAIN
cid:3100,3100,Diphenhydramine,Ethanolamine,pdsp,HISTAMINE H1,HRH1,HUMAN,9.57,"Ghoneim OM, et al., 2006",CLONED
cid:3100,3100,Diphenhydramine,Ethanolamine,pdsp,HISTAMINE H1,HRH1,RODENT,6.1,"Bucholtz E., et.al.1999",BRAIN
cid:3100,3100,Diphenhydramine,Ethanolamine,pdsp,IKr,,HUMAN,27000.0,"Suessbrich, H et al., 1996",CLONED
cid:3100,3100,Diphenhydramine,Ethanolamine,pdsp,NMDA,,RAT,18.2,"Wallach, Jason, et. al. 2016",FOREBRAIN
cid:3100,3100,Diphenhydramine,Ethanolamine,pdsp,H1,,HUMAN,12.589254117942,"Appl, Heidrun.  et. al, 2011",CLONED
cid:3100,3100,Diphenhydramine,Ethanolamine,pdsp,HISTAMINE H1,HRH1,HUMAN,15.0,"Chang, R et., 1978",FR. CORTEX
cid:3100,3100,Diphenhydramine,Ethanolamine,pdsp,HISTAMINE H1,HRH1,GUINEA PIG,13.7,"Chang, R et., 1978",BRAIN
cid:3100,3100,Diphenhydramine,Ethanolamine,pdsp,HISTAMINE H1,HRH1,RAT,17.0,"Chang, R et., 1978",BRAIN
cid:3100,3100,Diphenhydramine,Ethanolamine,pdsp,HISTAMINE H1,HRH1,HUMAN,10000.0,"Lim HD, et al., 2005",CLONED
cid:3100,3100,Diphenhydramine,Ethanolamine,pdsp,Norepinephrine transporter,,RAT,390.0,"Richelson, E. et, al. 1984",occipital cortex synaptosomes
cid:3100,3100,Diphenhydramine,Ethanolamine,pdsp,Serotonin uptake,,RAT,5100.0,"Richelson, E. et, al. 1984",frontal cortex synaptosomes
cid:3100,3100,Diphenhydramine,Ethanolamine,pdsp,Dopamine Transporter,SLC6A3,RAT,1300.0,"Richelson, E. et, al. 1984",corpus striatum synaptosomes
cid:3100,3100,Diphenhydramine,Ethanolamine,pdsp,NMDA,,RAT,18.0,"Wallach, Jason, et. al. 2016",FOREBRAIN
cid:3100,3100,Diphenhydramine,Ethanolamine,pdsp,5-HT1A,HTR1A,HUMAN,10000.0,"Wallach, Jason, et. al. 2016",CLONED
cid:3100,3100,Diphenhydramine,Ethanolamine,pdsp,5-HT1B,HTR1B,HUMAN,10000.0,"Wallach, Jason, et. al. 2016",CLONED
cid:3100,3100,Diphenhydramine,Ethanolamine,pdsp,5-HT1D,HTR1D,HUMAN,10000.0,"Wallach, Jason, et. al. 2016",CLONED
cid:3100,3100,Diphenhydramine,Ethanolamine,pdsp,5-HT1E,HTR1E,HUMAN,10000.0,"Wallach, Jason, et. al. 2016",CLONED
cid:3100,3100,Diphenhydramine,Ethanolamine,pdsp,5-HT2A,HTR2A,HUMAN,10000.0,"Wallach, Jason, et. al. 2016",CLONED
cid:3100,3100,Diphenhydramine,Ethanolamine,pdsp,5-HT2B,HTR2B,HUMAN,10000.0,"Wallach, Jason, et. al. 2016",CLONED
cid:3100,3100,Diphenhydramine,Ethanolamine,pdsp,5-HT2C,HTR2C,HUMAN,10000.0,"Wallach, Jason, et. al. 2016",CLONED
cid:3100,3100,Diphenhydramine,Ethanolamine,pdsp,5-HT3,HTR3A,HUMAN,10000.0,"Wallach, Jason, et. al. 2016",CLONED
cid:3100,3100,Diphenhydramine,Ethanolamine,pdsp,5-HT5a,HTR5A,HUMAN,10000.0,"Wallach, Jason, et. al. 2016",CLONED
cid:3100,3100,Diphenhydramine,Ethanolamine,pdsp,5-HT6,HTR6,HUMAN,10000.0,"Wallach, Jason, et. al. 2016",CLONED
cid:3100,3100,Diphenhydramine,Ethanolamine,pdsp,5-HT7,HTR7,HUMAN,10000.0,"Wallach, Jason, et. al. 2016",CLONED
cid:3100,3100,Diphenhydramine,Ethanolamine,pdsp,adrenergic Alpha1A,ADRA1A,HUMAN,10000.0,"Wallach, Jason, et. al. 2016",CLONED
cid:3100,3100,Diphenhydramine,Ethanolamine,pdsp,adrenergic Alpha1B,ADRA1B,HUMAN,10000.0,"Wallach, Jason, et. al. 2016",CLONED
cid:3100,3100,Diphenhydramine,Ethanolamine,pdsp,adrenergic Alpha1D,ADRA1D,HUMAN,10000.0,"Wallach, Jason, et. al. 2016",CLONED
cid:3100,3100,Diphenhydramine,Ethanolamine,pdsp,adrenergic Alpha2A,ADRA2A,HUMAN,10000.0,"Wallach, Jason, et. al. 2016",CLONED
cid:3100,3100,Diphenhydramine,Ethanolamine,pdsp,adrenergic Alpha2B,ADRA2B,HUMAN,4376.0,"Wallach, Jason, et. al. 2016",CLONED
cid:3100,3100,Diphenhydramine,Ethanolamine,pdsp,adrenergic Alpha2C,ADRA2C,HUMAN,3052.0,"Wallach, Jason, et. al. 2016",CLONED
cid:3100,3100,Diphenhydramine,Ethanolamine,pdsp,adrenergic Beta1,ADRB1,HUMAN,10000.0,"Wallach, Jason, et. al. 2016",CLONED
cid:3100,3100,Diphenhydramine,Ethanolamine,pdsp,adrenergic Beta2,ADRB2,HUMAN,10000.0,"Wallach, Jason, et. al. 2016",CLONED
cid:3100,3100,Diphenhydramine,Ethanolamine,pdsp,BZP Rat Brain Site,,HUMAN,10000.0,"Wallach, Jason, et. al. 2016",CLONED
cid:3100,3100,Diphenhydramine,Ethanolamine,pdsp,adrenergic Beta3,ADRB3,HUMAN,10000.0,"Wallach, Jason, et. al. 2016",CLONED
cid:3100,3100,Diphenhydramine,Ethanolamine,pdsp,D1,,HUMAN,10000.0,"Wallach, Jason, et. al. 2016",CLONED
cid:3100,3100,Diphenhydramine,Ethanolamine,pdsp,D2,,HUMAN,10000.0,"Wallach, Jason, et. al. 2016",CLONED
cid:3100,3100,Diphenhydramine,Ethanolamine,pdsp,D3,,HUMAN,10000.0,"Wallach, Jason, et. al. 2016",CLONED
cid:3100,3100,Diphenhydramine,Ethanolamine,pdsp,D4,,HUMAN,10000.0,"Wallach, Jason, et. al. 2016",CLONED
cid:3100,3100,Diphenhydramine,Ethanolamine,pdsp,D5,,HUMAN,10000.0,"Wallach, Jason, et. al. 2016",CLONED
cid:3100,3100,Diphenhydramine,Ethanolamine,pdsp,GABA A,,HUMAN,10000.0,"Wallach, Jason, et. al. 2016",CLONED
cid:3100,3100,Diphenhydramine,Ethanolamine,pdsp,H1,,HUMAN,1338.0,"Wallach, Jason, et. al. 2016",CLONED
cid:3100,3100,Diphenhydramine,Ethanolamine,pdsp,H2,,HUMAN,10000.0,"Wallach, Jason, et. al. 2016",CLONED
cid:3100,3100,Diphenhydramine,Ethanolamine,pdsp,H3,,HUMAN,1025.0,"Wallach, Jason, et. al. 2016",CLONED
cid:3100,3100,Diphenhydramine,Ethanolamine,pdsp,H4,,HUMAN,10000.0,"Wallach, Jason, et. al. 2016",CLONED
cid:3100,3100,Diphenhydramine,Ethanolamine,pdsp,DOR,,HUMAN,10000.0,"Wallach, Jason, et. al. 2016",CLONED
cid:3100,3100,Diphenhydramine,Ethanolamine,pdsp,Kappa Opiate Receptor,,HUMAN,3899.0,"Wallach, Jason, et. al. 2016",CLONED
cid:3100,3100,Diphenhydramine,Ethanolamine,pdsp,Mu Opiate Receptor,,HUMAN,10000.0,"Wallach, Jason, et. al. 2016",CLONED
cid:3100,3100,Diphenhydramine,Ethanolamine,pdsp,Muscarinic M1,,HUMAN,2649.0,"Wallach, Jason, et. al. 2016",CLONED
cid:3100,3100,Diphenhydramine,Ethanolamine,pdsp,Muscarinic M2,,HUMAN,3703.0,"Wallach, Jason, et. al. 2016",CLONED
cid:3100,3100,Diphenhydramine,Ethanolamine,pdsp,Muscarinic M3,,HUMAN,10000.0,"Wallach, Jason, et. al. 2016",CLONED
cid:3100,3100,Diphenhydramine,Ethanolamine,pdsp,Muscarinic M4,,HUMAN,10000.0,"Wallach, Jason, et. al. 2016",CLONED
cid:206666,206666,Diphenidine,Diarylethylamines,pdsp,5-HT1A,HTR1A,HUMAN,10000.0,"Wallach, Jason, et. al. 2016",CLONED
cid:206666,206666,Diphenidine,Diarylethylamines,pdsp,5-HT1B,HTR1B,HUMAN,10000.0,"Wallach, Jason, et. al. 2016",CLONED
cid:206666,206666,Diphenidine,Diarylethylamines,pdsp,5-HT1D,HTR1D,HUMAN,10000.0,"Wallach, Jason, et. al. 2016",CLONED
cid:206666,206666,Diphenidine,Diarylethylamines,pdsp,5-HT1E,HTR1E,HUMAN,10000.0,"Wallach, Jason, et. al. 2016",CLONED
cid:206666,206666,Diphenidine,Diarylethylamines,pdsp,5-HT2A,HTR2A,HUMAN,10000.0,"Wallach, Jason, et. al. 2016",CLONED
cid:206666,206666,Diphenidine,Diarylethylamines,pdsp,5-HT2B,HTR2B,HUMAN,10000.0,"Wallach, Jason, et. al. 2016",CLONED
cid:206666,206666,Diphenidine,Diarylethylamines,pdsp,5-HT3,HTR3A,HUMAN,10000.0,"Wallach, Jason, et. al. 2016",CLONED
cid:206666,206666,Diphenidine,Diarylethylamines,pdsp,5-HT5a,HTR5A,HUMAN,10000.0,"Wallach, Jason, et. al. 2016",CLONED
cid:206666,206666,Diphenidine,Diarylethylamines,pdsp,5-HT6,HTR6,HUMAN,10000.0,"Wallach, Jason, et. al. 2016",CLONED
cid:206666,206666,Diphenidine,Diarylethylamines,pdsp,5-HT7,HTR7,HUMAN,10000.0,"Wallach, Jason, et. al. 2016",CLONED
cid:206666,206666,Diphenidine,Diarylethylamines,pdsp,adrenergic Alpha1A,ADRA1A,HUMAN,10000.0,"Wallach, Jason, et. al. 2016",CLONED
cid:206666,206666,Diphenidine,Diarylethylamines,pdsp,adrenergic Alpha1B,ADRA1B,HUMAN,10000.0,"Wallach, Jason, et. al. 2016",CLONED
cid:206666,206666,Diphenidine,Diarylethylamines,pdsp,adrenergic Alpha1D,ADRA1D,HUMAN,10000.0,"Wallach, Jason, et. al. 2016",CLONED
cid:206666,206666,Diphenidine,Diarylethylamines,pdsp,adrenergic Alpha2A,ADRA2A,HUMAN,10000.0,"Wallach, Jason, et. al. 2016",CLONED
cid:206666,206666,Diphenidine,Diarylethylamines,pdsp,adrenergic Alpha2B,ADRA2B,HUMAN,4376.0,"Wallach, Jason, et. al. 2016",CLONED
cid:206666,206666,Diphenidine,Diarylethylamines,pdsp,adrenergic Alpha2C,ADRA2C,HUMAN,3052.0,"Wallach, Jason, et. al. 2016",CLONED
cid:206666,206666,Diphenidine,Diarylethylamines,pdsp,Beta 1,,HUMAN,10000.0,"Wallach, Jason, et. al. 2016",CLONED
cid:206666,206666,Diphenidine,Diarylethylamines,pdsp,Beta 2,,HUMAN,10000.0,"Wallach, Jason, et. al. 2016",CLONED
cid:206666,206666,Diphenidine,Diarylethylamines,pdsp,Beta 3,,HUMAN,10000.0,"Wallach, Jason, et. al. 2016",CLONED
cid:206666,206666,Diphenidine,Diarylethylamines,pdsp,BZP Rat Brain Site,,HUMAN,10000.0,"Wallach, Jason, et. al. 2016",CLONED
cid:206666,206666,Diphenidine,Diarylethylamines,pdsp,DOPAMINE D1,DRD1,HUMAN,10000.0,"Wallach, Jason, et. al. 2016",CLONED
cid:206666,206666,Diphenidine,Diarylethylamines,pdsp,DOPAMINE D2,DRD2,HUMAN,10000.0,"Wallach, Jason, et. al. 2016",CLONED
cid:206666,206666,Diphenidine,Diarylethylamines,pdsp,DOPAMINE D3,DRD3,RAT,10000.0,"Wallach, Jason, et. al. 2016",CLONED
cid:206666,206666,Diphenidine,Diarylethylamines,pdsp,DOPAMINE D4,DRD4,HUMAN,10000.0,"Wallach, Jason, et. al. 2016",CLONED
cid:206666,206666,Diphenidine,Diarylethylamines,pdsp,DOPAMINE D5,DRD5,HUMAN,10000.0,"Wallach, Jason, et. al. 2016",CLONED
cid:206666,206666,Diphenidine,Diarylethylamines,pdsp,GABA A,,HUMAN,10000.0,"Wallach, Jason, et. al. 2016",CLONED
cid:206666,206666,Diphenidine,Diarylethylamines,pdsp,HISTAMINE H1,HRH1,HUMAN,1338.0,"Wallach, Jason, et. al. 2016",CLONED
cid:206666,206666,Diphenidine,Diarylethylamines,pdsp,HISTAMINE H2,HRH2,HUMAN,10000.0,"Wallach, Jason, et. al. 2016",CLONED
cid:206666,206666,Diphenidine,Diarylethylamines,pdsp,HISTAMINE H3,HRH3,GUINEA PIG,1025.0,"Wallach, Jason, et. al. 2016",CLONED
cid:206666,206666,Diphenidine,Diarylethylamines,pdsp,HISTAMINE H4,HRH4,HUMAN,10000.0,"Wallach, Jason, et. al. 2016",CLONED
cid:206666,206666,Diphenidine,Diarylethylamines,pdsp,Delta Opiate Receptor,,GUINEA PIG,10000.0,"Wallach, Jason, et. al. 2016",CLONED
cid:206666,206666,Diphenidine,Diarylethylamines,pdsp,Kappa Opiate Receptor,,HUMAN,3899.0,"Wallach, Jason, et. al. 2016",CLONED
cid:206666,206666,Diphenidine,Diarylethylamines,pdsp,Mu Opiate Receptor,,HUMAN,10000.0,"Wallach, Jason, et. al. 2016",CLONED
cid:206666,206666,Diphenidine,Diarylethylamines,pdsp,Muscarinic 1,,HUMAN,2649.0,"Wallach, Jason, et. al. 2016",CLONED
cid:206666,206666,Diphenidine,Diarylethylamines,pdsp,Muscarinic 2,,HUMAN,3703.0,"Wallach, Jason, et. al. 2016",CLONED
cid:206666,206666,Diphenidine,Diarylethylamines,pdsp,Muscarinic 3,,HUMAN,10000.0,"Wallach, Jason, et. al. 2016",CLONED
cid:206666,206666,Diphenidine,Diarylethylamines,pdsp,Muscarinic 4,,HUMAN,10000.0,"Wallach, Jason, et. al. 2016",CLONED
cid:206666,206666,Diphenidine,Diarylethylamines,pdsp,Muscarinic 5,,HUMAN,1653.0,"Wallach, Jason, et. al. 2016",CLONED
cid:206666,206666,Diphenidine,Diarylethylamines,pdsp,Dopamine Transporter,SLC6A3,HUMAN,317.0,"Wallach, Jason, et. al. 2016",CLONED
cid:206666,206666,Diphenidine,Diarylethylamines,pdsp,Norepinephrine transporter,,HUMAN,2808.0,"Wallach, Jason, et. al. 2016",CLONED
cid:206666,206666,Diphenidine,Diarylethylamines,pdsp,Benzodiazepine peripheral,,RAT,10000.0,"Wallach, Jason, et. al. 2016",KIDNEY
cid:206666,206666,Diphenidine,Diarylethylamines,pdsp,SERT,,HUMAN,10000.0,"Wallach, Jason, et. al. 2016",CLONED
cid:206666,206666,Diphenidine,Diarylethylamines,pdsp,Sigma 1,,RAT,290.0,"Wallach, Jason, et. al. 2016",BRAIN
cid:206666,206666,Diphenidine,Diarylethylamines,pdsp,Sigma 2,,RAT,193.0,"Wallach, Jason, et. al. 2016",PC12
cid:681,681,Dopamine,,pdsp,5-HT2C,HTR2C,PIG,6030.0,"HOYER & KARPF, 1988",Choroid Plexus
cid:681,681,Dopamine,,pdsp,5-HT2C,HTR2C,RAT,10000.0,"YAMAMOTO & KEBABIAN, 1989",Choroid Plexus
cid:681,681,Dopamine,,pdsp,5-HT2C,HTR2C,RAT,10000.0,"YAMAMOTO & KEBABIAN, 1989",Choroid Plexus
cid:681,681,Dopamine,,pdsp,5-HT2C,HTR2C,PIG,10000.0,"HOYER ET AL., 1986",Choroid Plexus
cid:681,681,Dopamine,,pdsp,5-HT2C,HTR2C,PIG,10000.0,"HOYER & KARPF, 1988",Choroid Plexus
cid:681,681,Dopamine,,pdsp,5-HT2C,HTR2C,PIG,10000.0,"HOYER, 1989 (J.R.R.)",Choroid Plexus
cid:681,681,Dopamine,,pdsp,5-HT2C,HTR2C,PIG,10000.0,"MARKSTEIN ET AL, 1986",Choroid Plexus
cid:681,681,Dopamine,,pdsp,5-HT2C,HTR2C,MOUSE,10000.0,"YAGALOFF ET AL., 1986",C. PLEXUS TUM
cid:681,681,Dopamine,,pdsp,5-HT1B,HTR1B,RAT,10000.0,"MARKSTEIN ET AL, 1986",CORTEX
cid:681,681,Dopamine,,pdsp,5-HT1B,HTR1B,RAT,10000.0,"HOYER, 1988(9) (J.R.R.)",CORTEX
cid:681,681,Dopamine,,pdsp,5-HT1D,HTR1D,BOVINE,10000.0,"HEURING & PEROUTKA, 1987",STRIATUM
cid:681,681,Dopamine,,pdsp,5-HT2A,HTR2A,RAT,10000.0,"LYON ET AL., 1987",CORTEX
cid:681,681,Dopamine,,pdsp,5-HT2A,HTR2A,RAT,10000.0,"LYON ET AL., 1986",CORTEX
cid:681,681,Dopamine,,pdsp,5-HT2A,HTR2A,RAT,10000.0,"LEYSEN ET AL., 1978",CORTEX
cid:681,681,Dopamine,,pdsp,5-HT2A,HTR2A,HUMAN,10000.0,"ELLIOT & KENT, 1989",FR. CORTEX
cid:681,681,Dopamine,,pdsp,5-HT2A,HTR2A,RAT,10000.0,"PEROUTKA & SNYDER, 1979",CORTEX
cid:681,681,Dopamine,,pdsp,5-HT2A,HTR2A,RAT,10000.0,"MARKSTEIN ET AL, 1986",CORTEX
cid:681,681,Dopamine,,pdsp,5-HT2A,HTR2A,RAT,10000.0,"HOYER, 1989 (J.R.R.)",CORTEX
cid:681,681,Dopamine,,pdsp,5-HT2A,HTR2A,BOVINE,10000.0,"HARTIG ET AL., 1985",CAUDATE
cid:681,681,Dopamine,,pdsp,5-HT2A,HTR2A,RAT,10000.0,"HARTIG ET AL., 1983",CORTEX
cid:681,681,Dopamine,,pdsp,5-HT2A,HTR2A,HUMAN,10000.0,"ANDORN ET AL., 1984",CORTEX
cid:681,681,Dopamine,,pdsp,5-HT2A,HTR2A,RAT,10000.0,"CREESE & SNYDER, 1978",CORTEX
cid:681,681,Dopamine,,pdsp,5-HT2A,HTR2A,RAT,10000.0,"KADAN ET AL., 1984",CORTEX
cid:681,681,Dopamine,,pdsp,5-HT2A,HTR2A,RAT,10000.0,"HOFFMAN ET AL., 1987",CORTEX
cid:681,681,Dopamine,,pdsp,5-HT3,HTR3A,RAT,10000.0,"BARNES ET AL., 1988",ENTO CORTEX
cid:681,681,Dopamine,,pdsp,5-HT3,HTR3A,RAT,10000.0,"NELSON & THOMAS, 1989",CORTEX
cid:681,681,Dopamine,,pdsp,5-HT3,HTR3A,HUMAN,10000.0,"BARNES ET AL., 1989",AMYGDALA
cid:681,681,Dopamine,,pdsp,5-HT3,HTR3A,HUMAN,10000.0,"BARNES ET AL., 1989",HIPPOCAMPUS
cid:681,681,Dopamine,,pdsp,DOPAMINE D1,DRD1,HUMAN,4470.0,"TOLL L, et. al., 1998",CLONED
cid:681,681,Dopamine,,pdsp,DOPAMINE D2,DRD2,HUMAN,422.0,"TOLL L, et. al., 1998",CLONED
cid:681,681,Dopamine,,pdsp,DOPAMINE D3,DRD3,HUMAN,20.0,"TOLL L, et. al., 1998",CLONED
cid:681,681,Dopamine,,pdsp,5-HT1A,HTR1A,HUMAN,8248.0,"TOLL L, et. al., 1998",CLONED
cid:681,681,Dopamine,,pdsp,5-HT2A,HTR2A,RAT,10000.0,"TOLL L, et. al., 1998",CLONED
cid:681,681,Dopamine,,pdsp,5-HT2C,HTR2C,RAT,10000.0,"TOLL L, et. al., 1998",CLONED
cid:681,681,Dopamine,,pdsp,5-HT2C,HTR2C,RAT,10000.0,"TOLL L, et. al., 1998",CLONED
cid:681,681,Dopamine,,pdsp,5-HT3,HTR3A,MOUSE,10000.0,"TOLL L, et. al., 1998",NG108-15
cid:681,681,Dopamine,,pdsp,Dopamine Transporter,SLC6A3,HUMAN,1770.0,"PRISTUPA ZB, ET AL., 1994",CLONED
cid:681,681,Dopamine,,pdsp,Dopamine Transporter,SLC6A3,HUMAN,67.0,"PRISTUPA ZB, ET AL., 1994",CLONED
cid:681,681,Dopamine,,pdsp,Dopamine Transporter,SLC6A3,HUMAN,5900.0,"PRISTUPA ZB, ET AL., 1994",CLONED
cid:681,681,Dopamine,,pdsp,Dopamine Transporter,SLC6A3,HUMAN,3100.0,"PRISTUPA ZB, ET AL., 1994",CLONED
cid:681,681,Dopamine,,pdsp,Dopamine Transporter,SLC6A3,HUMAN,5300.0,"PRISTUPA ZB, ET AL., 1994",CLONED
cid:681,681,Dopamine,,pdsp,5-HT5B,,RAT,1000.0,"WISDEN W,  ET AL., 1993",CLONED
cid:681,681,Dopamine,,pdsp,5-HT5a,HTR5A,RAT,1000.0,"ERLANDER MG, ET AL., 1993",CLONED
cid:681,681,Dopamine,,pdsp,5-HT5B,,RAT,1000.0,"ERLANDER MG, ET AL., 1993",CLONED
cid:681,681,Dopamine,,pdsp,5-HT7,HTR7,RAT,10000.0,"RUAT M, ET AL., 1993",CLONED
cid:681,681,Dopamine,,pdsp,5-HT5a,HTR5A,MOUSE,10000.0,"Matthes H, et.al., 1993",CLONED
cid:681,681,Dopamine,,pdsp,5-HT5B,,MOUSE,10000.0,"Matthes H, et.al., 1993",CLONED
cid:681,681,Dopamine,,pdsp,5-HT7,HTR7,HUMAN,10000.0,"BARD JA, ET AL., 1993",CLONED
cid:681,681,Dopamine,,pdsp,5-HT6,HTR6,MOUSE,10000.0,"PLASSAT JL, ET AL., 1993",CLONED
cid:681,681,Dopamine,,pdsp,DOPAMINE D4.2,,HUMAN,180.0,"TALLMAN JF, ET AL., 1997",CLONED
cid:681,681,Dopamine,,pdsp,DOPAMINE D4.2,,HUMAN,407.0,"TALLMAN JF, ET AL., 1997",CLONED
cid:681,681,Dopamine,,pdsp,Norepinephrine transporter,,RAT,392.0,"Paczkowski,Bryan-Lluka,Porzgen,Bruss,Bonisch, 1999",CLONED
cid:681,681,Dopamine,,pdsp,Norepinephrine transporter,,HUMAN,323.0,"Paczkowski,Bryan-Lluka,Porzgen,Bruss,Bonisch, 1999",CLONED
cid:681,681,Dopamine,,pdsp,Norepinephrine transporter,,BOVINE,397.0,"Paczkowski,Bryan-Lluka,Porzgen,Bruss,Bonisch, 1999",CLONED
cid:681,681,Dopamine,,pdsp,DOPAMINE D2,DRD2,HUMAN,710.0,"Freedman SB, et al., 1994",CLONED
cid:681,681,Dopamine,,pdsp,DOPAMINE D3,DRD3,HUMAN,29.0,"Freedman SB, et al., 1994",CLONED
cid:681,681,Dopamine,,pdsp,DOPAMINE D2,DRD2,HUMAN,544.0,"Sokoloff P, et al., 1992",CLONED
cid:681,681,Dopamine,,pdsp,DOPAMINE D3,DRD3,HUMAN,23.0,"Sokoloff P, et al., 1992",CLONED
cid:681,681,Dopamine,,pdsp,DOPAMINE D3,DRD3,RAT,265.7,"Boundy VA, et al., 1993",CLONED
cid:681,681,Dopamine,,pdsp,DOPAMINE D1,DRD1,CANINE,10000.0,"NICKLAUS ET AL., 1988",Choroid Plexus
cid:681,681,Dopamine,,pdsp,adrenergic Alpha2,,RAT,9989.0,"Boyajian CL, et al., 1987",BRAIN
cid:681,681,Dopamine,,pdsp,DOPAMINE D2,DRD2,RAT,594.0,"Levant B, et al., 1992",BRAIN
cid:681,681,Dopamine,,pdsp,DOPAMINE D2,DRD2,RAT,51.0,"Levant B, et al., 1992",BRAIN
cid:681,681,Dopamine,,pdsp,DOPAMINE D1,DRD1,RAT,1450.0,"Billard W, et al., 1984",STRIATUM
cid:681,681,Dopamine,,pdsp,DOPAMINE D2,DRD2,RAT,2627.0,"Billard W, et al., 1984",STRIATUM
cid:681,681,Dopamine,,pdsp,adrenergic Alpha2,,RAT,10000.0,"Boyajian CL, et al., 1987",BRAIN
cid:681,681,Dopamine,,pdsp,adrenergic Beta,ADRB2,Mammalian,10000.0,"Bylund DB, et al., 1976",BRAIN
cid:681,681,Dopamine,,pdsp,DOPAMINE D4.4,,HUMAN,42.9,"Newman-Tancredi A, et al., 1997",CLONED
cid:681,681,Dopamine,,pdsp,DOPAMINE D2,DRD2,HUMAN,20.0,"Sautel F, et al., 1995",CLONED
cid:681,681,Dopamine,,pdsp,DOPAMINE D3,DRD3,HUMAN,1.4,"Sautel F, et al., 1995",CLONED
cid:681,681,Dopamine,,pdsp,DOPAMINE D2,DRD2,HUMAN,540.0,"Sautel F, et al., 1995",CLONED
cid:681,681,Dopamine,,pdsp,DOPAMINE D3,DRD3,HUMAN,23.0,"Sautel F, et al., 1995",CLONED
cid:681,681,Dopamine,,pdsp,DOPAMINE D2,DRD2,RAT,310.0,"Zahniser NR, et al., 1983",STRIATUM
cid:681,681,Dopamine,,pdsp,DOPAMINE D2,DRD2,RABBIT,250.0,"Zahniser NR, et al., 1983",STRIATUM
cid:681,681,Dopamine,,pdsp,DOPAMINE D2,DRD2,RAT,210.0,"Zahniser NR, et al., 1983",STRIATUM
cid:681,681,Dopamine,,pdsp,DOPAMINE D2,DRD2,RABBIT,200.0,"Zahniser NR, et al., 1983",STRIATUM
cid:681,681,Dopamine,,pdsp,DOPAMINE D2,DRD2,CALF,550.0,"Creese I, et al., 1976",Corpus Striatum
cid:681,681,Dopamine,,pdsp,DOPAMINE D2,DRD2,CALF,700.0,"Creese I, et al., 1976",olfactory tubercle
cid:681,681,Dopamine,,pdsp,DOPAMINE D2,DRD2,CALF,475.0,"Creese I, et al., 1976",Nucleus accumbens
cid:681,681,Dopamine,,pdsp,DOPAMINE D1,DRD1,BOVINE,51.44,"Simonneaux V., et. At., 1990",Pineal
cid:681,681,Dopamine,,pdsp,DOPAMINE D1,DRD1,BOVINE,10000.0,"Simonneaux V., et. At., 1990",Pineal
cid:681,681,Dopamine,,pdsp,5-HT7,HTR7,RAT,545.0,"Lovenberg TW, et al., 1993a",CLONED
cid:681,681,Dopamine,,pdsp,5-HT1A,HTR1A,RAT,545.0,"Lovenberg TW, et al., 1993a",CLONED
cid:681,681,Dopamine,,pdsp,5-HT5,,MOUSE,10000.0,"Plassat JL, et al., 1992",CLONED
cid:681,681,Dopamine,,pdsp,DOPAMINE D2,DRD2,RAT,211.0,"Imafuku J, 1987",Striatal Membranes
cid:681,681,Dopamine,,pdsp,DOPAMINE D1,DRD1,HUMAN,2340.0,"Sunahara RK, et al., 1991",CLONED
cid:681,681,Dopamine,,pdsp,DOPAMINE D5,DRD5,HUMAN,228.0,"Sunahara RK, et al., 1991",CLONED
cid:681,681,Dopamine,,pdsp,DOPAMINE D2,DRD2,RAT,474.0,"Sokoloff P, et al., 1990",CLONED
cid:681,681,Dopamine,,pdsp,DOPAMINE D3,DRD3,RAT,25.0,"Sokoloff P, et al., 1990",CLONED
cid:681,681,Dopamine,,pdsp,DOPAMINE D2,DRD2,MOUSE,1949.84,"Neve KA, 1990",CLONED
cid:681,681,Dopamine,,pdsp,DOPAMINE D1,DRD1,RAT,10000.0,"Neve KA, 1990",STRIATUM
cid:681,681,Dopamine,,pdsp,DOPAMINE D2,DRD2,RAT,8912.5,"Neve KA, 1990",STRIATUM
cid:681,681,Dopamine,,pdsp,Dopamine D1A,,HUMAN,10000.0,"Tiberi M, et al., 1991",CLONED
cid:681,681,Dopamine,,pdsp,Dopamine D1B,,RAT,3900.0,"Tiberi M, et al., 1991",CLONED
cid:681,681,Dopamine,,pdsp,TA1,TRAR1,HUMAN,422.0,"Borowsky B, et al.,2001",CLONED
cid:681,681,Dopamine,,pdsp,DOPAMINE D3,DRD3,HUMAN,104.0,"Cussac D, et al., 2000",CLONED
cid:681,681,Dopamine,,pdsp,DOPAMINE D3,DRD3,HUMAN,33.9,"Cussac D, et al., 2000",CLONED
cid:681,681,Dopamine,,pdsp,DOPAMINE D3,DRD3,HUMAN,54.95,"Cussac D, et al., 2000",CLONED
cid:681,681,Dopamine,,pdsp,Dopamine2-like,,HUMAN,880.0,"Seeman P et al,1997b",STRIATUM
cid:681,681,Dopamine,,pdsp,Dopamine2-like,,RAT,192.0,"Seeman P et al,1997b",STRIATUM
cid:681,681,Dopamine,,pdsp,Adrenergic Alpha,,RAT,10000.0,"U'Prichard DC et al., 1977",BRAIN
cid:681,681,Dopamine,,pdsp,Adrenergic Alpha,,RAT,250.0,"U'Prichard DC et al., 1977",BRAIN
cid:681,681,Dopamine,,pdsp,5-HT1A,HTR1A,RAT,10000.0,"Gozlan H et al., 1983",STRIATUM
cid:681,681,Dopamine,,pdsp,5-HT1A,HTR1A,RAT,10000.0,"Gozlan H et al., 1983",HIPPOCAMPUS
cid:681,681,Dopamine,,pdsp,DOPAMINE D2,DRD2,CALF,550.0,"Burt DR et al., 1976",STRIATUM
cid:681,681,Dopamine,,pdsp,DOPAMINE D2,DRD2,CALF,700.0,"Burt DR et al., 1976",olfactory tubercle
cid:681,681,Dopamine,,pdsp,DOPAMINE D2,DRD2,CALF,475.0,"Burt DR et al., 1976",Nucleus accumbens
cid:681,681,Dopamine,,pdsp,DOPAMINE D1,DRD1,CALF,16.8,"Burt DR et al., 1976",STRIATUM
cid:681,681,Dopamine,,pdsp,DOPAMINE D1,DRD1,CALF,17.5,"Burt DR et al., 1976",BRAIN
cid:681,681,Dopamine,,pdsp,DOPAMINE D2,DRD2,CALF,670.0,"Burt DR et al., 1976",BRAIN
cid:681,681,Dopamine,,pdsp,DOPAMINE D1,DRD1,CALF,11.7,"Burt DR et al., 1976",olfactory tubercle
cid:681,681,Dopamine,,pdsp,5-HT1A,HTR1A,RABBIT,7800.0,"Weber JT, et al.,  1997",CEREBRAL CORTEX
cid:681,681,Dopamine,,pdsp,Adrenergic Alpha,,RAT,240.0,"Greenberg, DA et al., 1976",BRAIN
cid:681,681,Dopamine,,pdsp,Adrenergic Alpha,,RAT,10000.0,"Greenberg, DA et al., 1976",BRAIN
cid:681,681,Dopamine,,pdsp,DOPAMINE D2 Long,DRD2,CANINE,7.5,"Van Tol, HH et al., 1991",STRIATUM
cid:681,681,Dopamine,,pdsp,DOPAMINE D2 Long,DRD2,RAT,2.8,"Van Tol, HH et al., 1991",CLONED
cid:681,681,Dopamine,,pdsp,DOPAMINE D2 Long,DRD2,RAT,474.0,"Van Tol, HH et al., 1991",CLONED
cid:681,681,Dopamine,,pdsp,DOPAMINE D4,DRD4,CANINE,28.0,"Van Tol, HH et al., 1991",STRIATUM
cid:681,681,Dopamine,,pdsp,DOPAMINE D1,DRD1,HUMAN,130.0,"Michaelides MR, et al., 1995",CLONED
cid:681,681,Dopamine,,pdsp,DOPAMINE D2,DRD2,HUMAN,260.0,"Michaelides MR, et al., 1995",CLONED
cid:681,681,Dopamine,,pdsp,DOPAMINE D2,DRD2,HUMAN,10000.0,"Stormann TM, et al., 1990",CLONED
cid:681,681,Dopamine,,pdsp,Dopamine Transporter,SLC6A3,RAT,230.0,"Andersen PH, et al., 1989",STRIATUM
cid:681,681,Dopamine,,pdsp,Norepinephrine transporter,,RAT,1000.0,"Andersen PH, et al., 1989",CEREBRAL CORTEX
cid:681,681,Dopamine,,pdsp,5-HT Transporter,SLC6A4,RAT,1000.0,"Andersen PH, et al., 1989",BRAIN
cid:681,681,Dopamine,,pdsp,DOPAMINE D1,DRD1,RAT,380.0,"Andersen PH, et al., 1985",FR. CORTEX
cid:681,681,Dopamine,,pdsp,DOPAMINE D2,DRD2,RAT,660.0,"Andersen PH, et al., 1985",FR. CORTEX
cid:681,681,Dopamine,,pdsp,5-HT7,HTR7,RAT,1000.0,"SHEN Y, ET AL., 1993",CLONED
cid:681,681,Dopamine,,pdsp,5-HT7,HTR7,RAT,1000.0,"SHEN Y, ET AL., 1993",CLONED
cid:681,681,Dopamine,,pdsp,DOPAMINE D2 Long,DRD2,HUMAN,1606.0,"Kilts JD, et al., 2002",CLONED
cid:681,681,Dopamine,,pdsp,Dopamine1-like,,RAT,1000.0,"Qandil AM, et al., 2003",STRIATUM
cid:681,681,Dopamine,,pdsp,Dopamine D1A,,RAT,220.0,"Qandil AM, et al., 2003",CLONED
cid:681,681,Dopamine,,pdsp,Sigma,,RAT,10000.0,"Largent BL, et al., 1984",BRAIN
cid:681,681,Dopamine,,pdsp,Norepinephrine transporter,,RAT,40.3,"Rothman RB, et al., 2001",WHOLE BRAIN MINUS  CEREBELLUM
cid:681,681,Dopamine,,pdsp,5-HT Transporter,SLC6A4,RAT,6489.0,"Rothman RB, et al., 2001",WHOLE BRAIN MINUS  CEREBELLUM
cid:681,681,Dopamine,,pdsp,Dopamine Transporter,SLC6A3,RAT,38.3,"Rothman RB, et al., 2001",CAUDATE
cid:681,681,Dopamine,,pdsp,CANNABINOID CB1,CNR1,theromyzon Tessulatum,1000.0,"Stefano, GB et al., 1997",ganglia
cid:681,681,Dopamine,,pdsp,CANNABINOID CB1,CNR1,Hirudo medicinalis,1000.0,"Stefano, GB et al., 1997",ganglia
cid:681,681,Dopamine,,pdsp,DOPAMINE D2,DRD2,HUMAN,450.0,"DÃƒÂ¶rfler M et al., 2008",UNDEFINED
cid:681,681,Dopamine,,pdsp,DOPAMINE D2,DRD2,HUMAN,360.0,"DÃƒÂ¶rfler M et al., 2008",UNDEFINED
cid:681,681,Dopamine,,pdsp,DOPAMINE D3,DRD3,HUMAN,240.0,"DÃƒÂ¶rfler M et al., 2008",UNDEFINED
cid:681,681,Dopamine,,pdsp,DOPAMINE D4,DRD4,HUMAN,6.19999980926514,"DÃƒÂ¶rfler M et al., 2008",UNDEFINED
cid:681,681,Dopamine,,pdsp,DOPAMINE D3,DRD3,HUMAN,72.0,"DÃƒÂ¶rfler M et al., 2008",UNDEFINED
cid:681,681,Dopamine,,pdsp,DOPAMINE D1,DRD1,UNDEFINED,124.0,"Herm L et al., 2009",UNDEFINED
cid:681,681,Dopamine,,pdsp,DOPAMINE D2,DRD2,HUMAN,2100.0,"Pettersson F et al., 2010",UNDEFINED
cid:681,681,Dopamine,,pdsp,DOPAMINE D2,DRD2,HUMAN,2.90000009536743,"Pettersson F et al., 2010",UNDEFINED
cid:681,681,Dopamine,,pdsp,DOPAMINE D4.4,,HUMAN,100.6,"Newman-Tancredi A, et al., 1997",CLONED
cid:681,681,Dopamine,,pdsp,DOPAMINE,,CALF,22.0,"Creese, I et al., 1976a",CAUDATE
cid:681,681,Dopamine,,pdsp,DOPAMINE,,CALF,1000.0,"Creese, I et al., 1976a",CAUDATE
cid:681,681,Dopamine,,pdsp,Dopamine Transporter,SLC6A3,RAT,1700.0,"Wang W, et al., 2003",CLONED
cid:681,681,Dopamine,,pdsp,Dopamine Transporter,SLC6A3,RAT,2100.0,"Wang W, et al., 2003",CLONED
cid:681,681,Dopamine,,pdsp,DOPAMINE D2,DRD2,HAMSTER,17.0,"Hirose, Tsuyoshi.  et. al, 2005",Ovary
cid:681,681,Dopamine,,pdsp,DOPAMINE D2,DRD2,HAMSTER,576.0,"Hirose, Tsuyoshi.  et. al, 2005",Ovary
cid:681,681,Dopamine,,pdsp,DOPAMINE D3,DRD3,RAT,11.0,"Campiani G, et al., 1998",olfactory tubercle
cid:681,681,Dopamine,,pdsp,DOPAMINE D1,DRD1,PIG,7762.4711662869,"Gross, G.  et, al. 1991",STRIATUM
cid:681,681,Dopamine,,pdsp,DOPAMINE D2,DRD2,PIG,2187.7616239496,"Gross, G.  et, al. 1991",STRIATUM
cid:681,681,Dopamine,,pdsp,Dopamine Transporter,SLC6A3,RAT,66.0,"Richelson, E. et, al. 1984",corpus striatum synaptosomes
cid:681,681,Dopamine,,pdsp,D1,,HUMAN,4300.0,Janowsky A et al 2014,CLONED
cid:681,681,Dopamine,,pdsp,D2,,HUMAN,1710.0,Janowsky A et al 2014,CLONED
cid:681,681,Dopamine,,pdsp,D3,,HUMAN,61.0,Janowsky A et al 2014,CLONED
cid:681,681,Dopamine,,pdsp,D4,,HUMAN,630.0,Janowsky A et al 2014,CLONED
cid:64139,64139,Efavirenz,Benzoxazine,pdsp,Sigma-1,,RAT,10000.0,PDSP Certified Data,BRAIN
cid:64139,64139,Efavirenz,Benzoxazine,pdsp,Sigma-2,,RAT,10000.0,PDSP Certified Data,PC12
cid:110821,110821,Ephenidine,Diarylethylamines,pdsp,NMDA,,RAT,66.0,"Kang, H. et, al. 2017",WHOLE BRAIN
cid:110821,110821,Ephenidine,Diarylethylamines,pdsp,Dopamine Transporter,SLC6A3,HUMAN,379.0,"Kang, H. et, al. 2017",CLONED
cid:110821,110821,Ephenidine,Diarylethylamines,pdsp,Norepinephrine transporter,,HUMAN,628.0,"Kang, H. et, al. 2017",CLONED
cid:110821,110821,Ephenidine,Diarylethylamines,pdsp,Sigma 1,,HUMAN,628.0,"Kang, H. et, al. 2017",CLONED
cid:110821,110821,Ephenidine,Diarylethylamines,pdsp,Sigma 2,,HUMAN,721.0,"Kang, H. et, al. 2017",CLONED
cid:110821,110821,Ephenidine,Diarylethylamines,pdsp,5-HT1A,HTR1A,HUMAN,10000.0,"Kang, H. et, al. 2017",CLONED
cid:110821,110821,Ephenidine,Diarylethylamines,pdsp,5-HT1B,HTR1B,HUMAN,10000.0,"Kang, H. et, al. 2017",CLONED
cid:110821,110821,Ephenidine,Diarylethylamines,pdsp,5-HT1D,HTR1D,HUMAN,10000.0,"Kang, H. et, al. 2017",CLONED
cid:110821,110821,Ephenidine,Diarylethylamines,pdsp,5-HT1E,HTR1E,HUMAN,10000.0,"Kang, H. et, al. 2017",CLONED
cid:110821,110821,Ephenidine,Diarylethylamines,pdsp,5-HT2A,HTR2A,HUMAN,10000.0,"Kang, H. et, al. 2017",CLONED
cid:110821,110821,Ephenidine,Diarylethylamines,pdsp,5-HT2B,HTR2B,HUMAN,10000.0,"Kang, H. et, al. 2017",CLONED
cid:110821,110821,Ephenidine,Diarylethylamines,pdsp,5-HT2C,HTR2C,HUMAN,10000.0,"Kang, H. et, al. 2017",CLONED
cid:110821,110821,Ephenidine,Diarylethylamines,pdsp,5-HT3,HTR3A,HUMAN,10000.0,"Kang, H. et, al. 2017",CLONED
cid:110821,110821,Ephenidine,Diarylethylamines,pdsp,5-HT5a,HTR5A,HUMAN,10000.0,"Kang, H. et, al. 2017",CLONED
cid:110821,110821,Ephenidine,Diarylethylamines,pdsp,5-HT6,HTR6,HUMAN,10000.0,"Kang, H. et, al. 2017",CLONED
cid:110821,110821,Ephenidine,Diarylethylamines,pdsp,5-HT7,HTR7,HUMAN,10000.0,"Kang, H. et, al. 2017",CLONED
cid:110821,110821,Ephenidine,Diarylethylamines,pdsp,H3,,HUMAN,10000.0,"Kang, H. et, al. 2017",CLONED
cid:110821,110821,Ephenidine,Diarylethylamines,pdsp,H4,,HUMAN,10000.0,"Kang, H. et, al. 2017",CLONED
cid:110821,110821,Ephenidine,Diarylethylamines,pdsp,Serotonin Transporter,,HUMAN,10000.0,"Kang, H. et, al. 2017",CLONED
cid:110821,110821,Ephenidine,Diarylethylamines,pdsp,BZP Rat Brain,,RAT,10000.0,"Kang, H. et, al. 2017",WHOLE BRAIN MINUS  CEREBELLUM
cid:110821,110821,Ephenidine,Diarylethylamines,pdsp,Alpha 1A Adrenergic Receptor,,HUMAN,10000.0,"Kang, H. et, al. 2017",CLONED
cid:110821,110821,Ephenidine,Diarylethylamines,pdsp,Alpha 2A Adrenergic Receptor,,HUMAN,10000.0,"Kang, H. et, al. 2017",CLONED
cid:110821,110821,Ephenidine,Diarylethylamines,pdsp,Alpha 2B Adrenergic Receptor,,HUMAN,10000.0,"Kang, H. et, al. 2017",CLONED
cid:110821,110821,Ephenidine,Diarylethylamines,pdsp,Alpha 2C Adrenergic Receptor,,HUMAN,10000.0,"Kang, H. et, al. 2017",CLONED
cid:110821,110821,Ephenidine,Diarylethylamines,pdsp,D1,,HUMAN,10000.0,"Kang, H. et, al. 2017",CLONED
cid:110821,110821,Ephenidine,Diarylethylamines,pdsp,D2,,HUMAN,10000.0,"Kang, H. et, al. 2017",CLONED
cid:110821,110821,Ephenidine,Diarylethylamines,pdsp,D3,,HUMAN,10000.0,"Kang, H. et, al. 2017",CLONED
cid:110821,110821,Ephenidine,Diarylethylamines,pdsp,D4,,HUMAN,10000.0,"Kang, H. et, al. 2017",CLONED
cid:110821,110821,Ephenidine,Diarylethylamines,pdsp,D5,,HUMAN,10000.0,"Kang, H. et, al. 2017",CLONED
cid:110821,110821,Ephenidine,Diarylethylamines,pdsp,Delta Opiate Receptor,,HUMAN,10000.0,"Kang, H. et, al. 2017",CLONED
cid:110821,110821,Ephenidine,Diarylethylamines,pdsp,Mu Opiate Receptor,,HUMAN,10000.0,"Kang, H. et, al. 2017",CLONED
cid:110821,110821,Ephenidine,Diarylethylamines,pdsp,Kappa Opiate Receptor,,HUMAN,10000.0,"Kang, H. et, al. 2017",CLONED
cid:110821,110821,Ephenidine,Diarylethylamines,pdsp,HISTAMINE H1,HRH1,HUMAN,10000.0,"Kang, H. et, al. 2017",CLONED
cid:110821,110821,Ephenidine,Diarylethylamines,pdsp,HISTAMINE H2,HRH2,HUMAN,10000.0,"Kang, H. et, al. 2017",CLONED
cid:110821,110821,Ephenidine,Diarylethylamines,pdsp,Benzodiazepine peripheral,,RAT,10000.0,"Kang, H. et, al. 2017",KIDNEY
cid:110821,110821,Ephenidine,Diarylethylamines,pdsp,Beta 1,,HUMAN,10000.0,"Kang, H. et, al. 2017",CLONED
cid:110821,110821,Ephenidine,Diarylethylamines,pdsp,Beta 2,,HUMAN,10000.0,"Kang, H. et, al. 2017",CLONED
cid:110821,110821,Ephenidine,Diarylethylamines,pdsp,Beta 3,,HUMAN,10000.0,"Kang, H. et, al. 2017",CLONED
cid:110821,110821,Ephenidine,Diarylethylamines,pdsp,"Cholinergic, muscarinic M1",CHRM1,HUMAN,10000.0,"Kang, H. et, al. 2017",CLONED
cid:110821,110821,Ephenidine,Diarylethylamines,pdsp,"Cholinergic, muscarinic M2",CHRM2,HUMAN,10000.0,"Kang, H. et, al. 2017",CLONED
cid:110821,110821,Ephenidine,Diarylethylamines,pdsp,"Cholinergic, muscarinic M3",CHRM3,HUMAN,10000.0,"Kang, H. et, al. 2017",CLONED
cid:110821,110821,Ephenidine,Diarylethylamines,pdsp,"Cholinergic, muscarinic M4",CHRM4,HUMAN,10000.0,"Kang, H. et, al. 2017",CLONED
cid:110821,110821,Ephenidine,Diarylethylamines,pdsp,"Cholinergic, muscarinic M5",CHRM5,HUMAN,10000.0,"Kang, H. et, al. 2017",CLONED
cid:969472,969472,Eszopiclone,Cyclopyrrolone,pdsp,GABA receptor alpha-1 subunit,GABRA1,UNDEFINED,50.0999984741211,"Hanson SM et al., 2008",UNDEFINED
cid:969472,969472,Eszopiclone,Cyclopyrrolone,pdsp,GABA receptor alpha-5 subunit,GABRA5,UNDEFINED,10000.0,"Hanson SM et al., 2008",UNDEFINED
cid:57252245,57252245,Ethylone,Stimulants,pdsp,Norepinephrine transporter,,HUMAN,9890.0,Simmler LD et al 2013,HEK293 cells
cid:57252245,57252245,Ethylone,Stimulants,pdsp,DAT,,HUMAN,1430.0,Simmler LD et al 2013,HEK293 cells
cid:57252245,57252245,Ethylone,Stimulants,pdsp,SERT,,HUMAN,9040.0,Simmler LD et al 2013,HEK293 cells
cid:57252245,57252245,Ethylone,Stimulants,pdsp,5-HT1A,HTR1A,HUMAN,17000.0,Simmler LD et al 2013,HEK293 cells
cid:57252245,57252245,Ethylone,Stimulants,pdsp,5-HT2A,HTR2A,HUMAN,13000.0,Simmler LD et al 2013,HEK293 cells
cid:57252245,57252245,Ethylone,Stimulants,pdsp,5-HT2C,HTR2C,HUMAN,13000.0,Simmler LD et al 2013,HEK293 cells
cid:57252245,57252245,Ethylone,Stimulants,pdsp,alpha1A,,HUMAN,6000.0,Simmler LD et al 2013,HEK293 cells
cid:57252245,57252245,Ethylone,Stimulants,pdsp,Alpha2A,,HUMAN,25000.0,Simmler LD et al 2013,HEK293 cells
cid:57252245,57252245,Ethylone,Stimulants,pdsp,D1,,HUMAN,12500.0,Simmler LD et al 2013,HEK293 cells
cid:57252245,57252245,Ethylone,Stimulants,pdsp,D3,,HUMAN,16000.0,Simmler LD et al 2013,HEK293 cells
cid:57252245,57252245,Ethylone,Stimulants,pdsp,H1,,HUMAN,13000.0,Simmler LD et al 2013,HEK293 cells
cid:57252245,57252245,Ethylone,Stimulants,pdsp,TA1,TRAR1,RAT,12500.0,Simmler LD et al 2013,HEK293 cells
cid:57252245,57252245,Ethylone,Stimulants,pdsp,TA1,TRAR1,MOUSE,10000.0,Simmler LD et al 2013,HEK293 cells
cid:3345,3345,Fentanyl,"Anilidopiperidine, Substituted_piperidines",pdsp,"Nociceptin/Orphanin FQ, NOP receptor",,MOUSE,39.6,"Mogil JS, Pasternak GW., 2001",BRAIN
cid:3345,3345,Fentanyl,"Anilidopiperidine, Substituted_piperidines",pdsp,OPIATE Mu 1,,MOUSE,48.5,"Pan YX, et al., 2005",CLONED
cid:3345,3345,Fentanyl,"Anilidopiperidine, Substituted_piperidines",pdsp,OPIATE Mu 1B4,,MOUSE,137.0,"Pan YX, et al., 2005",CLONED
cid:3380,3380,Flunitrazepam,Benzodiazepines,pdsp,GABA A Benzodiazepine,,RAT,3136.0,"Yamagishi H, et al., 1998",Parotid gland
cid:3380,3380,Flunitrazepam,Benzodiazepines,pdsp,GABA A Benzodiazepine,,RAT,3450.0,"Yamagishi H, et al., 1998",Submandibular gland
cid:3380,3380,Flunitrazepam,Benzodiazepines,pdsp,GABA A Benzodiazepine,,RAT,14.9,"Yamagishi H, et al., 1998",Parotid gland
cid:3380,3380,Flunitrazepam,Benzodiazepines,pdsp,GABA A Benzodiazepine,,RAT,40.4,"Yamagishi H, et al., 1998",Submandibular gland
cid:3380,3380,Flunitrazepam,Benzodiazepines,pdsp,GABA A Benzodiazepine,,RAT,29.0,"Hoogerkamp,Arends,Bomers,Mandema,Voskuyl,Damhof 96",BRAIN
cid:3380,3380,Flunitrazepam,Benzodiazepines,pdsp,GABA A Alpha1Beta3Gamma2,,HUMAN,5.2,"Hadingham K, et al., 1995",CLONED
cid:3380,3380,Flunitrazepam,Benzodiazepines,pdsp,GABA A Alpha6Beta3Gamma2,,HUMAN,10000.0,"Hadingham K, et al., 1995",CLONED
cid:3380,3380,Flunitrazepam,Benzodiazepines,pdsp,GABA A Alpha1Beta1Gamma2,,HUMAN,11.5,"Hadingham k, et al.,1993",CLONED
cid:3380,3380,Flunitrazepam,Benzodiazepines,pdsp,GABA A Alpha2Beta1Gamma2,,HUMAN,5.2,"Hadingham k, et al.,1993",CLONED
cid:3380,3380,Flunitrazepam,Benzodiazepines,pdsp,GABA A Alpha3Beta1Gamma2,,HUMAN,15.7,"Hadingham k, et al.,1993",CLONED
cid:3380,3380,Flunitrazepam,Benzodiazepines,pdsp,GABA A Alpha5Beta1Gamma2,,HUMAN,5.5,"Hadingham k, et al.,1993",CLONED
cid:3380,3380,Flunitrazepam,Benzodiazepines,pdsp,GABA A Benzodiazepine,,Newborn rats,1.52,"Giorgi,Lecca,Cancedda,Giuliana,Corda,1995",CEREBRAL CORTEX
cid:3380,3380,Flunitrazepam,Benzodiazepines,pdsp,GABA A Benzodiazepine,,RAT,1.37,"Giorgi,Lecca,Cancedda,Giuliana,Corda,1995",CEREBRAL CORTEX
cid:3380,3380,Flunitrazepam,Benzodiazepines,pdsp,HISTAMINE H1,HRH1,RAT,10000.0,"Tran VT, et al., 1978",BRAIN
cid:3380,3380,Flunitrazepam,Benzodiazepines,pdsp,GABA,,RAT,5.0,"Massotti M, et al., 1991",CEREBELLUM
cid:3380,3380,Flunitrazepam,Benzodiazepines,pdsp,GABA,,RAT,10.0,"Massotti M, et al., 1991",CEREBELLUM
cid:3380,3380,Flunitrazepam,Benzodiazepines,pdsp,GABA,,RAT,6.1,"Massotti M, et al., 1991",STRIATUM
cid:3380,3380,Flunitrazepam,Benzodiazepines,pdsp,GABA,,RAT,8.8,"Massotti M, et al., 1991",STRIATUM
cid:3380,3380,Flunitrazepam,Benzodiazepines,pdsp,GABA,,RAT,7.5,"Massotti M, et al., 1991",Spinal cord
cid:3380,3380,Flunitrazepam,Benzodiazepines,pdsp,GABA A Alpha6Beta3Gamma2,,HUMAN,2000.0,"Clayton, Terry et. al. 2015",CLONED
cid:3380,3380,Flunitrazepam,Benzodiazepines,pdsp,GABA A Alpha5Beta3Gamma2,,HUMAN,2.1,"Clayton, Terry et. al. 2015",CLONED
cid:3380,3380,Flunitrazepam,Benzodiazepines,pdsp,GABA A Alpha3Beta3Gamma2,,HUMAN,4.5,"Clayton, Terry et. al. 2015",CLONED
cid:3380,3380,Flunitrazepam,Benzodiazepines,pdsp,GABA A Alpha2Beta3Gamma2,,HUMAN,2.5,"Clayton, Terry et. al. 2015",CLONED
cid:3380,3380,Flunitrazepam,Benzodiazepines,pdsp,GABA A Alpha1Beta3Gamma2,,HUMAN,2.2,"Clayton, Terry et. al. 2015",CLONED
cid:3380,3380,Flunitrazepam,Benzodiazepines,pdsp,GABAA alpha1beta3gamma2,,HUMAN,2.2,"Clayton, Terry et. al. 2015",CLONED
cid:3380,3380,Flunitrazepam,Benzodiazepines,pdsp,GABAA alpha2beta3gamma2,,HUMAN,2.5,"Clayton, Terry et. al. 2015",CLONED
cid:3380,3380,Flunitrazepam,Benzodiazepines,pdsp,GABAA alpha3beta3gamma2,,HUMAN,4.5,"Clayton, Terry et. al. 2015",CLONED
cid:3380,3380,Flunitrazepam,Benzodiazepines,pdsp,GABAA alpha5beta3gamma2,,HUMAN,2.1,"Clayton, Terry et. al. 2015",CLONED
cid:3380,3380,Flunitrazepam,Benzodiazepines,pdsp,GABAA alpha6beta3gamma2,,HUMAN,2000.0,"Clayton, Terry et. al. 2015",CLONED
cid:119,119,GABA,depressant,pdsp,5-HT3,HTR3A,RAT,10000.0,"BARNES ET AL., 1988",ENTO CORTEX
cid:119,119,GABA,depressant,pdsp,5-HT3,HTR3A,RAT,10000.0,"NELSON & THOMAS, 1989",CORTEX
cid:119,119,GABA,depressant,pdsp,GABA A Alpha1Beta1Gamma2,,HUMAN,77.62,"Ebert B, et al., 1997",CLONED
cid:119,119,GABA,depressant,pdsp,GABA A Alpha1Beta2Gamma2,,HUMAN,57.54,"Ebert B, et al., 1997",CLONED
cid:119,119,GABA,depressant,pdsp,GABA A Alpha1Beta3Gamma2,,HUMAN,21.37,"Ebert B, et al., 1997",CLONED
cid:119,119,GABA,depressant,pdsp,GABA A Alpha2Beta3Gamma2,,HUMAN,22.9,"Ebert B, et al., 1997",CLONED
cid:119,119,GABA,depressant,pdsp,GABA A Alpha3Beta3Gamma2,,HUMAN,50.11,"Ebert B, et al., 1997",CLONED
cid:119,119,GABA,depressant,pdsp,GABA A Alpha5Beta3Gamma2,,HUMAN,8.7,"Ebert B, et al., 1997",CLONED
cid:119,119,GABA,depressant,pdsp,GABA A Alpha6Beta3Gamma2,,HUMAN,77.62,"Ebert B, et al., 1997",CLONED
cid:119,119,GABA,depressant,pdsp,GABA,,RAT,38.0,"Williams M, et al., 1979",BRAIN
cid:119,119,GABA,depressant,pdsp,DOPAMINE D1,DRD1,RAT,10000.0,"Billard W, et al., 1984",STRIATUM
cid:119,119,GABA,depressant,pdsp,DOPAMINE D2,DRD2,RAT,10000.0,"Billard W, et al., 1984",STRIATUM
cid:119,119,GABA,depressant,pdsp,GABA B rho 1,,HUMAN,580.0,"Chang Y, et al., 2000",CLONED
cid:119,119,GABA,depressant,pdsp,GABA B,,RAT,33.0,"Chebib M, et. al. 1997",CORTEX
cid:119,119,GABA,depressant,pdsp,GABA B,,CAT,25.0,"Froestl W, et. al., 1995",CEREBELLUM
cid:119,119,GABA,depressant,pdsp,GABA A,,RAT,128.0,"Froestl W, et. al., 1995",CORTEX
cid:119,119,GABA,depressant,pdsp,GABA B,,RAT,17.0,"Froestl W, et. al., 1995",CORTEX
cid:119,119,GABA,depressant,pdsp,Adrenergic Alpha,,RAT,10000.0,"Greenberg, DA et al., 1976",BRAIN
cid:119,119,GABA,depressant,pdsp,Adrenergic Alpha,,RAT,10000.0,"Greenberg, DA et al., 1976",BRAIN
cid:119,119,GABA,depressant,pdsp,Sigma,,RAT,10000.0,"Largent BL, et al., 1984",BRAIN
cid:119,119,GABA,depressant,pdsp,CANNABINOID CB1,CNR1,theromyzon Tessulatum,1000.0,"Stefano, GB et al., 1997",ganglia
cid:119,119,GABA,depressant,pdsp,CANNABINOID CB1,CNR1,Hirudo medicinalis,1000.0,"Stefano, GB et al., 1997",ganglia
cid:10413,10413,GHB,Γ-Hydroxy_acid,pdsp,"Gamma hydroxybutyric, GHB",,RAT,10000.0,"Wu H, et al., 2003",CEREBRAL CORTEX
cid:3448,3448,Gaboxadol,"3-hydroxyisoxazole, 3-Hydroxyisoxazole",pdsp,GABA A Alpha1Beta1Gamma2,,HUMAN,870.96,"Ebert B, et al., 1997",CLONED
cid:3448,3448,Gaboxadol,"3-hydroxyisoxazole, 3-Hydroxyisoxazole",pdsp,GABA A Alpha1Beta2Gamma2,,HUMAN,1621.81,"Ebert B, et al., 1997",CLONED
cid:3448,3448,Gaboxadol,"3-hydroxyisoxazole, 3-Hydroxyisoxazole",pdsp,GABA A Alpha1Beta3Gamma2,,HUMAN,269.15,"Ebert B, et al., 1997",CLONED
cid:3448,3448,Gaboxadol,"3-hydroxyisoxazole, 3-Hydroxyisoxazole",pdsp,GABA A Alpha2Beta3Gamma2,,HUMAN,371.53,"Ebert B, et al., 1997",CLONED
cid:3448,3448,Gaboxadol,"3-hydroxyisoxazole, 3-Hydroxyisoxazole",pdsp,GABA A Alpha3Beta3Gamma2,,HUMAN,165.95,"Ebert B, et al., 1997",CLONED
cid:3448,3448,Gaboxadol,"3-hydroxyisoxazole, 3-Hydroxyisoxazole",pdsp,GABA A Alpha5Beta3Gamma2,,HUMAN,46.77,"Ebert B, et al., 1997",CLONED
cid:3448,3448,Gaboxadol,"3-hydroxyisoxazole, 3-Hydroxyisoxazole",pdsp,GABA A Alpha6Beta3Gamma2,,HUMAN,102.32,"Ebert B, et al., 1997",CLONED
cid:3448,3448,Gaboxadol,"3-hydroxyisoxazole, 3-Hydroxyisoxazole",pdsp,OPIATE Sigma,,RAT,10000.0,"Mendelsohn LG, et al., 1985",BRAIN
cid:3448,3448,Gaboxadol,"3-hydroxyisoxazole, 3-Hydroxyisoxazole",pdsp,OPIATE Sigma,,RAT,10000.0,"Mendelsohn LG, et al., 1985",BRAIN
cid:3448,3448,Gaboxadol,"3-hydroxyisoxazole, 3-Hydroxyisoxazole",pdsp,GABA C,,HUMAN,10000.0,"Johnston GA, et. al., 2003",CLONED
cid:33032,33032,Glutamate,,pdsp,Glutamate-AMPA,GRIA3,RAT,336.0,"Varney,Rao,Jachec,Deal,Hess,Daggett,Lin,Johnson,98",FOREBRAIN
cid:33032,33032,Glutamate,,pdsp,Glutamate-AMPA,GRIA3,HUMAN,254.0,"Varney,Rao,Jachec,Deal,Hess,Daggett,Lin,Johnson,98",CLONED
cid:33032,33032,Glutamate,,pdsp,Glutamate-AMPA,GRIA3,HUMAN,10000.0,"Varney,Rao,Jachec,Deal,Hess,Daggett,Lin,Johnson,98",CLONED
cid:33032,33032,Glutamate,,pdsp,DOPAMINE D1,DRD1,RAT,10000.0,"Billard W, et al., 1984",STRIATUM
cid:33032,33032,Glutamate,,pdsp,DOPAMINE D2,DRD2,RAT,10000.0,"Billard W, et al., 1984",STRIATUM
cid:33032,33032,Glutamate,,pdsp,Glutamate-AMPA,GRIA3,RAT,89.0,"Sakai R, et al., 2001",CEREBRAL CORTEX
cid:33032,33032,Glutamate,,pdsp,Glutamate-AMPA,GRIA3,RAT,62.0,"Sakai R, et al., 2001",CEREBRAL CORTEX
cid:33032,33032,Glutamate,,pdsp,Glutamate-AMPA,GRIA3,RAT,62.0,"Sakai R, et al., 2001",CEREBRAL CORTEX
cid:33032,33032,Glutamate,,pdsp,Metabotropic Glutamate 1a,,RAT,10000.0,"Lavreysen, H, et al., 2003",CLONED
cid:33032,33032,Glutamate,,pdsp,Metabotropic Glutamate 1a,,RAT,0.4,"Lavreysen, H, et al., 2003",CLONED
cid:33032,33032,Glutamate,,pdsp,metabotropic glutamate 2,GRM2,RAT,1100.0,"Schaffhauser, H et al., 1998",CORTICAL MEMBRANES
cid:33032,33032,Glutamate,,pdsp,Glutamate-AMPA,GRIA3,RAT,500.0,"Madsen U et. al., 1992",CORTICAL MEMBRANES
cid:33032,33032,Glutamate,,pdsp,Glutamate-Kainate,Glutamate kainate,RAT,400.0,"Madsen U et. al., 1992",CORTICAL MEMBRANES
cid:33032,33032,Glutamate,,pdsp,Glutamate-NMDA,,RAT,200.0,"Madsen U et. al., 1992",CORTICAL MEMBRANES
cid:33032,33032,Glutamate,,pdsp,metabotropic glutamate 2,GRM2,RAT,10000.0,"Gomeza, J et. al., 1996",CLONED
cid:33032,33032,Glutamate,,pdsp,metabotropic glutamate 4,GRM4,RAT,10000.0,"Gomeza, J et. al., 1996",CLONED
cid:33032,33032,Glutamate,,pdsp,Metabotropic Glutamate 1a,,HUMAN,9000.0,"Conn PJ, et al., 1997",CLONED
cid:33032,33032,Glutamate,,pdsp,metabotropic glutamate 5a,,HUMAN,3000.0,"Conn PJ, et al., 1997",CLONED
cid:33032,33032,Glutamate,,pdsp,metabotropic glutamate 2,GRM2,HUMAN,4000.0,"Conn PJ, et al., 1997",CLONED
cid:33032,33032,Glutamate,,pdsp,metabotropic glutamate 3,GRM3,HUMAN,4000.0,"Conn PJ, et al., 1997",CLONED
cid:33032,33032,Glutamate,,pdsp,metabotropic glutamate 4a,,HUMAN,3000.0,"Conn PJ, et al., 1997",CLONED
cid:33032,33032,Glutamate,,pdsp,metabotropic glutamate 6,GRM6,HUMAN,10000.0,"Conn PJ, et al., 1997",CLONED
cid:33032,33032,Glutamate,,pdsp,metabotropic glutamate 7,GRM7,HUMAN,10000.0,"Conn PJ, et al., 1997",CLONED
cid:33032,33032,Glutamate,,pdsp,metabotropic glutamate 8,GRM8,HUMAN,20.0,"Conn PJ, et al., 1997",CLONED
cid:33032,33032,Glutamate,,pdsp,metabotropic glutamate 5,GRM5,HUMAN,10000.0,"Porter RH, et al., 2005",CLONED
cid:33032,33032,Glutamate,,pdsp,metabotropic glutamate 5,GRM5,RAT,10000.0,"Porter RH, et al., 2005",CLONED
cid:33032,33032,Glutamate,,pdsp,metabotropic glutamate 5,GRM5,HUMAN,10000.0,"Porter RH, et al., 2005",CLONED
cid:33032,33032,Glutamate,,pdsp,metabotropic glutamate 5,GRM5,RAT,10000.0,"Porter RH, et al., 2005",CLONED
cid:33032,33032,Glutamate,,pdsp,metabotropic glutamate 5a,,PORCINE,9750.0,"Joly C, et.al., 1995",LLC-PK1 cells
cid:33032,33032,Glutamate,,pdsp,metabotropic glutamate 5b,,PORCINE,7670.0,"Joly C, et.al., 1995",LLC-PK1 cells
cid:33032,33032,Glutamate,,pdsp,Metabotropic Glutamate 1a,,PORCINE,10000.0,"Joly C, et.al., 1995",LLC-PK1 cells
cid:33032,33032,Glutamate,,pdsp,CANNABINOID CB1,CNR1,theromyzon Tessulatum,1000.0,"Stefano, GB et al., 1997",ganglia
cid:33032,33032,Glutamate,,pdsp,CANNABINOID CB1,CNR1,Hirudo medicinalis,1000.0,"Stefano, GB et al., 1997",ganglia
cid:3559,3559,Haloperidol,"Substituted_piperidines, Butyrophenone",pdsp,5-HT1A,HTR1A,RAT,346.2,"NORMAN ET AL., 1985",CORTEX
cid:3559,3559,Haloperidol,"Substituted_piperidines, Butyrophenone",pdsp,5-HT1A,HTR1A,RAT,2761.11,"GOZLAN ET AL., 1983",HIPPOCAMPUS
cid:3559,3559,Haloperidol,"Substituted_piperidines, Butyrophenone",pdsp,5-HT1A,HTR1A,HUMAN,2800.0,"WANDER ET AL., 1987",CORTEX
cid:3559,3559,Haloperidol,"Substituted_piperidines, Butyrophenone",pdsp,5-HT1A,HTR1A,PIG,4790.0,"HOYER, 1989 (J.R.R.)",CORTEX
cid:3559,3559,Haloperidol,"Substituted_piperidines, Butyrophenone",pdsp,5-HT2C,HTR2C,MOUSE,2107.0,"YAGALOFF ET AL., 1986",C. PLEXUS TUM
cid:3559,3559,Haloperidol,"Substituted_piperidines, Butyrophenone",pdsp,5-HT2C,HTR2C,RAT,4600.0,"Sanders-Bush E, Breeding M., 1988",Choroid Plexus
cid:3559,3559,Haloperidol,"Substituted_piperidines, Butyrophenone",pdsp,5-HT2C,HTR2C,PIG,10000.0,"HOYER, 1988 or 9 (book)",Choroid Plexus
cid:3559,3559,Haloperidol,"Substituted_piperidines, Butyrophenone",pdsp,5-HT2C,HTR2C,PIG,10000.0,"HOYER ET AL., 1986",Choroid Plexus
cid:3559,3559,Haloperidol,"Substituted_piperidines, Butyrophenone",pdsp,5-HT2C,HTR2C,PIG,10000.0,"HOYER, 1989 (J.R.R.)",Choroid Plexus
cid:3559,3559,Haloperidol,"Substituted_piperidines, Butyrophenone",pdsp,5-HT1B,HTR1B,RAT,8710.0,"HOYER, 1988(9) (J.R.R.)",CORTEX
cid:3559,3559,Haloperidol,"Substituted_piperidines, Butyrophenone",pdsp,5-HT1D,HTR1D,CALF,3160.0,"HOYER, 1988 or 9 (book)",CAUDATE
cid:3559,3559,Haloperidol,"Substituted_piperidines, Butyrophenone",pdsp,5-HT1D,HTR1D,CALF,3310.0,"WAEBER ET AL., 1988",CAUDATE
cid:3559,3559,Haloperidol,"Substituted_piperidines, Butyrophenone",pdsp,5-HT1D,HTR1D,PIG,4270.0,"WAEBER ET AL., 1988",CAUDATE
cid:3559,3559,Haloperidol,"Substituted_piperidines, Butyrophenone",pdsp,5-HT1D,HTR1D,BOVINE,8200.0,"HEURING & PEROUTKA, 1987",STRIATUM
cid:3559,3559,Haloperidol,"Substituted_piperidines, Butyrophenone",pdsp,5-HT1D,HTR1D,HUMAN,10000.0,"WAEBER ET AL., 1988",CAUDATE
cid:3559,3559,Haloperidol,"Substituted_piperidines, Butyrophenone",pdsp,5-HT1D,HTR1D,HUMAN,10000.0,"PEROUTKA ET AL., 1989",CORTEX
cid:3559,3559,Haloperidol,"Substituted_piperidines, Butyrophenone",pdsp,5-HT2A,HTR2A,RAT,21.0,"LYON ET AL., 1986",CORTEX
cid:3559,3559,Haloperidol,"Substituted_piperidines, Butyrophenone",pdsp,5-HT2A,HTR2A,RAT,22.0,"LEYSON ET AL., 1982",CORTEX
cid:3559,3559,Haloperidol,"Substituted_piperidines, Butyrophenone",pdsp,5-HT3,HTR3A,RAT,10000.0,"MILBURN & PEROUTKA, 1989",CORTEX
cid:3559,3559,Haloperidol,"Substituted_piperidines, Butyrophenone",pdsp,5-HT2A,HTR2A,RAT,28.16,"LEYSEN ET AL., 1978",CORTEX
cid:3559,3559,Haloperidol,"Substituted_piperidines, Butyrophenone",pdsp,5-HT2A,HTR2A,RAT,30.6,"ROTH ET AL., 1987",CORTEX
cid:3559,3559,Haloperidol,"Substituted_piperidines, Butyrophenone",pdsp,5-HT2A,HTR2A,RAT,32.0,"PAZOS ET AL, 1984",CORTEX
cid:3559,3559,Haloperidol,"Substituted_piperidines, Butyrophenone",pdsp,5-HT2A,HTR2A,HUMAN,36.0,"WANDER ET AL., 1987",CORTEX
cid:3559,3559,Haloperidol,"Substituted_piperidines, Butyrophenone",pdsp,5-HT2A,HTR2A,RAT,42.0,"PEROUTKA & SNYDER, 1979",CORTEX
cid:3559,3559,Haloperidol,"Substituted_piperidines, Butyrophenone",pdsp,5-HT2A,HTR2A,RAT,45.0,"PEROUTKA & SNYDER, 1980",CORTEX
cid:3559,3559,Haloperidol,"Substituted_piperidines, Butyrophenone",pdsp,5-HT2A,HTR2A,RAT,47.77,"HOFFMAN ET AL., 1987",CORTEX
cid:3559,3559,Haloperidol,"Substituted_piperidines, Butyrophenone",pdsp,5-HT2A,HTR2A,HUMAN,53.31,"ANDORN ET AL., 1984",CORTEX
cid:3559,3559,Haloperidol,"Substituted_piperidines, Butyrophenone",pdsp,5-HT2A,HTR2A,RAT,91.0,"CLOSSE, 1983",CORTEX
cid:3559,3559,Haloperidol,"Substituted_piperidines, Butyrophenone",pdsp,5-HT2A,HTR2A,BOVINE,106.0,"HARTIG ET AL., 1985",CAUDATE
cid:3559,3559,Haloperidol,"Substituted_piperidines, Butyrophenone",pdsp,5-HT2A,HTR2A,RAT,153.21,"HARTIG ET AL., 1983",CORTEX
cid:3559,3559,Haloperidol,"Substituted_piperidines, Butyrophenone",pdsp,5-HT2A,HTR2A,RAT,153.71,"KADAN ET AL., 1984",CORTEX
cid:3559,3559,Haloperidol,"Substituted_piperidines, Butyrophenone",pdsp,5-HT2A,HTR2A,RAT,245.0,"HOYER, 1989 (J.R.R.)",CORTEX
cid:3559,3559,Haloperidol,"Substituted_piperidines, Butyrophenone",pdsp,5-HT6,HTR6,RAT,5000.0,"ROTH ET AL., 1993",CLONED
cid:3559,3559,Haloperidol,"Substituted_piperidines, Butyrophenone",pdsp,5-HT7,HTR7,RAT,263.0,"ROTH ET AL., 1993",CLONED
cid:3559,3559,Haloperidol,"Substituted_piperidines, Butyrophenone",pdsp,DOPAMINE D1,DRD1,HUMAN,58.0,"TOLL L, et. al., 1998",CLONED
cid:3559,3559,Haloperidol,"Substituted_piperidines, Butyrophenone",pdsp,DOPAMINE D2,DRD2,HUMAN,0.5,"TOLL L, et. al., 1998",CLONED
cid:3559,3559,Haloperidol,"Substituted_piperidines, Butyrophenone",pdsp,DOPAMINE D3,DRD3,HUMAN,2.1,"TOLL L, et. al., 1998",CLONED
cid:3559,3559,Haloperidol,"Substituted_piperidines, Butyrophenone",pdsp,5-HT1A,HTR1A,HUMAN,5084.0,"TOLL L, et. al., 1998",CLONED
cid:3559,3559,Haloperidol,"Substituted_piperidines, Butyrophenone",pdsp,5-HT2A,HTR2A,RAT,34.0,"TOLL L, et. al., 1998",CLONED
cid:3559,3559,Haloperidol,"Substituted_piperidines, Butyrophenone",pdsp,5-HT2C,HTR2C,RAT,10000.0,"TOLL L, et. al., 1998",CLONED
cid:3559,3559,Haloperidol,"Substituted_piperidines, Butyrophenone",pdsp,5-HT3,HTR3A,MOUSE,10000.0,"TOLL L, et. al., 1998",NG108-15
cid:3559,3559,Haloperidol,"Substituted_piperidines, Butyrophenone",pdsp,DOPAMINE D1,DRD1,RAT,520.0,"KONGSAMUT S, ET AL., 1996",CLONED
cid:3559,3559,Haloperidol,"Substituted_piperidines, Butyrophenone",pdsp,DOPAMINE D2,DRD2,RAT,13.0,"KONGSAMUT S, ET AL., 1996",CLONED
cid:3559,3559,Haloperidol,"Substituted_piperidines, Butyrophenone",pdsp,5-HT2A,HTR2A,RAT,45.0,"KONGSAMUT S, ET AL., 1996",CLONED
cid:3559,3559,Haloperidol,"Substituted_piperidines, Butyrophenone",pdsp,5-HT6,HTR6,RAT,3683.0,"KONGSAMUT S, ET AL., 1996",CLONED
cid:3559,3559,Haloperidol,"Substituted_piperidines, Butyrophenone",pdsp,5-HT7,HTR7,RAT,241.2,"KONGSAMUT S, ET AL., 1996",CLONED
cid:3559,3559,Haloperidol,"Substituted_piperidines, Butyrophenone",pdsp,DOPAMINE D1,DRD1,HUMAN,82.0,"KONGSAMUT S, ET AL., 1996",CLONED
cid:3559,3559,Haloperidol,"Substituted_piperidines, Butyrophenone",pdsp,DOPAMINE D2 Short,DRD2,HUMAN,2.1,"KONGSAMUT S, ET AL., 1996",CLONED
cid:3559,3559,Haloperidol,"Substituted_piperidines, Butyrophenone",pdsp,DOPAMINE D2 Long,DRD2,HUMAN,2.3,"KONGSAMUT S, ET AL., 1996",CLONED
cid:3559,3559,Haloperidol,"Substituted_piperidines, Butyrophenone",pdsp,DOPAMINE D3,DRD3,HUMAN,1.9,"KONGSAMUT S, ET AL., 1996",CLONED
cid:3559,3559,Haloperidol,"Substituted_piperidines, Butyrophenone",pdsp,DOPAMINE D4,DRD4,HUMAN,3.0,"KONGSAMUT S, ET AL., 1996",CLONED
cid:3559,3559,Haloperidol,"Substituted_piperidines, Butyrophenone",pdsp,DOPAMINE D5,DRD5,HUMAN,178.0,"KONGSAMUT S, ET AL., 1996",CLONED
cid:3559,3559,Haloperidol,"Substituted_piperidines, Butyrophenone",pdsp,5-HT2A,HTR2A,HUMAN,186.0,"KONGSAMUT S, ET AL., 1996",CLONED
cid:3559,3559,Haloperidol,"Substituted_piperidines, Butyrophenone",pdsp,5-HT2C,HTR2C,HUMAN,3949.0,"KONGSAMUT S, ET AL., 1996",CLONED
cid:3559,3559,Haloperidol,"Substituted_piperidines, Butyrophenone",pdsp,5-HT6,HTR6,HUMAN,6600.0,"KOHEN R, ET AL., 1996",CLONED
cid:3559,3559,Haloperidol,"Substituted_piperidines, Butyrophenone",pdsp,DOPAMINE D4,DRD4,RAT,10.3,"ROTH BL, ET AL., 1995",CLONED
cid:3559,3559,Haloperidol,"Substituted_piperidines, Butyrophenone",pdsp,DOPAMINE D2,DRD2,RAT,0.5,"ROTH BL, ET AL., 1995",BRAIN
cid:3559,3559,Haloperidol,"Substituted_piperidines, Butyrophenone",pdsp,5-HT2A,HTR2A,RAT,20.0,"ROTH BL, ET AL., 1995",BRAIN
cid:3559,3559,Haloperidol,"Substituted_piperidines, Butyrophenone",pdsp,5-HT2C,HTR2C,RAT,2320.0,"ROTH BL, ET AL., 1992",CLONED
cid:3559,3559,Haloperidol,"Substituted_piperidines, Butyrophenone",pdsp,5-HT2A,HTR2A,RAT,20.0,"ROTH BL, ET AL., 1992",BRAIN
cid:3559,3559,Haloperidol,"Substituted_piperidines, Butyrophenone",pdsp,5-HT2B,HTR2B,HUMAN,1420.0,"WAINSCOTT DB, ET AL., 1998",CLONED
cid:3559,3559,Haloperidol,"Substituted_piperidines, Butyrophenone",pdsp,5-HT2B,HTR2B,HUMAN,372.0,"WAINSCOTT DB, ET AL., 1998",CLONED
cid:3559,3559,Haloperidol,"Substituted_piperidines, Butyrophenone",pdsp,5-HT2A,HTR2A,RAT,549.54,"BONHAUS DW, ET AL., 1997",CLONED
cid:3559,3559,Haloperidol,"Substituted_piperidines, Butyrophenone",pdsp,5-HT2C,HTR2C,RAT,10000.0,"BONHAUS DW, ET AL., 1997",CLONED
cid:3559,3559,Haloperidol,"Substituted_piperidines, Butyrophenone",pdsp,5-HT2A,HTR2A,HUMAN,75.85,"BONHAUS DW, ET AL., 1997",CLONED
cid:3559,3559,Haloperidol,"Substituted_piperidines, Butyrophenone",pdsp,5-HT2B,HTR2B,HUMAN,1819.7,"BONHAUS DW, ET AL., 1997",CLONED
cid:3559,3559,Haloperidol,"Substituted_piperidines, Butyrophenone",pdsp,5-HT2C,HTR2C,HUMAN,10000.0,"BONHAUS DW, ET AL., 1997",CLONED
cid:3559,3559,Haloperidol,"Substituted_piperidines, Butyrophenone",pdsp,5-HT7,HTR7,RAT,500.0,"RUAT M, ET AL., 1993",CLONED
cid:3559,3559,Haloperidol,"Substituted_piperidines, Butyrophenone",pdsp,5-HT3,HTR3A,GUINEA PIG,15.4,"BONHAUS DW, ET AL., 1993",HIPPOCAMPUS
cid:3559,3559,Haloperidol,"Substituted_piperidines, Butyrophenone",pdsp,5-HT3,HTR3A,GUINEA PIG,0.56,"BONHAUS DW, ET AL., 1993",HIPPOCAMPUS
cid:3559,3559,Haloperidol,"Substituted_piperidines, Butyrophenone",pdsp,5-HT7,HTR7,GUINEA PIG,3311.31,"TO ZP, ET AL., 1995",CLONED
cid:3559,3559,Haloperidol,"Substituted_piperidines, Butyrophenone",pdsp,5-HT7,HTR7,GUINEA PIG,9332.54,"TO ZP, ET AL., 1995",CORTEX
cid:3559,3559,Haloperidol,"Substituted_piperidines, Butyrophenone",pdsp,5-HT7b,,HUMAN,501.18,"JASPER JR,ET AL.,",CLONED
cid:3559,3559,Haloperidol,"Substituted_piperidines, Butyrophenone",pdsp,5-HT6,HTR6,MOUSE,501.18,"PLASSAT JL, ET AL., 1993",CLONED
cid:3559,3559,Haloperidol,"Substituted_piperidines, Butyrophenone",pdsp,DOPAMINE D2,DRD2,PIG,2.6,"SEEMAN P, ET AL., 1995",ANTERIOR PITUITARY
cid:3559,3559,Haloperidol,"Substituted_piperidines, Butyrophenone",pdsp,DOPAMINE D2 Long,DRD2,HUMAN,9.6,"SEEMAN P, ET AL., 1995",CLONED
cid:3559,3559,Haloperidol,"Substituted_piperidines, Butyrophenone",pdsp,DOPAMINE D2 Short,DRD2,HUMAN,0.89,"SEEMAN P, ET AL., 1995",CLONED
cid:3559,3559,Haloperidol,"Substituted_piperidines, Butyrophenone",pdsp,DOPAMINE D2,DRD2,PIG,2.0,"SEEMAN P, ET AL., 1995",ANTERIOR PITUITARY
cid:3559,3559,Haloperidol,"Substituted_piperidines, Butyrophenone",pdsp,DOPAMINE D2 Long,DRD2,HUMAN,2.8,"SEEMAN P, ET AL., 1995",CLONED
cid:3559,3559,Haloperidol,"Substituted_piperidines, Butyrophenone",pdsp,DOPAMINE D2 Short,DRD2,HUMAN,0.63,"SEEMAN P, ET AL., 1995",CLONED
cid:3559,3559,Haloperidol,"Substituted_piperidines, Butyrophenone",pdsp,DOPAMINE D2,DRD2,PIG,1.1,"SEEMAN P, ET AL., 1995",ANTERIOR PITUITARY
cid:3559,3559,Haloperidol,"Substituted_piperidines, Butyrophenone",pdsp,DOPAMINE D2 Long,DRD2,HUMAN,1.1,"SEEMAN P, ET AL., 1995",CLONED
cid:3559,3559,Haloperidol,"Substituted_piperidines, Butyrophenone",pdsp,DOPAMINE D2 Short,DRD2,HUMAN,0.47,"SEEMAN P, ET AL., 1995",CLONED
cid:3559,3559,Haloperidol,"Substituted_piperidines, Butyrophenone",pdsp,DOPAMINE D2,DRD2,HUMAN,0.35,"SEEMAN P, ET AL., 1997",CLONED
cid:3559,3559,Haloperidol,"Substituted_piperidines, Butyrophenone",pdsp,DOPAMINE D4,DRD4,HUMAN,0.84,"SEEMAN P, ET AL., 1997",CLONED
cid:3559,3559,Haloperidol,"Substituted_piperidines, Butyrophenone",pdsp,5-HT2A,HTR2A,HUMAN,25.0,"SEEMAN P, ET AL., 1997",CLONED
cid:3559,3559,Haloperidol,"Substituted_piperidines, Butyrophenone",pdsp,DOPAMINE D2,DRD2,HUMAN,0.43,"LEJEUNE F, ET AL., 1997",CLONED
cid:3559,3559,Haloperidol,"Substituted_piperidines, Butyrophenone",pdsp,DOPAMINE D3,DRD3,HUMAN,2.2,"LEJEUNE F, ET AL., 1997",CLONED
cid:3559,3559,Haloperidol,"Substituted_piperidines, Butyrophenone",pdsp,5-HT1A,HTR1A,HUMAN,1913.0,"LEJEUNE F, ET AL., 1997",CLONED
cid:3559,3559,Haloperidol,"Substituted_piperidines, Butyrophenone",pdsp,DOPAMINE D4.2,,HUMAN,3.3,"TALLMAN JF, ET AL., 1997",CLONED
cid:3559,3559,Haloperidol,"Substituted_piperidines, Butyrophenone",pdsp,DOPAMINE D4.2,,HUMAN,7.3,"TALLMAN JF, ET AL., 1997",CLONED
cid:3559,3559,Haloperidol,"Substituted_piperidines, Butyrophenone",pdsp,n-AChR,,RAT,10000.0,"Mukhin, et al, 1999",BRAIN
cid:3559,3559,Haloperidol,"Substituted_piperidines, Butyrophenone",pdsp,5-HT2,,RAT,15.84,"ROTH ET AL., 1993",CLONED
cid:3559,3559,Haloperidol,"Substituted_piperidines, Butyrophenone",pdsp,5-HT2C,HTR2C,RAT,2511.88,"ROTH ET AL., 1993",CLONED
cid:3559,3559,Haloperidol,"Substituted_piperidines, Butyrophenone",pdsp,DOPAMINE D2,DRD2,RAT,0.5,"ROTH ET AL., 1993",CLONED
cid:3559,3559,Haloperidol,"Substituted_piperidines, Butyrophenone",pdsp,DOPAMINE D2,DRD2,HUMAN,2.6,"Freedman SB, et al., 1994",CLONED
cid:3559,3559,Haloperidol,"Substituted_piperidines, Butyrophenone",pdsp,DOPAMINE D3,DRD3,HUMAN,1.5,"Freedman SB, et al., 1994",CLONED
cid:3559,3559,Haloperidol,"Substituted_piperidines, Butyrophenone",pdsp,5-HT1A,HTR1A,RAT,3080.0,"Schotte A, et al.,  1996",HIPPOCAMPUS
cid:3559,3559,Haloperidol,"Substituted_piperidines, Butyrophenone",pdsp,5-HT1B,HTR1B,RAT,5000.0,"Schotte A, et al.,  1996",STRIATUM
cid:3559,3559,Haloperidol,"Substituted_piperidines, Butyrophenone",pdsp,5-HT2A,HTR2A,RAT,25.0,"Schotte A, et al.,  1996",FR. CORTEX
cid:3559,3559,Haloperidol,"Substituted_piperidines, Butyrophenone",pdsp,5-HT2C,HTR2C,PIG,5000.0,"Schotte A, et al.,  1996",Choroid Plexus
cid:3559,3559,Haloperidol,"Substituted_piperidines, Butyrophenone",pdsp,5-HT3,HTR3A,MOUSE,5000.0,"Schotte A, et al.,  1996",NG108-15
cid:3559,3559,Haloperidol,"Substituted_piperidines, Butyrophenone",pdsp,5-HT6,HTR6,RAT,5000.0,"Schotte A, et al.,  1996",CLONED
cid:3559,3559,Haloperidol,"Substituted_piperidines, Butyrophenone",pdsp,5-HT7,HTR7,MOUSE,380.0,"Schotte A, et al.,  1996",CLONED
cid:3559,3559,Haloperidol,"Substituted_piperidines, Butyrophenone",pdsp,DOPAMINE D1,DRD1,RAT,270.0,"Schotte A, et al.,  1996",STRIATUM
cid:3559,3559,Haloperidol,"Substituted_piperidines, Butyrophenone",pdsp,DOPAMINE D2,DRD2,RAT,1.4,"Schotte A, et al.,  1996",STRIATUM
cid:3559,3559,Haloperidol,"Substituted_piperidines, Butyrophenone",pdsp,DOPAMINE D3,DRD3,RAT,21.0,"Schotte A, et al.,  1996",CLONED
cid:3559,3559,Haloperidol,"Substituted_piperidines, Butyrophenone",pdsp,adrenergic Alpha1,,RAT,19.0,"Schotte A, et al.,  1996",Total Cortex
cid:3559,3559,Haloperidol,"Substituted_piperidines, Butyrophenone",pdsp,adrenergic Alpha2,,RAT,5000.0,"Schotte A, et al.,  1996",Total Cortex
cid:3559,3559,Haloperidol,"Substituted_piperidines, Butyrophenone",pdsp,"Cholinergic, muscarinic",,RAT,4670.0,"Schotte A, et al.,  1996",STRIATUM
cid:3559,3559,Haloperidol,"Substituted_piperidines, Butyrophenone",pdsp,HISTAMINE H1,HRH1,GUINEA PIG,730.0,"Schotte A, et al.,  1996",CEREBELLUM
cid:3559,3559,Haloperidol,"Substituted_piperidines, Butyrophenone",pdsp,Sigma-1,,GUINEA PIG,1.1,"Schotte A, et al.,  1996",Medulla oblongata
cid:3559,3559,Haloperidol,"Substituted_piperidines, Butyrophenone",pdsp,Calcium channel,,RAT,1180.0,"Schotte A, et al.,  1996",Total Cortex
cid:3559,3559,Haloperidol,"Substituted_piperidines, Butyrophenone",pdsp,Sodium Channel,,RAT,200.0,"Schotte A, et al.,  1996",Total Cortex
cid:3559,3559,Haloperidol,"Substituted_piperidines, Butyrophenone",pdsp,5-HT1A,HTR1A,HUMAN,1500.0,"Schotte A, et al.,  1996",CLONED
cid:3559,3559,Haloperidol,"Substituted_piperidines, Butyrophenone",pdsp,5-HT1B,HTR1B,HUMAN,270.0,"Schotte A, et al.,  1996",CLONED
cid:3559,3559,Haloperidol,"Substituted_piperidines, Butyrophenone",pdsp,5-HT1D,HTR1D,HUMAN,5000.0,"Schotte A, et al.,  1996",CLONED
cid:3559,3559,Haloperidol,"Substituted_piperidines, Butyrophenone",pdsp,5-HT1E,HTR1E,HUMAN,5000.0,"Schotte A, et al.,  1996",CLONED
cid:3559,3559,Haloperidol,"Substituted_piperidines, Butyrophenone",pdsp,5-HT1F,HTR1F,HUMAN,5000.0,"Schotte A, et al.,  1996",CLONED
cid:3559,3559,Haloperidol,"Substituted_piperidines, Butyrophenone",pdsp,5-HT2A,HTR2A,HUMAN,200.0,"Schotte A, et al.,  1996",CLONED
cid:3559,3559,Haloperidol,"Substituted_piperidines, Butyrophenone",pdsp,DOPAMINE D2 Long,DRD2,HUMAN,2.2,"Schotte A, et al.,  1996",CLONED
cid:3559,3559,Haloperidol,"Substituted_piperidines, Butyrophenone",pdsp,DOPAMINE D2 Short,DRD2,HUMAN,1.8,"Schotte A, et al.,  1996",CLONED
cid:3559,3559,Haloperidol,"Substituted_piperidines, Butyrophenone",pdsp,DOPAMINE D3,DRD3,HUMAN,7.8,"Schotte A, et al.,  1996",CLONED
cid:3559,3559,Haloperidol,"Substituted_piperidines, Butyrophenone",pdsp,DOPAMINE D4.2,,HUMAN,11.0,"Schotte A, et al.,  1996",CLONED
cid:3559,3559,Haloperidol,"Substituted_piperidines, Butyrophenone",pdsp,adrenergic Alpha2A,ADRA2A,HUMAN,1130.0,"Schotte A, et al.,  1996",CLONED
cid:3559,3559,Haloperidol,"Substituted_piperidines, Butyrophenone",pdsp,adrenergic Alpha2B,ADRA2B,HUMAN,480.0,"Schotte A, et al.,  1996",CLONED
cid:3559,3559,Haloperidol,"Substituted_piperidines, Butyrophenone",pdsp,adrenergic Alpha2C,ADRA2C,HUMAN,550.0,"Schotte A, et al.,  1996",CLONED
cid:3559,3559,Haloperidol,"Substituted_piperidines, Butyrophenone",pdsp,adrenergic Beta2,ADRB2,HUMAN,5000.0,"Schotte A, et al.,  1996",CLONED
cid:3559,3559,Haloperidol,"Substituted_piperidines, Butyrophenone",pdsp,HISTAMINE H1,HRH1,HUMAN,790.0,"Schotte A, et al.,  1996",CLONED
cid:3559,3559,Haloperidol,"Substituted_piperidines, Butyrophenone",pdsp,DOPAMINE D4,DRD4,HUMAN,0.35,"Schotte A, et al.,  1996",CLONED
cid:3559,3559,Haloperidol,"Substituted_piperidines, Butyrophenone",pdsp,DOPAMINE D2,DRD2,HUMAN,0.6,"Sokoloff P, et al., 1992",CLONED
cid:3559,3559,Haloperidol,"Substituted_piperidines, Butyrophenone",pdsp,DOPAMINE D3,DRD3,HUMAN,2.9,"Sokoloff P, et al., 1992",CLONED
cid:3559,3559,Haloperidol,"Substituted_piperidines, Butyrophenone",pdsp,DOPAMINE D2,DRD2,HUMAN,4.0,"Richelson E, et al., 1984",CAUDATE NUCLEUS
cid:3559,3559,Haloperidol,"Substituted_piperidines, Butyrophenone",pdsp,"Cholinergic, muscarinic",,HUMAN,10000.0,"Richelson E, et al., 1984",CAUDATE NUCLEUS
cid:3559,3559,Haloperidol,"Substituted_piperidines, Butyrophenone",pdsp,HISTAMINE H1,HRH1,HUMAN,1900.0,"Richelson E, et al., 1984",FR. CORTEX
cid:3559,3559,Haloperidol,"Substituted_piperidines, Butyrophenone",pdsp,adrenergic Alpha1,,HUMAN,6.1,"Richelson E, et al., 1984",FR. CORTEX
cid:3559,3559,Haloperidol,"Substituted_piperidines, Butyrophenone",pdsp,adrenergic Alpha2,,HUMAN,3800.0,"Richelson E, et al., 1984",FR. CORTEX
cid:3559,3559,Haloperidol,"Substituted_piperidines, Butyrophenone",pdsp,DOPAMINE D2,DRD2,RAT,1.99,"Millan MJ, et al., 2000",STRIATUM
cid:3559,3559,Haloperidol,"Substituted_piperidines, Butyrophenone",pdsp,HISTAMINE H1,HRH1,HUMAN,1700.0,"Kanba S, et al., 1984",CORTICAL MEMBRANES
cid:3559,3559,Haloperidol,"Substituted_piperidines, Butyrophenone",pdsp,DOPAMINE D2,DRD2,HUMAN,4.0,"Richelson E., 1988",BRAIN
cid:3559,3559,Haloperidol,"Substituted_piperidines, Butyrophenone",pdsp,HISTAMINE H1,HRH1,HUMAN,1886.79,"Richelson E., 1988",BRAIN
cid:3559,3559,Haloperidol,"Substituted_piperidines, Butyrophenone",pdsp,adrenergic Alpha1,,HUMAN,6.25,"Richelson E., 1988",BRAIN
cid:3559,3559,Haloperidol,"Substituted_piperidines, Butyrophenone",pdsp,adrenergic Alpha2,,HUMAN,3846.15,"Richelson E., 1988",BRAIN
cid:3559,3559,Haloperidol,"Substituted_piperidines, Butyrophenone",pdsp,"Cholinergic, muscarinic",,HUMAN,10000.0,"Richelson E., 1988",BRAIN
cid:3559,3559,Haloperidol,"Substituted_piperidines, Butyrophenone",pdsp,5-HT1,,HUMAN,2777.77,"Richelson E., 1988",BRAIN
cid:3559,3559,Haloperidol,"Substituted_piperidines, Butyrophenone",pdsp,5-HT2,,HUMAN,35.71,"Richelson E., 1988",BRAIN
cid:3559,3559,Haloperidol,"Substituted_piperidines, Butyrophenone",pdsp,DOPAMINE D3,DRD3,RAT,40.5,"Boundy VA, et al., 1993",CLONED
cid:3559,3559,Haloperidol,"Substituted_piperidines, Butyrophenone",pdsp,DOPAMINE D2,DRD2,RAT,23.0,"Levant B, et al., 1992",BRAIN
cid:3559,3559,Haloperidol,"Substituted_piperidines, Butyrophenone",pdsp,DOPAMINE D2,DRD2,RAT,7.9,"Levant B, et al., 1992",BRAIN
cid:3559,3559,Haloperidol,"Substituted_piperidines, Butyrophenone",pdsp,HISTAMINE H1,HRH1,RAT,3300.0,"Tran VT, et al., 1978",BRAIN
cid:3559,3559,Haloperidol,"Substituted_piperidines, Butyrophenone",pdsp,DOPAMINE D1,DRD1,RAT,835.0,"Billard W, et al., 1984",STRIATUM
cid:3559,3559,Haloperidol,"Substituted_piperidines, Butyrophenone",pdsp,DOPAMINE D2,DRD2,RAT,1.8,"Billard W, et al., 1984",STRIATUM
cid:3559,3559,Haloperidol,"Substituted_piperidines, Butyrophenone",pdsp,adrenergic Alpha2,,RAT,1088.0,"Boyajian CL, et al., 1987",BRAIN
cid:3559,3559,Haloperidol,"Substituted_piperidines, Butyrophenone",pdsp,adrenergic Alpha2,,RAT,4783.0,"Boyajian CL, et al., 1987",BRAIN
cid:3559,3559,Haloperidol,"Substituted_piperidines, Butyrophenone",pdsp,adrenergic Alpha2,,RAT,2.0,"Boyajian CL, et al., 1987",BRAIN
cid:3559,3559,Haloperidol,"Substituted_piperidines, Butyrophenone",pdsp,adrenergic Beta,ADRB2,Mammalian,10000.0,"Bylund DB, et al., 1976",BRAIN
cid:3559,3559,Haloperidol,"Substituted_piperidines, Butyrophenone",pdsp,DOPAMINE D4.4,,HUMAN,1.37,"Newman-Tancredi A, et al., 1997",CLONED
cid:3559,3559,Haloperidol,"Substituted_piperidines, Butyrophenone",pdsp,Sigma,,HUMAN,3.7,"Ganapathy ME, et al., 1998",CLONED
cid:3559,3559,Haloperidol,"Substituted_piperidines, Butyrophenone",pdsp,Imidazoline I2,,RAT,500.0,"Molderings GJ, et al., 1997",Stomach membranes
cid:3559,3559,Haloperidol,"Substituted_piperidines, Butyrophenone",pdsp,5-HT2C,HTR2C,HUMAN,5000.0,"Herrick-Davis K, et al., 2000",CLONED
cid:3559,3559,Haloperidol,"Substituted_piperidines, Butyrophenone",pdsp,Glutamate-NMDA-MK801,,RAT,2.0,"Largent BL, et al., 1986",BRAIN
cid:3559,3559,Haloperidol,"Substituted_piperidines, Butyrophenone",pdsp,Glutamate-NMDA-MK801,,RAT,8.0,"Largent BL, et al., 1986",BRAIN
cid:3559,3559,Haloperidol,"Substituted_piperidines, Butyrophenone",pdsp,Glutamate-NMDA-MK801,,RAT,5.0,"Largent BL, et al., 1986",BRAIN
cid:3559,3559,Haloperidol,"Substituted_piperidines, Butyrophenone",pdsp,Glutamate-NMDA-MK801,,RAT,10000.0,"Largent BL, et al., 1986",BRAIN
cid:3559,3559,Haloperidol,"Substituted_piperidines, Butyrophenone",pdsp,Glutamate-NMDA-MK801,,RAT,10000.0,"Largent BL, et al., 1986",BRAIN
cid:3559,3559,Haloperidol,"Substituted_piperidines, Butyrophenone",pdsp,OPIATE Sigma,,RAT,10000.0,"Mendelsohn LG, et al., 1985",BRAIN
cid:3559,3559,Haloperidol,"Substituted_piperidines, Butyrophenone",pdsp,OPIATE Sigma,,RAT,10000.0,"Mendelsohn LG, et al., 1985",BRAIN
cid:3559,3559,Haloperidol,"Substituted_piperidines, Butyrophenone",pdsp,DOPAMINE D2 Long,DRD2,RAT,0.41,"Lawler C.P. et. Al., 1999",Striatal Membranes
cid:3559,3559,Haloperidol,"Substituted_piperidines, Butyrophenone",pdsp,DOPAMINE D1,DRD1,RAT,59.9,"Oka M. et al., 1992",STRIATUM
cid:3559,3559,Haloperidol,"Substituted_piperidines, Butyrophenone",pdsp,DOPAMINE D2,DRD2,RAT,8.79,"Oka M. et al., 1992",STRIATUM
cid:3559,3559,Haloperidol,"Substituted_piperidines, Butyrophenone",pdsp,5-HT-S2,,RAT,26.8,"Oka M. et al., 1992",FR. CORTEX
cid:3559,3559,Haloperidol,"Substituted_piperidines, Butyrophenone",pdsp,adrenergic Alpha1,,RAT,20.3,"Oka M. et al., 1992",BRAIN
cid:3559,3559,Haloperidol,"Substituted_piperidines, Butyrophenone",pdsp,DOPAMINE D2,DRD2,CALF,1.5,"Creese I, et al., 1976",Striatal Membranes
cid:3559,3559,Haloperidol,"Substituted_piperidines, Butyrophenone",pdsp,DOPAMINE D1,DRD1,CALF,650.0,"Creese I, et al., 1976",Striatal Membranes
cid:3559,3559,Haloperidol,"Substituted_piperidines, Butyrophenone",pdsp,DOPAMINE D2,DRD2,CALF,1.4,"Creese I, et al., 1976",Corpus Striatum
cid:3559,3559,Haloperidol,"Substituted_piperidines, Butyrophenone",pdsp,DOPAMINE D2,DRD2,CALF,0.8,"Creese I, et al., 1976",olfactory tubercle
cid:3559,3559,Haloperidol,"Substituted_piperidines, Butyrophenone",pdsp,DOPAMINE D2,DRD2,CALF,0.8,"Creese I, et al., 1976",Nucleus accumbens
cid:3559,3559,Haloperidol,"Substituted_piperidines, Butyrophenone",pdsp,DOPAMINE D1,DRD1,RAT,15.0,Arnt J and Skarsfeldt T,CLONED
cid:3559,3559,Haloperidol,"Substituted_piperidines, Butyrophenone",pdsp,DOPAMINE D2,DRD2,RAT,0.82,Arnt J and Skarsfeldt T,CLONED
cid:3559,3559,Haloperidol,"Substituted_piperidines, Butyrophenone",pdsp,5-HT1A,HTR1A,RAT,2600.0,Arnt J and Skarsfeldt T,CLONED
cid:3559,3559,Haloperidol,"Substituted_piperidines, Butyrophenone",pdsp,5-HT2A,HTR2A,RAT,28.0,Arnt J and Skarsfeldt T,CLONED
cid:3559,3559,Haloperidol,"Substituted_piperidines, Butyrophenone",pdsp,5-HT2C,HTR2C,RAT,1500.0,Arnt J and Skarsfeldt T,CLONED
cid:3559,3559,Haloperidol,"Substituted_piperidines, Butyrophenone",pdsp,adrenergic Alpha1,,RAT,7.3,Arnt J and Skarsfeldt T,CLONED
cid:3559,3559,Haloperidol,"Substituted_piperidines, Butyrophenone",pdsp,adrenergic Alpha2,,RAT,1600.0,Arnt J and Skarsfeldt T,CLONED
cid:3559,3559,Haloperidol,"Substituted_piperidines, Butyrophenone",pdsp,HISTAMINE H1,HRH1,RAT,730.0,Arnt J and Skarsfeldt T,CLONED
cid:3559,3559,Haloperidol,"Substituted_piperidines, Butyrophenone",pdsp,"Cholinergic, muscarinic",,RAT,570.0,Arnt J and Skarsfeldt T,CLONED
cid:3559,3559,Haloperidol,"Substituted_piperidines, Butyrophenone",pdsp,DOPAMINE D2,DRD2,RAT,0.82,Arnt J and Skarsfeldt T,STRIATUM
cid:3559,3559,Haloperidol,"Substituted_piperidines, Butyrophenone",pdsp,DOPAMINE D3,DRD3,RAT,7.3,Arnt J and Skarsfeldt T,CLONED
cid:3559,3559,Haloperidol,"Substituted_piperidines, Butyrophenone",pdsp,DOPAMINE D4.2,,HUMAN,2.5,Arnt J and Skarsfeldt T,CLONED
cid:3559,3559,Haloperidol,"Substituted_piperidines, Butyrophenone",pdsp,DOPAMINE D2 Long,DRD2,HUMAN,2.2,Arnt J and Skarsfeldt T,CLONED
cid:3559,3559,Haloperidol,"Substituted_piperidines, Butyrophenone",pdsp,DOPAMINE D3,DRD3,HUMAN,7.8,Arnt J and Skarsfeldt T,CLONED
cid:3559,3559,Haloperidol,"Substituted_piperidines, Butyrophenone",pdsp,DOPAMINE D4.2,,HUMAN,11.0,Arnt J and Skarsfeldt T,CLONED
cid:3559,3559,Haloperidol,"Substituted_piperidines, Butyrophenone",pdsp,DOPAMINE D2 Long,DRD2,HUMAN,0.67,Arnt J and Skarsfeldt T,CLONED
cid:3559,3559,Haloperidol,"Substituted_piperidines, Butyrophenone",pdsp,DOPAMINE D3,DRD3,HUMAN,2.7,Arnt J and Skarsfeldt T,CLONED
cid:3559,3559,Haloperidol,"Substituted_piperidines, Butyrophenone",pdsp,5-HT2A,HTR2A,RAT,25.0,Arnt J and Skarsfeldt T,FR. CORTEX
cid:3559,3559,Haloperidol,"Substituted_piperidines, Butyrophenone",pdsp,5-HT6,HTR6,RAT,5000.0,Arnt J and Skarsfeldt T,CLONED
cid:3559,3559,Haloperidol,"Substituted_piperidines, Butyrophenone",pdsp,5-HT7,HTR7,MOUSE,380.0,Arnt J and Skarsfeldt T,CLONED
cid:3559,3559,Haloperidol,"Substituted_piperidines, Butyrophenone",pdsp,5-HT6,HTR6,RAT,5000.0,Arnt J and Skarsfeldt T,CLONED
cid:3559,3559,Haloperidol,"Substituted_piperidines, Butyrophenone",pdsp,5-HT7,HTR7,RAT,260.0,Arnt J and Skarsfeldt T,CLONED
cid:3559,3559,Haloperidol,"Substituted_piperidines, Butyrophenone",pdsp,5-HT6,HTR6,HUMAN,6600.0,Arnt J and Skarsfeldt T,CLONED
cid:3559,3559,Haloperidol,"Substituted_piperidines, Butyrophenone",pdsp,DOPAMINE D2,DRD2,RAT,4.0,"Kikuchi T, et al., 1995",FR. CORTEX
cid:3559,3559,Haloperidol,"Substituted_piperidines, Butyrophenone",pdsp,DOPAMINE D2,DRD2,RAT,1.3,"Kikuchi T, et al., 1995",limbic forebrain
cid:3559,3559,Haloperidol,"Substituted_piperidines, Butyrophenone",pdsp,DOPAMINE D2,DRD2,RAT,1.9,"Kikuchi T, et al., 1995",STRIATUM
cid:3559,3559,Haloperidol,"Substituted_piperidines, Butyrophenone",pdsp,DOPAMINE D1,DRD1,BOVINE,315.0,"Simonneaux V., et. At., 1990",Pineal
cid:3559,3559,Haloperidol,"Substituted_piperidines, Butyrophenone",pdsp,5-HT2A,HTR2A,RAT,125.89,"BOESS FG, ET AL., 1994",CLONED
cid:3559,3559,Haloperidol,"Substituted_piperidines, Butyrophenone",pdsp,DOPAMINE D2,DRD2,RAT,3.1,"Imafuku J, 1987",Striatal Membranes
cid:3559,3559,Haloperidol,"Substituted_piperidines, Butyrophenone",pdsp,DOPAMINE D2,DRD2,HUMAN,0.9,"Lahti RA, et al., 1993",CLONED
cid:3559,3559,Haloperidol,"Substituted_piperidines, Butyrophenone",pdsp,DOPAMINE D4,DRD4,HUMAN,2.9,"Lahti RA, et al., 1993",CLONED
cid:3559,3559,Haloperidol,"Substituted_piperidines, Butyrophenone",pdsp,DOPAMINE D5,DRD5,HUMAN,48.0,"Sunahara RK, et al., 1991",CLONED
cid:3559,3559,Haloperidol,"Substituted_piperidines, Butyrophenone",pdsp,DOPAMINE D1,DRD1,HUMAN,27.0,"Sunahara RK, et al., 1991",CLONED
cid:3559,3559,Haloperidol,"Substituted_piperidines, Butyrophenone",pdsp,DOPAMINE D2,DRD2,RAT,0.45,"Sokoloff P, et al., 1990",CLONED
cid:3559,3559,Haloperidol,"Substituted_piperidines, Butyrophenone",pdsp,DOPAMINE D3,DRD3,RAT,9.8,"Sokoloff P, et al., 1990",CLONED
cid:3559,3559,Haloperidol,"Substituted_piperidines, Butyrophenone",pdsp,DOPAMINE D2,DRD2,RAT,5.4,"Neve KA, et al., 1990a",CORTEX
cid:3559,3559,Haloperidol,"Substituted_piperidines, Butyrophenone",pdsp,adrenergic Alpha2,,RAT,7100.0,"Neve KA, et al., 1990a",CORTEX
cid:3559,3559,Haloperidol,"Substituted_piperidines, Butyrophenone",pdsp,Dopamine D1A,,HUMAN,24.0,"Tiberi M, et al., 1991",CLONED
cid:3559,3559,Haloperidol,"Substituted_piperidines, Butyrophenone",pdsp,Dopamine D1B,,RAT,35.0,"Tiberi M, et al., 1991",CLONED
cid:3559,3559,Haloperidol,"Substituted_piperidines, Butyrophenone",pdsp,DOPAMINE D2,DRD2,RAT,4.6,"Yasuda Y, et al., 1988",Striatal Membranes
cid:3559,3559,Haloperidol,"Substituted_piperidines, Butyrophenone",pdsp,Dopamine D2A,,HUMAN,0.67,Arnt J and Skarsfeldt T,CLONED
cid:3559,3559,Haloperidol,"Substituted_piperidines, Butyrophenone",pdsp,DOPAMINE D3,DRD3,HUMAN,10.0,"Cussac D, et al., 2000",CLONED
cid:3559,3559,Haloperidol,"Substituted_piperidines, Butyrophenone",pdsp,DOPAMINE D3,DRD3,HUMAN,3.98,"Cussac D, et al., 2000",CLONED
cid:3559,3559,Haloperidol,"Substituted_piperidines, Butyrophenone",pdsp,DOPAMINE D3,DRD3,HUMAN,2.19,"Cussac D, et al., 2000",CLONED
cid:3559,3559,Haloperidol,"Substituted_piperidines, Butyrophenone",pdsp,adrenergic Alpha1,,HUMAN,17.0,"Richelson E, Souder T. 2000",BRAIN
cid:3559,3559,Haloperidol,"Substituted_piperidines, Butyrophenone",pdsp,adrenergic Alpha2,,HUMAN,600.0,"Richelson E, Souder T. 2000",BRAIN
cid:3559,3559,Haloperidol,"Substituted_piperidines, Butyrophenone",pdsp,DOPAMINE D2,DRD2,HUMAN,2.6,"Richelson E, Souder T. 2000",BRAIN
cid:3559,3559,Haloperidol,"Substituted_piperidines, Butyrophenone",pdsp,HISTAMINE H1,HRH1,HUMAN,260.0,"Richelson E, Souder T. 2000",BRAIN
cid:3559,3559,Haloperidol,"Substituted_piperidines, Butyrophenone",pdsp,5-HT1A,HTR1A,HUMAN,1800.0,"Richelson E, Souder T. 2000",BRAIN
cid:3559,3559,Haloperidol,"Substituted_piperidines, Butyrophenone",pdsp,5-HT1D,HTR1D,HUMAN,40.0,"Richelson E, Souder T. 2000",BRAIN
cid:3559,3559,Haloperidol,"Substituted_piperidines, Butyrophenone",pdsp,5-HT2A,HTR2A,HUMAN,61.0,"Richelson E, Souder T. 2000",BRAIN
cid:3559,3559,Haloperidol,"Substituted_piperidines, Butyrophenone",pdsp,5-HT2C,HTR2C,HUMAN,4700.0,"Richelson E, Souder T. 2000",BRAIN
cid:3559,3559,Haloperidol,"Substituted_piperidines, Butyrophenone",pdsp,"Cholinergic, muscarinic",,HUMAN,10000.0,"Richelson E, Souder T. 2000",CLONED
cid:3559,3559,Haloperidol,"Substituted_piperidines, Butyrophenone",pdsp,Dopamine2-like,,MOUSE,65.0,"Seeman P et al,1997b",STRIATUM
cid:3559,3559,Haloperidol,"Substituted_piperidines, Butyrophenone",pdsp,Dopamine2-like,,RAT,39.0,"Seeman P et al,1997b",STRIATUM
cid:3559,3559,Haloperidol,"Substituted_piperidines, Butyrophenone",pdsp,Dopamine2-like,,HUMAN,60.0,"Seeman P et al,1997b",STRIATUM
cid:3559,3559,Haloperidol,"Substituted_piperidines, Butyrophenone",pdsp,DOPAMINE D2 Long,DRD2,RAT,4.4,"Hall H et al., 1986",BRAIN
cid:3559,3559,Haloperidol,"Substituted_piperidines, Butyrophenone",pdsp,DOPAMINE D2 Short,DRD2,RAT,12.0,"Hall H et al., 1986",BRAIN
cid:3559,3559,Haloperidol,"Substituted_piperidines, Butyrophenone",pdsp,DOPAMINE D2 Short,DRD2,RAT,5.5,"Hall H et al., 1986",BRAIN
cid:3559,3559,Haloperidol,"Substituted_piperidines, Butyrophenone",pdsp,Dopamine D1 high,,RAT,8.6,"Hall H et al., 1986",BRAIN
cid:3559,3559,Haloperidol,"Substituted_piperidines, Butyrophenone",pdsp,Dopamine D1 low,,RAT,611.0,"Hall H et al., 1986",BRAIN
cid:3559,3559,Haloperidol,"Substituted_piperidines, Butyrophenone",pdsp,adrenergic Beta,ADRB2,RAT,10000.0,"Hall H et al., 1986",BRAIN
cid:3559,3559,Haloperidol,"Substituted_piperidines, Butyrophenone",pdsp,adrenergic Alpha2,,RAT,7050.0,"Hall H et al., 1986",BRAIN
cid:3559,3559,Haloperidol,"Substituted_piperidines, Butyrophenone",pdsp,adrenergic Alpha1,,RAT,35.0,"Hall H et al., 1986",BRAIN
cid:3559,3559,Haloperidol,"Substituted_piperidines, Butyrophenone",pdsp,5-HT1,,RAT,9110.0,"Hall H et al., 1986",BRAIN
cid:3559,3559,Haloperidol,"Substituted_piperidines, Butyrophenone",pdsp,5-HT2,,RAT,36.0,"Hall H et al., 1986",BRAIN
cid:3559,3559,Haloperidol,"Substituted_piperidines, Butyrophenone",pdsp,HISTAMINE H1,HRH1,RAT,5020.0,"Hall H et al., 1986",BRAIN
cid:3559,3559,Haloperidol,"Substituted_piperidines, Butyrophenone",pdsp,"Cholinergic, muscarinic",,RAT,10000.0,"Hall H et al., 1986",BRAIN
cid:3559,3559,Haloperidol,"Substituted_piperidines, Butyrophenone",pdsp,DOPAMINE D3,DRD3,RAT,2.7,Strange PG 2001,CLONED
cid:3559,3559,Haloperidol,"Substituted_piperidines, Butyrophenone",pdsp,DOPAMINE D2,DRD2,RAT,0.53,Strange PG 2001,CLONED
cid:3559,3559,Haloperidol,"Substituted_piperidines, Butyrophenone",pdsp,DOPAMINE D4,DRD4,RAT,2.3,Strange PG 2001,CLONED
cid:3559,3559,Haloperidol,"Substituted_piperidines, Butyrophenone",pdsp,DOPAMINE D2,DRD2,HUMAN,0.35,"Seeman P, Tallerico T., 1998",CLONED
cid:3559,3559,Haloperidol,"Substituted_piperidines, Butyrophenone",pdsp,DOPAMINE D3,DRD3,HUMAN,6.2,"Seeman P, Tallerico T., 1998",CLONED
cid:3559,3559,Haloperidol,"Substituted_piperidines, Butyrophenone",pdsp,5-HT2A,HTR2A,HUMAN,46.0,"Seeman P, Tallerico T., 1998",CLONED
cid:3559,3559,Haloperidol,"Substituted_piperidines, Butyrophenone",pdsp,DOPAMINE D4,DRD4,HUMAN,0.84,"Seeman P, Tallerico T., 1998",CLONED
cid:3559,3559,Haloperidol,"Substituted_piperidines, Butyrophenone",pdsp,Adrenergic Alpha,,RAT,1200.0,"U'Prichard DC et al., 1977",BRAIN
cid:3559,3559,Haloperidol,"Substituted_piperidines, Butyrophenone",pdsp,Adrenergic Alpha,,RAT,11.0,"U'Prichard DC et al., 1977",BRAIN
cid:3559,3559,Haloperidol,"Substituted_piperidines, Butyrophenone",pdsp,5-HT1A,HTR1A,RAT,4168.6938347034,"Gozlan H et al., 1983",STRIATUM
cid:3559,3559,Haloperidol,"Substituted_piperidines, Butyrophenone",pdsp,5-HT1A,HTR1A,RAT,3548.1338923358,"Gozlan H et al., 1983",HIPPOCAMPUS
cid:3559,3559,Haloperidol,"Substituted_piperidines, Butyrophenone",pdsp,DOPAMINE D1,DRD1,CALF,920.0,"Burt DR et al., 1976",BRAIN
cid:3559,3559,Haloperidol,"Substituted_piperidines, Butyrophenone",pdsp,DOPAMINE D2,DRD2,CALF,1.4,"Burt DR et al., 1976",BRAIN
cid:3559,3559,Haloperidol,"Substituted_piperidines, Butyrophenone",pdsp,DOPAMINE D1,DRD1,CALF,1100.0,"Burt DR et al., 1976",olfactory tubercle
cid:3559,3559,Haloperidol,"Substituted_piperidines, Butyrophenone",pdsp,DOPAMINE D2,DRD2,CALF,1.4,"Burt DR et al., 1976",STRIATUM
cid:3559,3559,Haloperidol,"Substituted_piperidines, Butyrophenone",pdsp,DOPAMINE D2,DRD2,CALF,0.8,"Burt DR et al., 1976",olfactory tubercle
cid:3559,3559,Haloperidol,"Substituted_piperidines, Butyrophenone",pdsp,DOPAMINE D2,DRD2,CALF,0.8,"Burt DR et al., 1976",Nucleus accumbens
cid:3559,3559,Haloperidol,"Substituted_piperidines, Butyrophenone",pdsp,DOPAMINE D1,DRD1,CALF,1060.0,"Burt DR et al., 1976",STRIATUM
cid:3559,3559,Haloperidol,"Substituted_piperidines, Butyrophenone",pdsp,Angiotensin II AT2,,RAT,10000.0,"Schoemaker H et al., 1997",adrenal medulla
cid:3559,3559,Haloperidol,"Substituted_piperidines, Butyrophenone",pdsp,Calcium channel,,RAT,1700.0,"Schoemaker H et al., 1997",CEREBRAL CORTEX
cid:3559,3559,Haloperidol,"Substituted_piperidines, Butyrophenone",pdsp,Sigma,,UNDEFINED,24.0,"Schoemaker H et al., 1997",UNDEFINED
cid:3559,3559,Haloperidol,"Substituted_piperidines, Butyrophenone",pdsp,Sodium Channel,,RAT,7000.0,"Schoemaker H et al., 1997",CEREBRAL CORTEX
cid:3559,3559,Haloperidol,"Substituted_piperidines, Butyrophenone",pdsp,GABA A Benzodiazepine,,RAT,10000.0,"Schoemaker H et al., 1997",KIDNEY
cid:3559,3559,Haloperidol,"Substituted_piperidines, Butyrophenone",pdsp,Imidazoline I2,,RAT,10000.0,"Schoemaker H et al., 1997",BRAIN
cid:3559,3559,Haloperidol,"Substituted_piperidines, Butyrophenone",pdsp,ANGIOTENSIN AT1,AGTR1,RABBIT,10000.0,"Schoemaker H et al., 1997",adrenal cortical
cid:3559,3559,Haloperidol,"Substituted_piperidines, Butyrophenone",pdsp,ADENOSINE A2,,RAT,10000.0,"Schoemaker H et al., 1997",Striatal Membranes
cid:3559,3559,Haloperidol,"Substituted_piperidines, Butyrophenone",pdsp,ADENOSINE A1,ADORA1,RAT,10000.0,"Schoemaker H et al., 1997",HIPPOCAMPUS
cid:3559,3559,Haloperidol,"Substituted_piperidines, Butyrophenone",pdsp,HISTAMINE H1,HRH1,GUINEA PIG,1800.0,"Schoemaker H et al., 1997",CEREBELLUM
cid:3559,3559,Haloperidol,"Substituted_piperidines, Butyrophenone",pdsp,GABA A,,RAT,10000.0,"Schoemaker H et al., 1997",BRAIN
cid:3559,3559,Haloperidol,"Substituted_piperidines, Butyrophenone",pdsp,Glutamate-Kainate,Glutamate kainate,RAT,10000.0,"Schoemaker H et al., 1997",BRAIN
cid:3559,3559,Haloperidol,"Substituted_piperidines, Butyrophenone",pdsp,Glutamate-AMPA,GRIA3,RAT,10000.0,"Schoemaker H et al., 1997",BRAIN
cid:3559,3559,Haloperidol,"Substituted_piperidines, Butyrophenone",pdsp,Glutamate-NMDA-Channel,,RAT,10000.0,"Schoemaker H et al., 1997",BRAIN
cid:3559,3559,Haloperidol,"Substituted_piperidines, Butyrophenone",pdsp,GABA A Benzodiazepine omega5,,RAT,10000.0,"Schoemaker H et al., 1997",HIPPOCAMPUS
cid:3559,3559,Haloperidol,"Substituted_piperidines, Butyrophenone",pdsp,GABA A,,RAT,10000.0,"Schoemaker H et al., 1997",CEREBRAL CORTEX
cid:3559,3559,Haloperidol,"Substituted_piperidines, Butyrophenone",pdsp,Glutamate-NMDA-Polyamine,,RAT,700.0,"Schoemaker H et al., 1997",CEREBRAL CORTEX
cid:3559,3559,Haloperidol,"Substituted_piperidines, Butyrophenone",pdsp,GABA uptake,,RAT,10000.0,"Schoemaker H et al., 1997",CEREBRAL CORTEX
cid:3559,3559,Haloperidol,"Substituted_piperidines, Butyrophenone",pdsp,"Glycine, strychnine",,RAT,10000.0,"Schoemaker H et al., 1997",CEREBRAL CORTEX
cid:3559,3559,Haloperidol,"Substituted_piperidines, Butyrophenone",pdsp,Glutamate-AMPA,GRIA3,RAT,10000.0,"Schoemaker H et al., 1997",BRAIN
cid:3559,3559,Haloperidol,"Substituted_piperidines, Butyrophenone",pdsp,DOPAMINE D1,DRD1,RAT,250.0,"Schoemaker H et al., 1997",STRIATUM
cid:3559,3559,Haloperidol,"Substituted_piperidines, Butyrophenone",pdsp,DOPAMINE D2,DRD2,RAT,2.0,"Schoemaker H et al., 1997",STRIATUM
cid:3559,3559,Haloperidol,"Substituted_piperidines, Butyrophenone",pdsp,Glycine,,RAT,10000.0,"Schoemaker H et al., 1997",BRAIN
cid:3559,3559,Haloperidol,"Substituted_piperidines, Butyrophenone",pdsp,GABA B,,RAT,10000.0,"Schoemaker H et al., 1997",BRAIN
cid:3559,3559,Haloperidol,"Substituted_piperidines, Butyrophenone",pdsp,GABA A Benzodiazepine omega2,,RAT,10000.0,"Schoemaker H et al., 1997",Spinal cord
cid:3559,3559,Haloperidol,"Substituted_piperidines, Butyrophenone",pdsp,GABA A Benzodiazepine omega1,,RAT,10000.0,"Schoemaker H et al., 1997",CEREBELLUM
cid:3559,3559,Haloperidol,"Substituted_piperidines, Butyrophenone",pdsp,"Cholinergic, muscarinic",,RAT,10000.0,"Schoemaker H et al., 1997",CORTEX
cid:3559,3559,Haloperidol,"Substituted_piperidines, Butyrophenone",pdsp,adrenergic Alpha2,,RAT,10000.0,"Schoemaker H et al., 1997",CEREBRAL CORTEX
cid:3559,3559,Haloperidol,"Substituted_piperidines, Butyrophenone",pdsp,5-HT4,HTR4,GUINEA PIG,10000.0,"Schoemaker H et al., 1997",STRIATUM
cid:3559,3559,Haloperidol,"Substituted_piperidines, Butyrophenone",pdsp,5-HT3,HTR3A,RAT,10000.0,"Schoemaker H et al., 1997",CEREBRAL CORTEX
cid:3559,3559,Haloperidol,"Substituted_piperidines, Butyrophenone",pdsp,5-HT2C,HTR2C,PIG,10000.0,"Schoemaker H et al., 1997",Choroid Plexus
cid:3559,3559,Haloperidol,"Substituted_piperidines, Butyrophenone",pdsp,5-HT2A,HTR2A,RAT,72.0,"Schoemaker H et al., 1997",CEREBRAL CORTEX
cid:3559,3559,Haloperidol,"Substituted_piperidines, Butyrophenone",pdsp,5-HT1D,HTR1D,BOVINE,10000.0,"Schoemaker H et al., 1997",CAUDATE
cid:3559,3559,Haloperidol,"Substituted_piperidines, Butyrophenone",pdsp,5-HT1B,HTR1B,RAT,10000.0,"Schoemaker H et al., 1997",STRIATUM
cid:3559,3559,Haloperidol,"Substituted_piperidines, Butyrophenone",pdsp,5-HT1A,HTR1A,RAT,2500.0,"Schoemaker H et al., 1997",HIPPOCAMPUS
cid:3559,3559,Haloperidol,"Substituted_piperidines, Butyrophenone",pdsp,5-HT Transporter,SLC6A4,RAT,10000.0,"Schoemaker H et al., 1997",vas deferens
cid:3559,3559,Haloperidol,"Substituted_piperidines, Butyrophenone",pdsp,adrenergic Beta,ADRB2,RAT,10000.0,"Schoemaker H et al., 1997",CEREBRAL CORTEX
cid:3559,3559,Haloperidol,"Substituted_piperidines, Butyrophenone",pdsp,adrenergic Alpha1B,ADRA1B,RAT,7.2,"Schoemaker H et al., 1997",LIVER
cid:3559,3559,Haloperidol,"Substituted_piperidines, Butyrophenone",pdsp,adrenergic Alpha1A,ADRA1A,RAT,29.0,"Schoemaker H et al., 1997",Salivary  gland
cid:3559,3559,Haloperidol,"Substituted_piperidines, Butyrophenone",pdsp,DOPAMINE D3,DRD3,BOVINE,6.5,"Schoemaker H et al., 1997",CAUDATE
cid:3559,3559,Haloperidol,"Substituted_piperidines, Butyrophenone",pdsp,DOPAMINE D2,DRD2,HUMAN,0.35,"Seeman, Philip  2001",CLONED
cid:3559,3559,Haloperidol,"Substituted_piperidines, Butyrophenone",pdsp,DOPAMINE D2,DRD2,HUMAN,0.7,"Seeman, Philip  2001",CLONED
cid:3559,3559,Haloperidol,"Substituted_piperidines, Butyrophenone",pdsp,DOPAMINE D2,DRD2,HUMAN,2.9,"Seeman, Philip  2001",CLONED
cid:3559,3559,Haloperidol,"Substituted_piperidines, Butyrophenone",pdsp,DOPAMINE D2,DRD2,HUMAN,9.5,"Seeman, Philip  2001",CLONED
cid:3559,3559,Haloperidol,"Substituted_piperidines, Butyrophenone",pdsp,DOPAMINE D3,DRD3,HUMAN,6.2,"Seeman, Philip  2001",CLONED
cid:3559,3559,Haloperidol,"Substituted_piperidines, Butyrophenone",pdsp,DOPAMINE D3,DRD3,HUMAN,8.8,"Seeman, Philip  2001",CLONED
cid:3559,3559,Haloperidol,"Substituted_piperidines, Butyrophenone",pdsp,DOPAMINE D3,DRD3,HUMAN,15.0,"Seeman, Philip  2001",CLONED
cid:3559,3559,Haloperidol,"Substituted_piperidines, Butyrophenone",pdsp,DOPAMINE D3,DRD3,HUMAN,23.0,"Seeman, Philip  2001",CLONED
cid:3559,3559,Haloperidol,"Substituted_piperidines, Butyrophenone",pdsp,DOPAMINE D4,DRD4,HUMAN,0.84,"Seeman, Philip  2001",CLONED
cid:3559,3559,Haloperidol,"Substituted_piperidines, Butyrophenone",pdsp,DOPAMINE D4,DRD4,HUMAN,2.0,"Seeman, Philip  2001",CLONED
cid:3559,3559,Haloperidol,"Substituted_piperidines, Butyrophenone",pdsp,DOPAMINE D4,DRD4,HUMAN,2.9,"Seeman, Philip  2001",CLONED
cid:3559,3559,Haloperidol,"Substituted_piperidines, Butyrophenone",pdsp,5-HT2A,HTR2A,HUMAN,46.0,"Seeman, Philip  2001",CLONED
cid:3559,3559,Haloperidol,"Substituted_piperidines, Butyrophenone",pdsp,5-HT2A,HTR2A,HUMAN,60.0,"Seeman, Philip  2001",CLONED
cid:3559,3559,Haloperidol,"Substituted_piperidines, Butyrophenone",pdsp,5-HT2A,HTR2A,HUMAN,103.0,"Seeman, Philip  2001",CLONED
cid:3559,3559,Haloperidol,"Substituted_piperidines, Butyrophenone",pdsp,Calcium channel verapamil binding site,,HUMAN,200.0,"Pajeva, IK, et al., 2002",CLONED
cid:3559,3559,Haloperidol,"Substituted_piperidines, Butyrophenone",pdsp,DOPAMINE D2,DRD2,RAT,0.2,"Borsini F, et al., 1995",STRIATUM
cid:3559,3559,Haloperidol,"Substituted_piperidines, Butyrophenone",pdsp,adrenergic Beta2,ADRB2,HUMAN,10000.0,PDSP Certified Data,CLONED
cid:3559,3559,Haloperidol,"Substituted_piperidines, Butyrophenone",pdsp,5-HT1A,HTR1A,HUMAN,1202.0,PDSP Certified Data,CLONED
cid:3559,3559,Haloperidol,"Substituted_piperidines, Butyrophenone",pdsp,Calcium channel,,RAT,998.0,PDSP Certified Data,HEART
cid:3559,3559,Haloperidol,"Substituted_piperidines, Butyrophenone",pdsp,adrenergic Alpha2C,ADRA2C,HUMAN,550.0,PDSP Certified Data,CLONED
cid:3559,3559,Haloperidol,"Substituted_piperidines, Butyrophenone",pdsp,DOPAMINE D2,DRD2,HUMAN,2.0,PDSP Certified Data,CLONED
cid:3559,3559,Haloperidol,"Substituted_piperidines, Butyrophenone",pdsp,"Cholinergic, muscarinic M2",CHRM2,HUMAN,10000.0,PDSP Certified Data,CLONED
cid:3559,3559,Haloperidol,"Substituted_piperidines, Butyrophenone",pdsp,"Cholinergic, Nicotinic Alpha3Beta4",,HUMAN,10000.0,PDSP Certified Data,CLONED
cid:3559,3559,Haloperidol,"Substituted_piperidines, Butyrophenone",pdsp,DOPAMINE D1,DRD1,HUMAN,83.0,PDSP Certified Data,CLONED
cid:3559,3559,Haloperidol,"Substituted_piperidines, Butyrophenone",pdsp,Prostaglandin E4,PTGER4,HUMAN,10000.0,PDSP Certified Data,CLONED
cid:3559,3559,Haloperidol,"Substituted_piperidines, Butyrophenone",pdsp,adrenergic Alpha2A,ADRA2A,HUMAN,1130.0,PDSP Certified Data,CLONED
cid:3559,3559,Haloperidol,"Substituted_piperidines, Butyrophenone",pdsp,adrenergic Alpha2B,ADRA2B,HUMAN,480.0,PDSP Certified Data,CLONED
cid:3559,3559,Haloperidol,"Substituted_piperidines, Butyrophenone",pdsp,"Cholinergic, Nicotinic Alpha2Beta4",,HUMAN,10000.0,PDSP Certified Data,CLONED
cid:3559,3559,Haloperidol,"Substituted_piperidines, Butyrophenone",pdsp,"Cholinergic, Nicotinic Alpha7",,HUMAN,10000.0,PDSP Certified Data,CLONED
cid:3559,3559,Haloperidol,"Substituted_piperidines, Butyrophenone",pdsp,"Cholinergic, Nicotinic Alpha2Beta2",,HUMAN,10000.0,PDSP Certified Data,CLONED
cid:3559,3559,Haloperidol,"Substituted_piperidines, Butyrophenone",pdsp,adrenergic Beta1,ADRB1,HUMAN,10000.0,PDSP Certified Data,CLONED
cid:3559,3559,Haloperidol,"Substituted_piperidines, Butyrophenone",pdsp,Prostaglandin E3,PTGER3,HUMAN,10000.0,PDSP Certified Data,CLONED
cid:3559,3559,Haloperidol,"Substituted_piperidines, Butyrophenone",pdsp,"Cholinergic, Nicotinic Alpha1Beta2",,HUMAN,10000.0,PDSP Certified Data,CLONED
cid:3559,3559,Haloperidol,"Substituted_piperidines, Butyrophenone",pdsp,5-HT Transporter,SLC6A4,HUMAN,3256.0,PDSP Certified Data,CLONED
cid:3559,3559,Haloperidol,"Substituted_piperidines, Butyrophenone",pdsp,"Cholinergic, Nicotinic Alpha3Beta2",,HUMAN,10000.0,PDSP Certified Data,CLONED
cid:3559,3559,Haloperidol,"Substituted_piperidines, Butyrophenone",pdsp,Norepinephrine transporter,,HUMAN,2112.0,PDSP Certified Data,CLONED
cid:3559,3559,Haloperidol,"Substituted_piperidines, Butyrophenone",pdsp,"Cholinergic, muscarinic M1",CHRM1,HUMAN,10000.0,PDSP Certified Data,CLONED
cid:3559,3559,Haloperidol,"Substituted_piperidines, Butyrophenone",pdsp,adrenergic Alpha1A,ADRA1A,HUMAN,12.0,PDSP Certified Data,CLONED
cid:3559,3559,Haloperidol,"Substituted_piperidines, Butyrophenone",pdsp,Glutamate-NMDA-MK801,,RAT,10000.0,PDSP Certified Data,FOREBRAIN
cid:3559,3559,Haloperidol,"Substituted_piperidines, Butyrophenone",pdsp,5-HT7,HTR7,HUMAN,378.0,PDSP Certified Data,CLONED
cid:3559,3559,Haloperidol,"Substituted_piperidines, Butyrophenone",pdsp,Dopamine Transporter,SLC6A3,HUMAN,10000.0,PDSP Certified Data,CLONED
cid:3559,3559,Haloperidol,"Substituted_piperidines, Butyrophenone",pdsp,GABA A,,RAT,10000.0,PDSP Certified Data,FOREBRAIN
cid:3559,3559,Haloperidol,"Substituted_piperidines, Butyrophenone",pdsp,5-HT2C,HTR2C,RAT,10000.0,PDSP Certified Data,CLONED
cid:3559,3559,Haloperidol,"Substituted_piperidines, Butyrophenone",pdsp,Glutamate-NMDA-MK801,,RAT,10000.0,PDSP Certified Data,FOREBRAIN
cid:3559,3559,Haloperidol,"Substituted_piperidines, Butyrophenone",pdsp,DOPAMINE D5,DRD5,HUMAN,147.0,PDSP Certified Data,CLONED
cid:3559,3559,Haloperidol,"Substituted_piperidines, Butyrophenone",pdsp,"Cholinergic, muscarinic M5",CHRM5,HUMAN,657.0,PDSP Certified Data,CLONED
cid:3559,3559,Haloperidol,"Substituted_piperidines, Butyrophenone",pdsp,HISTAMINE H3,HRH3,GUINEA PIG,10000.0,PDSP Certified Data,CLONED
cid:3559,3559,Haloperidol,"Substituted_piperidines, Butyrophenone",pdsp,5-HT1D,HTR1D,HUMAN,7606.0,PDSP Certified Data,CLONED
cid:3559,3559,Haloperidol,"Substituted_piperidines, Butyrophenone",pdsp,5-HT3,HTR3A,HUMAN,10000.0,PDSP Certified Data,CLONED
cid:3559,3559,Haloperidol,"Substituted_piperidines, Butyrophenone",pdsp,adrenergic Alpha1B,ADRA1B,HUMAN,8.0,PDSP Certified Data,CLONED
cid:3559,3559,Haloperidol,"Substituted_piperidines, Butyrophenone",pdsp,GABA B,,RAT,10000.0,PDSP Certified Data,FOREBRAIN
cid:3559,3559,Haloperidol,"Substituted_piperidines, Butyrophenone",pdsp,"Cholinergic, muscarinic M4",CHRM4,HUMAN,10000.0,PDSP Certified Data,CLONED
cid:3559,3559,Haloperidol,"Substituted_piperidines, Butyrophenone",pdsp,5-HT5a,HTR5A,HUMAN,2247.0,PDSP Certified Data,CLONED
cid:3559,3559,Haloperidol,"Substituted_piperidines, Butyrophenone",pdsp,GABA A Benzodiazepine,,RAT,10000.0,PDSP Certified Data,FOREBRAIN
cid:3559,3559,Haloperidol,"Substituted_piperidines, Butyrophenone",pdsp,HISTAMINE H4,HRH4,HUMAN,10000.0,PDSP Certified Data,CLONED
cid:3559,3559,Haloperidol,"Substituted_piperidines, Butyrophenone",pdsp,5-HT6,HTR6,HUMAN,3666.0,PDSP Certified Data,CLONED
cid:3559,3559,Haloperidol,"Substituted_piperidines, Butyrophenone",pdsp,HISTAMINE H1,HRH1,HUMAN,3002.0,PDSP Certified Data,CLONED
cid:3559,3559,Haloperidol,"Substituted_piperidines, Butyrophenone",pdsp,5-HT1E,HTR1E,HUMAN,10000.0,PDSP Certified Data,CLONED
cid:3559,3559,Haloperidol,"Substituted_piperidines, Butyrophenone",pdsp,"Cholinergic, muscarinic M3",CHRM3,HUMAN,10000.0,PDSP Certified Data,CLONED
cid:3559,3559,Haloperidol,"Substituted_piperidines, Butyrophenone",pdsp,CANNABINOID CB1,CNR1,RAT,10000.0,PDSP Certified Data,BRAIN
cid:3559,3559,Haloperidol,"Substituted_piperidines, Butyrophenone",pdsp,DOPAMINE D3,DRD3,RAT,12.0,PDSP Certified Data,CLONED
cid:3559,3559,Haloperidol,"Substituted_piperidines, Butyrophenone",pdsp,DOPAMINE D4,DRD4,HUMAN,15.0,PDSP Certified Data,CLONED
cid:3559,3559,Haloperidol,"Substituted_piperidines, Butyrophenone",pdsp,5-HT2A,HTR2A,RAT,73.0,PDSP Certified Data,CLONED
cid:3559,3559,Haloperidol,"Substituted_piperidines, Butyrophenone",pdsp,5-HT1B,HTR1B,HUMAN,165.0,PDSP Certified Data,CLONED
cid:3559,3559,Haloperidol,"Substituted_piperidines, Butyrophenone",pdsp,Imidazoline I1,,RAT,10000.0,PDSP Certified Data,PC12
cid:3559,3559,Haloperidol,"Substituted_piperidines, Butyrophenone",pdsp,HISTAMINE H2,HRH2,HUMAN,1003.0,PDSP Certified Data,CLONED
cid:3559,3559,Haloperidol,"Substituted_piperidines, Butyrophenone",pdsp,Vasopressin V3,,HUMAN,10000.0,PDSP Certified Data,CLONED
cid:3559,3559,Haloperidol,"Substituted_piperidines, Butyrophenone",pdsp,Glutamate-NMDA,,RAT,600.0,"Mutel V, et.al., 1998",BRAIN
cid:3559,3559,Haloperidol,"Substituted_piperidines, Butyrophenone",pdsp,5-HT2C,HTR2C,HUMAN,10000.0,"Kroeze WK, et.al., 2003",CLONED
cid:3559,3559,Haloperidol,"Substituted_piperidines, Butyrophenone",pdsp,5-HT2A,HTR2A,HUMAN,53.0,"Kroeze WK, et.al., 2003",CLONED
cid:3559,3559,Haloperidol,"Substituted_piperidines, Butyrophenone",pdsp,DOPAMINE D2,DRD2,HUMAN,4.0,"Kroeze WK, et.al., 2003",CLONED
cid:3559,3559,Haloperidol,"Substituted_piperidines, Butyrophenone",pdsp,HISTAMINE H1,HRH1,HUMAN,1800.0,"Kroeze WK, et.al., 2003",CLONED
cid:3559,3559,Haloperidol,"Substituted_piperidines, Butyrophenone",pdsp,"Cholinergic, muscarinic M3",CHRM3,HUMAN,10000.0,"Kroeze WK, et.al., 2003",CLONED
cid:3559,3559,Haloperidol,"Substituted_piperidines, Butyrophenone",pdsp,adrenergic Alpha1A,ADRA1A,HUMAN,12.0,"Kroeze WK, et.al., 2003",CLONED
cid:3559,3559,Haloperidol,"Substituted_piperidines, Butyrophenone",pdsp,adrenergic Alpha2A,ADRA2A,HUMAN,1130.0,"Kroeze WK, et.al., 2003",CLONED
cid:3559,3559,Haloperidol,"Substituted_piperidines, Butyrophenone",pdsp,adrenergic Alpha2B,ADRA2B,HUMAN,480.0,"Kroeze WK, et.al., 2003",CLONED
cid:3559,3559,Haloperidol,"Substituted_piperidines, Butyrophenone",pdsp,adrenergic Alpha2C,ADRA2C,HUMAN,550.0,"Kroeze WK, et.al., 2003",CLONED
cid:3559,3559,Haloperidol,"Substituted_piperidines, Butyrophenone",pdsp,5-HT1A,HTR1A,HUMAN,1202.0,"Kroeze WK, et.al., 2003",CLONED
cid:3559,3559,Haloperidol,"Substituted_piperidines, Butyrophenone",pdsp,5-HT6,HTR6,HUMAN,3666.0,"Kroeze WK, et.al., 2003",CLONED
cid:3559,3559,Haloperidol,"Substituted_piperidines, Butyrophenone",pdsp,5-HT7,HTR7,HUMAN,377.2,"Kroeze WK, et.al., 2003",CLONED
cid:3559,3559,Haloperidol,"Substituted_piperidines, Butyrophenone",pdsp,DOPAMINE D1,DRD1,RAT,36.0,"Liao Y, et.al., 1999",STRIATUM
cid:3559,3559,Haloperidol,"Substituted_piperidines, Butyrophenone",pdsp,DOPAMINE D2,DRD2,RAT,7.5,"Liao Y, et.al., 1999",STRIATUM
cid:3559,3559,Haloperidol,"Substituted_piperidines, Butyrophenone",pdsp,DOPAMINE D2,DRD2,HUMAN,4.9,"Liao Y, et.al., 1999",CLONED
cid:3559,3559,Haloperidol,"Substituted_piperidines, Butyrophenone",pdsp,DOPAMINE D3,DRD3,HUMAN,10.0,"Liao Y, et.al., 1999",CLONED
cid:3559,3559,Haloperidol,"Substituted_piperidines, Butyrophenone",pdsp,DOPAMINE D4.2,,HUMAN,6.5,"Liao Y, et.al., 1999",CLONED
cid:3559,3559,Haloperidol,"Substituted_piperidines, Butyrophenone",pdsp,5-HT2A,HTR2A,RAT,55.0,"Liao Y, et.al., 1999",CORTEX
cid:3559,3559,Haloperidol,"Substituted_piperidines, Butyrophenone",pdsp,5-HT2C,HTR2C,RAT,1000.0,"Liao Y, et.al., 1999",CLONED
cid:3559,3559,Haloperidol,"Substituted_piperidines, Butyrophenone",pdsp,HISTAMINE H1,HRH1,RAT,1000.0,"Liao Y, et.al., 1999",BRAIN
cid:3559,3559,Haloperidol,"Substituted_piperidines, Butyrophenone",pdsp,adrenergic Alpha1,,RAT,18.0,"Liao Y, et.al., 1999",BRAIN
cid:3559,3559,Haloperidol,"Substituted_piperidines, Butyrophenone",pdsp,"Cholinergic, muscarinic M1",CHRM1,RAT,5500.0,"Liao Y, et.al., 1999",BRAIN
cid:3559,3559,Haloperidol,"Substituted_piperidines, Butyrophenone",pdsp,5-HT2A,HTR2A,HUMAN,70.2,"Vanover, KE et.al., 2004",CLONED
cid:3559,3559,Haloperidol,"Substituted_piperidines, Butyrophenone",pdsp,DOPAMINE D2,DRD2,HUMAN,0.7,"Vanover, KE et.al., 2004",CLONED
cid:3559,3559,Haloperidol,"Substituted_piperidines, Butyrophenone",pdsp,DOPAMINE D2 Long,DRD2,HUMAN,0.40738027780411,"Millan MJ, et. al., 2004",CLONED
cid:3559,3559,Haloperidol,"Substituted_piperidines, Butyrophenone",pdsp,DOPAMINE D3,DRD3,HUMAN,2.8840315031266,"Millan MJ, et. al., 2004",CLONED
cid:3559,3559,Haloperidol,"Substituted_piperidines, Butyrophenone",pdsp,DOPAMINE D1,DRD1,RAT,25.0,"Bymaster F.P., et. al., 1996",STRIATUM
cid:3559,3559,Haloperidol,"Substituted_piperidines, Butyrophenone",pdsp,DOPAMINE D2,DRD2,RAT,1.0,"Bymaster F.P., et. al., 1996",STRIATUM
cid:3559,3559,Haloperidol,"Substituted_piperidines, Butyrophenone",pdsp,DOPAMINE D4,DRD4,HUMAN,5.0,"Bymaster F.P., et. al., 1996",CLONED
cid:3559,3559,Haloperidol,"Substituted_piperidines, Butyrophenone",pdsp,5-HT1A,HTR1A,RAT,7930.0,"Bymaster F.P., et. al., 1996",CORTEX
cid:3559,3559,Haloperidol,"Substituted_piperidines, Butyrophenone",pdsp,5-HT1D,HTR1D,Beef,6950.0,"Bymaster F.P., et. al., 1996",STRIATUM
cid:3559,3559,Haloperidol,"Substituted_piperidines, Butyrophenone",pdsp,5-HT2A,HTR2A,RAT,78.0,"Bymaster F.P., et. al., 1996",CORTEX
cid:3559,3559,Haloperidol,"Substituted_piperidines, Butyrophenone",pdsp,5-HT2C,HTR2C,HUMAN,3085.0,"Bymaster F.P., et. al., 1996",CORTEX
cid:3559,3559,Haloperidol,"Substituted_piperidines, Butyrophenone",pdsp,5-HT3,HTR3A,RAT,1000.0,"Bymaster F.P., et. al., 1996",CORTEX
cid:3559,3559,Haloperidol,"Substituted_piperidines, Butyrophenone",pdsp,"Cholinergic, muscarinic M1",CHRM1,RAT,1475.0,"Bymaster F.P., et. al., 1996",CEREBRAL CORTEX
cid:3559,3559,Haloperidol,"Substituted_piperidines, Butyrophenone",pdsp,"Cholinergic, muscarinic M2",CHRM2,RAT,1200.0,"Bymaster F.P., et. al., 1996",HEART
cid:3559,3559,Haloperidol,"Substituted_piperidines, Butyrophenone",pdsp,"Cholinergic, muscarinic M3",CHRM3,RAT,1600.0,"Bymaster F.P., et. al., 1996",SUBMAXILLARY GLAND
cid:3559,3559,Haloperidol,"Substituted_piperidines, Butyrophenone",pdsp,adrenergic Alpha1,,RAT,46.0,"Bymaster F.P., et. al., 1996",WHOLE BRAIN
cid:3559,3559,Haloperidol,"Substituted_piperidines, Butyrophenone",pdsp,adrenergic Alpha2,,RAT,360.0,"Bymaster F.P., et. al., 1996",WHOLE BRAIN
cid:3559,3559,Haloperidol,"Substituted_piperidines, Butyrophenone",pdsp,HISTAMINE H1,HRH1,RAT,3630.0,"Bymaster F.P., et. al., 1996",WHOLE BRAIN
cid:3559,3559,Haloperidol,"Substituted_piperidines, Butyrophenone",pdsp,"Cholinergic, muscarinic M1",CHRM1,HUMAN,10000.0,"Bymaster F.P., et. al., 2003",CLONED
cid:3559,3559,Haloperidol,"Substituted_piperidines, Butyrophenone",pdsp,"Cholinergic, muscarinic M2",CHRM2,HUMAN,10000.0,"Bymaster F.P., et. al., 2003",CLONED
cid:3559,3559,Haloperidol,"Substituted_piperidines, Butyrophenone",pdsp,"Cholinergic, muscarinic M3",CHRM3,HUMAN,10000.0,"Bymaster F.P., et. al., 2003",CLONED
cid:3559,3559,Haloperidol,"Substituted_piperidines, Butyrophenone",pdsp,"Cholinergic, muscarinic M4",CHRM4,HUMAN,10000.0,"Bymaster F.P., et. al., 2003",CLONED
cid:3559,3559,Haloperidol,"Substituted_piperidines, Butyrophenone",pdsp,"Cholinergic, muscarinic M5",CHRM5,HUMAN,10000.0,"Bymaster F.P., et. al., 2003",CLONED
cid:3559,3559,Haloperidol,"Substituted_piperidines, Butyrophenone",pdsp,"Cholinergic, muscarinic M1",CHRM1,RAT,1475.0,"Bymaster F.P., et. al., 2003",CORTEX
cid:3559,3559,Haloperidol,"Substituted_piperidines, Butyrophenone",pdsp,"Cholinergic, muscarinic M2",CHRM2,RAT,1200.0,"Bymaster F.P., et. al., 2003",CORTEX
cid:3559,3559,Haloperidol,"Substituted_piperidines, Butyrophenone",pdsp,"Cholinergic, muscarinic M3",CHRM3,RAT,1600.0,"Bymaster F.P., et. al., 2003",CORTEX
cid:3559,3559,Haloperidol,"Substituted_piperidines, Butyrophenone",pdsp,"Cholinergic, muscarinic M4",CHRM4,RAT,1500.0,"Bymaster F.P., et. al., 2003",CORTEX
cid:3559,3559,Haloperidol,"Substituted_piperidines, Butyrophenone",pdsp,DOPAMINE D2,DRD2,RAT,0.65,"Sanchez-Roa, P.M., et al., 1989",Striatal Membranes
cid:3559,3559,Haloperidol,"Substituted_piperidines, Butyrophenone",pdsp,Sigma,,GUINEA PIG,5.0,"Weber E, et al., 1986",BRAIN
cid:3559,3559,Haloperidol,"Substituted_piperidines, Butyrophenone",pdsp,Sigma,,GUINEA PIG,17.0,"Weber E, et al., 1986",BRAIN
cid:3559,3559,Haloperidol,"Substituted_piperidines, Butyrophenone",pdsp,DOPAMINE D2 Long,DRD2,RAT,0.5,"Van Tol, HH et al., 1991",CLONED
cid:3559,3559,Haloperidol,"Substituted_piperidines, Butyrophenone",pdsp,DOPAMINE D2 Long,DRD2,RAT,0.8,"Van Tol, HH et al., 1991",CLONED
cid:3559,3559,Haloperidol,"Substituted_piperidines, Butyrophenone",pdsp,DOPAMINE D2 Long,DRD2,HUMAN,1.0,"Van Tol, HH et al., 1991",CLONED
cid:3559,3559,Haloperidol,"Substituted_piperidines, Butyrophenone",pdsp,DOPAMINE D4,DRD4,RAT,5.1,"Van Tol, HH et al., 1991",CLONED
cid:3559,3559,Haloperidol,"Substituted_piperidines, Butyrophenone",pdsp,DOPAMINE D2,DRD2,HUMAN,2.4,"Grandy DK, et al., 1989",CLONED
cid:3559,3559,Haloperidol,"Substituted_piperidines, Butyrophenone",pdsp,DOPAMINE D2,DRD2,RAT,5.1,"Grandy DK, et al., 1989",CLONED
cid:3559,3559,Haloperidol,"Substituted_piperidines, Butyrophenone",pdsp,DOPAMINE D1,DRD1,MOUSE,76.0,"Andersen PH, et al., 1988",BRAIN
cid:3559,3559,Haloperidol,"Substituted_piperidines, Butyrophenone",pdsp,DOPAMINE D2,DRD2,MOUSE,2.6,"Andersen PH, et al., 1988",BRAIN
cid:3559,3559,Haloperidol,"Substituted_piperidines, Butyrophenone",pdsp,DOPAMINE D1,DRD1,RAT,76.0,"Andersen PH, et al., 1985",FR. CORTEX
cid:3559,3559,Haloperidol,"Substituted_piperidines, Butyrophenone",pdsp,DOPAMINE D2,DRD2,RAT,2.6,"Andersen PH, et al., 1985",FR. CORTEX
cid:3559,3559,Haloperidol,"Substituted_piperidines, Butyrophenone",pdsp,DOPAMINE D2,DRD2,RAT,5.8,"Grandy DK, et al., 1989",STRIATUM
cid:3559,3559,Haloperidol,"Substituted_piperidines, Butyrophenone",pdsp,Dopamine2-like,,RAT,0.44,"Luedtke RR, et al., 2000",Striatal Membranes
cid:3559,3559,Haloperidol,"Substituted_piperidines, Butyrophenone",pdsp,5-HT2A,HTR2A,HUMAN,130.0,"Campiani G, et al., 2004",recombinant
cid:3559,3559,Haloperidol,"Substituted_piperidines, Butyrophenone",pdsp,DOPAMINE D2,DRD2,HUMAN,3.7,"Campiani G, et al., 2004",recombinant
cid:3559,3559,Haloperidol,"Substituted_piperidines, Butyrophenone",pdsp,HISTAMINE H1,HRH1,RAT,384.0,"Campiani G, et al., 2004",FR. CORTEX
cid:3559,3559,Haloperidol,"Substituted_piperidines, Butyrophenone",pdsp,"Cholinergic, muscarinic M1",CHRM1,RAT,10000.0,"Campiani G, et al., 2004",FR. CORTEX
cid:3559,3559,Haloperidol,"Substituted_piperidines, Butyrophenone",pdsp,adrenergic Alpha1,,RAT,12.0,"Campiani G, et al., 2004",FR. CORTEX
cid:3559,3559,Haloperidol,"Substituted_piperidines, Butyrophenone",pdsp,adrenergic Alpha2,,RAT,2700.0,"Campiani G, et al., 2004",FR. CORTEX
cid:3559,3559,Haloperidol,"Substituted_piperidines, Butyrophenone",pdsp,5-HT2A,HTR2A,RAT,164.0,"Campiani G, et al., 2004",CORTEX
cid:3559,3559,Haloperidol,"Substituted_piperidines, Butyrophenone",pdsp,DOPAMINE D1,DRD1,RAT,318.0,"Campiani G, et al., 2004",STRIATUM
cid:3559,3559,Haloperidol,"Substituted_piperidines, Butyrophenone",pdsp,DOPAMINE D2,DRD2,RAT,4.8,"Campiani G, et al., 2004",STRIATUM
cid:3559,3559,Haloperidol,"Substituted_piperidines, Butyrophenone",pdsp,DOPAMINE D3,DRD3,RAT,18.0,"Campiani G, et al., 2004",olfactory tubercle
cid:3559,3559,Haloperidol,"Substituted_piperidines, Butyrophenone",pdsp,5-HT2A,HTR2A,RAT,164.0,"Campiani G, et al., 2002",CORTEX
cid:3559,3559,Haloperidol,"Substituted_piperidines, Butyrophenone",pdsp,DOPAMINE D1,DRD1,RAT,318.0,"Campiani G, et al., 2002",STRIATUM
cid:3559,3559,Haloperidol,"Substituted_piperidines, Butyrophenone",pdsp,DOPAMINE D2,DRD2,RAT,4.8,"Campiani G, et al., 2002",STRIATUM
cid:3559,3559,Haloperidol,"Substituted_piperidines, Butyrophenone",pdsp,DOPAMINE D3,DRD3,RAT,18.0,"Campiani G, et al., 2002",olfactory tubercle
cid:3559,3559,Haloperidol,"Substituted_piperidines, Butyrophenone",pdsp,HISTAMINE H1,HRH1,RAT,384.0,"Campiani G, et al., 2002",FR. CORTEX
cid:3559,3559,Haloperidol,"Substituted_piperidines, Butyrophenone",pdsp,"Cholinergic, muscarinic M1",CHRM1,RAT,10000.0,"Campiani G, et al., 2002",FR. CORTEX
cid:3559,3559,Haloperidol,"Substituted_piperidines, Butyrophenone",pdsp,adrenergic Alpha1,,RAT,12.0,"Campiani G, et al., 2002",FR. CORTEX
cid:3559,3559,Haloperidol,"Substituted_piperidines, Butyrophenone",pdsp,adrenergic Alpha2,,RAT,2700.0,"Campiani G, et al., 2002",FR. CORTEX
cid:3559,3559,Haloperidol,"Substituted_piperidines, Butyrophenone",pdsp,5-HT2A,HTR2A,RAT,164.0,"Campiani G, et al., 2005",BRAIN CORTEX
cid:3559,3559,Haloperidol,"Substituted_piperidines, Butyrophenone",pdsp,DOPAMINE D1,DRD1,RAT,318.0,"Campiani G, et al., 2005",STRIATUM
cid:3559,3559,Haloperidol,"Substituted_piperidines, Butyrophenone",pdsp,DOPAMINE D2,DRD2,RAT,4.8,"Campiani G, et al., 2005",STRIATUM
cid:3559,3559,Haloperidol,"Substituted_piperidines, Butyrophenone",pdsp,DOPAMINE D3,DRD3,RAT,18.0,"Campiani G, et al., 2005",Sf9
cid:3559,3559,Haloperidol,"Substituted_piperidines, Butyrophenone",pdsp,Sigma,,RAT,2.4,"Largent BL, et al., 1984",BRAIN
cid:3559,3559,Haloperidol,"Substituted_piperidines, Butyrophenone",pdsp,Sigma,,RAT,2.0,"Largent BL, et al., 1984",BRAIN
cid:3559,3559,Haloperidol,"Substituted_piperidines, Butyrophenone",pdsp,DOPAMINE D1,DRD1,HUMAN,359.0,"Fernandez J, et al., 2005",CLONED
cid:3559,3559,Haloperidol,"Substituted_piperidines, Butyrophenone",pdsp,DOPAMINE D2,DRD2,HUMAN,2.5,"Fernandez J, et al., 2005",CLONED
cid:3559,3559,Haloperidol,"Substituted_piperidines, Butyrophenone",pdsp,DOPAMINE D3,DRD3,HUMAN,4.4,"Fernandez J, et al., 2005",CLONED
cid:3559,3559,Haloperidol,"Substituted_piperidines, Butyrophenone",pdsp,5-HT2A,HTR2A,HUMAN,435.0,"Fernandez J, et al., 2005",CLONED
cid:3559,3559,Haloperidol,"Substituted_piperidines, Butyrophenone",pdsp,5-HT7,HTR7,HUMAN,1123.0,"Fernandez J, et al., 2005",CLONED
cid:3559,3559,Haloperidol,"Substituted_piperidines, Butyrophenone",pdsp,5-HT2C,HTR2C,HUMAN,5454.0,"Fernandez J, et al., 2005",CLONED
cid:3559,3559,Haloperidol,"Substituted_piperidines, Butyrophenone",pdsp,Norepinephrine transporter,,RAT,5454.0,"Fernandez J, et al., 2005",CLONED
cid:3559,3559,Haloperidol,"Substituted_piperidines, Butyrophenone",pdsp,HISTAMINE H1,HRH1,HUMAN,1199.0,"Fernandez J, et al., 2005",CLONED
cid:3559,3559,Haloperidol,"Substituted_piperidines, Butyrophenone",pdsp,adrenergic Alpha1,,RAT,26.0,"Fernandez J, et al., 2005",CLONED
cid:3559,3559,Haloperidol,"Substituted_piperidines, Butyrophenone",pdsp,adrenergic Alpha2A,ADRA2A,HUMAN,473.0,"Fernandez J, et al., 2005",CLONED
cid:3559,3559,Haloperidol,"Substituted_piperidines, Butyrophenone",pdsp,adrenergic Alpha2C,ADRA2C,HUMAN,256.0,"Fernandez J, et al., 2005",CLONED
cid:3559,3559,Haloperidol,"Substituted_piperidines, Butyrophenone",pdsp,5-HT2A,HTR2A,RAT,27.0,"Leysen JE, et.al., 1994",FR. CORTEX
cid:3559,3559,Haloperidol,"Substituted_piperidines, Butyrophenone",pdsp,5-HT2A,HTR2A,HUMAN,112.0,"Leysen JE, et.al., 1994",CLONED
cid:3559,3559,Haloperidol,"Substituted_piperidines, Butyrophenone",pdsp,5-HT2C,HTR2C,PIG,10000.0,"Leysen JE, et.al., 1994",Choroid Plexus
cid:3559,3559,Haloperidol,"Substituted_piperidines, Butyrophenone",pdsp,5-HT1A,HTR1A,HUMAN,1500.0,"Leysen JE, et.al., 1994",CLONED
cid:3559,3559,Haloperidol,"Substituted_piperidines, Butyrophenone",pdsp,5-HT1B,HTR1B,RAT,10000.0,"Leysen JE, et.al., 1994",STRIATUM
cid:3559,3559,Haloperidol,"Substituted_piperidines, Butyrophenone",pdsp,5-HT1D,HTR1D,CALF,10000.0,"Leysen JE, et.al., 1994",S. Nigra
cid:3559,3559,Haloperidol,"Substituted_piperidines, Butyrophenone",pdsp,5-HT1B,HTR1B,HUMAN,283.0,"Leysen JE, et.al., 1994",CLONED
cid:3559,3559,Haloperidol,"Substituted_piperidines, Butyrophenone",pdsp,5-HT3,HTR3A,MOUSE,10000.0,"Leysen JE, et.al., 1994",NG108-15
cid:3559,3559,Haloperidol,"Substituted_piperidines, Butyrophenone",pdsp,DOPAMINE D2,DRD2,RAT,1.2,"Leysen JE, et.al., 1994",STRIATUM
cid:3559,3559,Haloperidol,"Substituted_piperidines, Butyrophenone",pdsp,DOPAMINE D2,DRD2,RAT,0.5,"Leysen JE, et.al., 1994",STRIATUM
cid:3559,3559,Haloperidol,"Substituted_piperidines, Butyrophenone",pdsp,DOPAMINE D2,DRD2,RAT,0.65,"Leysen JE, et.al., 1994",N. Accumbens
cid:3559,3559,Haloperidol,"Substituted_piperidines, Butyrophenone",pdsp,DOPAMINE D2,DRD2,RAT,1.7,"Leysen JE, et.al., 1994",olfactory tubercle
cid:3559,3559,Haloperidol,"Substituted_piperidines, Butyrophenone",pdsp,DOPAMINE D2 Long,DRD2,HUMAN,1.1,"Leysen JE, et.al., 1994",CLONED
cid:3559,3559,Haloperidol,"Substituted_piperidines, Butyrophenone",pdsp,DOPAMINE D2 Short,DRD2,HUMAN,1.4,"Leysen JE, et.al., 1994",CLONED
cid:3559,3559,Haloperidol,"Substituted_piperidines, Butyrophenone",pdsp,DOPAMINE D3,DRD3,RAT,29.0,"Leysen JE, et.al., 1994",CLONED
cid:3559,3559,Haloperidol,"Substituted_piperidines, Butyrophenone",pdsp,DOPAMINE D4,DRD4,HUMAN,5.1,"Leysen JE, et.al., 1994",CLONED
cid:3559,3559,Haloperidol,"Substituted_piperidines, Butyrophenone",pdsp,DOPAMINE D1,DRD1,RAT,430.0,"Leysen JE, et.al., 1994",STRIATUM
cid:3559,3559,Haloperidol,"Substituted_piperidines, Butyrophenone",pdsp,Substance P,,HUMAN,1000.0,"Schotte A, et al.,  1996",CLONED
cid:3559,3559,Haloperidol,"Substituted_piperidines, Butyrophenone",pdsp,NT,,GUINEA PIG,1000.0,"Schotte A, et al.,  1996",FOREBRAIN
cid:3559,3559,Haloperidol,"Substituted_piperidines, Butyrophenone",pdsp,Cholecystokinin A,CCKBR,RAT,1000.0,"Schotte A, et al.,  1996",PANCREAS
cid:3559,3559,Haloperidol,"Substituted_piperidines, Butyrophenone",pdsp,Cholecystokinin B,,GUINEA PIG,1000.0,"Schotte A, et al.,  1996",Total Cortex
cid:3559,3559,Haloperidol,"Substituted_piperidines, Butyrophenone",pdsp,OPIATE Mu,OPRM1,RAT,1000.0,"Schotte A, et al.,  1996",FOREBRAIN
cid:3559,3559,Haloperidol,"Substituted_piperidines, Butyrophenone",pdsp,OPIATE Delta,OPRD1,MOUSE,1000.0,"Schotte A, et al.,  1996",NG108-15
cid:3559,3559,Haloperidol,"Substituted_piperidines, Butyrophenone",pdsp,OPIATE Kappa,OPRK1,GUINEA PIG,1000.0,"Schotte A, et al.,  1996",CEREBELLUM
cid:3559,3559,Haloperidol,"Substituted_piperidines, Butyrophenone",pdsp,GABA A Benzodiazepine,,RAT,1000.0,"Schotte A, et al.,  1996",FOREBRAIN
cid:3559,3559,Haloperidol,"Substituted_piperidines, Butyrophenone",pdsp,5-HT Transporter,SLC6A4,HUMAN,1000.0,"Schotte A, et al.,  1996",Platelets
cid:3559,3559,Haloperidol,"Substituted_piperidines, Butyrophenone",pdsp,Dopamine Transporter,SLC6A3,RAT,1000.0,"Schotte A, et al.,  1996",STRIATUM
cid:3559,3559,Haloperidol,"Substituted_piperidines, Butyrophenone",pdsp,Norepinephrine transporter,,RAT,1000.0,"Schotte A, et al.,  1996",CORTEX
cid:3559,3559,Haloperidol,"Substituted_piperidines, Butyrophenone",pdsp,Thromboxane A2,TBXA2R,HUMAN,1000.0,"Schotte A, et al.,  1996",Platelets
cid:3559,3559,Haloperidol,"Substituted_piperidines, Butyrophenone",pdsp,Leukotriene D4,,GUINEA PIG,1000.0,"Schotte A, et al.,  1996",LUNG
cid:3559,3559,Haloperidol,"Substituted_piperidines, Butyrophenone",pdsp,PAF Platelet activating factor,PTAFR,RABBIT,1000.0,"Schotte A, et al.,  1996",Platelets
cid:3559,3559,Haloperidol,"Substituted_piperidines, Butyrophenone",pdsp,DOPAMINE D3,DRD3,RAT,28.0,"Leopoldo M, et al., 2002",CLONED
cid:3559,3559,Haloperidol,"Substituted_piperidines, Butyrophenone",pdsp,DOPAMINE D4,DRD4,HUMAN,0.74,"Leopoldo M, et al., 2002",CLONED
cid:3559,3559,Haloperidol,"Substituted_piperidines, Butyrophenone",pdsp,DOPAMINE D2,DRD2,HUMAN,0.12,"Leopoldo M, et al., 2002",CLONED
cid:3559,3559,Haloperidol,"Substituted_piperidines, Butyrophenone",pdsp,DOPAMINE D2,DRD2,HUMAN,0.8,"Burstein ES, et al., 2005",CLONED
cid:3559,3559,Haloperidol,"Substituted_piperidines, Butyrophenone",pdsp,DOPAMINE D2,DRD2,HUMAN,0.6,"Burstein ES, et al., 2005",CLONED
cid:3559,3559,Haloperidol,"Substituted_piperidines, Butyrophenone",pdsp,DOPAMINE D3,DRD3,HUMAN,0.6,"Burstein ES, et al., 2005",CLONED
cid:3559,3559,Haloperidol,"Substituted_piperidines, Butyrophenone",pdsp,DOPAMINE D3,DRD3,HUMAN,0.2,"Burstein ES, et al., 2005",CLONED
cid:3559,3559,Haloperidol,"Substituted_piperidines, Butyrophenone",pdsp,DOPAMINE D4,DRD4,HUMAN,22.0,"Burstein ES, et al., 2005",CLONED
cid:3559,3559,Haloperidol,"Substituted_piperidines, Butyrophenone",pdsp,DOPAMINE D1,DRD1,RAT,781.0,"Chipkin RE, et al., 1988",STRIATUM
cid:3559,3559,Haloperidol,"Substituted_piperidines, Butyrophenone",pdsp,DOPAMINE D2,DRD2,RAT,3.6,"Chipkin RE, et al., 1988",STRIATUM
cid:3559,3559,Haloperidol,"Substituted_piperidines, Butyrophenone",pdsp,5-HT2,,RAT,160.6,"Chipkin RE, et al., 1988",FR. CORTEX
cid:3559,3559,Haloperidol,"Substituted_piperidines, Butyrophenone",pdsp,HISTAMINE H1,HRH1,HUMAN,215.0,"Ghoneim OM, et al., 2006",CLONED
cid:3559,3559,Haloperidol,"Substituted_piperidines, Butyrophenone",pdsp,DOPAMINE D2,DRD2,UNDEFINED,3.29999995231628,"Jung JY et al., 2007",UNDEFINED
cid:3559,3559,Haloperidol,"Substituted_piperidines, Butyrophenone",pdsp,DOPAMINE D4,DRD4,HUMAN,103.0,"Jung JY et al., 2007",UNDEFINED
cid:3559,3559,Haloperidol,"Substituted_piperidines, Butyrophenone",pdsp,DOPAMINE D3,DRD3,HUMAN,6.40000009536743,"Jung JY et al., 2007",UNDEFINED
cid:3559,3559,Haloperidol,"Substituted_piperidines, Butyrophenone",pdsp,Sigma 2 receptor,,UNDEFINED,34.2000007629395,"Weigl M et al., 2007",UNDEFINED
cid:3559,3559,Haloperidol,"Substituted_piperidines, Butyrophenone",pdsp,DOPAMINE D2,DRD2,UNDEFINED,2.0,"Leopoldo M et al., 2007",UNDEFINED
cid:3559,3559,Haloperidol,"Substituted_piperidines, Butyrophenone",pdsp,DOPAMINE D3,DRD3,HUMAN,16.0,"Leopoldo M et al., 2007",UNDEFINED
cid:3559,3559,Haloperidol,"Substituted_piperidines, Butyrophenone",pdsp,DOPAMINE D2,DRD2,UNDEFINED,2.59999990463257,"Leopoldo M et al., 2007",UNDEFINED
cid:3559,3559,Haloperidol,"Substituted_piperidines, Butyrophenone",pdsp,5-HT6,HTR6,HUMAN,6000.0,"Ablordeppey SY et al., 2008",UNDEFINED
cid:3559,3559,Haloperidol,"Substituted_piperidines, Butyrophenone",pdsp,"Cholinergic, muscarinic M1",CHRM1,HUMAN,1600.0,"Ablordeppey SY et al., 2008",UNDEFINED
cid:3559,3559,Haloperidol,"Substituted_piperidines, Butyrophenone",pdsp,DOPAMINE D1,DRD1,HUMAN,120.0,"Ablordeppey SY et al., 2008",UNDEFINED
cid:3559,3559,Haloperidol,"Substituted_piperidines, Butyrophenone",pdsp,DOPAMINE D2,DRD2,HUMAN,1.39999997615814,"Ablordeppey SY et al., 2008",UNDEFINED
cid:3559,3559,Haloperidol,"Substituted_piperidines, Butyrophenone",pdsp,DOPAMINE D3,DRD3,HUMAN,2.5,"Ablordeppey SY et al., 2008",UNDEFINED
cid:3559,3559,Haloperidol,"Substituted_piperidines, Butyrophenone",pdsp,DOPAMINE D4,DRD4,HUMAN,3.29999995231628,"Ablordeppey SY et al., 2008",UNDEFINED
cid:3559,3559,Haloperidol,"Substituted_piperidines, Butyrophenone",pdsp,5-HT2C,HTR2C,HUMAN,4700.0,"Ablordeppey SY et al., 2008",UNDEFINED
cid:3559,3559,Haloperidol,"Substituted_piperidines, Butyrophenone",pdsp,HISTAMINE H1,HRH1,HUMAN,440.0,"Ablordeppey SY et al., 2008",UNDEFINED
cid:3559,3559,Haloperidol,"Substituted_piperidines, Butyrophenone",pdsp,5-HT1A,HTR1A,HUMAN,3600.0,"Ablordeppey SY et al., 2008",UNDEFINED
cid:3559,3559,Haloperidol,"Substituted_piperidines, Butyrophenone",pdsp,5-HT2A,HTR2A,HUMAN,120.0,"Ablordeppey SY et al., 2008",UNDEFINED
cid:3559,3559,Haloperidol,"Substituted_piperidines, Butyrophenone",pdsp,5-HT Transporter,SLC6A4,HUMAN,1800.0,"Ablordeppey SY et al., 2008",UNDEFINED
cid:3559,3559,Haloperidol,"Substituted_piperidines, Butyrophenone",pdsp,DOPAMINE D2,DRD2,HUMAN,6400.0,"Colabufo NA et al., 2008",UNDEFINED
cid:3559,3559,Haloperidol,"Substituted_piperidines, Butyrophenone",pdsp,DOPAMINE D2,DRD2,HUMAN,4.19999980926514,"Leopoldo M et al., 2009",UNDEFINED
cid:3559,3559,Haloperidol,"Substituted_piperidines, Butyrophenone",pdsp,DOPAMINE D2,DRD2,HUMAN,5.09000015258789,"Yamaguchi K et al., 2008",UNDEFINED
cid:3559,3559,Haloperidol,"Substituted_piperidines, Butyrophenone",pdsp,DOPAMINE D2,DRD2,HUMAN,4.19999980926514,"Leopoldo M et al., 2008",UNDEFINED
cid:3559,3559,Haloperidol,"Substituted_piperidines, Butyrophenone",pdsp,DOPAMINE D3,DRD3,HUMAN,5.5,"Sikazwe DM et al., 2009",UNDEFINED
cid:3559,3559,Haloperidol,"Substituted_piperidines, Butyrophenone",pdsp,DOPAMINE D2,DRD2,HUMAN,1.10000002384186,"Sikazwe DM et al., 2009",UNDEFINED
cid:3559,3559,Haloperidol,"Substituted_piperidines, Butyrophenone",pdsp,DOPAMINE D4,DRD4,HUMAN,12.6999998092651,"Sikazwe DM et al., 2009",UNDEFINED
cid:3559,3559,Haloperidol,"Substituted_piperidines, Butyrophenone",pdsp,DOPAMINE D1,DRD1,RAT,318.0,"Butini S et al., 2009",UNDEFINED
cid:3559,3559,Haloperidol,"Substituted_piperidines, Butyrophenone",pdsp,DOPAMINE D3,DRD3,UNDEFINED,0.899999976158142,"Butini S et al., 2009",UNDEFINED
cid:3559,3559,Haloperidol,"Substituted_piperidines, Butyrophenone",pdsp,5-HT1A,HTR1A,RAT,1800.0,"Butini S et al., 2009",UNDEFINED
cid:3559,3559,Haloperidol,"Substituted_piperidines, Butyrophenone",pdsp,DOPAMINE D2,DRD2,UNDEFINED,3.0,"Rotella DP et al., 2009",UNDEFINED
cid:3559,3559,Haloperidol,"Substituted_piperidines, Butyrophenone",pdsp,DOPAMINE D2,DRD2,HUMAN,1.89999997615814,"Pettersson F et al., 2010",UNDEFINED
cid:3559,3559,Haloperidol,"Substituted_piperidines, Butyrophenone",pdsp,DOPAMINE D2,DRD2,HUMAN,1.0,"Pettersson F et al., 2010",UNDEFINED
cid:3559,3559,Haloperidol,"Substituted_piperidines, Butyrophenone",pdsp,DOPAMINE D2,DRD2,HUMAN,3.0,"Yan Y et al., 2010",UNDEFINED
cid:3559,3559,Haloperidol,"Substituted_piperidines, Butyrophenone",pdsp,DOPAMINE D4.4,,HUMAN,1.87,"Newman-Tancredi A, et al., 1997",CLONED
cid:3559,3559,Haloperidol,"Substituted_piperidines, Butyrophenone",pdsp,HISTAMINE H1,HRH1,HUMAN,3002.0,"Ablordeppey S, et al., 2006",CLONED
cid:3559,3559,Haloperidol,"Substituted_piperidines, Butyrophenone",pdsp,adrenergic Alpha2C,ADRA2C,HUMAN,550.0,"Ablordeppey S, et al., 2006",CLONED
cid:3559,3559,Haloperidol,"Substituted_piperidines, Butyrophenone",pdsp,adrenergic Alpha2B,ADRA2B,HUMAN,480.0,"Ablordeppey S, et al., 2006",CLONED
cid:3559,3559,Haloperidol,"Substituted_piperidines, Butyrophenone",pdsp,adrenergic Alpha2A,ADRA2A,HUMAN,473.0,"Ablordeppey S, et al., 2006",CLONED
cid:3559,3559,Haloperidol,"Substituted_piperidines, Butyrophenone",pdsp,adrenergic Alpha1B,ADRA1B,HUMAN,8.0,"Ablordeppey S, et al., 2006",CLONED
cid:3559,3559,Haloperidol,"Substituted_piperidines, Butyrophenone",pdsp,adrenergic Alpha1A,ADRA1A,HUMAN,12.0,"Ablordeppey S, et al., 2006",CLONED
cid:3559,3559,Haloperidol,"Substituted_piperidines, Butyrophenone",pdsp,5-HT2C,HTR2C,HUMAN,5.5,"Ablordeppey S, et al., 2006",CLONED
cid:3559,3559,Haloperidol,"Substituted_piperidines, Butyrophenone",pdsp,5-HT2A,HTR2A,HUMAN,435.0,"Ablordeppey S, et al., 2006",CLONED
cid:3559,3559,Haloperidol,"Substituted_piperidines, Butyrophenone",pdsp,5-HT1A,HTR1A,HUMAN,1202.0,"Ablordeppey S, et al., 2006",CLONED
cid:3559,3559,Haloperidol,"Substituted_piperidines, Butyrophenone",pdsp,DOPAMINE D4.4,,HUMAN,15.0,"Ablordeppey S, et al., 2006",CLONED
cid:3559,3559,Haloperidol,"Substituted_piperidines, Butyrophenone",pdsp,DOPAMINE D3,DRD3,HUMAN,12.0,"Ablordeppey S, et al., 2006",CLONED
cid:3559,3559,Haloperidol,"Substituted_piperidines, Butyrophenone",pdsp,DOPAMINE D2,DRD2,HUMAN,2.0,"Ablordeppey S, et al., 2006",CLONED
cid:3559,3559,Haloperidol,"Substituted_piperidines, Butyrophenone",pdsp,5-HT1A,HTR1A,HUMAN,3500.0,"Gillman P, et al., 2005",CLONED
cid:3559,3559,Haloperidol,"Substituted_piperidines, Butyrophenone",pdsp,5-HT2A,HTR2A,HUMAN,30.0,"Gillman P, et al., 2005",CLONED
cid:3559,3559,Haloperidol,"Substituted_piperidines, Butyrophenone",pdsp,Sigma 1,,RAT,4.0,"Mcleod, Michael C. et. al., 2016",BRAIN
cid:3559,3559,Haloperidol,"Substituted_piperidines, Butyrophenone",pdsp,Sigma 2,,RAT,14.0,"Mcleod, Michael C. et. al., 2016",BRAIN
cid:3559,3559,Haloperidol,"Substituted_piperidines, Butyrophenone",pdsp,DOPAMINE,,CALF,500.0,"Creese, I et al., 1976a",CAUDATE
cid:3559,3559,Haloperidol,"Substituted_piperidines, Butyrophenone",pdsp,DOPAMINE,,CALF,2.5,"Creese, I et al., 1976a",CAUDATE
cid:3559,3559,Haloperidol,"Substituted_piperidines, Butyrophenone",pdsp,DOPAMINE D1,DRD1,RAT,130.0,"Morimoto, T et al., 2002",STRIATUM
cid:3559,3559,Haloperidol,"Substituted_piperidines, Butyrophenone",pdsp,DOPAMINE D2,DRD2,RAT,2.4,"Morimoto, T et al., 2002",STRIATUM
cid:3559,3559,Haloperidol,"Substituted_piperidines, Butyrophenone",pdsp,5-HT1A,HTR1A,RAT,1800.0,"Morimoto, T et al., 2002",HIPPOCAMPUS
cid:3559,3559,Haloperidol,"Substituted_piperidines, Butyrophenone",pdsp,5-HT2A,HTR2A,RAT,47.0,"Morimoto, T et al., 2002",CEREBRAL CORTEX
cid:3559,3559,Haloperidol,"Substituted_piperidines, Butyrophenone",pdsp,5-HT2C,HTR2C,PIG,5700.0,"Morimoto, T et al., 2002",Choroid Plexus
cid:3559,3559,Haloperidol,"Substituted_piperidines, Butyrophenone",pdsp,Adrenaline  Alpha1,,RAT,4.4,"Morimoto, T et al., 2002",CEREBRAL CORTEX
cid:3559,3559,Haloperidol,"Substituted_piperidines, Butyrophenone",pdsp,Adrenaline  Alpha2,,RAT,10000.0,"Morimoto, T et al., 2002",CEREBRAL CORTEX
cid:3559,3559,Haloperidol,"Substituted_piperidines, Butyrophenone",pdsp,Adrenaline Beta,,RAT,10000.0,"Morimoto, T et al., 2002",CEREBRAL CORTEX
cid:3559,3559,Haloperidol,"Substituted_piperidines, Butyrophenone",pdsp,HISTAMINE H1,HRH1,RAT,2900.0,"Morimoto, T et al., 2002",CEREBRAL CORTEX
cid:3559,3559,Haloperidol,"Substituted_piperidines, Butyrophenone",pdsp,NMDA,,RAT,10000.0,"Morimoto, T et al., 2002",CEREBRAL CORTEX
cid:3559,3559,Haloperidol,"Substituted_piperidines, Butyrophenone",pdsp,Muscarine Acetylcholine,,RAT,10000.0,"Morimoto, T et al., 2002",CEREBRAL CORTEX
cid:3559,3559,Haloperidol,"Substituted_piperidines, Butyrophenone",pdsp,DOPAMINE D1,DRD1,HUMAN,117.48975549395,"Schmidt, AW. et, al. 2001",CLONED
cid:3559,3559,Haloperidol,"Substituted_piperidines, Butyrophenone",pdsp,DOPAMINE D2,DRD2,HUMAN,1.3489628825917,"Schmidt, AW. et, al. 2001",CLONED
cid:3559,3559,Haloperidol,"Substituted_piperidines, Butyrophenone",pdsp,DOPAMINE D3,DRD3,HUMAN,2.454708915685,"Schmidt, AW. et, al. 2001",CLONED
cid:3559,3559,Haloperidol,"Substituted_piperidines, Butyrophenone",pdsp,DOPAMINE D4,DRD4,HUMAN,3.3113112148259,"Schmidt, AW. et, al. 2001",CLONED
cid:3559,3559,Haloperidol,"Substituted_piperidines, Butyrophenone",pdsp,5-HT1A,HTR1A,HUMAN,3630.780547701,"Schmidt, AW. et, al. 2001",CLONED
cid:3559,3559,Haloperidol,"Substituted_piperidines, Butyrophenone",pdsp,5-HT2A,HTR2A,HUMAN,123.02687708124,"Schmidt, AW. et, al. 2001",CLONED
cid:3559,3559,Haloperidol,"Substituted_piperidines, Butyrophenone",pdsp,5-HT2C,HTR2C,HUMAN,4677.351412872,"Schmidt, AW. et, al. 2001",CLONED
cid:3559,3559,Haloperidol,"Substituted_piperidines, Butyrophenone",pdsp,5-HT6,HTR6,HUMAN,6025.5958607436,"Schmidt, AW. et, al. 2001",CLONED
cid:3559,3559,Haloperidol,"Substituted_piperidines, Butyrophenone",pdsp,5-HT7,HTR7,HUMAN,1122.018454302,"Schmidt, AW. et, al. 2001",CLONED
cid:3559,3559,Haloperidol,"Substituted_piperidines, Butyrophenone",pdsp,alpha1-Adrenocepter,,HUMAN,4.677351412872,"Schmidt, AW. et, al. 2001",CLONED
cid:3559,3559,Haloperidol,"Substituted_piperidines, Butyrophenone",pdsp,alpha2-Adrenocepter,,HUMAN,1202.2644346174,"Schmidt, AW. et, al. 2001",CLONED
cid:3559,3559,Haloperidol,"Substituted_piperidines, Butyrophenone",pdsp,HISTAMINE H1,HRH1,HUMAN,436.51583224017,"Schmidt, AW. et, al. 2001",CLONED
cid:3559,3559,Haloperidol,"Substituted_piperidines, Butyrophenone",pdsp,Muscarinic M1,,HUMAN,1584.8931924611,"Schmidt, AW. et, al. 2001",CLONED
cid:3559,3559,Haloperidol,"Substituted_piperidines, Butyrophenone",pdsp,DOPAMINE D3,DRD3,MOUSE,4.3,"Fishburn CS, et al., 1993",CLONED
cid:3559,3559,Haloperidol,"Substituted_piperidines, Butyrophenone",pdsp,D3,,RAT,4.3651583224017,"Silvestre, JS. et, al. 2005",CLONED
cid:3559,3559,Haloperidol,"Substituted_piperidines, Butyrophenone",pdsp,D4,,HUMAN,4.1686938347033,"Silvestre, JS. et, al. 2005",CLONED
cid:3559,3559,Haloperidol,"Substituted_piperidines, Butyrophenone",pdsp,alpha1,,HUMAN,9.1201083935591,"Silvestre, JS. et, al. 2005",CLONED
cid:3559,3559,Haloperidol,"Substituted_piperidines, Butyrophenone",pdsp,alpha2,,HUMAN,2398.8329190195,"Silvestre, JS. et, al. 2005",CLONED
cid:3559,3559,Haloperidol,"Substituted_piperidines, Butyrophenone",pdsp,5-HT1A,HTR1A,HUMAN,1949.844599758,"Silvestre, JS. et, al. 2005",CLONED
cid:3559,3559,Haloperidol,"Substituted_piperidines, Butyrophenone",pdsp,5-HT2A,HTR2A,HUMAN,109.64781961432,"Silvestre, JS. et, al. 2005",CLONED
cid:3559,3559,Haloperidol,"Substituted_piperidines, Butyrophenone",pdsp,5-HT2C,HTR2C,RAT,7413.1024130092,"Silvestre, JS. et, al. 2005",CLONED
cid:3559,3559,Haloperidol,"Substituted_piperidines, Butyrophenone",pdsp,5-HT3,HTR3A,HUMAN,8317.6377110267,"Silvestre, JS. et, al. 2005",CLONED
cid:3559,3559,Haloperidol,"Substituted_piperidines, Butyrophenone",pdsp,5-HT6,HTR6,HUMAN,5495.4087385762,"Silvestre, JS. et, al. 2005",CLONED
cid:3559,3559,Haloperidol,"Substituted_piperidines, Butyrophenone",pdsp,5-HT7,HTR7,HUMAN,323.59365692963,"Silvestre, JS. et, al. 2005",CLONED
cid:3559,3559,Haloperidol,"Substituted_piperidines, Butyrophenone",pdsp,H1,,HUMAN,851.13803820238,"Silvestre, JS. et, al. 2005",CLONED
cid:3559,3559,Haloperidol,"Substituted_piperidines, Butyrophenone",pdsp,"Cholinergic, muscarinic M1",CHRM1,HUMAN,3090.2954325136,"Silvestre, JS. et, al. 2005",CLONED
cid:3559,3559,Haloperidol,"Substituted_piperidines, Butyrophenone",pdsp,"Cholinergic, muscarinic M2",CHRM2,HUMAN,5248.0746024977,"Silvestre, JS. et, al. 2005",CLONED
cid:3559,3559,Haloperidol,"Substituted_piperidines, Butyrophenone",pdsp,"Cholinergic, muscarinic M3",CHRM3,RAT,7079.4578438414,"Silvestre, JS. et, al. 2005",CLONED
cid:3559,3559,Haloperidol,"Substituted_piperidines, Butyrophenone",pdsp,DAT,,HUMAN,2398.8329190195,"Silvestre, JS. et, al. 2005",CLONED
cid:3559,3559,Haloperidol,"Substituted_piperidines, Butyrophenone",pdsp,D1,,HUMAN,43.651583224017,"Silvestre, JS. et, al. 2005",CLONED
cid:3559,3559,Haloperidol,"Substituted_piperidines, Butyrophenone",pdsp,D2,,HUMAN,1.9952623149689,"Silvestre, JS. et, al. 2005",CLONED
cid:3559,3559,Haloperidol,"Substituted_piperidines, Butyrophenone",pdsp,DOPAMINE D2,DRD2,RAT,1.4,"Claustre Y, et.al., 2003",STRIATUM
cid:3559,3559,Haloperidol,"Substituted_piperidines, Butyrophenone",pdsp,DOPAMINE D3,DRD3,BOVINE,6.2,"Claustre Y, et.al., 2003",CAUDATE
cid:3559,3559,Haloperidol,"Substituted_piperidines, Butyrophenone",pdsp,5-HT1A,HTR1A,RAT,1000.0,"Claustre Y, et.al., 2003",HIPPOCAMPUS
cid:3559,3559,Haloperidol,"Substituted_piperidines, Butyrophenone",pdsp,H1,,HUMAN,1949.844599758,"Appl, Heidrun.  et. al, 2011",CLONED
cid:3559,3559,Haloperidol,"Substituted_piperidines, Butyrophenone",pdsp,H3,,HUMAN,100000.0,"Appl, Heidrun.  et. al, 2011",CLONED
cid:3559,3559,Haloperidol,"Substituted_piperidines, Butyrophenone",pdsp,H4,,HUMAN,100000.0,"Appl, Heidrun.  et. al, 2011",CLONED
cid:3559,3559,Haloperidol,"Substituted_piperidines, Butyrophenone",pdsp,D2,,HUMAN,3.28,"Ishibashi, Tadashi.  et. al, 2010",CLONED
cid:3559,3559,Haloperidol,"Substituted_piperidines, Butyrophenone",pdsp,5-HT2A,HTR2A,HUMAN,84.7,"Ishibashi, Tadashi.  et. al, 2010",CLONED
cid:3559,3559,Haloperidol,"Substituted_piperidines, Butyrophenone",pdsp,noradrenaline-alpha1,,HUMAN,17.9,"Ishibashi, Tadashi.  et. al, 2010",CLONED
cid:3559,3559,Haloperidol,"Substituted_piperidines, Butyrophenone",pdsp,H1,,HUMAN,330.0,"Ishibashi, Tadashi.  et. al, 2010",CLONED
cid:3559,3559,Haloperidol,"Substituted_piperidines, Butyrophenone",pdsp,DOPAMINE D2,DRD2,HAMSTER,0.3,"Hirose, Tsuyoshi.  et. al, 2005",Ovary
cid:3559,3559,Haloperidol,"Substituted_piperidines, Butyrophenone",pdsp,DOPAMINE D2,DRD2,HAMSTER,0.16,"Hirose, Tsuyoshi.  et. al, 2005",Ovary
cid:3559,3559,Haloperidol,"Substituted_piperidines, Butyrophenone",pdsp,HISTAMINE H1,HRH1,HUMAN,2500.0,"Chang, R et., 1978",FR. CORTEX
cid:3559,3559,Haloperidol,"Substituted_piperidines, Butyrophenone",pdsp,HISTAMINE H1,HRH1,GUINEA PIG,800.0,"Chang, R et., 1978",BRAIN
cid:3559,3559,Haloperidol,"Substituted_piperidines, Butyrophenone",pdsp,HISTAMINE H1,HRH1,RAT,3300.0,"Chang, R et., 1978",BRAIN
cid:3559,3559,Haloperidol,"Substituted_piperidines, Butyrophenone",pdsp,D1,,HUMAN,120.0,"Hirose, Tsuyoshi.  et. al, 2005",CLONED
cid:3559,3559,Haloperidol,"Substituted_piperidines, Butyrophenone",pdsp,D2,,HUMAN,1.4,"Hirose, Tsuyoshi.  et. al, 2005",CLONED
cid:3559,3559,Haloperidol,"Substituted_piperidines, Butyrophenone",pdsp,D3,,HUMAN,2.5,"Hirose, Tsuyoshi.  et. al, 2005",CLONED
cid:3559,3559,Haloperidol,"Substituted_piperidines, Butyrophenone",pdsp,D4,,HUMAN,3.3,"Hirose, Tsuyoshi.  et. al, 2005",CLONED
cid:3559,3559,Haloperidol,"Substituted_piperidines, Butyrophenone",pdsp,5-HT1A,HTR1A,HUMAN,3600.0,"Hirose, Tsuyoshi.  et. al, 2005",CLONED
cid:3559,3559,Haloperidol,"Substituted_piperidines, Butyrophenone",pdsp,5-HT2A,HTR2A,HUMAN,120.0,"Hirose, Tsuyoshi.  et. al, 2005",CLONED
cid:3559,3559,Haloperidol,"Substituted_piperidines, Butyrophenone",pdsp,5-HT2C,HTR2C,HUMAN,4700.0,"Hirose, Tsuyoshi.  et. al, 2005",CLONED
cid:3559,3559,Haloperidol,"Substituted_piperidines, Butyrophenone",pdsp,5-HT6,HTR6,HUMAN,6000.0,"Hirose, Tsuyoshi.  et. al, 2005",CLONED
cid:3559,3559,Haloperidol,"Substituted_piperidines, Butyrophenone",pdsp,5-HT7,HTR7,HUMAN,1100.0,"Hirose, Tsuyoshi.  et. al, 2005",CLONED
cid:3559,3559,Haloperidol,"Substituted_piperidines, Butyrophenone",pdsp,alpha1,,HUMAN,4.7,"Hirose, Tsuyoshi.  et. al, 2005",CLONED
cid:3559,3559,Haloperidol,"Substituted_piperidines, Butyrophenone",pdsp,alpha2,,HUMAN,1200.0,"Hirose, Tsuyoshi.  et. al, 2005",CLONED
cid:3559,3559,Haloperidol,"Substituted_piperidines, Butyrophenone",pdsp,H1,,HUMAN,440.0,"Hirose, Tsuyoshi.  et. al, 2005",CLONED
cid:3559,3559,Haloperidol,"Substituted_piperidines, Butyrophenone",pdsp,"Cholinergic, muscarinic M1",CHRM1,HUMAN,1600.0,"Hirose, Tsuyoshi.  et. al, 2005",CLONED
cid:3559,3559,Haloperidol,"Substituted_piperidines, Butyrophenone",pdsp,DOPAMINE D1,DRD1,PIG,269.15348039269,"Gross, G.  et, al. 1991",STRIATUM
cid:3559,3559,Haloperidol,"Substituted_piperidines, Butyrophenone",pdsp,DOPAMINE D2,DRD2,PIG,0.8128305161641,"Gross, G.  et, al. 1991",STRIATUM
cid:3559,3559,Haloperidol,"Substituted_piperidines, Butyrophenone",pdsp,5-HT1A,HTR1A,HUMAN,1703.0,"Zajdel, Pawel et. al, 2018",CLONED
cid:3559,3559,Haloperidol,"Substituted_piperidines, Butyrophenone",pdsp,5-HT2A,HTR2A,HUMAN,89.0,"Zajdel, Pawel et. al, 2018",CLONED
cid:3559,3559,Haloperidol,"Substituted_piperidines, Butyrophenone",pdsp,5-HT6,HTR6,HUMAN,1083.0,"Zajdel, Pawel et. al, 2018",CLONED
cid:3559,3559,Haloperidol,"Substituted_piperidines, Butyrophenone",pdsp,5-HT7,HTR7,HUMAN,408.0,"Zajdel, Pawel et. al, 2018",CLONED
cid:3559,3559,Haloperidol,"Substituted_piperidines, Butyrophenone",pdsp,D2,,HUMAN,2.0,"Zajdel, Pawel et. al, 2018",CLONED
cid:3559,3559,Haloperidol,"Substituted_piperidines, Butyrophenone",pdsp,DOPAMINE D1,DRD1,Monkey,156.0,"Grandy DK, et al., 1991",KIDNEY
cid:3559,3559,Haloperidol,"Substituted_piperidines, Butyrophenone",pdsp,DOPAMINE D1,DRD1,RAT,36.0,"Liao Y, et.al., 1997",STRIATUM
cid:3559,3559,Haloperidol,"Substituted_piperidines, Butyrophenone",pdsp,DOPAMINE D2,DRD2,RAT,7.5,"Liao Y, et.al., 1997",STRIATUM
cid:3559,3559,Haloperidol,"Substituted_piperidines, Butyrophenone",pdsp,5-HT2A,HTR2A,RAT,55.0,"Liao Y, et.al., 1997",BRAIN
cid:3559,3559,Haloperidol,"Substituted_piperidines, Butyrophenone",pdsp,5-HT2C,HTR2C,RAT,1000.0,"Liao Y, et.al., 1997",CLONED
cid:3559,3559,Haloperidol,"Substituted_piperidines, Butyrophenone",pdsp,HISTAMINE H1,HRH1,RAT,1000.0,"Liao Y, et.al., 1997",BRAIN
cid:3559,3559,Haloperidol,"Substituted_piperidines, Butyrophenone",pdsp,adrenergic Alpha1,,RAT,18.0,"Liao Y, et.al., 1997",BRAIN
cid:3559,3559,Haloperidol,"Substituted_piperidines, Butyrophenone",pdsp,"Cholinergic, muscarinic M1",CHRM1,HUMAN,5500.0,"Liao Y, et.al., 1997",CLONED
cid:3559,3559,Haloperidol,"Substituted_piperidines, Butyrophenone",pdsp,DOPAMINE D1,DRD1,HUMAN,83.0,"Maheux J, et al., 2005",CLONED
cid:3559,3559,Haloperidol,"Substituted_piperidines, Butyrophenone",pdsp,DOPAMINE D2,DRD2,HUMAN,2.4,"Maheux J, et al., 2005",CLONED
cid:3559,3559,Haloperidol,"Substituted_piperidines, Butyrophenone",pdsp,DOPAMINE D3,DRD3,RAT,15.0,"Maheux J, et al., 2005",CLONED
cid:3559,3559,Haloperidol,"Substituted_piperidines, Butyrophenone",pdsp,5-HT2A,HTR2A,HUMAN,60.0,"Maheux J, et al., 2005",CLONED
cid:3559,3559,Haloperidol,"Substituted_piperidines, Butyrophenone",pdsp,5-HT1A,HTR1A,HUMAN,1202.0,"Maheux J, et al., 2005",CLONED
cid:3559,3559,Haloperidol,"Substituted_piperidines, Butyrophenone",pdsp,HISTAMINE H1,HRH1,HUMAN,4160.0,"Maheux J, et al., 2005",CLONED
cid:3559,3559,Haloperidol,"Substituted_piperidines, Butyrophenone",pdsp,TMEM97,,Insect,54.1,Alon A et al 2017,Sf9
cid:3559,3559,Haloperidol,"Substituted_piperidines, Butyrophenone",pdsp,Sigma 2,,HUMAN,48.7,Alon A et al 2017,CLONED
cid:3559,3559,Haloperidol,"Substituted_piperidines, Butyrophenone",pdsp,5-HT1A,HTR1A,HUMAN,3600.0,"Bricker B.A., et al. 2019",CLONED
cid:3559,3559,Haloperidol,"Substituted_piperidines, Butyrophenone",pdsp,5-HT2A,HTR2A,HUMAN,120.0,"Bricker B.A., et al. 2019",CLONED
cid:3559,3559,Haloperidol,"Substituted_piperidines, Butyrophenone",pdsp,5-HT7,HTR7,HUMAN,1100.0,"Bricker B.A., et al. 2019",CLONED
cid:3559,3559,Haloperidol,"Substituted_piperidines, Butyrophenone",pdsp,D1,,HUMAN,120.0,"Bricker B.A., et al. 2019",CLONED
cid:3559,3559,Haloperidol,"Substituted_piperidines, Butyrophenone",pdsp,D2,,HUMAN,10.4,"Bricker B.A., et al. 2019",CLONED
cid:3559,3559,Haloperidol,"Substituted_piperidines, Butyrophenone",pdsp,D3,,HUMAN,20.5,"Bricker B.A., et al. 2019",CLONED
cid:3559,3559,Haloperidol,"Substituted_piperidines, Butyrophenone",pdsp,D4,,HUMAN,30.3,"Bricker B.A., et al. 2019",CLONED
cid:3559,3559,Haloperidol,"Substituted_piperidines, Butyrophenone",pdsp,D5,,HUMAN,147.0,"Bricker B.A., et al. 2019",CLONED
cid:3559,3559,Haloperidol,"Substituted_piperidines, Butyrophenone",pdsp,5-HT2C,HTR2C,HUMAN,4700.0,"Bricker B.A., et al. 2019",CLONED
cid:3559,3559,Haloperidol,"Substituted_piperidines, Butyrophenone",pdsp,H1,,HUMAN,440.0,"Bricker B.A., et al. 2019",CLONED
cid:3559,3559,Haloperidol,"Substituted_piperidines, Butyrophenone",pdsp,"Cholinergic, muscarinic M1",CHRM1,HUMAN,1600.0,"Bricker B.A., et al. 2019",CLONED
cid:3559,3559,Haloperidol,"Substituted_piperidines, Butyrophenone",pdsp,D2,,HUMAN,0.89,Peprah K et al 2012,CLONED
cid:3559,3559,Haloperidol,"Substituted_piperidines, Butyrophenone",pdsp,D4,,HUMAN,10.0,Peprah K et al 2012,CLONED
cid:3559,3559,Haloperidol,"Substituted_piperidines, Butyrophenone",pdsp,5-HT1A,HTR1A,HUMAN,3600.0,Peprah K et al 2012,CLONED
cid:3559,3559,Haloperidol,"Substituted_piperidines, Butyrophenone",pdsp,5-HT2A,HTR2A,HUMAN,120.0,Peprah K et al 2012,CLONED
cid:3559,3559,Haloperidol,"Substituted_piperidines, Butyrophenone",pdsp,5-HT2C,HTR2C,HUMAN,4700.0,Peprah K et al 2012,CLONED
cid:3559,3559,Haloperidol,"Substituted_piperidines, Butyrophenone",pdsp,H1,,HUMAN,440.0,Peprah K et al 2012,CLONED
cid:3559,3559,Haloperidol,"Substituted_piperidines, Butyrophenone",pdsp,"Cholinergic, muscarinic M1",CHRM1,HUMAN,1600.0,Peprah K et al 2012,CLONED
cid:3559,3559,Haloperidol,"Substituted_piperidines, Butyrophenone",pdsp,5-HT1A,HTR1A,HUMAN,3600.0,Sampson D et al 2014,CLONED
cid:3559,3559,Haloperidol,"Substituted_piperidines, Butyrophenone",pdsp,5-HT2A,HTR2A,HUMAN,120.0,Sampson D et al 2014,CLONED
cid:3559,3559,Haloperidol,"Substituted_piperidines, Butyrophenone",pdsp,D1,,HUMAN,120.0,Sampson D et al 2014,CLONED
cid:3559,3559,Haloperidol,"Substituted_piperidines, Butyrophenone",pdsp,D2,,HUMAN,0.89,Sampson D et al 2014,CLONED
cid:3559,3559,Haloperidol,"Substituted_piperidines, Butyrophenone",pdsp,D3,,HUMAN,2.5,Sampson D et al 2014,CLONED
cid:3559,3559,Haloperidol,"Substituted_piperidines, Butyrophenone",pdsp,D4,,HUMAN,10.0,Sampson D et al 2014,CLONED
cid:3559,3559,Haloperidol,"Substituted_piperidines, Butyrophenone",pdsp,5-HT2C,HTR2C,HUMAN,4700.0,Sampson D et al 2014,CLONED
cid:3559,3559,Haloperidol,"Substituted_piperidines, Butyrophenone",pdsp,H1,,HUMAN,440.0,Sampson D et al 2014,CLONED
cid:3559,3559,Haloperidol,"Substituted_piperidines, Butyrophenone",pdsp,Norepinephrine transporter,,HUMAN,5500.0,Sampson D et al 2014,CLONED
cid:3559,3559,Haloperidol,"Substituted_piperidines, Butyrophenone",pdsp,SERT,,HUMAN,1800.0,Sampson D et al 2014,CLONED
cid:3559,3559,Haloperidol,"Substituted_piperidines, Butyrophenone",pdsp,D2L,,HUMAN,1.1,Vangveravong S et al 2010,CLONED
cid:3559,3559,Haloperidol,"Substituted_piperidines, Butyrophenone",pdsp,D3,,HUMAN,12.7,Vangveravong S et al 2010,CLONED
cid:3559,3559,Haloperidol,"Substituted_piperidines, Butyrophenone",pdsp,Sigma 1,,GUINEA PIG,1.45,Vangveravong S et al 2010,brain membranes
cid:3559,3559,Haloperidol,"Substituted_piperidines, Butyrophenone",pdsp,Sigma 2,,RAT,24.2,Vangveravong S et al 2010,liver membranes
cid:3559,3559,Haloperidol,"Substituted_piperidines, Butyrophenone",pdsp,Sigma 1,,RAT,7.0,Sun H et al 2016,BRAIN
cid:3559,3559,Haloperidol,"Substituted_piperidines, Butyrophenone",pdsp,Sigma 2,,RAT,19.6,Sun H et al 2016,PC12
cid:774,774,Histamine,,pdsp,5-HT1A,HTR1A,C0S-7,6011.0,"RAYMOND ET AL., 1989",CELLS
cid:774,774,Histamine,,pdsp,5-HT1A,HTR1A,BOVINE,10000.0,"DOMPERT ET AL., 1985",HIPPOCAMPUS
cid:774,774,Histamine,,pdsp,5-HT1A,HTR1A,RAT,10000.0,"PEROUTKA, 1986",CORTEX
cid:774,774,Histamine,,pdsp,5-HT1B,HTR1B,RAT,10000.0,"PEROUTKA, 1986",CORTEX
cid:774,774,Histamine,,pdsp,5-HT3,HTR3A,RAT,10000.0,"BARNES ET AL., 1988",ENTO CORTEX
cid:774,774,Histamine,,pdsp,5-HT3,HTR3A,HUMAN,10000.0,"BARNES ET AL., 1989",AMYGDALA
cid:774,774,Histamine,,pdsp,5-HT3,HTR3A,HUMAN,10000.0,"BARNES ET AL., 1989",HIPPOCAMPUS
cid:774,774,Histamine,,pdsp,5-HT2A,HTR2A,RAT,10000.0,"LYON ET AL., 1987",CORTEX
cid:774,774,Histamine,,pdsp,5-HT2A,HTR2A,HUMAN,10000.0,"ELLIOT & KENT, 1989",FR. CORTEX
cid:774,774,Histamine,,pdsp,5-HT7,HTR7,RAT,10000.0,"RUAT M, ET AL., 1993",CLONED
cid:774,774,Histamine,,pdsp,5-HT7,HTR7,HUMAN,10000.0,"BARD JA, ET AL., 1993",CLONED
cid:774,774,Histamine,,pdsp,HISTAMINE H1,HRH1,HUMAN,1258.92,"Moguilevsky N et al, 1994",CLONED
cid:774,774,Histamine,,pdsp,HISTAMINE H1,HRH1,GUINEA PIG,3162.27,"Moguilevsky N et al, 1994",CEREBELLUM
cid:774,774,Histamine,,pdsp,HISTAMINE H3,HRH3,RAT,13.2,"Lovenberg, TW  et al., 2000",CLONED
cid:774,774,Histamine,,pdsp,HISTAMINE H3,HRH3,HUMAN,15.2,"Lovenberg, TW  et al., 2000",CLONED
cid:774,774,Histamine,,pdsp,HISTAMINE H3,HRH3,RAT,12.0,"Lovenberg, TW  et al., 2000",CORTEX
cid:774,774,Histamine,,pdsp,HISTAMINE H3,HRH3,RAT,11.0,"West RE Jr., et al., 1990",BRAIN
cid:774,774,Histamine,,pdsp,HISTAMINE H1,HRH1,GUINEA PIG,10000.0,"Leurs R, et al., 1994",CLONED
cid:774,774,Histamine,,pdsp,HISTAMINE H1,HRH1,HUMAN,1258.92,"Moguilevsky N, et al., 1995",CLONED
cid:774,774,Histamine,,pdsp,HISTAMINE H1,HRH1,HUMAN,10000.0,"Arias-Montano, et al., 1993",FR. CORTEX
cid:774,774,Histamine,,pdsp,HISTAMINE H3,HRH3,GUINEA PIG,100.0,"Hill JA., 1992",CEREBRAL CORTEX
cid:774,774,Histamine,,pdsp,HISTAMINE H1,HRH1,GUINEA PIG,100.0,"Hill JA., 1992",BRAIN
cid:774,774,Histamine,,pdsp,HISTAMINE H2,HRH2,GUINEA PIG,100.0,"Hill JA., 1992",CORTICAL MEMBRANES
cid:774,774,Histamine,,pdsp,HISTAMINE H3,HRH3,RAT,25.11,"Brown JD, et al., 1996",CORTEX
cid:774,774,Histamine,,pdsp,HISTAMINE H3,HRH3,RAT,2.51,"Brown JD, et al., 1996",CORTEX
cid:774,774,Histamine,,pdsp,HISTAMINE H3,HRH3,RAT,10.0,"Brown JD, et al., 1996",CORTEX
cid:774,774,Histamine,,pdsp,HISTAMINE H3,HRH3,RAT,158.48,"Brown JD, et al., 1996",CORTEX
cid:774,774,Histamine,,pdsp,HISTAMINE H1,HRH1,HUMAN,10000.0,"Kanba S, et al., 1984",CORTICAL MEMBRANES
cid:774,774,Histamine,,pdsp,HISTAMINE H3,HRH3,RAT,7.3,"Ligneau X, et al., 1994",Striatal Membranes
cid:774,774,Histamine,,pdsp,HISTAMINE H3,HRH3,RAT,5.3,"Ligneau X, et al., 1994",Striatal Membranes
cid:774,774,Histamine,,pdsp,HISTAMINE H3,HRH3,RAT,62.0,"Ligneau X, et al., 1994",Striatal Membranes
cid:774,774,Histamine,,pdsp,HISTAMINE H3,HRH3,RAT,100.0,"Arrang JM, et al., 1988",BRAIN
cid:774,774,Histamine,,pdsp,HISTAMINE H3,HRH3,GUINEA PIG,100.0,"Arrang JM, et al., 1988",LUNG
cid:774,774,Histamine,,pdsp,HISTAMINE H1,HRH1,RAT,10000.0,"Tran VT, et al., 1978",BRAIN
cid:774,774,Histamine,,pdsp,DOPAMINE D1,DRD1,RAT,10000.0,"Billard W, et al., 1984",STRIATUM
cid:774,774,Histamine,,pdsp,DOPAMINE D2,DRD2,RAT,10000.0,"Billard W, et al., 1984",STRIATUM
cid:774,774,Histamine,,pdsp,Imidazoline I2,,RAT,10000.0,"Molderings GJ, et al., 1997",Stomach membranes
cid:774,774,Histamine,,pdsp,HISTAMINE H3,HRH3,HUMAN,5.4,"Liu C., et al., 2000",CLONED
cid:774,774,Histamine,,pdsp,HISTAMINE H3,HRH3,HUMAN,10000.0,"Lovenberg, TW  et al., 1999",CLONED
cid:774,774,Histamine,,pdsp,HISTAMINE H4,HRH4,HUMAN,3442.3,"Nguyen T. et al., 2001",CLONED
cid:774,774,Histamine,,pdsp,HISTAMINE H4,HRH4,HUMAN,8.1,"Liu C., et al., 2000",CLONED
cid:774,774,Histamine,,pdsp,HISTAMINE H3,HRH3,HUMAN,3.0,"Zhu, Yand, et al., 2001",CLONED
cid:774,774,Histamine,,pdsp,HISTAMINE H4,HRH4,HUMAN,17.0,"Zhu, Yand, et al., 2001",CLONED
cid:774,774,Histamine,,pdsp,HISTAMINE H4,HRH4,HUMAN,2.5,"Zhu, Yand, et al., 2001",CLONED
cid:774,774,Histamine,,pdsp,HISTAMINE H4,HRH4,GUINEA PIG,0.14,"Zhu, Yand, et al., 2001",CORTEX
cid:774,774,Histamine,,pdsp,HISTAMINE H4,HRH4,GUINEA PIG,104.0,"Zhu, Yand, et al., 2001",myenteric plexus
cid:774,774,Histamine,,pdsp,TA1,TRAR1,HUMAN,3107.0,"Borowsky B, et al.,2001",CLONED
cid:774,774,Histamine,,pdsp,HISTAMINE H1,HRH1,HUMAN,1258.9254117942,"Gillard M, et al., 2002",CLONED
cid:774,774,Histamine,,pdsp,HISTAMINE H1,HRH1,GUINEA PIG,9900.0,"Booth RG et al., 2002",CLONED
cid:774,774,Histamine,,pdsp,HISTAMINE H1,HRH1,HUMAN,10000.0,"Booth RG et al., 2002",CLONED
cid:774,774,Histamine,,pdsp,HISTAMINE H1,HRH1,HUMAN,10000.0,"Booth RG et al., 2002",CLONED
cid:774,774,Histamine,,pdsp,HISTAMINE H1,HRH1,GUINEA PIG,10000.0,"Booth RG et al., 2002",CLONED
cid:774,774,Histamine,,pdsp,HISTAMINE H1,HRH1,HUMAN,2060.0,"Seifert, R, et al., 2003",CLONED
cid:774,774,Histamine,,pdsp,HISTAMINE H1,HRH1,GUINEA PIG,4650.0,"Seifert, R, et al., 2003",CLONED
cid:774,774,Histamine,,pdsp,HISTAMINE H2,HRH2,RAT,17.0,"Borsini F, et al., 1995",BRAIN
cid:774,774,Histamine,,pdsp,HISTAMINE H2,HRH2,GUINEA PIG,10000.0,"Gajtkowski, GA et al., 1983",CEREBRAL CORTEX
cid:774,774,Histamine,,pdsp,HISTAMINE H1,HRH1,GUINEA PIG,10000.0,"Moniri, NH et al., 2004",CLONED
cid:774,774,Histamine,,pdsp,HISTAMINE H3,HRH3,RAT,4.9,"Hancock, AA, et al., 2004",CEREBRAL CORTEX
cid:774,774,Histamine,,pdsp,HISTAMINE H3,HRH3,HUMAN,2.32,"Hancock, AA, et al., 2004",CEREBRAL CORTEX
cid:774,774,Histamine,,pdsp,Histamine H3L,,RAT,2.66,"Hancock, AA, et al., 2004",CLONED
cid:774,774,Histamine,,pdsp,Histamine H3L,,HUMAN,2.61,"Hancock, AA, et al., 2004",CLONED
cid:774,774,Histamine,,pdsp,HISTAMINE H1,HRH1,HUMAN,7010.0,"Hancock, AA, et al., 2004",CLONED
cid:774,774,Histamine,,pdsp,HISTAMINE H2,HRH2,HUMAN,10000.0,"Hancock, AA, et al., 2004",CLONED
cid:774,774,Histamine,,pdsp,HISTAMINE H4,HRH4,HUMAN,39.8,"Hancock, AA, et al., 2004",CLONED
cid:774,774,Histamine,,pdsp,5-HT7,HTR7,RAT,1000.0,"SHEN Y, ET AL., 1993",CLONED
cid:774,774,Histamine,,pdsp,5-HT7,HTR7,RAT,1000.0,"SHEN Y, ET AL., 1993",CLONED
cid:774,774,Histamine,,pdsp,Histamine H2-Gs alpha S,,HUMAN,1200.0,"Xie SX, et al., 2006",Sf9
cid:774,774,Histamine,,pdsp,Histamine H2-Gs alpha S,,GUINEA PIG,1200.0,"Xie SX, et al., 2006",Sf9
cid:774,774,Histamine,,pdsp,HISTAMINE H1,HRH1,HUMAN,190.0,"Xie SX, et al., 2006",Sf9
cid:774,774,Histamine,,pdsp,HISTAMINE H1,HRH1,HUMAN,2000.0,"Xie SX, et al., 2006",Sf9
cid:774,774,Histamine,,pdsp,HISTAMINE H1,HRH1,GUINEA PIG,4600.0,"Xie SX, et al., 2006",Sf9
cid:774,774,Histamine,,pdsp,HISTAMINE H1,HRH1,HUMAN,10000.0,"Ghoneim OM, et al., 2006",CLONED
cid:774,774,Histamine,,pdsp,HISTAMINE H3,HRH3,HUMAN,5.19999980926514,"Ishikawa M et al., 2010",UNDEFINED
cid:774,774,Histamine,,pdsp,H1,,HUMAN,2398.8329190195,"Appl, Heidrun.  et. al, 2011",CLONED
cid:774,774,Histamine,,pdsp,H3,,HUMAN,6.3095734448019,"Appl, Heidrun.  et. al, 2011",CLONED
cid:774,774,Histamine,,pdsp,H4,,HUMAN,9.7723722095581,"Appl, Heidrun.  et. al, 2011",CLONED
cid:774,774,Histamine,,pdsp,HISTAMINE H1,HRH1,HUMAN,22000.0,"Chang, R et., 1978",FR. CORTEX
cid:774,774,Histamine,,pdsp,HISTAMINE H1,HRH1,GUINEA PIG,27000.0,"Chang, R et., 1978",BRAIN
cid:774,774,Histamine,,pdsp,HISTAMINE H1,HRH1,RAT,40000.0,"Chang, R et., 1978",BRAIN
cid:774,774,Histamine,,pdsp,HISTAMINE H1,HRH1,HUMAN,63095.734448019,"Lim HD, et al., 2005",CLONED
cid:774,774,Histamine,,pdsp,HISTAMINE H1,HRH1,HUMAN,15.848931924611,"Lim HD, et al., 2005",CLONED
cid:774,774,Histamine,,pdsp,HISTAMINE H2,HRH2,HUMAN,50118.723362727,"Lim HD, et al., 2005",CLONED
cid:774,774,Histamine,,pdsp,HISTAMINE H2,HRH2,HUMAN,15.848931924611,"Lim HD, et al., 2005",CLONED
cid:774,774,Histamine,,pdsp,HISTAMINE H3,HRH3,HUMAN,10.0,"Lim HD, et al., 2005",CLONED
cid:774,774,Histamine,,pdsp,HISTAMINE H4,HRH4,HUMAN,15.848931924611,"Lim HD, et al., 2005",CLONED
cid:774,774,Histamine,,pdsp,HISTAMINE H4,HRH4,HUMAN,15.848931924611,"Lim HD, et al., 2005",CLONED
cid:774,774,Histamine,,pdsp,HISTAMINE H4,HRH4,HUMAN,19.952623149689,"Lim HD, et al., 2005",CLONED
cid:774,774,Histamine,,pdsp,HISTAMINE H4,HRH4,HUMAN,25.118864315096,"Lim HD, et al., 2005",CLONED
cid:5284569,5284569,Hydrocodone,Substituted_morphinans,pdsp,OPIATE Mu,OPRM1,RAT,11.1,"Codd EE et al, 1995",FOREBRAIN
cid:5284569,5284569,Hydrocodone,Substituted_morphinans,pdsp,OPIATE Delta,OPRD1,RAT,962.0,"Codd EE et al, 1995",FOREBRAIN
cid:5284569,5284569,Hydrocodone,Substituted_morphinans,pdsp,OPIATE Kappa,OPRK1,RAT,501.0,"Codd EE et al, 1995",FOREBRAIN
cid:5284569,5284569,Hydrocodone,Substituted_morphinans,pdsp,Norepinephrine transporter,,RAT,10000.0,"Codd EE et al, 1995","medulla, pons"
cid:5284569,5284569,Hydrocodone,Substituted_morphinans,pdsp,5-HT Transporter,SLC6A4,RAT,10000.0,"Codd EE et al, 1995",CEREBRAL CORTEX
cid:5284569,5284569,Hydrocodone,Substituted_morphinans,pdsp,MOR,,HUMAN,1800.0,"Olson KM, et al., 2019",CLONED
cid:5284569,5284569,Hydrocodone,Substituted_morphinans,pdsp,DOR,,HUMAN,2000.0,"Olson KM, et al., 2019",CLONED
cid:5284569,5284569,Hydrocodone,Substituted_morphinans,pdsp,KOR,,HUMAN,10000.0,"Olson KM, et al., 2019",CLONED
cid:5284569,5284569,Hydrocodone,Substituted_morphinans,pdsp,NOP,,HUMAN,10000.0,"Olson KM, et al., 2019",CLONED
cid:5284569,5284569,Hydrocodone,Substituted_morphinans,pdsp,CB1,,HUMAN,10000.0,"Olson KM, et al., 2019",CLONED
cid:5284569,5284569,Hydrocodone,Substituted_morphinans,pdsp,Sigma 1,,HUMAN,4000.0,"Olson KM, et al., 2019",CLONED
cid:5284569,5284569,Hydrocodone,Substituted_morphinans,pdsp,Norepinephrine transporter,,HUMAN,10000.0,"Olson KM, et al., 2019",CLONED
cid:5284569,5284569,Hydrocodone,Substituted_morphinans,pdsp,SERT,,HUMAN,10000.0,"Olson KM, et al., 2019",CLONED
cid:5284569,5284569,Hydrocodone,Substituted_morphinans,pdsp,DAT,,HUMAN,10000.0,"Olson KM, et al., 2019",CLONED
cid:5284570,5284570,Hydromorphone,Substituted_morphinans,pdsp,OPIATE Mu,OPRM1,HUMAN,0.280000001192093,"Wentland MP et al., 2009",UNDEFINED
cid:5284570,5284570,Hydromorphone,Substituted_morphinans,pdsp,OPIATE Delta,OPRD1,HUMAN,38.0,"Wentland MP et al., 2009",UNDEFINED
cid:5284570,5284570,Hydromorphone,Substituted_morphinans,pdsp,OPIATE Kappa,OPRK1,HUMAN,2.79999995231628,"Wentland MP et al., 2009",UNDEFINED
cid:5284570,5284570,Hydromorphone,Substituted_morphinans,pdsp,MOR,,HUMAN,9.4,"Olson KM, et al., 2019",CLONED
cid:5284570,5284570,Hydromorphone,Substituted_morphinans,pdsp,DOR,,HUMAN,310.0,"Olson KM, et al., 2019",CLONED
cid:5284570,5284570,Hydromorphone,Substituted_morphinans,pdsp,KOR,,HUMAN,1600.0,"Olson KM, et al., 2019",CLONED
cid:5284570,5284570,Hydromorphone,Substituted_morphinans,pdsp,NOP,,HUMAN,10000.0,"Olson KM, et al., 2019",CLONED
cid:5284570,5284570,Hydromorphone,Substituted_morphinans,pdsp,CB1,,HUMAN,10000.0,"Olson KM, et al., 2019",CLONED
cid:5284570,5284570,Hydromorphone,Substituted_morphinans,pdsp,Sigma 1,,HUMAN,10000.0,"Olson KM, et al., 2019",CLONED
cid:5284570,5284570,Hydromorphone,Substituted_morphinans,pdsp,Norepinephrine transporter,,HUMAN,10000.0,"Olson KM, et al., 2019",CLONED
cid:5284570,5284570,Hydromorphone,Substituted_morphinans,pdsp,SERT,,HUMAN,10000.0,"Olson KM, et al., 2019",CLONED
cid:5284570,5284570,Hydromorphone,Substituted_morphinans,pdsp,DAT,,HUMAN,10000.0,"Olson KM, et al., 2019",CLONED
cid:197060,197060,Ibogaine,Substituted_tryptamines,pdsp,DOPAMINE D1,DRD1,HUMAN,10000.0,"TOLL L, et. al., 1998",CLONED
cid:197060,197060,Ibogaine,Substituted_tryptamines,pdsp,DOPAMINE D2,DRD2,HUMAN,10000.0,"TOLL L, et. al., 1998",CLONED
cid:197060,197060,Ibogaine,Substituted_tryptamines,pdsp,5-HT1A,HTR1A,HUMAN,10000.0,"TOLL L, et. al., 1998",CLONED
cid:197060,197060,Ibogaine,Substituted_tryptamines,pdsp,5-HT2A,HTR2A,RAT,10000.0,"TOLL L, et. al., 1998",CLONED
cid:197060,197060,Ibogaine,Substituted_tryptamines,pdsp,5-HT2C,HTR2C,RAT,10000.0,"TOLL L, et. al., 1998",CLONED
cid:197060,197060,Ibogaine,Substituted_tryptamines,pdsp,5-HT3,HTR3A,MOUSE,10000.0,"TOLL L, et. al., 1998",NG108-15
cid:197060,197060,Ibogaine,Substituted_tryptamines,pdsp,HERG,,HAMSTER,0.71,"Alper, kenneth et., al, 2015",KIDNEY
cid:197060,197060,Ibogaine,Substituted_tryptamines,pdsp,5-HT1A,HTR1A,HUMAN,10000.0,Ray TS 2010,CLONED
cid:197060,197060,Ibogaine,Substituted_tryptamines,pdsp,5-HT1B,HTR1B,HUMAN,10000.0,Ray TS 2010,CLONED
cid:197060,197060,Ibogaine,Substituted_tryptamines,pdsp,5-HT1D,HTR1D,HUMAN,10000.0,Ray TS 2010,CLONED
cid:197060,197060,Ibogaine,Substituted_tryptamines,pdsp,5-HT2A,HTR2A,HUMAN,10000.0,Ray TS 2010,CLONED
cid:197060,197060,Ibogaine,Substituted_tryptamines,pdsp,5-HT2C,HTR2C,HUMAN,10000.0,Ray TS 2010,CLONED
cid:197060,197060,Ibogaine,Substituted_tryptamines,pdsp,D1,,HUMAN,10000.0,Ray TS 2010,CLONED
cid:197060,197060,Ibogaine,Substituted_tryptamines,pdsp,D2,,HUMAN,10000.0,Ray TS 2010,CLONED
cid:197060,197060,Ibogaine,Substituted_tryptamines,pdsp,D3,,HUMAN,10000.0,Ray TS 2010,CLONED
cid:197060,197060,Ibogaine,Substituted_tryptamines,pdsp,D4,,HUMAN,10000.0,Ray TS 2010,CLONED
cid:197060,197060,Ibogaine,Substituted_tryptamines,pdsp,Beta 1,,HUMAN,10000.0,Ray TS 2010,CLONED
cid:197060,197060,Ibogaine,Substituted_tryptamines,pdsp,Sigma-1,,HUMAN,5839.0,Ray TS 2010,CLONED
cid:197060,197060,Ibogaine,Substituted_tryptamines,pdsp,Sigma-2,,HUMAN,206.0,Ray TS 2010,CLONED
cid:197060,197060,Ibogaine,Substituted_tryptamines,pdsp,DOR,,HUMAN,10000.0,Ray TS 2010,CLONED
cid:197060,197060,Ibogaine,Substituted_tryptamines,pdsp,KOR,,HUMAN,2717.0,Ray TS 2010,CLONED
cid:197060,197060,Ibogaine,Substituted_tryptamines,pdsp,MOR,,HUMAN,4362.0,Ray TS 2010,CLONED
cid:197060,197060,Ibogaine,Substituted_tryptamines,pdsp,"Cholinergic, muscarinic M1",CHRM1,HUMAN,10000.0,Ray TS 2010,CLONED
cid:197060,197060,Ibogaine,Substituted_tryptamines,pdsp,"Cholinergic, muscarinic M2",CHRM2,HUMAN,39409.0,Ray TS 2010,CLONED
cid:197060,197060,Ibogaine,Substituted_tryptamines,pdsp,"Cholinergic, muscarinic M3",CHRM3,HUMAN,12500.0,Ray TS 2010,CLONED
cid:197060,197060,Ibogaine,Substituted_tryptamines,pdsp,H1,,HUMAN,10000.0,Ray TS 2010,CLONED
cid:197060,197060,Ibogaine,Substituted_tryptamines,pdsp,NMDA,,RAT,2001.0,Ray TS 2010,CORTICAL MEMBRANES
cid:197060,197060,Ibogaine,Substituted_tryptamines,pdsp,5-HT3,HTR3A,HUMAN,10000.0,Ray TS 2010,CLONED
cid:197060,197060,Ibogaine,Substituted_tryptamines,pdsp,GABA A,,RAT,10000.0,Ray TS 2010,CORTICAL MEMBRANES
cid:1233,1233,Ibotenic acid,"3-Hydroxyisoxazole, Α-Amino_acid",pdsp,metabotropic glutamate 2,GRM2,RAT,10000.0,"Schaffhauser, H et al., 1998",CORTICAL MEMBRANES
cid:1233,1233,Ibotenic acid,"3-Hydroxyisoxazole, Α-Amino_acid",pdsp,metabotropic glutamate 2/3,,RAT,89.0,"Mutel V, et.al., 1998a",BRAIN CORTEX
cid:1233,1233,Ibotenic acid,"3-Hydroxyisoxazole, Α-Amino_acid",pdsp,Metabotropic Glutamate 1a,,HUMAN,1200.0,"Mutel V, et.al., 2000",CLONED
cid:1233,1233,Ibotenic acid,"3-Hydroxyisoxazole, Α-Amino_acid",pdsp,metabotropic glutamate 5a,,HUMAN,1900.0,"Mutel V, et.al., 2000",CLONED
cid:1233,1233,Ibotenic acid,"3-Hydroxyisoxazole, Α-Amino_acid",pdsp,metabotropic glutamate 2,GRM2,RAT,10000.0,"Gomeza, J et. al., 1996",CLONED
cid:1233,1233,Ibotenic acid,"3-Hydroxyisoxazole, Α-Amino_acid",pdsp,metabotropic glutamate 4,GRM4,RAT,10000.0,"Gomeza, J et. al., 1996",CLONED
cid:1233,1233,Ibotenic acid,"3-Hydroxyisoxazole, Α-Amino_acid",pdsp,Metabotropic Glutamate 1a,,HUMAN,10000.0,"Conn PJ, et al., 1997",CLONED
cid:1233,1233,Ibotenic acid,"3-Hydroxyisoxazole, Α-Amino_acid",pdsp,metabotropic glutamate 5a,,HUMAN,2000.0,"Conn PJ, et al., 1997",CLONED
cid:1233,1233,Ibotenic acid,"3-Hydroxyisoxazole, Α-Amino_acid",pdsp,metabotropic glutamate 2,GRM2,HUMAN,10000.0,"Conn PJ, et al., 1997",CLONED
cid:1233,1233,Ibotenic acid,"3-Hydroxyisoxazole, Α-Amino_acid",pdsp,metabotropic glutamate 3,GRM3,HUMAN,10000.0,"Conn PJ, et al., 1997",CLONED
cid:1233,1233,Ibotenic acid,"3-Hydroxyisoxazole, Α-Amino_acid",pdsp,metabotropic glutamate 4a,,HUMAN,10000.0,"Conn PJ, et al., 1997",CLONED
cid:1233,1233,Ibotenic acid,"3-Hydroxyisoxazole, Α-Amino_acid",pdsp,metabotropic glutamate 6,GRM6,HUMAN,10000.0,"Conn PJ, et al., 1997",CLONED
cid:1233,1233,Ibotenic acid,"3-Hydroxyisoxazole, Α-Amino_acid",pdsp,Metabotropic Glutamate 1a,,RAT,10000.0,"Brauner-Osborne H, et.al., 1998",CLONED
cid:1233,1233,Ibotenic acid,"3-Hydroxyisoxazole, Α-Amino_acid",pdsp,metabotropic glutamate 2,GRM2,RAT,10000.0,"Brauner-Osborne H, et.al., 1998",CLONED
cid:1233,1233,Ibotenic acid,"3-Hydroxyisoxazole, Α-Amino_acid",pdsp,metabotropic glutamate 4a,,RAT,10000.0,"Brauner-Osborne H, et.al., 1998",CLONED
cid:1233,1233,Ibotenic acid,"3-Hydroxyisoxazole, Α-Amino_acid",pdsp,metabotropic glutamate 5a,,RAT,10000.0,"Brauner-Osborne H, et.al., 1998",CLONED
cid:1233,1233,Ibotenic acid,"3-Hydroxyisoxazole, Α-Amino_acid",pdsp,Metabotropic Glutamate 1a,,PORCINE,10000.0,"Joly C, et.al., 1995",LLC-PK1 cells
cid:1233,1233,Ibotenic acid,"3-Hydroxyisoxazole, Α-Amino_acid",pdsp,metabotropic glutamate 5a,,PORCINE,2870.0,"Joly C, et.al., 1995",LLC-PK1 cells
cid:1233,1233,Ibotenic acid,"3-Hydroxyisoxazole, Α-Amino_acid",pdsp,metabotropic glutamate 5b,,PORCINE,1930.0,"Joly C, et.al., 1995",LLC-PK1 cells
cid:68314762,68314762,Isopropylphenidate,Substituted_phenidates,pdsp,"Cholinergic, Nicotinic Alpha4Beta2",,RAT,0.02,"Mukhin, et al, 1999",BRAIN
cid:68314762,68314762,Isopropylphenidate,Substituted_phenidates,pdsp,"Cholinergic, Nicotinic Alpha3Beta4x",,RAT,0.11,"Mukhin, et al, 1999",ADRENAL
cid:68314762,68314762,Isopropylphenidate,Substituted_phenidates,pdsp,"Cholinergic, Nicotinic Alpha7",,RAT,30.0,"Mukhin, et al, 1999",BRAIN
cid:68314762,68314762,Isopropylphenidate,Substituted_phenidates,pdsp,"Cholinergic, Nicotinic Muscle",,RAT,6.5,"Mukhin, et al, 1999",T.Californica electric organ
cid:10471670,10471670,JWH-073,Naphthoylindole,pdsp,CANNABINOID CB1,CNR1,RAT,8.9,"Breivogel CS, et al., 2001",WHOLE BRAIN
cid:3821,3821,Ketamine,Arylcyclohexylamines,pdsp,OPIATE Sigma,,RAT,440.0,"Mendelsohn LG, et al., 1985",BRAIN
cid:3821,3821,Ketamine,Arylcyclohexylamines,pdsp,OPIATE Sigma,,RAT,1452.0,"Mendelsohn LG, et al., 1985",BRAIN
cid:3821,3821,Ketamine,Arylcyclohexylamines,pdsp,OPIATE Kappa,OPRK1,RAT,10000.0,PDSP Certified Data,CLONED
cid:3821,3821,Ketamine,Arylcyclohexylamines,pdsp,Glutamate-NMDA,,RAT,1190.0,"Bresink I, et al., 1995",CORTEX
cid:3821,3821,Ketamine,Arylcyclohexylamines,pdsp,Glutamate-NMDA,,RAT,2507.0,"Bresink I, et al., 1995",CEREBELLUM
cid:3821,3821,Ketamine,Arylcyclohexylamines,pdsp,NMDA,,HUMAN,659.0,"Roth BL, et al., 2013",CLONED
cid:3821,3821,Ketamine,Arylcyclohexylamines,pdsp,5-HT1A,HTR1A,HUMAN,10000.0,PDSP Certified Data,CLONED
cid:3821,3821,Ketamine,Arylcyclohexylamines,pdsp,5-HT1B,HTR1B,HUMAN,10000.0,PDSP Certified Data,CLONED
cid:3821,3821,Ketamine,Arylcyclohexylamines,pdsp,5-HT1D,HTR1D,HUMAN,10000.0,PDSP Certified Data,CLONED
cid:3821,3821,Ketamine,Arylcyclohexylamines,pdsp,5-HT1E,HTR1E,HUMAN,10000.0,PDSP Certified Data,CLONED
cid:3821,3821,Ketamine,Arylcyclohexylamines,pdsp,5-HT2A,HTR2A,HUMAN,10000.0,PDSP Certified Data,CLONED
cid:3821,3821,Ketamine,Arylcyclohexylamines,pdsp,5-HT2B,HTR2B,HUMAN,10000.0,PDSP Certified Data,CLONED
cid:3821,3821,Ketamine,Arylcyclohexylamines,pdsp,5-HT2C,HTR2C,RAT,10000.0,PDSP Certified Data,CLONED
cid:3821,3821,Ketamine,Arylcyclohexylamines,pdsp,5-HT3,HTR3A,HUMAN,10000.0,PDSP Certified Data,CLONED
cid:3821,3821,Ketamine,Arylcyclohexylamines,pdsp,5-HT5a,HTR5A,HUMAN,10000.0,PDSP Certified Data,CLONED
cid:3821,3821,Ketamine,Arylcyclohexylamines,pdsp,5-HT6,HTR6,HUMAN,10000.0,PDSP Certified Data,CLONED
cid:3821,3821,Ketamine,Arylcyclohexylamines,pdsp,5-HT7,HTR7,HUMAN,10000.0,PDSP Certified Data,CLONED
cid:3821,3821,Ketamine,Arylcyclohexylamines,pdsp,DOPAMINE D1,DRD1,HUMAN,10000.0,PDSP Certified Data,CLONED
cid:3821,3821,Ketamine,Arylcyclohexylamines,pdsp,DOPAMINE D2,DRD2,HUMAN,10000.0,PDSP Certified Data,CLONED
cid:3821,3821,Ketamine,Arylcyclohexylamines,pdsp,DOPAMINE D3,DRD3,HUMAN,10000.0,PDSP Certified Data,CLONED
cid:3821,3821,Ketamine,Arylcyclohexylamines,pdsp,DOPAMINE D4,DRD4,HUMAN,10000.0,PDSP Certified Data,CLONED
cid:3821,3821,Ketamine,Arylcyclohexylamines,pdsp,DOPAMINE D5,DRD5,HUMAN,10000.0,PDSP Certified Data,CLONED
cid:3821,3821,Ketamine,Arylcyclohexylamines,pdsp,SERT,,HUMAN,10000.0,PDSP Certified Data,CLONED
cid:3821,3821,Ketamine,Arylcyclohexylamines,pdsp,Norepinephrine transporter,,HUMAN,10000.0,PDSP Certified Data,CLONED
cid:3821,3821,Ketamine,Arylcyclohexylamines,pdsp,DAT,,HUMAN,10000.0,PDSP Certified Data,CLONED
cid:3821,3821,Ketamine,Arylcyclohexylamines,pdsp,MOR,,HUMAN,10000.0,PDSP Certified Data,CLONED
cid:3821,3821,Ketamine,Arylcyclohexylamines,pdsp,DOR,,HUMAN,10000.0,PDSP Certified Data,CLONED
cid:3821,3821,Ketamine,Arylcyclohexylamines,pdsp,KOR,,HUMAN,10000.0,PDSP Certified Data,CLONED
cid:3821,3821,Ketamine,Arylcyclohexylamines,pdsp,GABA-A,,HUMAN,10000.0,PDSP Certified Data,CLONED
cid:3821,3821,Ketamine,Arylcyclohexylamines,pdsp,HISTAMINE H1,HRH1,HUMAN,10000.0,PDSP Certified Data,CLONED
cid:3821,3821,Ketamine,Arylcyclohexylamines,pdsp,HISTAMINE H2,HRH2,HUMAN,10000.0,PDSP Certified Data,CLONED
cid:3821,3821,Ketamine,Arylcyclohexylamines,pdsp,Alpha 1A Adrenergic Receptor,,HUMAN,10000.0,PDSP Certified Data,CLONED
cid:3821,3821,Ketamine,Arylcyclohexylamines,pdsp,Alpha 1B Adrenergic Receptor,,HUMAN,10000.0,PDSP Certified Data,CLONED
cid:3821,3821,Ketamine,Arylcyclohexylamines,pdsp,Alpha 2A Adrenergic Receptor,,HUMAN,10000.0,PDSP Certified Data,CLONED
cid:3821,3821,Ketamine,Arylcyclohexylamines,pdsp,Alpha 2B Adrenergic Receptor,,HUMAN,10000.0,PDSP Certified Data,CLONED
cid:3821,3821,Ketamine,Arylcyclohexylamines,pdsp,Alpha 2C Adrenergic Receptor,,HUMAN,10000.0,PDSP Certified Data,CLONED
cid:3821,3821,Ketamine,Arylcyclohexylamines,pdsp,Beta 1,,HUMAN,10000.0,PDSP Certified Data,CLONED
cid:3821,3821,Ketamine,Arylcyclohexylamines,pdsp,Beta 2,,HUMAN,10000.0,PDSP Certified Data,CLONED
cid:3821,3821,Ketamine,Arylcyclohexylamines,pdsp,Muscarinic M1,,HUMAN,10000.0,PDSP Certified Data,CLONED
cid:3821,3821,Ketamine,Arylcyclohexylamines,pdsp,Muscarinic M2,,HUMAN,10000.0,PDSP Certified Data,CLONED
cid:3821,3821,Ketamine,Arylcyclohexylamines,pdsp,Muscarinic M3,,HUMAN,10000.0,PDSP Certified Data,CLONED
cid:3821,3821,Ketamine,Arylcyclohexylamines,pdsp,Muscarinic M4,,HUMAN,10000.0,PDSP Certified Data,CLONED
cid:3821,3821,Ketamine,Arylcyclohexylamines,pdsp,Muscarinic M5,,HUMAN,10000.0,PDSP Certified Data,CLONED
cid:3821,3821,Ketamine,Arylcyclohexylamines,pdsp,Sigma 1,,RAT,10000.0,PDSP Certified Data,BRAIN
cid:3821,3821,Ketamine,Arylcyclohexylamines,pdsp,Sigma 2 PC12,,RAT,10000.0,PDSP Certified Data,BRAIN
cid:3821,3821,Ketamine,Arylcyclohexylamines,pdsp,Beta 3,,HUMAN,10000.0,PDSP Certified Data,CLONED
cid:3821,3821,Ketamine,Arylcyclohexylamines,pdsp,BZP Rat Brain Site,,RAT,10000.0,PDSP Certified Data,BRAIN
cid:3821,3821,Ketamine,Arylcyclohexylamines,pdsp,Benzodiazepine peripheral,,RAT,10000.0,PDSP Certified Data,KIDNEY
cid:3821,3821,Ketamine,Arylcyclohexylamines,pdsp,Alpha1D,,HUMAN,10000.0,PDSP Certified Data,CLONED
cid:3821,3821,Ketamine,Arylcyclohexylamines,pdsp,NMDA,,RAT,660.6934480076,PDSP Certified Data,CLONED
cid:3821,3821,Ketamine,Arylcyclohexylamines,pdsp,CB1,,RAT,10000.0,PDSP Certified Data,BRAIN
cid:3821,3821,Ketamine,Arylcyclohexylamines,pdsp,CB2,,RAT,10000.0,PDSP Certified Data,BRAIN
cid:3821,3821,Ketamine,Arylcyclohexylamines,pdsp,NMDA,,RAT,323.9,"Wallach, Jason, et. al. 2016",FOREBRAIN
cid:3821,3821,Ketamine,Arylcyclohexylamines,pdsp,NMDA,,RAT,324.0,"Kang, H. et, al. 2017",WHOLE BRAIN
cid:3821,3821,Ketamine,Arylcyclohexylamines,pdsp,NMDA,,RAT,324.0,"Wallach, Jason, et. al. 2016",FOREBRAIN
cid:3821,3821,Ketamine,Arylcyclohexylamines,pdsp,Glutamate-NMDA-MK801,,RAT,324.0,"Colestock, T. et, al 2018",FOREBRAIN
cid:5761,5761,LSD,Lysergamides,pdsp,5-HT1A,HTR1A,PIG,2.57,"ENGEL ET AL, 1986",CORTEX
cid:5761,5761,LSD,Lysergamides,pdsp,5-HT1A,HTR1A,RAT,1.2,"SCHLEGEL & PEROUTKA, 1986",CORTEX
cid:5761,5761,LSD,Lysergamides,pdsp,5-HT1A,HTR1A,BOVINE,0.31,"DOMPERT ET AL., 1985",HIPPOCAMPUS
cid:5761,5761,LSD,Lysergamides,pdsp,5-HT1A,HTR1A,HUMAN,0.64,"WANDER ET AL., 1987",CORTEX
cid:5761,5761,LSD,Lysergamides,pdsp,5-HT1A,HTR1A,RAT,2.05,"HALL ET AL., 1985",HIPPOCAMPUS
cid:5761,5761,LSD,Lysergamides,pdsp,5-HT1A,HTR1A,RAT,0.43,"TITELER ET AL., 1988",HIPPOCAMPUS
cid:5761,5761,LSD,Lysergamides,pdsp,5-HT1A,HTR1A,PIG,2.57,"MARKSTEIN ET AL, 1986",CORTEX
cid:5761,5761,LSD,Lysergamides,pdsp,5-HT1A,HTR1A,RAT,3.9,"PEROUTKA, 1986",CORTEX
cid:5761,5761,LSD,Lysergamides,pdsp,5-HT1A,HTR1A,RAT,4.1,"HALL ET AL., 1986",HIPPOCAMPUS
cid:5761,5761,LSD,Lysergamides,pdsp,5-HT1A,HTR1A,HUMAN,4.92,"PIERCE & PEROUTKA, 1989",CORTEX
cid:5761,5761,LSD,Lysergamides,pdsp,5-HT2C,HTR2C,PIG,5.0,"PAZOS ET AL, 1984",Choroid Plexus
cid:5761,5761,LSD,Lysergamides,pdsp,5-HT2C,HTR2C,PIG,7.9,"PAZOS ET AL, 1984",CORTEX
cid:5761,5761,LSD,Lysergamides,pdsp,5-HT2C,HTR2C,PIG,7.9,"PAZOS ET AL, 1984",Choroid Plexus
cid:5761,5761,LSD,Lysergamides,pdsp,5-HT2C,HTR2C,PIG,7.94,"HOYER ET AL., 1986",Choroid Plexus
cid:5761,5761,LSD,Lysergamides,pdsp,5-HT2C,HTR2C,PIG,11.7,"ENGEL ET AL, 1986",Choroid Plexus
cid:5761,5761,LSD,Lysergamides,pdsp,5-HT2C,HTR2C,PIG,12.6,"HOYER, 1988 or 9 (book)",Choroid Plexus
cid:5761,5761,LSD,Lysergamides,pdsp,5-HT2C,HTR2C,PIG,11.7,"HOYER, 1989 (J.R.R.)",Choroid Plexus
cid:5761,5761,LSD,Lysergamides,pdsp,5-HT2C,HTR2C,PIG,3.8,"TITELER ET AL., 1988",CORTEX
cid:5761,5761,LSD,Lysergamides,pdsp,5-HT2C,HTR2C,PIG,11.7,"MARKSTEIN ET AL, 1986",Choroid Plexus
cid:5761,5761,LSD,Lysergamides,pdsp,5-HT1D,HTR1D,CALF,6.31,"HOYER, 1988 or 9 (book)",CAUDATE
cid:5761,5761,LSD,Lysergamides,pdsp,5-HT1D,HTR1D,COW,7.08,"HOYER, 1987",CAUDATE
cid:5761,5761,LSD,Lysergamides,pdsp,5-HT1D,HTR1D,CALF,7.08,"HOYER, 1989 (J.R.R.)",CAUDATE
cid:5761,5761,LSD,Lysergamides,pdsp,5-HT1D,HTR1D,RAT,7.7,"HERRICK-DAVIS & TITELER, 198",STRIATUM
cid:5761,5761,LSD,Lysergamides,pdsp,5-HT1D,HTR1D,RAT,10.0,"HERRICK-DAVIS & TITELER, 198",CORTEX
cid:5761,5761,LSD,Lysergamides,pdsp,5-HT1D,HTR1D,HUMAN,14.0,"PEROUTKA ET AL., 1989",CORTEX
cid:5761,5761,LSD,Lysergamides,pdsp,5-HT1D,HTR1D,BOVINE,24.0,"HEURING & PEROUTKA, 1987",STRIATUM
cid:5761,5761,LSD,Lysergamides,pdsp,5-HT1D,HTR1D,COW,28.97,"PIERCE & PEROUTKA, 1989",CAUDATE
cid:5761,5761,LSD,Lysergamides,pdsp,5-HT1B,HTR1B,RAT,39.0,"OFFORD ET AL., 1988",CORTEX
cid:5761,5761,LSD,Lysergamides,pdsp,5-HT1B,HTR1B,RAT,151.0,"ENGEL ET AL, 1986",CORTEX
cid:5761,5761,LSD,Lysergamides,pdsp,5-HT1B,HTR1B,RAT,6.6,"TITELER ET AL., 1988",STRIATUM
cid:5761,5761,LSD,Lysergamides,pdsp,5-HT1B,HTR1B,RAT,151.0,"MARKSTEIN ET AL, 1986",CORTEX
cid:5761,5761,LSD,Lysergamides,pdsp,5-HT1B,HTR1B,RAT,170.0,"PEROUTKA, 1986",CORTEX
cid:5761,5761,LSD,Lysergamides,pdsp,5-HT3,HTR3A,RAT,10000.0,"MILBURN & PEROUTKA, 1989",CORTEX
cid:5761,5761,LSD,Lysergamides,pdsp,5-HT3,HTR3A,RAT,10000.0,"PEROUTKA & HAMIK, 1988",CORTEX
cid:5761,5761,LSD,Lysergamides,pdsp,5-HT2A,HTR2A,RAT,2.11,"BATTAGLIA ET AL., 1983",CORTEX
cid:5761,5761,LSD,Lysergamides,pdsp,5-HT2A,HTR2A,RAT,2.4,"ENGEL ET AL, 1986",CORTEX
cid:5761,5761,LSD,Lysergamides,pdsp,5-HT2A,HTR2A,RAT,2.5,"LEYSON ET AL., 1982",CORTEX
cid:5761,5761,LSD,Lysergamides,pdsp,5-HT2A,HTR2A,RAT,2.77,"LEYSEN ET AL., 1988",FR. CORTEX
cid:5761,5761,LSD,Lysergamides,pdsp,5-HT2A,HTR2A,RAT,4.76,"LEYSEN ET AL., 1978",CORTEX
cid:5761,5761,LSD,Lysergamides,pdsp,5-HT2A,HTR2A,HUMAN,0.95,"SADZOT ET AL., 1989",CORTEX
cid:5761,5761,LSD,Lysergamides,pdsp,5-HT2A,HTR2A,RAT,1.35,"ENGEL ET AL, 1984",CORTEX
cid:5761,5761,LSD,Lysergamides,pdsp,5-HT2A,HTR2A,RAT,1.8,"CLOSSE, 1983",CORTEX
cid:5761,5761,LSD,Lysergamides,pdsp,5-HT2A,HTR2A,RAT,2.4,"MARKSTEIN ET AL, 1986",CORTEX
cid:5761,5761,LSD,Lysergamides,pdsp,5-HT2A,HTR2A,RAT,2.4,"HOYER, 1989 (J.R.R.)",CORTEX
cid:5761,5761,LSD,Lysergamides,pdsp,5-HT2A,HTR2A,HUMAN,2.56,"PIERCE & PEROUTKA, 1989",CORTEX
cid:5761,5761,LSD,Lysergamides,pdsp,5-HT2B,HTR2B,BOVINE,11.0,"MCKENNA & PEROUTKA, 1989",CORTEX
cid:5761,5761,LSD,Lysergamides,pdsp,5-HT2A,HTR2A,RAT,13.0,"PEROUTKA & SNYDER, 1979",CORTEX
cid:5761,5761,LSD,Lysergamides,pdsp,5-HT6,HTR6,RAT,1.86,"BOESS FG, ET AL., 1996",CLONED
cid:5761,5761,LSD,Lysergamides,pdsp,5-HT6,HTR6,RAT,16.59,"BOESS FG, ET AL., 1996",CLONED
cid:5761,5761,LSD,Lysergamides,pdsp,5-HT5B,,RAT,3.2,"WISDEN W,  ET AL., 1993",CLONED
cid:5761,5761,LSD,Lysergamides,pdsp,5-HT7,HTR7,RAT,9.5,"RUAT M, ET AL., 1993",CLONED
cid:5761,5761,LSD,Lysergamides,pdsp,5-HT4L,HTR4,RAT,1000.0,"GERALD C, ET AL., 1995",CLONED
cid:5761,5761,LSD,Lysergamides,pdsp,HISTAMINE H1,HRH1,RAT,1300.0,"Tran VT, et al., 1978",BRAIN
cid:5761,5761,LSD,Lysergamides,pdsp,5-HT2,,RAT,5.47,"Battaglia G, et al., 1983",FR. CORTEX
cid:5761,5761,LSD,Lysergamides,pdsp,5-HT2,,RAT,3.16,"Battaglia G, et al., 1983",FR. CORTEX
cid:5761,5761,LSD,Lysergamides,pdsp,5-HT2,,RAT,3.23,"Battaglia G, et al., 1983",FR. CORTEX
cid:5761,5761,LSD,Lysergamides,pdsp,5-HT1A,HTR1A,HUMAN,1.09,"BOESS FG, ET AL., 1994",CLONED
cid:5761,5761,LSD,Lysergamides,pdsp,5-HT1D,HTR1D,Dog,12.58,"BOESS FG, ET AL., 1994",CLONED
cid:5761,5761,LSD,Lysergamides,pdsp,5-HT2A,HTR2A,RAT,12.02,"BOESS FG, ET AL., 1994",CLONED
cid:5761,5761,LSD,Lysergamides,pdsp,5-HT2A,HTR2A,RAT,7.07,"BOESS FG, ET AL., 1994",CLONED
cid:5761,5761,LSD,Lysergamides,pdsp,5-HT5B,,RAT,3.23,"BOESS FG, ET AL., 1994",CLONED
cid:5761,5761,LSD,Lysergamides,pdsp,5-HT7,HTR7,RAT,199.52,"BOESS FG, ET AL., 1994",CLONED
cid:5761,5761,LSD,Lysergamides,pdsp,5-HT7,HTR7,RAT,9.54,"BOESS FG, ET AL., 1994",CLONED
cid:5761,5761,LSD,Lysergamides,pdsp,Adrenergic Alpha,,RAT,220.0,"U'Prichard DC et al., 1977",BRAIN
cid:5761,5761,LSD,Lysergamides,pdsp,Adrenergic Alpha,,RAT,220.0,"U'Prichard DC et al., 1977",BRAIN
cid:5761,5761,LSD,Lysergamides,pdsp,DOPAMINE D2,DRD2,CALF,20.0,"Burt DR et al., 1976",BRAIN
cid:5761,5761,LSD,Lysergamides,pdsp,DOPAMINE D1,DRD1,CALF,30.0,"Burt DR et al., 1976",BRAIN
cid:5761,5761,LSD,Lysergamides,pdsp,5-HT7,HTR7,RAT,6.6,"Nichols DE, et al., 2002",CLONED
cid:5761,5761,LSD,Lysergamides,pdsp,DOPAMINE D1,DRD1,RAT,180.0,"Nichols DE, et al., 2002",CLONED
cid:5761,5761,LSD,Lysergamides,pdsp,DOPAMINE D2,DRD2,RAT,120.0,"Nichols DE, et al., 2002",CLONED
cid:5761,5761,LSD,Lysergamides,pdsp,DOPAMINE D3,DRD3,RAT,27.0,"Nichols DE, et al., 2002",CLONED
cid:5761,5761,LSD,Lysergamides,pdsp,DOPAMINE D4,DRD4,RAT,56.0,"Nichols DE, et al., 2002",CLONED
cid:5761,5761,LSD,Lysergamides,pdsp,DOPAMINE D5,DRD5,RAT,340.0,"Nichols DE, et al., 2002",CLONED
cid:5761,5761,LSD,Lysergamides,pdsp,5-HT5a,HTR5A,RAT,9.0,"Nichols DE, et al., 2002",CLONED
cid:5761,5761,LSD,Lysergamides,pdsp,5-HT6,HTR6,RAT,6.9,"Nichols DE, et al., 2002",CLONED
cid:5761,5761,LSD,Lysergamides,pdsp,5-HT1B,HTR1B,RAT,3.9,"Nichols DE, et al., 2002",CLONED
cid:5761,5761,LSD,Lysergamides,pdsp,adrenergic Beta2,ADRB2,RAT,740.0,"Nichols DE, et al., 2002",CLONED
cid:5761,5761,LSD,Lysergamides,pdsp,adrenergic Beta1,ADRB1,RAT,140.0,"Nichols DE, et al., 2002",CLONED
cid:5761,5761,LSD,Lysergamides,pdsp,HISTAMINE H1,HRH1,RAT,1540.0,"Nichols DE, et al., 2002",BRAIN
cid:5761,5761,LSD,Lysergamides,pdsp,5-HT1E,HTR1E,RAT,93.0,"Nichols DE, et al., 2002",CLONED
cid:5761,5761,LSD,Lysergamides,pdsp,5-HT2B,HTR2B,RAT,30.0,"Nichols DE, et al., 2002",CLONED
cid:5761,5761,LSD,Lysergamides,pdsp,5-HT1A,HTR1A,HUMAN,1.1,"Nichols DE, et al., 2002",CLONED
cid:5761,5761,LSD,Lysergamides,pdsp,5-HT2C,HTR2C,RAT,5.5,"Nichols DE, et al., 2002",CLONED
cid:5761,5761,LSD,Lysergamides,pdsp,5-HT2A,HTR2A,RAT,3.5,"Nichols DE, et al., 2002",CLONED
cid:5761,5761,LSD,Lysergamides,pdsp,5-HT6,HTR6,HUMAN,2.2908676527678,"Hirst WD, et.al.,2003",CLONED
cid:5761,5761,LSD,Lysergamides,pdsp,5-HT6,HTR6,RAT,2.6302679918954,"Hirst WD, et.al.,2003",CLONED
cid:5761,5761,LSD,Lysergamides,pdsp,5-HT6,HTR6,MOUSE,2.8183829312644,"Hirst WD, et.al.,2003",CLONED
cid:5761,5761,LSD,Lysergamides,pdsp,5-HT2A,HTR2A,HUMAN,5.2,"Egan C, et.al., 2000",CLONED
cid:5761,5761,LSD,Lysergamides,pdsp,5-HT2A,HTR2A,HUMAN,2.7,"Egan C, et.al., 2000",CLONED
cid:5761,5761,LSD,Lysergamides,pdsp,5-HT2C,HTR2C,RAT,7.0,"Egan C, et.al., 2000",CLONED
cid:5761,5761,LSD,Lysergamides,pdsp,5-HT2C,HTR2C,RAT,2.8,"Egan C, et.al., 2000",CLONED
cid:5761,5761,LSD,Lysergamides,pdsp,Adrenergic Alpha,,RAT,380.0,"Greenberg, DA et al., 1976",BRAIN
cid:5761,5761,LSD,Lysergamides,pdsp,Adrenergic Alpha,,RAT,270.0,"Greenberg, DA et al., 1976",BRAIN
cid:5761,5761,LSD,Lysergamides,pdsp,5-HT7,HTR7,RAT,7.9432823472428,"Hemedah M, et al., 1999",BRAIN
cid:5761,5761,LSD,Lysergamides,pdsp,5-HT7,HTR7,GUINEA PIG,0.3981071705535,"Hemedah M, et al., 1999",ILEUM
cid:5761,5761,LSD,Lysergamides,pdsp,5-HT7L,,RAT,10.0,"Eglen RM et al., 1997",CLONED
cid:5761,5761,LSD,Lysergamides,pdsp,5-HT7L,,GUINEA PIG,15.848931924611,"Eglen RM et al., 1997",CLONED
cid:5761,5761,LSD,Lysergamides,pdsp,5-HT2C,HTR2C,PIG,7.9432823472428,"PAZOS ET AL, 1984",CORTEX
cid:5761,5761,LSD,Lysergamides,pdsp,5-HT2C,HTR2C,PIG,7.9432823472428,"PAZOS ET AL, 1984",Choroid Plexus
cid:5761,5761,LSD,Lysergamides,pdsp,5-HT2C,HTR2C,PIG,6.3095734448019,"PAZOS ET AL, 1984",CORTEX
cid:5761,5761,LSD,Lysergamides,pdsp,5-HT2C,HTR2C,PIG,5.0118723362727,"PAZOS ET AL, 1984",Choroid Plexus
cid:5761,5761,LSD,Lysergamides,pdsp,5-HT2A,HTR2A,HUMAN,21.379620895022,"Porter RH, et.al., 1999",CLONED
cid:5761,5761,LSD,Lysergamides,pdsp,5-HT2B,HTR2B,HUMAN,8.9125093813374,"Porter RH, et.al., 1999",CLONED
cid:5761,5761,LSD,Lysergamides,pdsp,5-HT2C,HTR2C,HUMAN,45.708818961488,"Porter RH, et.al., 1999",CLONED
cid:5761,5761,LSD,Lysergamides,pdsp,5-HT2A,HTR2A,HUMAN,0.75857757502919,"Knight AR, et al., 2004",CLONED
cid:5761,5761,LSD,Lysergamides,pdsp,5-HT2B,HTR2B,HUMAN,0.97723722095581,"Knight AR, et al., 2004",CLONED
cid:5761,5761,LSD,Lysergamides,pdsp,5-HT2C,HTR2C,HUMAN,1.0964781961432,"Knight AR, et al., 2004",CLONED
cid:5761,5761,LSD,Lysergamides,pdsp,5-HT2A,HTR2A,RAT,3.5,"MCKENNA & PEROUTKA, 1989",CORTEX
cid:5761,5761,LSD,Lysergamides,pdsp,5-HT2B,HTR2B,HUMAN,3.7153522909717,"Wacker D, et al., 2013",CLONED
cid:5761,5761,LSD,Lysergamides,pdsp,5-HT1A,HTR1A,HUMAN,7.3,Ray TS 2010,CLONED
cid:5761,5761,LSD,Lysergamides,pdsp,5-HT1A,HTR1A,HUMAN,2.78,Janowsky A et al 2014,CLONED
cid:5761,5761,LSD,Lysergamides,pdsp,5-HT2A,HTR2A,HUMAN,0.71,Janowsky A et al 2014,CLONED
cid:5761,5761,LSD,Lysergamides,pdsp,5-HT2C,HTR2C,HUMAN,2.91,Janowsky A et al 2014,CLONED
cid:5761,5761,LSD,Lysergamides,pdsp,5-HT2A,HTR2A,HUMAN,0.72,Janowsky A et al 2014,CLONED
cid:5761,5761,LSD,Lysergamides,pdsp,5-HT2A,HTR2A,HUMAN,0.475,Janowsky A et al 2014,CLONED
cid:5761,5761,LSD,Lysergamides,pdsp,DAT,,HUMAN,10000.0,Janowsky A et al 2014,CLONED
cid:5761,5761,LSD,Lysergamides,pdsp,Norepinephrine transporter,,HUMAN,5600.0,Janowsky A et al 2014,CLONED
cid:5761,5761,LSD,Lysergamides,pdsp,SERT,,HUMAN,10000.0,Janowsky A et al 2014,CLONED
cid:5761,5761,LSD,Lysergamides,pdsp,D1,,HUMAN,273.0,Janowsky A et al 2014,CLONED
cid:5761,5761,LSD,Lysergamides,pdsp,D4,,HUMAN,330.0,Janowsky A et al 2014,CLONED
cid:5761,5761,LSD,Lysergamides,pdsp,D3,,HUMAN,27.1,Janowsky A et al 2014,CLONED
cid:5761,5761,LSD,Lysergamides,pdsp,D2,,HUMAN,38.8,Janowsky A et al 2014,CLONED
cid:5761,5761,LSD,Lysergamides,pdsp,5-HT1A,HTR1A,HUMAN,3.0,Rickli A et al 2015,CLONED
cid:5761,5761,LSD,Lysergamides,pdsp,5-HT2A,HTR2A,HUMAN,4.2,Rickli A et al 2015,CLONED
cid:5761,5761,LSD,Lysergamides,pdsp,5-HT2C,HTR2C,HUMAN,15.0,Rickli A et al 2015,CLONED
cid:5761,5761,LSD,Lysergamides,pdsp,alpha1A,,HUMAN,670.0,Rickli A et al 2015,CLONED
cid:5761,5761,LSD,Lysergamides,pdsp,Alpha2A,,HUMAN,12.0,Rickli A et al 2015,CLONED
cid:5761,5761,LSD,Lysergamides,pdsp,D1,,HUMAN,310.0,Rickli A et al 2015,CLONED
cid:5761,5761,LSD,Lysergamides,pdsp,D2,,HUMAN,25.0,Rickli A et al 2015,CLONED
cid:5761,5761,LSD,Lysergamides,pdsp,D3,,HUMAN,96.0,Rickli A et al 2015,CLONED
cid:5761,5761,LSD,Lysergamides,pdsp,trace amine-associated receptor,,RAT,450.0,Rickli A et al 2015,CLONED
cid:5761,5761,LSD,Lysergamides,pdsp,trace amine-associated receptor,,MOUSE,10000.0,Rickli A et al 2015,CLONED
cid:5761,5761,LSD,Lysergamides,pdsp,Norepinephrine transporter,,HUMAN,30000.0,Rickli A et al 2015,CLONED
cid:5761,5761,LSD,Lysergamides,pdsp,DAT,,HUMAN,30000.0,Rickli A et al 2015,CLONED
cid:5761,5761,LSD,Lysergamides,pdsp,SERT,,HUMAN,30000.0,Rickli A et al 2015,CLONED
cid:5761,5761,LSD,Lysergamides,pdsp,H1,,HUMAN,1100.0,Rickli A et al 2015,CLONED
cid:7153,7153,MCPP,Substituted_piperazines,pdsp,5-HT2C,HTR2C,PIG,16.6,"HOYER ET AL., 1985",Choroid Plexus
cid:7153,7153,MCPP,Substituted_piperazines,pdsp,5-HT2C,HTR2C,PIG,16.6,"SCHOEFFTER & HOYER, 1989",Choroid Plexus
cid:7153,7153,MCPP,Substituted_piperazines,pdsp,5-HT2C,HTR2C,PIG,20.0,"HOYER, 1988 or 9 (book)",Choroid Plexus
cid:7153,7153,MCPP,Substituted_piperazines,pdsp,5-HT2C,HTR2C,PIG,20.9,"HOYER, 1989 (J.R.R.)",Choroid Plexus
cid:7153,7153,MCPP,Substituted_piperazines,pdsp,5-HT1D,HTR1D,HUMAN,620.9,"HAMIK & PEROUTKA, 1989",CORTEX
cid:7153,7153,MCPP,Substituted_piperazines,pdsp,5-HT1D,HTR1D,HUMAN,1200.0,"PEROUTKA ET AL., 1989",CORTEX
cid:7153,7153,MCPP,Substituted_piperazines,pdsp,5-HT1A,HTR1A,BOVINE,1400.0,"HEURING & PEROUTKA, 1987",STRIATUM
cid:7153,7153,MCPP,Substituted_piperazines,pdsp,5-HT1D,HTR1D,COW,1550.0,"HOYER, 1987",CAUDATE
cid:7153,7153,MCPP,Substituted_piperazines,pdsp,5-HT1D,HTR1D,CALF,1550.0,"SCHOEFFTER & HOYER, 1989b",CAUDATE
cid:7153,7153,MCPP,Substituted_piperazines,pdsp,5-HT1D,HTR1D,BOVINE,1400.0,"HEURING & PEROUTKA, 1987",STRIATUM
cid:7153,7153,MCPP,Substituted_piperazines,pdsp,5-HT1B,HTR1B,RAT,111.0,"OFFORD ET AL., 1988",CORTEX
cid:7153,7153,MCPP,Substituted_piperazines,pdsp,5-HT1B,HTR1B,RAT,252.0,"GARRICK ET AL., 1989",STRIATUM
cid:7153,7153,MCPP,Substituted_piperazines,pdsp,5-HT1B,HTR1B,RAT,263.0,"HOYER, 1988(9) (J.R.R.)",CORTEX
cid:7153,7153,MCPP,Substituted_piperazines,pdsp,5-HT1B,HTR1B,RAT,339.0,"HOYER ET AL., 1985",CORTEX
cid:7153,7153,MCPP,Substituted_piperazines,pdsp,5-HT1B,HTR1B,RAT,339.0,"SCHOEFFTER & HOYER, 1989",CORTEX
cid:7153,7153,MCPP,Substituted_piperazines,pdsp,5-HT3,HTR3A,RAT,0.16,"WATLING ET AL., 1988",CORTEX
cid:7153,7153,MCPP,Substituted_piperazines,pdsp,5-HT3,HTR3A,RAT,10.0,"MILBURN & PEROUTKA, 1989",CORTEX
cid:7153,7153,MCPP,Substituted_piperazines,pdsp,5-HT3,HTR3A,RAT,15.0,"PEROUTKA & HAMIK, 1988",CORTEX
cid:7153,7153,MCPP,Substituted_piperazines,pdsp,5-HT3,HTR3A,RAT,23.94,"WONG ET AL., 1989",CORTEX
cid:7153,7153,MCPP,Substituted_piperazines,pdsp,5-HT3,HTR3A,RAT,50.0,"Kilpatrick et al., 1987",ENTO CORTEX
cid:7153,7153,MCPP,Substituted_piperazines,pdsp,5-HT3,HTR3A,NG,100.0,"NEIJT ET AL, 1988",NG108-15
cid:7153,7153,MCPP,Substituted_piperazines,pdsp,5-HT3,HTR3A,N1E-115,102.0,"HOYER & NEIJT, 1988",CELLS
cid:7153,7153,MCPP,Substituted_piperazines,pdsp,5-HT2A,HTR2A,RAT,200.0,"HOYER, 1989 (J.R.R.)",CORTEX
cid:7153,7153,MCPP,Substituted_piperazines,pdsp,5-HT2A,HTR2A,HUMAN,241.13,"HAMIK & PEROUTKA, 1989",CORTEX
cid:7153,7153,MCPP,Substituted_piperazines,pdsp,5-HT2B,HTR2B,BOVINE,960.0,"MCKENNA & PEROUTKA, 1989",CORTEX
cid:7153,7153,MCPP,Substituted_piperazines,pdsp,5-HT1D,HTR1D,HUMAN,210.0,"HAMBLIN AND METCALF, 1991",CLONED
cid:7153,7153,MCPP,Substituted_piperazines,pdsp,5-HT1B,HTR1B,HUMAN,90.0,"HAMBLIN MW, ET AL., 1992",CLONED
cid:7153,7153,MCPP,Substituted_piperazines,pdsp,5-HT6,HTR6,RAT,2300.0,"MONSMA FJ Jr. ET AL., 1993",CLONED
cid:7153,7153,MCPP,Substituted_piperazines,pdsp,5-HT7,HTR7,RAT,352.0,"SHEN Y, ET AL., 1993",CLONED
cid:7153,7153,MCPP,Substituted_piperazines,pdsp,5-HT7,HTR7,RAT,256.0,"SHEN Y, ET AL., 1993",CLONED
cid:7153,7153,MCPP,Substituted_piperazines,pdsp,5-HT1B,HTR1B,HUMAN,216.0,"WEINSHANK RL, ET AL., 1992",CLONED
cid:7153,7153,MCPP,Substituted_piperazines,pdsp,5-HT1D,HTR1D,HUMAN,361.0,"WEINSHANK RL, ET AL., 1992",CLONED
cid:7153,7153,MCPP,Substituted_piperazines,pdsp,5-HT1D,HTR1D,BOVINE,1550.0,"WEINSHANK RL, ET AL., 1992",CLONED
cid:7153,7153,MCPP,Substituted_piperazines,pdsp,5-HT2C,HTR2C,RAT,20.0,"HERRICK-DAVIS K, ET AL., 1998",CLONED
cid:7153,7153,MCPP,Substituted_piperazines,pdsp,5-HT2C,HTR2C,RAT,300.0,"HERRICK-DAVIS K, ET AL., 1998",CLONED
cid:7153,7153,MCPP,Substituted_piperazines,pdsp,5-HT2B,HTR2B,HUMAN,28.8,"WAINSCOTT DB, ET AL., 1998",CLONED
cid:7153,7153,MCPP,Substituted_piperazines,pdsp,5-HT2B,HTR2B,HUMAN,10.5,"WAINSCOTT DB, ET AL., 1998",CLONED
cid:7153,7153,MCPP,Substituted_piperazines,pdsp,5-HT2A,HTR2A,RAT,371.53,"BONHAUS DW, ET AL., 1997",CLONED
cid:7153,7153,MCPP,Substituted_piperazines,pdsp,5-HT2C,HTR2C,RAT,114.81,"BONHAUS DW, ET AL., 1997",CLONED
cid:7153,7153,MCPP,Substituted_piperazines,pdsp,5-HT2A,HTR2A,HUMAN,112.2,"BONHAUS DW, ET AL., 1997",CLONED
cid:7153,7153,MCPP,Substituted_piperazines,pdsp,5-HT2B,HTR2B,HUMAN,37.15,"BONHAUS DW, ET AL., 1997",CLONED
cid:7153,7153,MCPP,Substituted_piperazines,pdsp,5-HT2C,HTR2C,HUMAN,104.71,"BONHAUS DW, ET AL., 1997",CLONED
cid:7153,7153,MCPP,Substituted_piperazines,pdsp,5-HT2A,HTR2A,HUMAN,50.11,"BONHAUS DW, ET AL., 1995",CLONED
cid:7153,7153,MCPP,Substituted_piperazines,pdsp,5-HT2A,HTR2A,HUMAN,398.1,"BONHAUS DW, ET AL., 1995",CORTEX
cid:7153,7153,MCPP,Substituted_piperazines,pdsp,5-HT2A,HTR2A,RAT,398.1,"BONHAUS DW, ET AL., 1995",CLONED
cid:7153,7153,MCPP,Substituted_piperazines,pdsp,5-HT2B,HTR2B,HUMAN,31.62,"BONHAUS DW, ET AL., 1995",CLONED
cid:7153,7153,MCPP,Substituted_piperazines,pdsp,5-HT2B,HTR2B,RAT,25.11,"BONHAUS DW, ET AL., 1995",CLONED
cid:7153,7153,MCPP,Substituted_piperazines,pdsp,5-HT2C,HTR2C,HUMAN,251.18,"BONHAUS DW, ET AL., 1995",CLONED
cid:7153,7153,MCPP,Substituted_piperazines,pdsp,5-HT2C,HTR2C,RAT,125.89,"BONHAUS DW, ET AL., 1995",CLONED
cid:7153,7153,MCPP,Substituted_piperazines,pdsp,5-HT2B,HTR2B,HUMAN,28.7,"WAINSCOTT DB, ET AL., 1996",CLONED
cid:7153,7153,MCPP,Substituted_piperazines,pdsp,5-HT2B,HTR2B,RAT,26.8,"WAINSCOTT DB, ET AL., 1996",CLONED
cid:7153,7153,MCPP,Substituted_piperazines,pdsp,5-HT Transporter,SLC6A4,HUMAN,202.0,"Owens MJ, et al, 1997",CLONED
cid:7153,7153,MCPP,Substituted_piperazines,pdsp,5-HT1A,HTR1A,RAT,16.0,"Owens MJ, et al, 1997",HIPPOCAMPUS
cid:7153,7153,MCPP,Substituted_piperazines,pdsp,5-HT2A,HTR2A,RAT,110.0,"Owens MJ, et al, 1997",CORTEX
cid:7153,7153,MCPP,Substituted_piperazines,pdsp,adrenergic Alpha1,,HUMAN,97.0,"Owens MJ, et al, 1997",CORTEX
cid:7153,7153,MCPP,Substituted_piperazines,pdsp,adrenergic Alpha2,,HUMAN,112.0,"Owens MJ, et al, 1997",CORTEX
cid:7153,7153,MCPP,Substituted_piperazines,pdsp,HISTAMINE H1,HRH1,GUINEA PIG,449.0,"Owens MJ, et al, 1997",BRAIN
cid:7153,7153,MCPP,Substituted_piperazines,pdsp,"Cholinergic, muscarinic",,RAT,4702.0,"Owens MJ, et al, 1997",CORTEX
cid:7153,7153,MCPP,Substituted_piperazines,pdsp,Norepinephrine transporter,,HUMAN,1940.0,"Owens MJ, et al, 1997",CLONED
cid:7153,7153,MCPP,Substituted_piperazines,pdsp,5-HT Transporter,SLC6A4,RAT,218.0,"Owens MJ, et al, 1997",CORTEX
cid:7153,7153,MCPP,Substituted_piperazines,pdsp,5-HT Transporter,SLC6A4,HUMAN,432.0,"Owens MJ, et al, 1997",CLONED
cid:7153,7153,MCPP,Substituted_piperazines,pdsp,Norepinephrine transporter,,RAT,699.0,"Owens MJ, et al, 1997",CORTEX
cid:7153,7153,MCPP,Substituted_piperazines,pdsp,Norepinephrine transporter,,HUMAN,4360.0,"Owens MJ, et al, 1997",CLONED
cid:7153,7153,MCPP,Substituted_piperazines,pdsp,5-HT1B,HTR1B,RAT,96.0,"Matsumoto I, et al., 1992",Spinal cord
cid:7153,7153,MCPP,Substituted_piperazines,pdsp,5-HT2A,HTR2A,RAT,391.0,"Rothman RB, et al, 2000",CLONED
cid:7153,7153,MCPP,Substituted_piperazines,pdsp,5-HT2B,HTR2B,HUMAN,3.2,"Rothman RB, et al, 2000",CLONED
cid:7153,7153,MCPP,Substituted_piperazines,pdsp,5-HT2C,HTR2C,RAT,59.0,"Rothman RB, et al, 2000",CLONED
cid:7153,7153,MCPP,Substituted_piperazines,pdsp,5-HT1B,HTR1B,HUMAN,363.07,"BOESS FG, ET AL., 1994",CLONED
cid:7153,7153,MCPP,Substituted_piperazines,pdsp,5-HT1B,HTR1B,HUMAN,501.18,"BOESS FG, ET AL., 1994",CLONED
cid:7153,7153,MCPP,Substituted_piperazines,pdsp,5-HT1B,HTR1B,HUMAN,89.12,"BOESS FG, ET AL., 1994",CLONED
cid:7153,7153,MCPP,Substituted_piperazines,pdsp,5-HT2B,HTR2B,RAT,26.91,"BOESS FG, ET AL., 1994",CLONED
cid:7153,7153,MCPP,Substituted_piperazines,pdsp,5-HT2,,HUMAN,360.0,"Hamik A, et. al., 1989",BRAIN
cid:7153,7153,MCPP,Substituted_piperazines,pdsp,5-HT1A,HTR1A,HUMAN,400.0,"Hamik A, et. al., 1989",BRAIN
cid:7153,7153,MCPP,Substituted_piperazines,pdsp,adrenergic Alpha2,,HUMAN,570.0,"Hamik A, et. al., 1989",BRAIN
cid:7153,7153,MCPP,Substituted_piperazines,pdsp,5-HT1D,HTR1D,HUMAN,1300.0,"Hamik A, et. al., 1989",BRAIN
cid:7153,7153,MCPP,Substituted_piperazines,pdsp,adrenergic Beta,ADRB2,HUMAN,2500.0,"Hamik A, et. al., 1989",BRAIN
cid:7153,7153,MCPP,Substituted_piperazines,pdsp,Adrenergic Alpha,,HUMAN,2900.0,"Hamik A, et. al., 1989",BRAIN
cid:7153,7153,MCPP,Substituted_piperazines,pdsp,DOPAMINE D1,DRD1,HUMAN,7000.0,"Hamik A, et. al., 1989",BRAIN
cid:7153,7153,MCPP,Substituted_piperazines,pdsp,DOPAMINE D2,DRD2,HUMAN,10000.0,"Hamik A, et. al., 1989",BRAIN
cid:7153,7153,MCPP,Substituted_piperazines,pdsp,"Cholinergic, muscarinic",,HUMAN,10000.0,"Hamik A, et. al., 1989",BRAIN
cid:7153,7153,MCPP,Substituted_piperazines,pdsp,Benzodiazepine central,,HUMAN,10000.0,"Hamik A, et. al., 1989",BRAIN
cid:7153,7153,MCPP,Substituted_piperazines,pdsp,5-HT Transporter,SLC6A4,HUMAN,10000.0,"Hamik A, et. al., 1989",BRAIN
cid:7153,7153,MCPP,Substituted_piperazines,pdsp,5-HT2A,HTR2A,HUMAN,212.0,"Egan C, et.al., 2000",CLONED
cid:7153,7153,MCPP,Substituted_piperazines,pdsp,5-HT2A,HTR2A,HUMAN,74.0,"Egan C, et.al., 2000",CLONED
cid:7153,7153,MCPP,Substituted_piperazines,pdsp,5-HT2C,HTR2C,RAT,300.0,"Egan C, et.al., 2000",CLONED
cid:7153,7153,MCPP,Substituted_piperazines,pdsp,5-HT2C,HTR2C,RAT,20.0,"Egan C, et.al., 2000",CLONED
cid:7153,7153,MCPP,Substituted_piperazines,pdsp,5-HT2C,HTR2C,HUMAN,16.0,"Kimura Y, et al., 2004",CLONED
cid:7153,7153,MCPP,Substituted_piperazines,pdsp,5-HT2A,HTR2A,HUMAN,85.0,"Kimura Y, et al., 2004",CLONED
cid:7153,7153,MCPP,Substituted_piperazines,pdsp,5-HT2B,HTR2B,HUMAN,40.0,"Kimura Y, et al., 2004",CLONED
cid:7153,7153,MCPP,Substituted_piperazines,pdsp,5-HT2A,HTR2A,HUMAN,54.0,"Bentley JM, et al., 2004",CLONED
cid:7153,7153,MCPP,Substituted_piperazines,pdsp,5-HT2B,HTR2B,HUMAN,32.0,"Bentley JM, et al., 2004",CLONED
cid:7153,7153,MCPP,Substituted_piperazines,pdsp,5-HT2C,HTR2C,HUMAN,9.0,"Bentley JM, et al., 2004",CLONED
cid:7153,7153,MCPP,Substituted_piperazines,pdsp,5-HT3,HTR3A,RAT,20.0,"Glennon RA, et al., 1989",CORTEX
cid:7153,7153,MCPP,Substituted_piperazines,pdsp,5-HT2A,HTR2A,HUMAN,223.87211385683,"Porter RH, et.al., 1999",CLONED
cid:7153,7153,MCPP,Substituted_piperazines,pdsp,5-HT2B,HTR2B,HUMAN,63.095734448019,"Porter RH, et.al., 1999",CLONED
cid:7153,7153,MCPP,Substituted_piperazines,pdsp,5-HT2C,HTR2C,HUMAN,81.28305161641,"Porter RH, et.al., 1999",CLONED
cid:7153,7153,MCPP,Substituted_piperazines,pdsp,5-HT2A,HTR2A,HUMAN,54.954087385762,"Knight AR, et al., 2004",CLONED
cid:7153,7153,MCPP,Substituted_piperazines,pdsp,5-HT2B,HTR2B,HUMAN,40.738027780411,"Knight AR, et al., 2004",CLONED
cid:7153,7153,MCPP,Substituted_piperazines,pdsp,5-HT2C,HTR2C,HUMAN,14.125375446228,"Knight AR, et al., 2004",CLONED
cid:7153,7153,MCPP,Substituted_piperazines,pdsp,5-HT2C,HTR2C,HUMAN,85.113803820238,"Cussac D, et al., 2002",CLONED
cid:7153,7153,MCPP,Substituted_piperazines,pdsp,5-HT2B,HTR2B,HUMAN,12.022644346174,"Cussac D, et al., 2002",CLONED
cid:7153,7153,MCPP,Substituted_piperazines,pdsp,5-HT1A,HTR1A,RAT,316.22776601684,"Martin RS, et al., 2001",UNDEFINED
cid:7153,7153,MCPP,Substituted_piperazines,pdsp,5-HT1B,HTR1B,RAT,251.18864315096,"Martin RS, et al., 2001",UNDEFINED
cid:7153,7153,MCPP,Substituted_piperazines,pdsp,5-HT1D,HTR1D,RAT,1584.8931924611,"Martin RS, et al., 2001",UNDEFINED
cid:7153,7153,MCPP,Substituted_piperazines,pdsp,5-HT2A,HTR2A,RAT,199.52623149689,"Martin RS, et al., 2001",UNDEFINED
cid:7153,7153,MCPP,Substituted_piperazines,pdsp,5-HT2B,HTR2B,RAT,25.118864315096,"Martin RS, et al., 2001",UNDEFINED
cid:7153,7153,MCPP,Substituted_piperazines,pdsp,5-HT2C,HTR2C,RAT,19.952623149689,"Martin RS, et al., 2001",UNDEFINED
cid:7153,7153,MCPP,Substituted_piperazines,pdsp,5-HT3,HTR3A,RAT,100.0,"Martin RS, et al., 2001",UNDEFINED
cid:7153,7153,MCPP,Substituted_piperazines,pdsp,5-HT6,HTR6,RAT,2511.8864315096,"Martin RS, et al., 2001",UNDEFINED
cid:7153,7153,MCPP,Substituted_piperazines,pdsp,5-HT7,HTR7,RAT,251.18864315096,"Martin RS, et al., 2001",UNDEFINED
cid:7153,7153,MCPP,Substituted_piperazines,pdsp,5-HT1A,HTR1A,HUMAN,43.9,PDSP Certified Data,CLONED
cid:7153,7153,MCPP,Substituted_piperazines,pdsp,5-HT1B,HTR1B,HUMAN,163.1,PDSP Certified Data,CLONED
cid:7153,7153,MCPP,Substituted_piperazines,pdsp,5-HT2A,HTR2A,HUMAN,196.4,PDSP Certified Data,CLONED
cid:7153,7153,MCPP,Substituted_piperazines,pdsp,5-HT2B,HTR2B,HUMAN,19.9,PDSP Certified Data,CLONED
cid:7153,7153,MCPP,Substituted_piperazines,pdsp,5-HT2C,HTR2C,RAT,108.0,PDSP Certified Data,CLONED
cid:7153,7153,MCPP,Substituted_piperazines,pdsp,5-HT3,HTR3A,HUMAN,427.0,PDSP Certified Data,CLONED
cid:7153,7153,MCPP,Substituted_piperazines,pdsp,5-HT5a,HTR5A,HUMAN,1354.0,PDSP Certified Data,CLONED
cid:7153,7153,MCPP,Substituted_piperazines,pdsp,5-HT6,HTR6,HUMAN,1748.0,PDSP Certified Data,CLONED
cid:7153,7153,MCPP,Substituted_piperazines,pdsp,5-HT7,HTR7,HUMAN,162.5,PDSP Certified Data,CLONED
cid:7153,7153,MCPP,Substituted_piperazines,pdsp,adrenergic Alpha1A,ADRA1A,HUMAN,1386.0,PDSP Certified Data,CLONED
cid:7153,7153,MCPP,Substituted_piperazines,pdsp,adrenergic Alpha1B,ADRA1B,HUMAN,914.6,PDSP Certified Data,CLONED
cid:7153,7153,MCPP,Substituted_piperazines,pdsp,adrenergic Alpha2A,ADRA2A,HUMAN,145.1,PDSP Certified Data,CLONED
cid:7153,7153,MCPP,Substituted_piperazines,pdsp,adrenergic Alpha2B,ADRA2B,HUMAN,105.8,PDSP Certified Data,CLONED
cid:7153,7153,MCPP,Substituted_piperazines,pdsp,adrenergic Alpha2C,ADRA2C,HUMAN,123.5,PDSP Certified Data,CLONED
cid:7153,7153,MCPP,Substituted_piperazines,pdsp,adrenergic Beta1,ADRB1,HUMAN,2359.0,PDSP Certified Data,CLONED
cid:7153,7153,MCPP,Substituted_piperazines,pdsp,adrenergic Beta2,ADRB2,HUMAN,3474.0,PDSP Certified Data,CLONED
cid:7153,7153,MCPP,Substituted_piperazines,pdsp,Calcium channel,,RAT,6043.0,PDSP Certified Data,HEART
cid:7153,7153,MCPP,Substituted_piperazines,pdsp,DOPAMINE D3,DRD3,RAT,10000.0,PDSP Certified Data,CLONED
cid:7153,7153,MCPP,Substituted_piperazines,pdsp,DOPAMINE D5,DRD5,HUMAN,10000.0,PDSP Certified Data,CLONED
cid:7153,7153,MCPP,Substituted_piperazines,pdsp,HISTAMINE H1,HRH1,HUMAN,326.3,PDSP Certified Data,CLONED
cid:7153,7153,MCPP,Substituted_piperazines,pdsp,Imidazoline I1,,RAT,758.9,PDSP Certified Data,PC12
cid:7153,7153,MCPP,Substituted_piperazines,pdsp,Norepinephrine transporter,,HUMAN,10000.0,PDSP Certified Data,CLONED
cid:7153,7153,MCPP,Substituted_piperazines,pdsp,5-HT Transporter,SLC6A4,HUMAN,328.2,PDSP Certified Data,CLONED
cid:7153,7153,MCPP,Substituted_piperazines,pdsp,Sigma-2,,RAT,8350.0,PDSP Certified Data,PC12
cid:7153,7153,MCPP,Substituted_piperazines,pdsp,5-HT2A,HTR2A,RAT,21.0,"MCKENNA & PEROUTKA, 1989",CORTEX
cid:1614,1614,MDA,Amphetamine,pdsp,5-HT2C,HTR2C,PIG,2932.0,"TITELER ET AL., 1988",CORTEX
cid:1614,1614,MDA,Amphetamine,pdsp,5-HT2C,HTR2C,PIG,2079.0,"TITELER ET AL., 1988",CORTEX
cid:1614,1614,MDA,Amphetamine,pdsp,5-HT1B,HTR1B,RAT,10000.0,"TITELER ET AL., 1988",STRIATUM
cid:1614,1614,MDA,Amphetamine,pdsp,5-HT1B,HTR1B,RAT,10000.0,"TITELER ET AL., 1988",STRIATUM
cid:1614,1614,MDA,Amphetamine,pdsp,5-HT2A,HTR2A,RAT,5330.0,"LYON ET AL., 1986",CORTEX
cid:1614,1614,MDA,Amphetamine,pdsp,5-HT2A,HTR2A,HUMAN,8340.0,"SADZOT ET AL., 1989",CORTEX
cid:1614,1614,MDA,Amphetamine,pdsp,5-HT2A,HTR2A,RAT,3425.0,"LYON ET AL., 1986",CORTEX
cid:1614,1614,MDA,Amphetamine,pdsp,5-HT2A,HTR2A,RAT,10000.0,"LYON ET AL., 1986",CORTEX
cid:1614,1614,MDA,Amphetamine,pdsp,DOPAMINE D1,DRD1,HUMAN,10000.0,"TOLL L, et. al., 1998",CLONED
cid:1614,1614,MDA,Amphetamine,pdsp,DOPAMINE D2,DRD2,HUMAN,10000.0,"TOLL L, et. al., 1998",CLONED
cid:1614,1614,MDA,Amphetamine,pdsp,5-HT1A,HTR1A,HUMAN,10000.0,"TOLL L, et. al., 1998",CLONED
cid:1614,1614,MDA,Amphetamine,pdsp,5-HT2A,HTR2A,RAT,3296.0,"TOLL L, et. al., 1998",CLONED
cid:1614,1614,MDA,Amphetamine,pdsp,5-HT2C,HTR2C,RAT,2598.0,"TOLL L, et. al., 1998",CLONED
cid:1614,1614,MDA,Amphetamine,pdsp,5-HT3,HTR3A,MOUSE,10000.0,"TOLL L, et. al., 1998",NG108-15
cid:1614,1614,MDA,Amphetamine,pdsp,5-HT2C,HTR2C,RAT,117.48,"BOESS FG, ET AL., 1994",CLONED
cid:1614,1614,MDA,Amphetamine,pdsp,5-HT2C,HTR2C,RAT,2754.22,"BOESS FG, ET AL., 1994",CLONED
cid:1614,1614,MDA,Amphetamine,pdsp,5-HT2B,HTR2B,HUMAN,150.0,"Setola V, et al., 2003",CLONED
cid:1614,1614,MDA,Amphetamine,pdsp,5-HT2B,HTR2B,HUMAN,100.0,"Setola V, et al., 2003",CLONED
cid:1614,1614,MDA,Amphetamine,pdsp,5-HT Transporter,SLC6A4,RAT,310.0,"Setola V, et al., 2003",WHOLE BRAIN MINUS  CEREBELLUM
cid:1614,1614,MDA,Amphetamine,pdsp,5-HT Transporter,SLC6A4,RAT,100.0,"Setola V, et al., 2003",WHOLE BRAIN MINUS  CEREBELLUM
cid:1614,1614,MDA,Amphetamine,pdsp,Dopamine Transporter,SLC6A3,RAT,900.0,"Setola V, et al., 2003",CAUDATE
cid:1614,1614,MDA,Amphetamine,pdsp,Dopamine Transporter,SLC6A3,RAT,98.0,"Setola V, et al., 2003",CAUDATE
cid:1614,1614,MDA,Amphetamine,pdsp,Norepinephrine transporter,,RAT,290.0,"Setola V, et al., 2003",WHOLE BRAIN MINUS  CEREBELLUM
cid:1614,1614,MDA,Amphetamine,pdsp,Norepinephrine transporter,,RAT,50.0,"Setola V, et al., 2003",WHOLE BRAIN MINUS  CEREBELLUM
cid:1614,1614,MDA,Amphetamine,pdsp,5-HT Transporter,SLC6A4,HUMAN,10000.0,"Jones DC, et. al., 2004",CLONED
cid:7767,7767,MDEA,"Amphetamine, MDxx, Substituted_amphetamines",pdsp,Norepinephrine transporter,,HUMAN,6170.0,Simmler LD et al 2013,HEK293 cells
cid:7767,7767,MDEA,"Amphetamine, MDxx, Substituted_amphetamines",pdsp,DAT,,HUMAN,1350.0,Simmler LD et al 2013,HEK293 cells
cid:7767,7767,MDEA,"Amphetamine, MDxx, Substituted_amphetamines",pdsp,SERT,,HUMAN,4320.0,Simmler LD et al 2013,HEK293 cells
cid:7767,7767,MDEA,"Amphetamine, MDxx, Substituted_amphetamines",pdsp,5-HT1A,HTR1A,HUMAN,18800.0,Simmler LD et al 2013,HEK293 cells
cid:7767,7767,MDEA,"Amphetamine, MDxx, Substituted_amphetamines",pdsp,5-HT2A,HTR2A,HUMAN,13000.0,Simmler LD et al 2013,HEK293 cells
cid:7767,7767,MDEA,"Amphetamine, MDxx, Substituted_amphetamines",pdsp,5-HT2C,HTR2C,HUMAN,13000.0,Simmler LD et al 2013,HEK293 cells
cid:7767,7767,MDEA,"Amphetamine, MDxx, Substituted_amphetamines",pdsp,alpha1A,,HUMAN,6000.0,Simmler LD et al 2013,HEK293 cells
cid:7767,7767,MDEA,"Amphetamine, MDxx, Substituted_amphetamines",pdsp,Alpha2A,,HUMAN,12200.0,Simmler LD et al 2013,HEK293 cells
cid:7767,7767,MDEA,"Amphetamine, MDxx, Substituted_amphetamines",pdsp,D1,,HUMAN,12500.0,Simmler LD et al 2013,HEK293 cells
cid:7767,7767,MDEA,"Amphetamine, MDxx, Substituted_amphetamines",pdsp,D3,,HUMAN,16000.0,Simmler LD et al 2013,HEK293 cells
cid:7767,7767,MDEA,"Amphetamine, MDxx, Substituted_amphetamines",pdsp,H1,,HUMAN,13000.0,Simmler LD et al 2013,HEK293 cells
cid:7767,7767,MDEA,"Amphetamine, MDxx, Substituted_amphetamines",pdsp,TA1,TRAR1,RAT,320.0,Simmler LD et al 2013,HEK293 cells
cid:7767,7767,MDEA,"Amphetamine, MDxx, Substituted_amphetamines",pdsp,TA1,TRAR1,MOUSE,4900.0,Simmler LD et al 2013,HEK293 cells
cid:1615,1615,MDMA,"Amphetamine, MDxx, Substituted_amphetamines",pdsp,5-HT2A,HTR2A,RAT,8300.0,"LYON ET AL., 1986",CORTEX
cid:1615,1615,MDMA,"Amphetamine, MDxx, Substituted_amphetamines",pdsp,5-HT2A,HTR2A,HUMAN,10000.0,"SADZOT ET AL., 1989",CORTEX
cid:1615,1615,MDMA,"Amphetamine, MDxx, Substituted_amphetamines",pdsp,CANNABINOID CB1,CNR1,RAT,381.0,"Compton DR, et al., 1993",BRAIN
cid:1615,1615,MDMA,"Amphetamine, MDxx, Substituted_amphetamines",pdsp,5-HT2B,HTR2B,HUMAN,500.0,"Setola V, et al., 2003",CLONED
cid:1615,1615,MDMA,"Amphetamine, MDxx, Substituted_amphetamines",pdsp,5-HT2B,HTR2B,HUMAN,700.0,PDSP Certified Data,CLONED
cid:1615,1615,MDMA,"Amphetamine, MDxx, Substituted_amphetamines",pdsp,adrenergic Alpha1A,ADRA1A,HUMAN,10000.0,PDSP Certified Data,CLONED
cid:1615,1615,MDMA,"Amphetamine, MDxx, Substituted_amphetamines",pdsp,DOPAMINE D5,DRD5,HUMAN,10000.0,PDSP Certified Data,CLONED
cid:1615,1615,MDMA,"Amphetamine, MDxx, Substituted_amphetamines",pdsp,DOPAMINE D4,DRD4,HUMAN,10000.0,PDSP Certified Data,CLONED
cid:1615,1615,MDMA,"Amphetamine, MDxx, Substituted_amphetamines",pdsp,DOPAMINE D3,DRD3,RAT,10000.0,PDSP Certified Data,CLONED
cid:1615,1615,MDMA,"Amphetamine, MDxx, Substituted_amphetamines",pdsp,DOPAMINE D2,DRD2,HUMAN,10000.0,PDSP Certified Data,CLONED
cid:1615,1615,MDMA,"Amphetamine, MDxx, Substituted_amphetamines",pdsp,DOPAMINE D1,DRD1,HUMAN,10000.0,PDSP Certified Data,CLONED
cid:1615,1615,MDMA,"Amphetamine, MDxx, Substituted_amphetamines",pdsp,5-HT7,HTR7,HUMAN,10000.0,PDSP Certified Data,CLONED
cid:1615,1615,MDMA,"Amphetamine, MDxx, Substituted_amphetamines",pdsp,5-HT6,HTR6,HUMAN,10000.0,PDSP Certified Data,CLONED
cid:1615,1615,MDMA,"Amphetamine, MDxx, Substituted_amphetamines",pdsp,5-HT5a,HTR5A,HUMAN,10000.0,PDSP Certified Data,CLONED
cid:1615,1615,MDMA,"Amphetamine, MDxx, Substituted_amphetamines",pdsp,5-HT3,HTR3A,HUMAN,10000.0,PDSP Certified Data,CLONED
cid:1615,1615,MDMA,"Amphetamine, MDxx, Substituted_amphetamines",pdsp,adrenergic Beta1,ADRB1,HUMAN,10000.0,PDSP Certified Data,CLONED
cid:1615,1615,MDMA,"Amphetamine, MDxx, Substituted_amphetamines",pdsp,5-HT2A,HTR2A,RAT,10000.0,PDSP Certified Data,CLONED
cid:1615,1615,MDMA,"Amphetamine, MDxx, Substituted_amphetamines",pdsp,adrenergic Beta2,ADRB2,HUMAN,10000.0,PDSP Certified Data,CLONED
cid:1615,1615,MDMA,"Amphetamine, MDxx, Substituted_amphetamines",pdsp,5-HT1E,HTR1E,HUMAN,10000.0,PDSP Certified Data,CLONED
cid:1615,1615,MDMA,"Amphetamine, MDxx, Substituted_amphetamines",pdsp,5-HT1D,HTR1D,HUMAN,10000.0,PDSP Certified Data,CLONED
cid:1615,1615,MDMA,"Amphetamine, MDxx, Substituted_amphetamines",pdsp,5-HT1B,HTR1B,HUMAN,10000.0,PDSP Certified Data,CLONED
cid:1615,1615,MDMA,"Amphetamine, MDxx, Substituted_amphetamines",pdsp,5-HT1A,HTR1A,HUMAN,10000.0,PDSP Certified Data,CLONED
cid:1615,1615,MDMA,"Amphetamine, MDxx, Substituted_amphetamines",pdsp,"Cholinergic, muscarinic M4",CHRM4,HUMAN,8245.0,PDSP Certified Data,CLONED
cid:1615,1615,MDMA,"Amphetamine, MDxx, Substituted_amphetamines",pdsp,"Cholinergic, muscarinic M5",CHRM5,HUMAN,6339.0,PDSP Certified Data,CLONED
cid:1615,1615,MDMA,"Amphetamine, MDxx, Substituted_amphetamines",pdsp,adrenergic Alpha2A,ADRA2A,HUMAN,2532.0,PDSP Certified Data,CLONED
cid:1615,1615,MDMA,"Amphetamine, MDxx, Substituted_amphetamines",pdsp,HISTAMINE H1,HRH1,HUMAN,2138.0,PDSP Certified Data,CLONED
cid:1615,1615,MDMA,"Amphetamine, MDxx, Substituted_amphetamines",pdsp,"Cholinergic, muscarinic M3",CHRM3,HUMAN,1851.0,PDSP Certified Data,CLONED
cid:1615,1615,MDMA,"Amphetamine, MDxx, Substituted_amphetamines",pdsp,adrenergic Alpha2B,ADRA2B,HUMAN,1785.0,PDSP Certified Data,CLONED
cid:1615,1615,MDMA,"Amphetamine, MDxx, Substituted_amphetamines",pdsp,adrenergic Alpha2C,ADRA2C,HUMAN,1123.0,PDSP Certified Data,CLONED
cid:1615,1615,MDMA,"Amphetamine, MDxx, Substituted_amphetamines",pdsp,Prostaglandin E3,PTGER3,HUMAN,10000.0,PDSP Certified Data,CLONED
cid:1615,1615,MDMA,"Amphetamine, MDxx, Substituted_amphetamines",pdsp,metabotropic glutamate 5,GRM5,RAT,10000.0,PDSP Certified Data,CLONED
cid:1615,1615,MDMA,"Amphetamine, MDxx, Substituted_amphetamines",pdsp,metabotropic glutamate 4,GRM4,RAT,10000.0,PDSP Certified Data,CLONED
cid:1615,1615,MDMA,"Amphetamine, MDxx, Substituted_amphetamines",pdsp,metabotropic glutamate 2,GRM2,RAT,10000.0,PDSP Certified Data,CLONED
cid:1615,1615,MDMA,"Amphetamine, MDxx, Substituted_amphetamines",pdsp,metabotropic glutamate 1,GRM1,RAT,10000.0,PDSP Certified Data,CLONED
cid:1615,1615,MDMA,"Amphetamine, MDxx, Substituted_amphetamines",pdsp,"Cholinergic, Nicotinic Alpha7",,HUMAN,10000.0,PDSP Certified Data,CLONED
cid:1615,1615,MDMA,"Amphetamine, MDxx, Substituted_amphetamines",pdsp,"Cholinergic, Nicotinic Alpha1Beta2",,HUMAN,10000.0,PDSP Certified Data,CLONED
cid:1615,1615,MDMA,"Amphetamine, MDxx, Substituted_amphetamines",pdsp,"Cholinergic, Nicotinic Alpha3Beta4",,HUMAN,10000.0,PDSP Certified Data,CLONED
cid:1615,1615,MDMA,"Amphetamine, MDxx, Substituted_amphetamines",pdsp,"Cholinergic, Nicotinic Alpha3Beta2",,HUMAN,10000.0,PDSP Certified Data,CLONED
cid:1615,1615,MDMA,"Amphetamine, MDxx, Substituted_amphetamines",pdsp,"Cholinergic, Nicotinic Alpha2Beta4",,HUMAN,10000.0,PDSP Certified Data,CLONED
cid:1615,1615,MDMA,"Amphetamine, MDxx, Substituted_amphetamines",pdsp,adrenergic Alpha1B,ADRA1B,HUMAN,10000.0,PDSP Certified Data,CLONED
cid:1615,1615,MDMA,"Amphetamine, MDxx, Substituted_amphetamines",pdsp,Prostaglandin E4,PTGER4,HUMAN,10000.0,PDSP Certified Data,CLONED
cid:1615,1615,MDMA,"Amphetamine, MDxx, Substituted_amphetamines",pdsp,metabotropic glutamate 8,GRM8,RAT,10000.0,PDSP Certified Data,CLONED
cid:1615,1615,MDMA,"Amphetamine, MDxx, Substituted_amphetamines",pdsp,HISTAMINE H2,HRH2,HUMAN,10000.0,PDSP Certified Data,CLONED
cid:1615,1615,MDMA,"Amphetamine, MDxx, Substituted_amphetamines",pdsp,Dopamine Transporter,SLC6A3,HUMAN,10000.0,PDSP Certified Data,CLONED
cid:1615,1615,MDMA,"Amphetamine, MDxx, Substituted_amphetamines",pdsp,Norepinephrine transporter,,HUMAN,10000.0,PDSP Certified Data,CLONED
cid:1615,1615,MDMA,"Amphetamine, MDxx, Substituted_amphetamines",pdsp,5-HT Transporter,SLC6A4,HUMAN,10000.0,PDSP Certified Data,CLONED
cid:1615,1615,MDMA,"Amphetamine, MDxx, Substituted_amphetamines",pdsp,"Cholinergic, muscarinic M2",CHRM2,HUMAN,10000.0,PDSP Certified Data,CLONED
cid:1615,1615,MDMA,"Amphetamine, MDxx, Substituted_amphetamines",pdsp,"Cholinergic, muscarinic M1",CHRM1,HUMAN,10000.0,PDSP Certified Data,CLONED
cid:1615,1615,MDMA,"Amphetamine, MDxx, Substituted_amphetamines",pdsp,"Cholinergic, Nicotinic Alpha2Beta2",,HUMAN,10000.0,PDSP Certified Data,CLONED
cid:1615,1615,MDMA,"Amphetamine, MDxx, Substituted_amphetamines",pdsp,CANNABINOID CB1,CNR1,RAT,10000.0,PDSP Certified Data,BRAIN
cid:1615,1615,MDMA,"Amphetamine, MDxx, Substituted_amphetamines",pdsp,Calcium channel,,RAT,1198.0,PDSP Certified Data,HEART
cid:1615,1615,MDMA,"Amphetamine, MDxx, Substituted_amphetamines",pdsp,Glutamate-NMDA-MK801,,RAT,10000.0,PDSP Certified Data,FOREBRAIN
cid:1615,1615,MDMA,"Amphetamine, MDxx, Substituted_amphetamines",pdsp,Glutamate-NMDA-MK801,,RAT,10000.0,PDSP Certified Data,FOREBRAIN
cid:1615,1615,MDMA,"Amphetamine, MDxx, Substituted_amphetamines",pdsp,GABA A Benzodiazepine,,RAT,10000.0,PDSP Certified Data,FOREBRAIN
cid:1615,1615,MDMA,"Amphetamine, MDxx, Substituted_amphetamines",pdsp,GABA B,,RAT,10000.0,PDSP Certified Data,FOREBRAIN
cid:1615,1615,MDMA,"Amphetamine, MDxx, Substituted_amphetamines",pdsp,GABA A,,RAT,10000.0,PDSP Certified Data,FOREBRAIN
cid:1615,1615,MDMA,"Amphetamine, MDxx, Substituted_amphetamines",pdsp,Imidazoline I1,,RAT,10000.0,PDSP Certified Data,PC12
cid:1615,1615,MDMA,"Amphetamine, MDxx, Substituted_amphetamines",pdsp,5-HT2B,HTR2B,HUMAN,2000.0,"Setola V, et al., 2003",CLONED
cid:1615,1615,MDMA,"Amphetamine, MDxx, Substituted_amphetamines",pdsp,5-HT Transporter,SLC6A4,RAT,72.0,"Setola V, et al., 2003",WHOLE BRAIN MINUS  CEREBELLUM
cid:1615,1615,MDMA,"Amphetamine, MDxx, Substituted_amphetamines",pdsp,Dopamine Transporter,SLC6A3,RAT,278.0,"Setola V, et al., 2003",CAUDATE
cid:1615,1615,MDMA,"Amphetamine, MDxx, Substituted_amphetamines",pdsp,Norepinephrine transporter,,RAT,110.0,"Setola V, et al., 2003",WHOLE BRAIN MINUS  CEREBELLUM
cid:1615,1615,MDMA,"Amphetamine, MDxx, Substituted_amphetamines",pdsp,5-HT Transporter,SLC6A4,HUMAN,10000.0,"Jones DC, et. al., 2004",CLONED
cid:1615,1615,MDMA,"Amphetamine, MDxx, Substituted_amphetamines",pdsp,Norepinephrine transporter,,RAT,462.0,"Rothman RB, et al., 2001",WHOLE BRAIN MINUS  CEREBELLUM
cid:1615,1615,MDMA,"Amphetamine, MDxx, Substituted_amphetamines",pdsp,5-HT Transporter,SLC6A4,RAT,238.0,"Rothman RB, et al., 2001",WHOLE BRAIN MINUS  CEREBELLUM
cid:1615,1615,MDMA,"Amphetamine, MDxx, Substituted_amphetamines",pdsp,Dopamine Transporter,SLC6A3,RAT,1572.0,"Rothman RB, et al., 2001",CAUDATE
cid:1615,1615,MDMA,"Amphetamine, MDxx, Substituted_amphetamines",pdsp,adrenergic Alpha1A,ADRA1A,HUMAN,10000.0,"Setola V, et al., 2003",CLONED
cid:1615,1615,MDMA,"Amphetamine, MDxx, Substituted_amphetamines",pdsp,DOPAMINE D5,DRD5,HUMAN,10000.0,"Setola V, et al., 2003",CLONED
cid:1615,1615,MDMA,"Amphetamine, MDxx, Substituted_amphetamines",pdsp,DOPAMINE D4,DRD4,RAT,10000.0,"Setola V, et al., 2003",CLONED
cid:1615,1615,MDMA,"Amphetamine, MDxx, Substituted_amphetamines",pdsp,DOPAMINE D3,DRD3,HUMAN,10000.0,"Setola V, et al., 2003",CLONED
cid:1615,1615,MDMA,"Amphetamine, MDxx, Substituted_amphetamines",pdsp,DOPAMINE D2,DRD2,HUMAN,10000.0,"Setola V, et al., 2003",CLONED
cid:1615,1615,MDMA,"Amphetamine, MDxx, Substituted_amphetamines",pdsp,DOPAMINE D1,DRD1,HUMAN,10000.0,"Setola V, et al., 2003",CLONED
cid:1615,1615,MDMA,"Amphetamine, MDxx, Substituted_amphetamines",pdsp,5-HT7,HTR7,HUMAN,10000.0,"Setola V, et al., 2003",CLONED
cid:1615,1615,MDMA,"Amphetamine, MDxx, Substituted_amphetamines",pdsp,5-HT6,HTR6,HUMAN,10000.0,"Setola V, et al., 2003",CLONED
cid:1615,1615,MDMA,"Amphetamine, MDxx, Substituted_amphetamines",pdsp,5-HT5,,HUMAN,10000.0,"Setola V, et al., 2003",CLONED
cid:1615,1615,MDMA,"Amphetamine, MDxx, Substituted_amphetamines",pdsp,5-HT3,HTR3A,HUMAN,10000.0,"Setola V, et al., 2003",CLONED
cid:1615,1615,MDMA,"Amphetamine, MDxx, Substituted_amphetamines",pdsp,adrenergic Beta1,ADRB1,RAT,10000.0,"Setola V, et al., 2003",CLONED
cid:1615,1615,MDMA,"Amphetamine, MDxx, Substituted_amphetamines",pdsp,5-HT2A,HTR2A,RAT,10000.0,"Setola V, et al., 2003",CLONED
cid:1615,1615,MDMA,"Amphetamine, MDxx, Substituted_amphetamines",pdsp,adrenergic Beta2,ADRB2,RAT,10000.0,"Setola V, et al., 2003",CLONED
cid:1615,1615,MDMA,"Amphetamine, MDxx, Substituted_amphetamines",pdsp,5-HT1E,HTR1E,HUMAN,10000.0,"Setola V, et al., 2003",CLONED
cid:1615,1615,MDMA,"Amphetamine, MDxx, Substituted_amphetamines",pdsp,5-HT1D,HTR1D,HUMAN,10000.0,"Setola V, et al., 2003",CLONED
cid:1615,1615,MDMA,"Amphetamine, MDxx, Substituted_amphetamines",pdsp,5-HT1B,HTR1B,HUMAN,10000.0,"Setola V, et al., 2003",CLONED
cid:1615,1615,MDMA,"Amphetamine, MDxx, Substituted_amphetamines",pdsp,5-HT1A,HTR1A,HUMAN,10000.0,"Setola V, et al., 2003",CLONED
cid:1615,1615,MDMA,"Amphetamine, MDxx, Substituted_amphetamines",pdsp,"Cholinergic, muscarinic M4",CHRM4,HUMAN,8245.0,"Setola V, et al., 2003",CLONED
cid:1615,1615,MDMA,"Amphetamine, MDxx, Substituted_amphetamines",pdsp,"Cholinergic, muscarinic M5",CHRM5,HUMAN,6339.0,"Setola V, et al., 2003",CLONED
cid:1615,1615,MDMA,"Amphetamine, MDxx, Substituted_amphetamines",pdsp,adrenergic Alpha2A,ADRA2A,HUMAN,2532.0,"Setola V, et al., 2003",CLONED
cid:1615,1615,MDMA,"Amphetamine, MDxx, Substituted_amphetamines",pdsp,HISTAMINE H1,HRH1,HUMAN,2138.0,"Setola V, et al., 2003",CLONED
cid:1615,1615,MDMA,"Amphetamine, MDxx, Substituted_amphetamines",pdsp,"Cholinergic, muscarinic M3",CHRM3,HUMAN,1851.0,"Setola V, et al., 2003",CLONED
cid:1615,1615,MDMA,"Amphetamine, MDxx, Substituted_amphetamines",pdsp,adrenergic Alpha2B,ADRA2B,HUMAN,1785.0,"Setola V, et al., 2003",CLONED
cid:1615,1615,MDMA,"Amphetamine, MDxx, Substituted_amphetamines",pdsp,adrenergic Alpha2C,ADRA2C,HUMAN,1123.0,"Setola V, et al., 2003",CLONED
cid:1615,1615,MDMA,"Amphetamine, MDxx, Substituted_amphetamines",pdsp,5-HT2C,HTR2C,RAT,10000.0,"Setola V, et al., 2003",CLONED
cid:1615,1615,MDMA,"Amphetamine, MDxx, Substituted_amphetamines",pdsp,Prostaglandin E3,PTGER3,HUMAN,10000.0,"Setola V, et al., 2003",CLONED
cid:1615,1615,MDMA,"Amphetamine, MDxx, Substituted_amphetamines",pdsp,metabotropic glutamate 5,GRM5,RAT,10000.0,"Setola V, et al., 2003",CLONED
cid:1615,1615,MDMA,"Amphetamine, MDxx, Substituted_amphetamines",pdsp,metabotropic glutamate 4,GRM4,RAT,10000.0,"Setola V, et al., 2003",CLONED
cid:1615,1615,MDMA,"Amphetamine, MDxx, Substituted_amphetamines",pdsp,metabotropic glutamate 2,GRM2,RAT,10000.0,"Setola V, et al., 2003",CLONED
cid:1615,1615,MDMA,"Amphetamine, MDxx, Substituted_amphetamines",pdsp,metabotropic glutamate 1,GRM1,RAT,10000.0,"Setola V, et al., 2003",CLONED
cid:1615,1615,MDMA,"Amphetamine, MDxx, Substituted_amphetamines",pdsp,"Cholinergic, Nicotinic Alpha7",,HUMAN,10000.0,"Setola V, et al., 2003",CLONED
cid:1615,1615,MDMA,"Amphetamine, MDxx, Substituted_amphetamines",pdsp,"Cholinergic, Nicotinic Alpha1Beta2",,HUMAN,10000.0,"Setola V, et al., 2003",CLONED
cid:1615,1615,MDMA,"Amphetamine, MDxx, Substituted_amphetamines",pdsp,"Cholinergic, Nicotinic Alpha3Beta4",,HUMAN,10000.0,"Setola V, et al., 2003",CLONED
cid:1615,1615,MDMA,"Amphetamine, MDxx, Substituted_amphetamines",pdsp,"Cholinergic, Nicotinic Alpha3Beta2",,HUMAN,10000.0,"Setola V, et al., 2003",CLONED
cid:1615,1615,MDMA,"Amphetamine, MDxx, Substituted_amphetamines",pdsp,"Cholinergic, Nicotinic Alpha2Beta4",,HUMAN,10000.0,"Setola V, et al., 2003",CLONED
cid:1615,1615,MDMA,"Amphetamine, MDxx, Substituted_amphetamines",pdsp,adrenergic Alpha1B,ADRA1B,HUMAN,10000.0,"Setola V, et al., 2003",CLONED
cid:1615,1615,MDMA,"Amphetamine, MDxx, Substituted_amphetamines",pdsp,Prostaglandin E4,PTGER4,HUMAN,10000.0,"Setola V, et al., 2003",CLONED
cid:1615,1615,MDMA,"Amphetamine, MDxx, Substituted_amphetamines",pdsp,metabotropic glutamate 8,GRM8,RAT,10000.0,"Setola V, et al., 2003",CLONED
cid:1615,1615,MDMA,"Amphetamine, MDxx, Substituted_amphetamines",pdsp,HISTAMINE H2,HRH2,HUMAN,10000.0,"Setola V, et al., 2003",CLONED
cid:1615,1615,MDMA,"Amphetamine, MDxx, Substituted_amphetamines",pdsp,Dopamine Transporter,SLC6A3,HUMAN,10000.0,"Setola V, et al., 2003",CLONED
cid:1615,1615,MDMA,"Amphetamine, MDxx, Substituted_amphetamines",pdsp,Norepinephrine transporter,,HUMAN,10000.0,"Setola V, et al., 2003",CLONED
cid:1615,1615,MDMA,"Amphetamine, MDxx, Substituted_amphetamines",pdsp,5-HT Transporter,SLC6A4,HUMAN,10000.0,"Setola V, et al., 2003",CLONED
cid:1615,1615,MDMA,"Amphetamine, MDxx, Substituted_amphetamines",pdsp,"Cholinergic, muscarinic M2",CHRM2,HUMAN,10000.0,"Setola V, et al., 2003",CLONED
cid:1615,1615,MDMA,"Amphetamine, MDxx, Substituted_amphetamines",pdsp,"Cholinergic, muscarinic M1",CHRM1,HUMAN,10000.0,"Setola V, et al., 2003",CLONED
cid:1615,1615,MDMA,"Amphetamine, MDxx, Substituted_amphetamines",pdsp,"Cholinergic, Nicotinic Alpha2Beta2",,HUMAN,10000.0,"Setola V, et al., 2003",CLONED
cid:1615,1615,MDMA,"Amphetamine, MDxx, Substituted_amphetamines",pdsp,CANNABINOID CB1,CNR1,RAT,10000.0,"Setola V, et al., 2003",BRAIN
cid:1615,1615,MDMA,"Amphetamine, MDxx, Substituted_amphetamines",pdsp,Calcium channel,,RAT,1198.0,"Setola V, et al., 2003",HEART
cid:1615,1615,MDMA,"Amphetamine, MDxx, Substituted_amphetamines",pdsp,Glutamate-NMDA-MK801,,RAT,10000.0,"Setola V, et al., 2003",FOREBRAIN
cid:1615,1615,MDMA,"Amphetamine, MDxx, Substituted_amphetamines",pdsp,GABA A Benzodiazepine,,RAT,10000.0,"Setola V, et al., 2003",FOREBRAIN
cid:1615,1615,MDMA,"Amphetamine, MDxx, Substituted_amphetamines",pdsp,GABA B,,RAT,10000.0,"Setola V, et al., 2003",FOREBRAIN
cid:1615,1615,MDMA,"Amphetamine, MDxx, Substituted_amphetamines",pdsp,GABA A,,RAT,10000.0,"Setola V, et al., 2003",FOREBRAIN
cid:1615,1615,MDMA,"Amphetamine, MDxx, Substituted_amphetamines",pdsp,Imidazoline I1,,RAT,10000.0,"Setola V, et al., 2003",PC12
cid:1615,1615,MDMA,"Amphetamine, MDxx, Substituted_amphetamines",pdsp,5-HT Transporter,SLC6A4,HUMAN,0.730000019073486,"Ben-Daniel R et al., 2008",UNDEFINED
cid:1615,1615,MDMA,"Amphetamine, MDxx, Substituted_amphetamines",pdsp,5-HT Transporter,SLC6A4,HUMAN,2.02999997138977,"Ben-Daniel R et al., 2008",UNDEFINED
cid:1615,1615,MDMA,"Amphetamine, MDxx, Substituted_amphetamines",pdsp,5HT Transporter,,HUMAN,1.07,"Huang Y et al., 2005",CLONED
cid:1615,1615,MDMA,"Amphetamine, MDxx, Substituted_amphetamines",pdsp,Dopamine Transporter,SLC6A3,HUMAN,10000.0,"Huang Y et al., 2005",CLONED
cid:1615,1615,MDMA,"Amphetamine, MDxx, Substituted_amphetamines",pdsp,Norepinephrine transporter,,HUMAN,1352.0,"Huang Y et al., 2005",CLONED
cid:1615,1615,MDMA,"Amphetamine, MDxx, Substituted_amphetamines",pdsp,Norepinephrine transporter,,HUMAN,30500.0,Simmler LD et al 2013,HEK293 cells
cid:1615,1615,MDMA,"Amphetamine, MDxx, Substituted_amphetamines",pdsp,DAT,,HUMAN,6500.0,Simmler LD et al 2013,HEK293 cells
cid:1615,1615,MDMA,"Amphetamine, MDxx, Substituted_amphetamines",pdsp,SERT,,HUMAN,13300.0,Simmler LD et al 2013,HEK293 cells
cid:1615,1615,MDMA,"Amphetamine, MDxx, Substituted_amphetamines",pdsp,5-HT1A,HTR1A,HUMAN,12200.0,Simmler LD et al 2013,HEK293 cells
cid:1615,1615,MDMA,"Amphetamine, MDxx, Substituted_amphetamines",pdsp,5-HT2A,HTR2A,HUMAN,7800.0,Simmler LD et al 2013,HEK293 cells
cid:1615,1615,MDMA,"Amphetamine, MDxx, Substituted_amphetamines",pdsp,5-HT2C,HTR2C,HUMAN,13000.0,Simmler LD et al 2013,HEK293 cells
cid:1615,1615,MDMA,"Amphetamine, MDxx, Substituted_amphetamines",pdsp,alpha1A,,HUMAN,6000.0,Simmler LD et al 2013,HEK293 cells
cid:1615,1615,MDMA,"Amphetamine, MDxx, Substituted_amphetamines",pdsp,Alpha2A,,HUMAN,15000.0,Simmler LD et al 2013,HEK293 cells
cid:1615,1615,MDMA,"Amphetamine, MDxx, Substituted_amphetamines",pdsp,D1,,HUMAN,13600.0,Simmler LD et al 2013,HEK293 cells
cid:1615,1615,MDMA,"Amphetamine, MDxx, Substituted_amphetamines",pdsp,D2,,HUMAN,25200.0,Simmler LD et al 2013,HEK293 cells
cid:1615,1615,MDMA,"Amphetamine, MDxx, Substituted_amphetamines",pdsp,D3,,HUMAN,17700.0,Simmler LD et al 2013,HEK293 cells
cid:1615,1615,MDMA,"Amphetamine, MDxx, Substituted_amphetamines",pdsp,H1,,HUMAN,14400.0,Simmler LD et al 2013,HEK293 cells
cid:1615,1615,MDMA,"Amphetamine, MDxx, Substituted_amphetamines",pdsp,TA1,TRAR1,RAT,370.0,Simmler LD et al 2013,HEK293 cells
cid:1615,1615,MDMA,"Amphetamine, MDxx, Substituted_amphetamines",pdsp,TA1,TRAR1,MOUSE,2400.0,Simmler LD et al 2013,HEK293 cells
cid:20111961,20111961,MDPV,"MDxx, Substituted_cathinones, Substituted_pyrrolidines",pdsp,Norepinephrine transporter,,HUMAN,80.0,Simmler LD et al 2013,HEK293 cells
cid:20111961,20111961,MDPV,"MDxx, Substituted_cathinones, Substituted_pyrrolidines",pdsp,DAT,,HUMAN,10.0,Simmler LD et al 2013,HEK293 cells
cid:20111961,20111961,MDPV,"MDxx, Substituted_cathinones, Substituted_pyrrolidines",pdsp,SERT,,HUMAN,2860.0,Simmler LD et al 2013,HEK293 cells
cid:20111961,20111961,MDPV,"MDxx, Substituted_cathinones, Substituted_pyrrolidines",pdsp,5-HT1A,HTR1A,HUMAN,10290.0,Simmler LD et al 2013,HEK293 cells
cid:20111961,20111961,MDPV,"MDxx, Substituted_cathinones, Substituted_pyrrolidines",pdsp,5-HT2A,HTR2A,HUMAN,13000.0,Simmler LD et al 2013,HEK293 cells
cid:20111961,20111961,MDPV,"MDxx, Substituted_cathinones, Substituted_pyrrolidines",pdsp,5-HT2C,HTR2C,HUMAN,13000.0,Simmler LD et al 2013,HEK293 cells
cid:20111961,20111961,MDPV,"MDxx, Substituted_cathinones, Substituted_pyrrolidines",pdsp,alpha1A,,HUMAN,6000.0,Simmler LD et al 2013,HEK293 cells
cid:20111961,20111961,MDPV,"MDxx, Substituted_cathinones, Substituted_pyrrolidines",pdsp,Alpha2A,,HUMAN,20000.0,Simmler LD et al 2013,HEK293 cells
cid:20111961,20111961,MDPV,"MDxx, Substituted_cathinones, Substituted_pyrrolidines",pdsp,D1,,HUMAN,13600.0,Simmler LD et al 2013,HEK293 cells
cid:20111961,20111961,MDPV,"MDxx, Substituted_cathinones, Substituted_pyrrolidines",pdsp,D2,,HUMAN,30000.0,Simmler LD et al 2013,HEK293 cells
cid:20111961,20111961,MDPV,"MDxx, Substituted_cathinones, Substituted_pyrrolidines",pdsp,D3,,HUMAN,9200.0,Simmler LD et al 2013,HEK293 cells
cid:20111961,20111961,MDPV,"MDxx, Substituted_cathinones, Substituted_pyrrolidines",pdsp,H1,,HUMAN,14400.0,Simmler LD et al 2013,HEK293 cells
cid:20111961,20111961,MDPV,"MDxx, Substituted_cathinones, Substituted_pyrrolidines",pdsp,TA1,TRAR1,RAT,7200.0,Simmler LD et al 2013,HEK293 cells
cid:20111961,20111961,MDPV,"MDxx, Substituted_cathinones, Substituted_pyrrolidines",pdsp,TA1,TRAR1,MOUSE,10000.0,Simmler LD et al 2013,HEK293 cells
cid:896,896,Melatonin,Substituted_tryptamines,pdsp,5-HT5B,,RAT,1000.0,"WISDEN W,  ET AL., 1993",CLONED
cid:896,896,Melatonin,Substituted_tryptamines,pdsp,5-HT5a,HTR5A,RAT,1000.0,"ERLANDER MG, ET AL., 1993",CLONED
cid:896,896,Melatonin,Substituted_tryptamines,pdsp,5-HT5B,,RAT,1000.0,"ERLANDER MG, ET AL., 1993",CLONED
cid:896,896,Melatonin,Substituted_tryptamines,pdsp,5-HT2B,HTR2B,HUMAN,10000.0,"WAINSCOTT DB, ET AL., 1996",CLONED
cid:896,896,Melatonin,Substituted_tryptamines,pdsp,5-HT2A,HTR2A,HUMAN,10000.0,"WAINSCOTT DB, ET AL., 1996",CLONED
cid:896,896,Melatonin,Substituted_tryptamines,pdsp,5-HT2C,HTR2C,HUMAN,10000.0,"WAINSCOTT DB, ET AL., 1996",CLONED
cid:896,896,Melatonin,Substituted_tryptamines,pdsp,Melatonin 1B,MTNR1B,HUMAN,1.11,"Reppert, Godson, Mahle, Weaver, Slaugenhaupt, 1995",CLONED
cid:896,896,Melatonin,Substituted_tryptamines,pdsp,Melatonin 1A,MTNR1A,HUMAN,1.48,"Reppert, Godson, Mahle, Weaver, Slaugenhaupt, 1995",CLONED
cid:896,896,Melatonin,Substituted_tryptamines,pdsp,Melatonin 1A,MTNR1A,HUMAN,0.08,"Beresford,Browning,Starkey, Brown, Foord, 1998",CLONED
cid:896,896,Melatonin,Substituted_tryptamines,pdsp,Melatonin 1B,MTNR1B,HUMAN,0.19,"Beresford,Browning,Starkey, Brown, Foord, 1998",CLONED
cid:896,896,Melatonin,Substituted_tryptamines,pdsp,Melatonin,,HUMAN,0.38,"Beresford,Browning,Starkey, Brown, Foord, 1998",CEREBELLUM
cid:896,896,Melatonin,Substituted_tryptamines,pdsp,Melatonin,,GUINEA PIG,0.25,"Beresford,Browning,Starkey, Brown, Foord, 1998",Colliculus Neurons
cid:896,896,Melatonin,Substituted_tryptamines,pdsp,Melatonin,,GUINEA PIG,0.24,"Beresford,Browning,Starkey, Brown, Foord, 1998",HYPOTHALAMUS
cid:896,896,Melatonin,Substituted_tryptamines,pdsp,Melatonin 1A,MTNR1A,HUMAN,0.56,"Sugden D, Pickering H, Teh MT, Garratt PJ, 1997",CLONED
cid:896,896,Melatonin,Substituted_tryptamines,pdsp,Melatonin 1B,MTNR1B,HUMAN,0.48,"Sugden D, Pickering H, Teh MT, Garratt PJ, 1997",CLONED
cid:896,896,Melatonin,Substituted_tryptamines,pdsp,Melatonin,,Chick,1.21,"Sugden D, Pickering H, Teh MT, Garratt PJ, 1997",BRAIN
cid:896,896,Melatonin,Substituted_tryptamines,pdsp,Melatonin 1A,MTNR1A,HUMAN,0.66,"Sugden D, Pickering H, Teh MT, Garratt PJ, 1997",CLONED
cid:896,896,Melatonin,Substituted_tryptamines,pdsp,Melatonin 1B,MTNR1B,HUMAN,0.33,"Sugden D, Pickering H, Teh MT, Garratt PJ, 1997",CLONED
cid:896,896,Melatonin,Substituted_tryptamines,pdsp,Melatonin 1C,,Xenopus,1.87,"Sugden D, Pickering H, Teh MT, Garratt PJ, 1997",CLONED
cid:896,896,Melatonin,Substituted_tryptamines,pdsp,Melatonin 1A,MTNR1A,HUMAN,0.88,"Dubocovich M, Masana S, Sauri D, 1997",CLONED
cid:896,896,Melatonin,Substituted_tryptamines,pdsp,Melatonin 1B,MTNR1B,HUMAN,0.18,"Dubocovich M, Masana S, Sauri D, 1997",CLONED
cid:896,896,Melatonin,Substituted_tryptamines,pdsp,Melatonin,,RABBIT,0.37,"Dubocovich M, Masana S, Sauri D, 1997",retina
cid:896,896,Melatonin,Substituted_tryptamines,pdsp,Melatonin 1B,MTNR1B,HUMAN,0.25,"Nonno,Pannacci,Lucini, Angeloni,Fraschini,Stankov",CLONED
cid:896,896,Melatonin,Substituted_tryptamines,pdsp,Melatonin 1A,MTNR1A,HUMAN,0.29,"Nonno,Lucini,Pannacci,Mazzucchelli,Angeloni 1998",CLONED
cid:896,896,Melatonin,Substituted_tryptamines,pdsp,Melatonin,,Sheep,0.24,"Reppert SM, Weaver DR, Ebisawa, 1994",CLONED
cid:896,896,Melatonin,Substituted_tryptamines,pdsp,Melatonin,,HUMAN,0.23,"Reppert SM, Weaver DR, Ebisawa, 1994",CLONED
cid:896,896,Melatonin,Substituted_tryptamines,pdsp,Melatonin,,Chick,1.2,"Teh MT, Sugden D, 1998",BRAIN
cid:896,896,Melatonin,Substituted_tryptamines,pdsp,Melatonin 1A,MTNR1A,HUMAN,0.66,"Teh MT, Sugden D, 1998",CLONED
cid:896,896,Melatonin,Substituted_tryptamines,pdsp,Melatonin 1B,MTNR1B,HUMAN,0.33,"Teh MT, Sugden D, 1998",CLONED
cid:896,896,Melatonin,Substituted_tryptamines,pdsp,Melatonin 1C,,Xenopus,1.86,"Teh MT, Sugden D, 1998",CLONED
cid:896,896,Melatonin,Substituted_tryptamines,pdsp,5-HT2C,HTR2C,HUMAN,10000.0,"Millan MJ, et al., 2003",CLONED
cid:896,896,Melatonin,Substituted_tryptamines,pdsp,5-HT2B,HTR2B,HUMAN,5754.3994,"Millan MJ, et al., 2003",CLONED
cid:896,896,Melatonin,Substituted_tryptamines,pdsp,5-HT2A,HTR2A,HUMAN,10000.0,"Millan MJ, et al., 2003",CLONED
cid:896,896,Melatonin,Substituted_tryptamines,pdsp,5-HT2A,HTR2A,RAT,10000.0,"Millan MJ, et al., 2003",FR. CORTEX
cid:896,896,Melatonin,Substituted_tryptamines,pdsp,5-HT2C,HTR2C,PORCINE,10000.0,"Millan MJ, et al., 2003",Choroid Plexus
cid:896,896,Melatonin,Substituted_tryptamines,pdsp,Vasopressin V3,,HUMAN,10000.0,PDSP Certified Data,CLONED
cid:896,896,Melatonin,Substituted_tryptamines,pdsp,5-HT2C,HTR2C,HUMAN,10000.0,"Millan MJ, et al., 2003a",CLONED
cid:896,896,Melatonin,Substituted_tryptamines,pdsp,5-HT2B,HTR2B,HUMAN,5754.3993733716,"Millan MJ, et al., 2003a",CLONED
cid:896,896,Melatonin,Substituted_tryptamines,pdsp,5-HT2A,HTR2A,HUMAN,10000.0,"Millan MJ, et al., 2003a",CLONED
cid:896,896,Melatonin,Substituted_tryptamines,pdsp,5-HT2A,HTR2A,RAT,10000.0,"Millan MJ, et al., 2003a",FR. CORTEX
cid:896,896,Melatonin,Substituted_tryptamines,pdsp,5-HT2C,HTR2C,PORCINE,10000.0,"Millan MJ, et al., 2003a",Choroid Plexus
cid:896,896,Melatonin,Substituted_tryptamines,pdsp,5-HT7,HTR7,RAT,1000.0,"SHEN Y, ET AL., 1993",CLONED
cid:896,896,Melatonin,Substituted_tryptamines,pdsp,5-HT7,HTR7,RAT,1000.0,"SHEN Y, ET AL., 1993",CLONED
cid:896,896,Melatonin,Substituted_tryptamines,pdsp,Melatonin,,RABBIT,6.3,"Morgan PJ, et al., 1994",retina
cid:896,896,Melatonin,Substituted_tryptamines,pdsp,Melatonin 1B,MTNR1B,HUMAN,0.409999996423721,"Poissonnier-Durieux S et al., 2008",UNDEFINED
cid:4054,4054,Memantine,Adamantanes,pdsp,Glutamate delta 2,,Xenopus,1000.0,"Williams K, et al., 2003",CLONED
cid:4054,4054,Memantine,Adamantanes,pdsp,Glutamate-NMDA,,RAT,690.0,"Bresink I, et al., 1995",CORTEX
cid:4054,4054,Memantine,Adamantanes,pdsp,Glutamate-NMDA,,RAT,700.0,"Bresink I, et al., 1995",CEREBELLUM
cid:4054,4054,Memantine,Adamantanes,pdsp,Glutamate-NMDA,,RAT,433.0,"Bresink I, et al., 1995",STRIATUM
cid:4054,4054,Memantine,Adamantanes,pdsp,Glutamate-NMDA,,RAT,1730.0,"Bresink I, et al., 1995",parietal cortex
cid:4054,4054,Memantine,Adamantanes,pdsp,Glutamate-NMDA,,RAT,1370.0,"Bresink I, et al., 1995",HIPPOCAMPUS CA1
cid:4054,4054,Memantine,Adamantanes,pdsp,Glutamate-NMDA,,RAT,1320.0,"Bresink I, et al., 1995",HIPPOCAMPUS CA3
cid:4054,4054,Memantine,Adamantanes,pdsp,Glutamate-NMDA,,RAT,2420.0,"Bresink I, et al., 1995",HIPPOCAMPUS DG
cid:4054,4054,Memantine,Adamantanes,pdsp,Glutamate-NMDA,,RAT,1780.0,"Bresink I, et al., 1995",STRIATUM
cid:4054,4054,Memantine,Adamantanes,pdsp,Sigma-1,,RAT,4131.0,PDSP Certified Data,BRAIN
cid:4054,4054,Memantine,Adamantanes,pdsp,Sigma-2,,RAT,9450.0,PDSP Certified Data,PC12
cid:4054,4054,Memantine,Adamantanes,pdsp,5-HT Transporter,SLC6A4,HUMAN,10000.0,PDSP Certified Data,CLONED
cid:4054,4054,Memantine,Adamantanes,pdsp,5-HT1A,HTR1A,HUMAN,10000.0,PDSP Certified Data,CLONED
cid:4054,4054,Memantine,Adamantanes,pdsp,5-HT1B,HTR1B,HUMAN,10000.0,PDSP Certified Data,CLONED
cid:4054,4054,Memantine,Adamantanes,pdsp,5-HT1E,HTR1E,HUMAN,10000.0,PDSP Certified Data,CLONED
cid:4054,4054,Memantine,Adamantanes,pdsp,5-HT2A,HTR2A,HUMAN,10000.0,PDSP Certified Data,CLONED
cid:4054,4054,Memantine,Adamantanes,pdsp,5-HT2C,HTR2C,HUMAN,10000.0,PDSP Certified Data,CLONED
cid:4054,4054,Memantine,Adamantanes,pdsp,5-HT3,HTR3A,HUMAN,10000.0,PDSP Certified Data,CLONED
cid:4054,4054,Memantine,Adamantanes,pdsp,5-HT5,,HUMAN,10000.0,PDSP Certified Data,CLONED
cid:4054,4054,Memantine,Adamantanes,pdsp,5-HT6,HTR6,HUMAN,10000.0,PDSP Certified Data,CLONED
cid:4054,4054,Memantine,Adamantanes,pdsp,5-HT7,HTR7,HUMAN,10000.0,PDSP Certified Data,CLONED
cid:4054,4054,Memantine,Adamantanes,pdsp,5-HT2B,HTR2B,HUMAN,10000.0,PDSP Certified Data,CLONED
cid:4054,4054,Memantine,Adamantanes,pdsp,"Cholinergic, muscarinic M1",CHRM1,HUMAN,10000.0,PDSP Certified Data,CLONED
cid:4054,4054,Memantine,Adamantanes,pdsp,"Cholinergic, muscarinic M2",CHRM2,HUMAN,10000.0,PDSP Certified Data,CLONED
cid:4054,4054,Memantine,Adamantanes,pdsp,"Cholinergic, muscarinic M3",CHRM3,HUMAN,10000.0,PDSP Certified Data,CLONED
cid:4054,4054,Memantine,Adamantanes,pdsp,"Cholinergic, muscarinic M4",CHRM4,HUMAN,10000.0,PDSP Certified Data,CLONED
cid:4054,4054,Memantine,Adamantanes,pdsp,"Cholinergic, muscarinic M5",CHRM5,HUMAN,10000.0,PDSP Certified Data,CLONED
cid:4054,4054,Memantine,Adamantanes,pdsp,"Cholinergic, Nicotinic Alpha2Beta2",,HUMAN,10000.0,PDSP Certified Data,CLONED
cid:4054,4054,Memantine,Adamantanes,pdsp,"Cholinergic, Nicotinic Alpha2Beta4",,HUMAN,10000.0,PDSP Certified Data,CLONED
cid:4054,4054,Memantine,Adamantanes,pdsp,"Cholinergic, Nicotinic Alpha3Beta2",,HUMAN,10000.0,PDSP Certified Data,CLONED
cid:4054,4054,Memantine,Adamantanes,pdsp,"Cholinergic, Nicotinic Alpha3Beta4",,HUMAN,10000.0,PDSP Certified Data,CLONED
cid:4054,4054,Memantine,Adamantanes,pdsp,"Cholinergic, Nicotinic Alpha4Beta2",,RAT,10000.0,PDSP Certified Data,FOREBRAIN
cid:4054,4054,Memantine,Adamantanes,pdsp,"Cholinergic, Nicotinic Alpha4Beta4",,HUMAN,10000.0,PDSP Certified Data,CLONED
cid:4054,4054,Memantine,Adamantanes,pdsp,"Cholinergic, Nicotinic Alpha4Beta2",,HUMAN,10000.0,PDSP Certified Data,CLONED
cid:4054,4054,Memantine,Adamantanes,pdsp,adrenergic Alpha1A,ADRA1A,HUMAN,10000.0,PDSP Certified Data,CLONED
cid:4054,4054,Memantine,Adamantanes,pdsp,adrenergic Alpha1B,ADRA1B,HUMAN,10000.0,PDSP Certified Data,CLONED
cid:4054,4054,Memantine,Adamantanes,pdsp,adrenergic Alpha2A,ADRA2A,HUMAN,10000.0,PDSP Certified Data,CLONED
cid:4054,4054,Memantine,Adamantanes,pdsp,adrenergic Alpha2B,ADRA2B,HUMAN,10000.0,PDSP Certified Data,CLONED
cid:4054,4054,Memantine,Adamantanes,pdsp,adrenergic Alpha2C,ADRA2C,HUMAN,10000.0,PDSP Certified Data,CLONED
cid:4054,4054,Memantine,Adamantanes,pdsp,adrenergic Beta1,ADRB1,HUMAN,10000.0,PDSP Certified Data,CLONED
cid:4054,4054,Memantine,Adamantanes,pdsp,adrenergic Beta2,ADRB2,HUMAN,10000.0,PDSP Certified Data,CLONED
cid:4054,4054,Memantine,Adamantanes,pdsp,HISTAMINE H1,HRH1,HUMAN,10000.0,PDSP Certified Data,CLONED
cid:4054,4054,Memantine,Adamantanes,pdsp,HISTAMINE H2,HRH2,HUMAN,10000.0,PDSP Certified Data,CLONED
cid:4054,4054,Memantine,Adamantanes,pdsp,HISTAMINE H4,HRH4,HUMAN,10000.0,PDSP Certified Data,CLONED
cid:4054,4054,Memantine,Adamantanes,pdsp,DOPAMINE D1,DRD1,HUMAN,10000.0,PDSP Certified Data,CLONED
cid:4054,4054,Memantine,Adamantanes,pdsp,DOPAMINE D2,DRD2,HUMAN,10000.0,PDSP Certified Data,CLONED
cid:4054,4054,Memantine,Adamantanes,pdsp,DOPAMINE D3,DRD3,RAT,10000.0,PDSP Certified Data,CLONED
cid:4054,4054,Memantine,Adamantanes,pdsp,DOPAMINE D4,DRD4,HUMAN,10000.0,PDSP Certified Data,CLONED
cid:4054,4054,Memantine,Adamantanes,pdsp,DOPAMINE D5,DRD5,HUMAN,10000.0,PDSP Certified Data,CLONED
cid:4054,4054,Memantine,Adamantanes,pdsp,Dopamine Transporter,SLC6A3,HUMAN,10000.0,PDSP Certified Data,CLONED
cid:4054,4054,Memantine,Adamantanes,pdsp,Norepinephrine transporter,,HUMAN,10000.0,PDSP Certified Data,CLONED
cid:4054,4054,Memantine,Adamantanes,pdsp,Calcium channel,,RAT,10000.0,PDSP Certified Data,HEART
cid:4054,4054,Memantine,Adamantanes,pdsp,CANNABINOID CB1,CNR1,RAT,10000.0,PDSP Certified Data,BRAIN
cid:4054,4054,Memantine,Adamantanes,pdsp,CANNABINOID CB2,CNR2,HUMAN,10000.0,PDSP Certified Data,CLONED
cid:4054,4054,Memantine,Adamantanes,pdsp,OPIATE Delta,OPRD1,GUINEA PIG,10000.0,PDSP Certified Data,CLONED
cid:4054,4054,Memantine,Adamantanes,pdsp,OPIATE Kappa,OPRK1,HUMAN,10000.0,PDSP Certified Data,CLONED
cid:4054,4054,Memantine,Adamantanes,pdsp,OPIATE Mu,OPRM1,HUMAN,10000.0,PDSP Certified Data,CLONED
cid:4054,4054,Memantine,Adamantanes,pdsp,GABA A,,RAT,10000.0,PDSP Certified Data,FOREBRAIN
cid:4054,4054,Memantine,Adamantanes,pdsp,GABA A alpha1,,HUMAN,10000.0,PDSP Certified Data,CLONED
cid:4054,4054,Memantine,Adamantanes,pdsp,NMDA,,RAT,325.0,PDSP Certified Data,BRAIN
cid:4054,4054,Memantine,Adamantanes,pdsp,VASOPRESSIN V1A,AVPR1A,HUMAN,10000.0,PDSP Certified Data,CLONED
cid:4054,4054,Memantine,Adamantanes,pdsp,VASOPRESSIN V1B,AVPR1B,HUMAN,10000.0,PDSP Certified Data,CLONED
cid:4054,4054,Memantine,Adamantanes,pdsp,VASOPRESSIN V2,AVPR2,HUMAN,10000.0,PDSP Certified Data,CLONED
cid:4054,4054,Memantine,Adamantanes,pdsp,Imidazoline I1,,RAT,669.2,PDSP Certified Data,PC12
cid:4054,4054,Memantine,Adamantanes,pdsp,Prostaglandin E3,PTGER3,HUMAN,10000.0,PDSP Certified Data,CLONED
cid:4054,4054,Memantine,Adamantanes,pdsp,NMDA,,RAT,378.4,"Wallach, Jason, et. al. 2016",FOREBRAIN
cid:4054,4054,Memantine,Adamantanes,pdsp,NMDA,,RAT,378.0,"Wallach, Jason, et. al. 2016",FOREBRAIN
cid:45266826,45266826,Mephedrone,"Cathinone, Substituted_cathinones",pdsp,Norepinephrine transporter,,HUMAN,511.0,"Iversen l., et al., 2012",CLONED
cid:45266826,45266826,Mephedrone,"Cathinone, Substituted_cathinones",pdsp,Dopamine Transporter,SLC6A3,HUMAN,543.0,"Iversen l., et al., 2012",CLONED
cid:45266826,45266826,Mephedrone,"Cathinone, Substituted_cathinones",pdsp,5-HT Transporter,SLC6A4,HUMAN,4943.0,"Iversen l., et al., 2012",CLONED
cid:45266826,45266826,Mephedrone,"Cathinone, Substituted_cathinones",pdsp,5-HT1B,HTR1B,HUMAN,1630.0,"Iversen l., et al., 2012",CLONED
cid:45266826,45266826,Mephedrone,"Cathinone, Substituted_cathinones",pdsp,5-HT2B,HTR2B,HUMAN,739.0,"Iversen l., et al., 2012",CLONED
cid:45266826,45266826,Mephedrone,"Cathinone, Substituted_cathinones",pdsp,adrenergic Alpha2C,ADRA2C,HUMAN,4476.0,"Iversen l., et al., 2012",CLONED
cid:45266826,45266826,Mephedrone,"Cathinone, Substituted_cathinones",pdsp,Norepinephrine transporter,,HUMAN,25000.0,Simmler LD et al 2013,HEK293 cells
cid:45266826,45266826,Mephedrone,"Cathinone, Substituted_cathinones",pdsp,DAT,,HUMAN,3400.0,Simmler LD et al 2013,HEK293 cells
cid:45266826,45266826,Mephedrone,"Cathinone, Substituted_cathinones",pdsp,SERT,,HUMAN,30000.0,Simmler LD et al 2013,HEK293 cells
cid:45266826,45266826,Mephedrone,"Cathinone, Substituted_cathinones",pdsp,5-HT1A,HTR1A,HUMAN,20000.0,Simmler LD et al 2013,HEK293 cells
cid:45266826,45266826,Mephedrone,"Cathinone, Substituted_cathinones",pdsp,5-HT2A,HTR2A,HUMAN,2100.0,Simmler LD et al 2013,HEK293 cells
cid:45266826,45266826,Mephedrone,"Cathinone, Substituted_cathinones",pdsp,5-HT2C,HTR2C,HUMAN,13000.0,Simmler LD et al 2013,HEK293 cells
cid:45266826,45266826,Mephedrone,"Cathinone, Substituted_cathinones",pdsp,alpha1A,,HUMAN,3480.0,Simmler LD et al 2013,HEK293 cells
cid:45266826,45266826,Mephedrone,"Cathinone, Substituted_cathinones",pdsp,Alpha2A,,HUMAN,11000.0,Simmler LD et al 2013,HEK293 cells
cid:45266826,45266826,Mephedrone,"Cathinone, Substituted_cathinones",pdsp,D1,,HUMAN,13600.0,Simmler LD et al 2013,HEK293 cells
cid:45266826,45266826,Mephedrone,"Cathinone, Substituted_cathinones",pdsp,D2,,HUMAN,30000.0,Simmler LD et al 2013,HEK293 cells
cid:45266826,45266826,Mephedrone,"Cathinone, Substituted_cathinones",pdsp,D3,,HUMAN,9200.0,Simmler LD et al 2013,HEK293 cells
cid:45266826,45266826,Mephedrone,"Cathinone, Substituted_cathinones",pdsp,H1,,HUMAN,14400.0,Simmler LD et al 2013,HEK293 cells
cid:45266826,45266826,Mephedrone,"Cathinone, Substituted_cathinones",pdsp,TA1,TRAR1,RAT,4300.0,Simmler LD et al 2013,HEK293 cells
cid:45266826,45266826,Mephedrone,"Cathinone, Substituted_cathinones",pdsp,TA1,TRAR1,MOUSE,10000.0,Simmler LD et al 2013,HEK293 cells
cid:4076,4076,Mescaline,Substituted_phenethylamines,pdsp,5-HT2B,HTR2B,BOVINE,10000.0,"MCKENNA & PEROUTKA, 1989",CORTEX
cid:4076,4076,Mescaline,Substituted_phenethylamines,pdsp,5-HT2A,HTR2A,RAT,150.0,"MCKENNA & PEROUTKA, 1989",CORTEX
cid:4076,4076,Mescaline,Substituted_phenethylamines,pdsp,5-HT1A,HTR1A,HUMAN,4600.0,Rickli A et al 2015,CLONED
cid:4076,4076,Mescaline,Substituted_phenethylamines,pdsp,5-HT2A,HTR2A,HUMAN,6300.0,Rickli A et al 2015,CLONED
cid:4076,4076,Mescaline,Substituted_phenethylamines,pdsp,5-HT2C,HTR2C,HUMAN,17000.0,Rickli A et al 2015,CLONED
cid:4076,4076,Mescaline,Substituted_phenethylamines,pdsp,alpha1A,,HUMAN,15000.0,Rickli A et al 2015,CLONED
cid:4076,4076,Mescaline,Substituted_phenethylamines,pdsp,Alpha2A,,HUMAN,1400.0,Rickli A et al 2015,CLONED
cid:4076,4076,Mescaline,Substituted_phenethylamines,pdsp,D1,,HUMAN,14000.0,Rickli A et al 2015,CLONED
cid:4076,4076,Mescaline,Substituted_phenethylamines,pdsp,D2,,HUMAN,10000.0,Rickli A et al 2015,CLONED
cid:4076,4076,Mescaline,Substituted_phenethylamines,pdsp,D3,,HUMAN,17000.0,Rickli A et al 2015,CLONED
cid:4076,4076,Mescaline,Substituted_phenethylamines,pdsp,trace amine-associated receptor,,RAT,3300.0,Rickli A et al 2015,CLONED
cid:4076,4076,Mescaline,Substituted_phenethylamines,pdsp,trace amine-associated receptor,,MOUSE,11000.0,Rickli A et al 2015,CLONED
cid:4076,4076,Mescaline,Substituted_phenethylamines,pdsp,Norepinephrine transporter,,HUMAN,30000.0,Rickli A et al 2015,CLONED
cid:4076,4076,Mescaline,Substituted_phenethylamines,pdsp,DAT,,HUMAN,30000.0,Rickli A et al 2015,CLONED
cid:4076,4076,Mescaline,Substituted_phenethylamines,pdsp,SERT,,HUMAN,30000.0,Rickli A et al 2015,CLONED
cid:4076,4076,Mescaline,Substituted_phenethylamines,pdsp,H1,,HUMAN,25000.0,Rickli A et al 2015,CLONED
cid:4095,4095,Methadone,Diphenylpropylamine,pdsp,OPIATE Delta,OPRD1,HUMAN,1000.0,"Raynor K, et al., 1994",CLONED
cid:4095,4095,Methadone,Diphenylpropylamine,pdsp,OPIATE Kappa,OPRK1,HUMAN,1000.0,"Raynor K, et al., 1994",CLONED
cid:4095,4095,Methadone,Diphenylpropylamine,pdsp,OPIATE Mu,OPRM1,HUMAN,0.72,"Raynor K, et al., 1994",CLONED
cid:4095,4095,Methadone,Diphenylpropylamine,pdsp,OPIATE Mu,OPRM1,HUMAN,5.6,"Raynor,Kong,Mestek,Bye,Tian,Liu,Yu,Reisine 1995",CLONED
cid:4095,4095,Methadone,Diphenylpropylamine,pdsp,OPIATE Mu,OPRM1,RAT,19.0,"Raynor,Kong,Mestek,Bye,Tian,Liu,Yu,Reisine 1995",CLONED
cid:4095,4095,Methadone,Diphenylpropylamine,pdsp,OPIATE Kappa 3,,HUMAN,15.8,"Standifer KM, et al., 1994",BE(2)-C
cid:4095,4095,Methadone,Diphenylpropylamine,pdsp,DOPAMINE D2,DRD2,CALF,2700.0,"Burt DR et al., 1976",BRAIN
cid:4095,4095,Methadone,Diphenylpropylamine,pdsp,DOPAMINE D1,DRD1,CALF,10000.0,"Burt DR et al., 1976",BRAIN
cid:4095,4095,Methadone,Diphenylpropylamine,pdsp,OPIATE Mu,OPRM1,RAT,200.0,"Pert CB, et al., 1974",BRAIN
cid:4095,4095,Methadone,Diphenylpropylamine,pdsp,OPIATE Mu,OPRM1,RAT,7.0,"Pert CB, et al., 1974",BRAIN
cid:4095,4095,Methadone,Diphenylpropylamine,pdsp,OPIATE Mu,OPRM1,RAT,1.7,"Codd EE et al, 1995",FOREBRAIN
cid:4095,4095,Methadone,Diphenylpropylamine,pdsp,OPIATE Mu,OPRM1,RAT,0.945,"Codd EE et al, 1995",FOREBRAIN
cid:4095,4095,Methadone,Diphenylpropylamine,pdsp,OPIATE Mu,OPRM1,RAT,19.7,"Codd EE et al, 1995",FOREBRAIN
cid:4095,4095,Methadone,Diphenylpropylamine,pdsp,OPIATE Delta,OPRD1,RAT,435.0,"Codd EE et al, 1995",FOREBRAIN
cid:4095,4095,Methadone,Diphenylpropylamine,pdsp,OPIATE Delta,OPRD1,RAT,371.0,"Codd EE et al, 1995",FOREBRAIN
cid:4095,4095,Methadone,Diphenylpropylamine,pdsp,OPIATE Delta,OPRD1,RAT,960.0,"Codd EE et al, 1995",FOREBRAIN
cid:4095,4095,Methadone,Diphenylpropylamine,pdsp,OPIATE Kappa,OPRK1,RAT,405.0,"Codd EE et al, 1995",FOREBRAIN
cid:4095,4095,Methadone,Diphenylpropylamine,pdsp,OPIATE Kappa,OPRK1,RAT,1860.0,"Codd EE et al, 1995",FOREBRAIN
cid:4095,4095,Methadone,Diphenylpropylamine,pdsp,OPIATE Kappa,OPRK1,RAT,1370.0,"Codd EE et al, 1995",FOREBRAIN
cid:4095,4095,Methadone,Diphenylpropylamine,pdsp,Norepinephrine transporter,,RAT,702.0,"Codd EE et al, 1995","medulla, pons"
cid:4095,4095,Methadone,Diphenylpropylamine,pdsp,Norepinephrine transporter,,RAT,10000.0,"Codd EE et al, 1995","medulla, pons"
cid:4095,4095,Methadone,Diphenylpropylamine,pdsp,5-HT Transporter,SLC6A4,RAT,14.1,"Codd EE et al, 1995",CEREBRAL CORTEX
cid:4095,4095,Methadone,Diphenylpropylamine,pdsp,5-HT Transporter,SLC6A4,RAT,992.0,"Codd EE et al, 1995",CEREBRAL CORTEX
cid:10836,10836,Methamphetamine,"Amphetamine, Substituted_amphetamines",pdsp,Norepinephrine transporter,,HUMAN,4280.0,Simmler LD et al 2013,HEK293 cells
cid:10836,10836,Methamphetamine,"Amphetamine, Substituted_amphetamines",pdsp,DAT,,HUMAN,1850.0,Simmler LD et al 2013,HEK293 cells
cid:10836,10836,Methamphetamine,"Amphetamine, Substituted_amphetamines",pdsp,SERT,,HUMAN,26700.0,Simmler LD et al 2013,HEK293 cells
cid:10836,10836,Methamphetamine,"Amphetamine, Substituted_amphetamines",pdsp,5-HT1A,HTR1A,HUMAN,8070.0,Simmler LD et al 2013,HEK293 cells
cid:10836,10836,Methamphetamine,"Amphetamine, Substituted_amphetamines",pdsp,5-HT2A,HTR2A,HUMAN,13000.0,Simmler LD et al 2013,HEK293 cells
cid:10836,10836,Methamphetamine,"Amphetamine, Substituted_amphetamines",pdsp,5-HT2C,HTR2C,HUMAN,13000.0,Simmler LD et al 2013,HEK293 cells
cid:10836,10836,Methamphetamine,"Amphetamine, Substituted_amphetamines",pdsp,alpha1A,,HUMAN,6000.0,Simmler LD et al 2013,HEK293 cells
cid:10836,10836,Methamphetamine,"Amphetamine, Substituted_amphetamines",pdsp,Alpha2A,,HUMAN,6100.0,Simmler LD et al 2013,HEK293 cells
cid:10836,10836,Methamphetamine,"Amphetamine, Substituted_amphetamines",pdsp,D1,,HUMAN,13600.0,Simmler LD et al 2013,HEK293 cells
cid:10836,10836,Methamphetamine,"Amphetamine, Substituted_amphetamines",pdsp,D2,,HUMAN,30000.0,Simmler LD et al 2013,HEK293 cells
cid:10836,10836,Methamphetamine,"Amphetamine, Substituted_amphetamines",pdsp,D3,,HUMAN,17700.0,Simmler LD et al 2013,HEK293 cells
cid:10836,10836,Methamphetamine,"Amphetamine, Substituted_amphetamines",pdsp,H1,,HUMAN,14400.0,Simmler LD et al 2013,HEK293 cells
cid:10836,10836,Methamphetamine,"Amphetamine, Substituted_amphetamines",pdsp,TA1,TRAR1,RAT,350.0,Simmler LD et al 2013,HEK293 cells
cid:10836,10836,Methamphetamine,"Amphetamine, Substituted_amphetamines",pdsp,TA1,TRAR1,MOUSE,550.0,Simmler LD et al 2013,HEK293 cells
cid:1576,1576,Methcathinone,"Cathinone, Substituted_cathinones",pdsp,adrenergic Alpha2A,ADRA2A,HUMAN,9017.0,"Rothman RB, et al., 2003a",CLONED
cid:1576,1576,Methcathinone,"Cathinone, Substituted_cathinones",pdsp,adrenergic Alpha2B,ADRA2B,HUMAN,1542.0,"Rothman RB, et al., 2003a",CLONED
cid:1576,1576,Methcathinone,"Cathinone, Substituted_cathinones",pdsp,adrenergic Alpha2C,ADRA2C,HUMAN,605.0,"Rothman RB, et al., 2003a",CLONED
cid:1576,1576,Methcathinone,"Cathinone, Substituted_cathinones",pdsp,5-HT7,HTR7,HUMAN,1000.0,"Rothman RB, et al., 2003a",CLONED
cid:1576,1576,Methcathinone,"Cathinone, Substituted_cathinones",pdsp,DOPAMINE D3,DRD3,RAT,10000.0,PDSP Certified Data,CLONED
cid:1576,1576,Methcathinone,"Cathinone, Substituted_cathinones",pdsp,OPIATE Kappa,OPRK1,HUMAN,10000.0,PDSP Certified Data,CLONED
cid:1576,1576,Methcathinone,"Cathinone, Substituted_cathinones",pdsp,metabotropic glutamate 1,GRM1,RAT,10000.0,PDSP Certified Data,CLONED
cid:1576,1576,Methcathinone,"Cathinone, Substituted_cathinones",pdsp,CANNABINOID CB1,CNR1,RAT,10000.0,PDSP Certified Data,BRAIN
cid:1576,1576,Methcathinone,"Cathinone, Substituted_cathinones",pdsp,"Cholinergic, muscarinic M2",CHRM2,HUMAN,10000.0,PDSP Certified Data,CLONED
cid:1576,1576,Methcathinone,"Cathinone, Substituted_cathinones",pdsp,"Cholinergic, muscarinic M1",CHRM1,HUMAN,10000.0,PDSP Certified Data,CLONED
cid:1576,1576,Methcathinone,"Cathinone, Substituted_cathinones",pdsp,5-HT3,HTR3A,HUMAN,10000.0,PDSP Certified Data,CLONED
cid:1576,1576,Methcathinone,"Cathinone, Substituted_cathinones",pdsp,5-HT2C,HTR2C,RAT,10000.0,PDSP Certified Data,CLONED
cid:1576,1576,Methcathinone,"Cathinone, Substituted_cathinones",pdsp,OPIATE Mu,OPRM1,HUMAN,10000.0,PDSP Certified Data,CLONED
cid:1576,1576,Methcathinone,"Cathinone, Substituted_cathinones",pdsp,DOPAMINE D4,DRD4,HUMAN,10000.0,PDSP Certified Data,CLONED
cid:1576,1576,Methcathinone,"Cathinone, Substituted_cathinones",pdsp,Glutamate-NMDA-MK801,,RAT,10000.0,PDSP Certified Data,FOREBRAIN
cid:1576,1576,Methcathinone,"Cathinone, Substituted_cathinones",pdsp,"Cholinergic, muscarinic M3",CHRM3,HUMAN,10000.0,PDSP Certified Data,CLONED
cid:1576,1576,Methcathinone,"Cathinone, Substituted_cathinones",pdsp,5-HT2A,HTR2A,RAT,10000.0,PDSP Certified Data,CLONED
cid:1576,1576,Methcathinone,"Cathinone, Substituted_cathinones",pdsp,"Cholinergic, muscarinic M4",CHRM4,HUMAN,10000.0,PDSP Certified Data,CLONED
cid:1576,1576,Methcathinone,"Cathinone, Substituted_cathinones",pdsp,"Cholinergic, Nicotinic Alpha4Beta4",,HUMAN,10000.0,PDSP Certified Data,CLONED
cid:1576,1576,Methcathinone,"Cathinone, Substituted_cathinones",pdsp,5-HT Transporter,SLC6A4,HUMAN,10000.0,PDSP Certified Data,CLONED
cid:1576,1576,Methcathinone,"Cathinone, Substituted_cathinones",pdsp,5-HT1A,HTR1A,HUMAN,10000.0,PDSP Certified Data,CLONED
cid:1576,1576,Methcathinone,"Cathinone, Substituted_cathinones",pdsp,"Cholinergic, Nicotinic Alpha4Beta2",,RAT,10000.0,PDSP Certified Data,FOREBRAIN
cid:1576,1576,Methcathinone,"Cathinone, Substituted_cathinones",pdsp,"Cholinergic, Nicotinic Alpha2Beta4",,HUMAN,10000.0,PDSP Certified Data,CLONED
cid:1576,1576,Methcathinone,"Cathinone, Substituted_cathinones",pdsp,"Cholinergic, muscarinic M5",CHRM5,HUMAN,10000.0,PDSP Certified Data,CLONED
cid:1576,1576,Methcathinone,"Cathinone, Substituted_cathinones",pdsp,"Cholinergic, Nicotinic Alpha3Beta2",,HUMAN,10000.0,PDSP Certified Data,CLONED
cid:1576,1576,Methcathinone,"Cathinone, Substituted_cathinones",pdsp,5-HT1B,HTR1B,HUMAN,10000.0,PDSP Certified Data,CLONED
cid:1576,1576,Methcathinone,"Cathinone, Substituted_cathinones",pdsp,5-HT1E,HTR1E,HUMAN,10000.0,PDSP Certified Data,CLONED
cid:1576,1576,Methcathinone,"Cathinone, Substituted_cathinones",pdsp,"Cholinergic, Nicotinic Alpha3Beta4",,HUMAN,10000.0,PDSP Certified Data,CLONED
cid:1576,1576,Methcathinone,"Cathinone, Substituted_cathinones",pdsp,metabotropic glutamate 2,GRM2,RAT,10000.0,PDSP Certified Data,CLONED
cid:1576,1576,Methcathinone,"Cathinone, Substituted_cathinones",pdsp,metabotropic glutamate 7,GRM7,RAT,10000.0,PDSP Certified Data,CLONED
cid:1576,1576,Methcathinone,"Cathinone, Substituted_cathinones",pdsp,metabotropic glutamate 6,GRM6,RAT,10000.0,PDSP Certified Data,CLONED
cid:1576,1576,Methcathinone,"Cathinone, Substituted_cathinones",pdsp,5-HT1D,HTR1D,HUMAN,10000.0,PDSP Certified Data,CLONED
cid:1576,1576,Methcathinone,"Cathinone, Substituted_cathinones",pdsp,"Cholinergic, Nicotinic Alpha7",,HUMAN,10000.0,PDSP Certified Data,CLONED
cid:1576,1576,Methcathinone,"Cathinone, Substituted_cathinones",pdsp,metabotropic glutamate 5,GRM5,RAT,10000.0,PDSP Certified Data,CLONED
cid:1576,1576,Methcathinone,"Cathinone, Substituted_cathinones",pdsp,DOPAMINE D1,DRD1,HUMAN,10000.0,PDSP Certified Data,CLONED
cid:1576,1576,Methcathinone,"Cathinone, Substituted_cathinones",pdsp,metabotropic glutamate 4,GRM4,RAT,10000.0,PDSP Certified Data,CLONED
cid:1576,1576,Methcathinone,"Cathinone, Substituted_cathinones",pdsp,DOPAMINE D2,DRD2,HUMAN,10000.0,PDSP Certified Data,CLONED
cid:1576,1576,Methcathinone,"Cathinone, Substituted_cathinones",pdsp,metabotropic glutamate 8,GRM8,RAT,10000.0,PDSP Certified Data,CLONED
cid:1576,1576,Methcathinone,"Cathinone, Substituted_cathinones",pdsp,HISTAMINE H2,HRH2,HUMAN,10000.0,PDSP Certified Data,CLONED
cid:1576,1576,Methcathinone,"Cathinone, Substituted_cathinones",pdsp,Dopamine Transporter,SLC6A3,HUMAN,10000.0,PDSP Certified Data,CLONED
cid:1576,1576,Methcathinone,"Cathinone, Substituted_cathinones",pdsp,adrenergic Beta1,ADRB1,HUMAN,10000.0,PDSP Certified Data,CLONED
cid:1576,1576,Methcathinone,"Cathinone, Substituted_cathinones",pdsp,Calcium channel,,RAT,10000.0,PDSP Certified Data,HEART
cid:1576,1576,Methcathinone,"Cathinone, Substituted_cathinones",pdsp,Norepinephrine transporter,,HUMAN,1400.0,PDSP Certified Data,CLONED
cid:1576,1576,Methcathinone,"Cathinone, Substituted_cathinones",pdsp,5-HT5a,HTR5A,HUMAN,10000.0,PDSP Certified Data,CLONED
cid:1576,1576,Methcathinone,"Cathinone, Substituted_cathinones",pdsp,"Cholinergic, Nicotinic Alpha2Beta2",,HUMAN,10000.0,PDSP Certified Data,CLONED
cid:1576,1576,Methcathinone,"Cathinone, Substituted_cathinones",pdsp,adrenergic Alpha1A,ADRA1A,HUMAN,10000.0,PDSP Certified Data,CLONED
cid:1576,1576,Methcathinone,"Cathinone, Substituted_cathinones",pdsp,HISTAMINE H1,HRH1,HUMAN,10000.0,PDSP Certified Data,CLONED
cid:1576,1576,Methcathinone,"Cathinone, Substituted_cathinones",pdsp,GABA A,,RAT,10000.0,PDSP Certified Data,FOREBRAIN
cid:1576,1576,Methcathinone,"Cathinone, Substituted_cathinones",pdsp,adrenergic Beta2,ADRB2,HUMAN,10000.0,PDSP Certified Data,CLONED
cid:1576,1576,Methcathinone,"Cathinone, Substituted_cathinones",pdsp,GABA B,,RAT,10000.0,PDSP Certified Data,FOREBRAIN
cid:1576,1576,Methcathinone,"Cathinone, Substituted_cathinones",pdsp,HISTAMINE H3,HRH3,GUINEA PIG,10000.0,PDSP Certified Data,CLONED
cid:1576,1576,Methcathinone,"Cathinone, Substituted_cathinones",pdsp,HISTAMINE H4,HRH4,HUMAN,10000.0,PDSP Certified Data,CLONED
cid:1576,1576,Methcathinone,"Cathinone, Substituted_cathinones",pdsp,GABA A Benzodiazepine,,RAT,10000.0,PDSP Certified Data,FOREBRAIN
cid:1576,1576,Methcathinone,"Cathinone, Substituted_cathinones",pdsp,5-HT6,HTR6,HUMAN,10000.0,PDSP Certified Data,CLONED
cid:1576,1576,Methcathinone,"Cathinone, Substituted_cathinones",pdsp,Glutamate-NMDA-MK801,,RAT,10000.0,PDSP Certified Data,FOREBRAIN
cid:1576,1576,Methcathinone,"Cathinone, Substituted_cathinones",pdsp,OPIATE Delta,OPRD1,GUINEA PIG,10000.0,PDSP Certified Data,FOREBRAIN
cid:1576,1576,Methcathinone,"Cathinone, Substituted_cathinones",pdsp,adrenergic Alpha1B,ADRA1B,HUMAN,10000.0,PDSP Certified Data,CLONED
cid:1576,1576,Methcathinone,"Cathinone, Substituted_cathinones",pdsp,DOPAMINE D5,DRD5,HUMAN,10000.0,PDSP Certified Data,CLONED
cid:1576,1576,Methcathinone,"Cathinone, Substituted_cathinones",pdsp,Norepinephrine transporter,,HUMAN,13.1,"Rothman RB, et al., 2003a",CLONED
cid:1576,1576,Methcathinone,"Cathinone, Substituted_cathinones",pdsp,Dopamine Transporter,SLC6A3,HUMAN,14.8,"Rothman RB, et al., 2003a",CLONED
cid:1576,1576,Methcathinone,"Cathinone, Substituted_cathinones",pdsp,5-HT Transporter,SLC6A4,HUMAN,1772.0,"Rothman RB, et al., 2003a",CLONED
cid:1576,1576,Methcathinone,"Cathinone, Substituted_cathinones",pdsp,Norepinephrine transporter,,HUMAN,1450.0,Simmler LD et al 2013,HEK293 cells
cid:1576,1576,Methcathinone,"Cathinone, Substituted_cathinones",pdsp,DAT,,HUMAN,1280.0,Simmler LD et al 2013,HEK293 cells
cid:1576,1576,Methcathinone,"Cathinone, Substituted_cathinones",pdsp,SERT,,HUMAN,30000.0,Simmler LD et al 2013,HEK293 cells
cid:1576,1576,Methcathinone,"Cathinone, Substituted_cathinones",pdsp,5-HT1A,HTR1A,HUMAN,12700.0,Simmler LD et al 2013,HEK293 cells
cid:1576,1576,Methcathinone,"Cathinone, Substituted_cathinones",pdsp,5-HT2A,HTR2A,HUMAN,3000.0,Simmler LD et al 2013,HEK293 cells
cid:1576,1576,Methcathinone,"Cathinone, Substituted_cathinones",pdsp,5-HT2C,HTR2C,HUMAN,13000.0,Simmler LD et al 2013,HEK293 cells
cid:1576,1576,Methcathinone,"Cathinone, Substituted_cathinones",pdsp,alpha1A,,HUMAN,3930.0,Simmler LD et al 2013,HEK293 cells
cid:1576,1576,Methcathinone,"Cathinone, Substituted_cathinones",pdsp,Alpha2A,,HUMAN,11900.0,Simmler LD et al 2013,HEK293 cells
cid:1576,1576,Methcathinone,"Cathinone, Substituted_cathinones",pdsp,D1,,HUMAN,13600.0,Simmler LD et al 2013,HEK293 cells
cid:1576,1576,Methcathinone,"Cathinone, Substituted_cathinones",pdsp,D2,,HUMAN,30000.0,Simmler LD et al 2013,HEK293 cells
cid:1576,1576,Methcathinone,"Cathinone, Substituted_cathinones",pdsp,D3,,HUMAN,9200.0,Simmler LD et al 2013,HEK293 cells
cid:1576,1576,Methcathinone,"Cathinone, Substituted_cathinones",pdsp,H1,,HUMAN,14400.0,Simmler LD et al 2013,HEK293 cells
cid:1576,1576,Methcathinone,"Cathinone, Substituted_cathinones",pdsp,TA1,TRAR1,RAT,4100.0,Simmler LD et al 2013,HEK293 cells
cid:1576,1576,Methcathinone,"Cathinone, Substituted_cathinones",pdsp,TA1,TRAR1,MOUSE,10000.0,Simmler LD et al 2013,HEK293 cells
cid:436156,436156,Methiopropamine,Thiophene,pdsp,Thrombin,,HUMAN,10000.0,"Ahn HS, et al., 1997",Platelets
cid:436156,436156,Methiopropamine,Thiophene,pdsp,progesterone,,HUMAN,13.0,"Kurata Y, et al., 2005",T47D
cid:436156,436156,Methiopropamine,Thiophene,pdsp,androgen,,RAT,19.0,"Kurata Y, et al., 2005",prostate
cid:436156,436156,Methiopropamine,Thiophene,pdsp,Glucocorticoid,,HUMAN,43.0,"Kurata Y, et al., 2005",IM9
cid:436156,436156,Methiopropamine,Thiophene,pdsp,estrogen alpha,,HUMAN,10000.0,"Kurata Y, et al., 2005",MCF7
cid:436156,436156,Methiopropamine,Thiophene,pdsp,Progesterone receptor,PGR,HUMAN,1.39999997615814,"Pedram B et al., 2008",UNDEFINED
cid:436156,436156,Methiopropamine,Thiophene,pdsp,Norepinephrine transporter,,HUMAN,313.0,"Iversen l., et al., 2012",CLONED
cid:436156,436156,Methiopropamine,Thiophene,pdsp,Dopamine Transporter,SLC6A3,HUMAN,577.0,"Iversen l., et al., 2012",CLONED
cid:436156,436156,Methiopropamine,Thiophene,pdsp,5-HT Transporter,SLC6A4,HUMAN,10000.0,"Iversen l., et al., 2012",CLONED
cid:436156,436156,Methiopropamine,Thiophene,pdsp,5-HT1A,HTR1A,HUMAN,1898.0,"Iversen l., et al., 2012",CLONED
cid:436156,436156,Methiopropamine,Thiophene,pdsp,5-HT7,HTR7,HUMAN,1134.0,"Iversen l., et al., 2012",CLONED
cid:436156,436156,Methiopropamine,Thiophene,pdsp,adrenergic Alpha2A,ADRA2A,HUMAN,1909.0,"Iversen l., et al., 2012",CLONED
cid:436156,436156,Methiopropamine,Thiophene,pdsp,adrenergic Alpha2B,ADRA2B,HUMAN,560.0,"Iversen l., et al., 2012",CLONED
cid:436156,436156,Methiopropamine,Thiophene,pdsp,adrenergic Alpha2C,ADRA2C,HUMAN,436.0,"Iversen l., et al., 2012",CLONED
cid:436156,436156,Methiopropamine,Thiophene,pdsp,DOPAMINE D4,DRD4,HUMAN,929.0,"Iversen l., et al., 2012",CLONED
cid:52911279,52911279,Methoxetamine,Arylcyclohexylamines,pdsp,Serotonin Transporter,,HUMAN,481.0,"Roth BL, et al., 2013",CLONED
cid:67833251,67833251,Methoxphenidine,Diarylethylamines,pdsp,NMDA,,RAT,36.0,"Wallach, Jason, et. al. 2016",FOREBRAIN
cid:67833251,67833251,Methoxphenidine,Diarylethylamines,pdsp,5-HT1A,HTR1A,HUMAN,10000.0,"Wallach, Jason, et. al. 2016",CLONED
cid:67833251,67833251,Methoxphenidine,Diarylethylamines,pdsp,5-HT1B,HTR1B,HUMAN,10000.0,"Wallach, Jason, et. al. 2016",CLONED
cid:67833251,67833251,Methoxphenidine,Diarylethylamines,pdsp,5-HT1D,HTR1D,HUMAN,10000.0,"Wallach, Jason, et. al. 2016",CLONED
cid:67833251,67833251,Methoxphenidine,Diarylethylamines,pdsp,5-HT1E,HTR1E,HUMAN,10000.0,"Wallach, Jason, et. al. 2016",CLONED
cid:67833251,67833251,Methoxphenidine,Diarylethylamines,pdsp,5-HT2A,HTR2A,HUMAN,10000.0,"Wallach, Jason, et. al. 2016",CLONED
cid:67833251,67833251,Methoxphenidine,Diarylethylamines,pdsp,5-HT2B,HTR2B,HUMAN,10000.0,"Wallach, Jason, et. al. 2016",CLONED
cid:67833251,67833251,Methoxphenidine,Diarylethylamines,pdsp,5-HT2C,HTR2C,HUMAN,10000.0,"Wallach, Jason, et. al. 2016",CLONED
cid:67833251,67833251,Methoxphenidine,Diarylethylamines,pdsp,5-HT3,HTR3A,HUMAN,10000.0,"Wallach, Jason, et. al. 2016",CLONED
cid:67833251,67833251,Methoxphenidine,Diarylethylamines,pdsp,5-HT5a,HTR5A,HUMAN,10000.0,"Wallach, Jason, et. al. 2016",CLONED
cid:67833251,67833251,Methoxphenidine,Diarylethylamines,pdsp,5-HT6,HTR6,HUMAN,10000.0,"Wallach, Jason, et. al. 2016",CLONED
cid:67833251,67833251,Methoxphenidine,Diarylethylamines,pdsp,5-HT7,HTR7,HUMAN,10000.0,"Wallach, Jason, et. al. 2016",CLONED
cid:67833251,67833251,Methoxphenidine,Diarylethylamines,pdsp,adrenergic Alpha1A,ADRA1A,HUMAN,10000.0,"Wallach, Jason, et. al. 2016",CLONED
cid:67833251,67833251,Methoxphenidine,Diarylethylamines,pdsp,adrenergic Alpha1B,ADRA1B,HUMAN,10000.0,"Wallach, Jason, et. al. 2016",CLONED
cid:67833251,67833251,Methoxphenidine,Diarylethylamines,pdsp,adrenergic Alpha1D,ADRA1D,HUMAN,10000.0,"Wallach, Jason, et. al. 2016",CLONED
cid:67833251,67833251,Methoxphenidine,Diarylethylamines,pdsp,adrenergic Alpha2A,ADRA2A,HUMAN,1909.0,"Wallach, Jason, et. al. 2016",CLONED
cid:67833251,67833251,Methoxphenidine,Diarylethylamines,pdsp,adrenergic Alpha2B,ADRA2B,HUMAN,10000.0,"Wallach, Jason, et. al. 2016",CLONED
cid:67833251,67833251,Methoxphenidine,Diarylethylamines,pdsp,adrenergic Alpha2C,ADRA2C,HUMAN,1944.0,"Wallach, Jason, et. al. 2016",CLONED
cid:67833251,67833251,Methoxphenidine,Diarylethylamines,pdsp,adrenergic Beta1,ADRB1,HUMAN,10000.0,"Wallach, Jason, et. al. 2016",CLONED
cid:67833251,67833251,Methoxphenidine,Diarylethylamines,pdsp,adrenergic Beta2,ADRB2,HUMAN,10000.0,"Wallach, Jason, et. al. 2016",CLONED
cid:67833251,67833251,Methoxphenidine,Diarylethylamines,pdsp,BZP Rat Brain Site,,HUMAN,10000.0,"Wallach, Jason, et. al. 2016",CLONED
cid:67833251,67833251,Methoxphenidine,Diarylethylamines,pdsp,adrenergic Beta3,ADRB3,HUMAN,10000.0,"Wallach, Jason, et. al. 2016",CLONED
cid:67833251,67833251,Methoxphenidine,Diarylethylamines,pdsp,D1,,HUMAN,10000.0,"Wallach, Jason, et. al. 2016",CLONED
cid:67833251,67833251,Methoxphenidine,Diarylethylamines,pdsp,D2,,HUMAN,10000.0,"Wallach, Jason, et. al. 2016",CLONED
cid:67833251,67833251,Methoxphenidine,Diarylethylamines,pdsp,D3,,HUMAN,10000.0,"Wallach, Jason, et. al. 2016",CLONED
cid:67833251,67833251,Methoxphenidine,Diarylethylamines,pdsp,D4,,HUMAN,10000.0,"Wallach, Jason, et. al. 2016",CLONED
cid:67833251,67833251,Methoxphenidine,Diarylethylamines,pdsp,D5,,HUMAN,10000.0,"Wallach, Jason, et. al. 2016",CLONED
cid:67833251,67833251,Methoxphenidine,Diarylethylamines,pdsp,GABA A,,HUMAN,10000.0,"Wallach, Jason, et. al. 2016",CLONED
cid:67833251,67833251,Methoxphenidine,Diarylethylamines,pdsp,H1,,HUMAN,533.0,"Wallach, Jason, et. al. 2016",CLONED
cid:67833251,67833251,Methoxphenidine,Diarylethylamines,pdsp,H2,,HUMAN,10000.0,"Wallach, Jason, et. al. 2016",CLONED
cid:67833251,67833251,Methoxphenidine,Diarylethylamines,pdsp,H3,,HUMAN,10000.0,"Wallach, Jason, et. al. 2016",CLONED
cid:67833251,67833251,Methoxphenidine,Diarylethylamines,pdsp,H4,,HUMAN,10000.0,"Wallach, Jason, et. al. 2016",CLONED
cid:67833251,67833251,Methoxphenidine,Diarylethylamines,pdsp,DOR,,HUMAN,10000.0,"Wallach, Jason, et. al. 2016",CLONED
cid:67833251,67833251,Methoxphenidine,Diarylethylamines,pdsp,Kappa Opiate Receptor,,HUMAN,1694.0,"Wallach, Jason, et. al. 2016",CLONED
cid:67833251,67833251,Methoxphenidine,Diarylethylamines,pdsp,Mu Opiate Receptor,,HUMAN,10000.0,"Wallach, Jason, et. al. 2016",CLONED
cid:67833251,67833251,Methoxphenidine,Diarylethylamines,pdsp,Muscarinic M1,,HUMAN,10000.0,"Wallach, Jason, et. al. 2016",CLONED
cid:67833251,67833251,Methoxphenidine,Diarylethylamines,pdsp,Muscarinic M2,,HUMAN,10000.0,"Wallach, Jason, et. al. 2016",CLONED
cid:67833251,67833251,Methoxphenidine,Diarylethylamines,pdsp,Muscarinic M3,,HUMAN,10000.0,"Wallach, Jason, et. al. 2016",CLONED
cid:67833251,67833251,Methoxphenidine,Diarylethylamines,pdsp,Muscarinic M4,,HUMAN,10000.0,"Wallach, Jason, et. al. 2016",CLONED
cid:45789647,45789647,Methylone,Cathinone,pdsp,Norepinephrine transporter,,HUMAN,25000.0,Simmler LD et al 2013,HEK293 cells
cid:45789647,45789647,Methylone,Cathinone,pdsp,DAT,,HUMAN,2730.0,Simmler LD et al 2013,HEK293 cells
cid:45789647,45789647,Methylone,Cathinone,pdsp,SERT,,HUMAN,30000.0,Simmler LD et al 2013,HEK293 cells
cid:45789647,45789647,Methylone,Cathinone,pdsp,5-HT1A,HTR1A,HUMAN,20000.0,Simmler LD et al 2013,HEK293 cells
cid:45789647,45789647,Methylone,Cathinone,pdsp,5-HT2A,HTR2A,HUMAN,13000.0,Simmler LD et al 2013,HEK293 cells
cid:45789647,45789647,Methylone,Cathinone,pdsp,5-HT2C,HTR2C,HUMAN,13000.0,Simmler LD et al 2013,HEK293 cells
cid:45789647,45789647,Methylone,Cathinone,pdsp,alpha1A,,HUMAN,6000.0,Simmler LD et al 2013,HEK293 cells
cid:45789647,45789647,Methylone,Cathinone,pdsp,Alpha2A,,HUMAN,20000.0,Simmler LD et al 2013,HEK293 cells
cid:45789647,45789647,Methylone,Cathinone,pdsp,D1,,HUMAN,13600.0,Simmler LD et al 2013,HEK293 cells
cid:45789647,45789647,Methylone,Cathinone,pdsp,D2,,HUMAN,30000.0,Simmler LD et al 2013,HEK293 cells
cid:45789647,45789647,Methylone,Cathinone,pdsp,D3,,HUMAN,9200.0,Simmler LD et al 2013,HEK293 cells
cid:45789647,45789647,Methylone,Cathinone,pdsp,H1,,HUMAN,14400.0,Simmler LD et al 2013,HEK293 cells
cid:45789647,45789647,Methylone,Cathinone,pdsp,TA1,TRAR1,RAT,12500.0,Simmler LD et al 2013,HEK293 cells
cid:45789647,45789647,Methylone,Cathinone,pdsp,TA1,TRAR1,MOUSE,10000.0,Simmler LD et al 2013,HEK293 cells
cid:4158,4158,Methylphenidate,Substituted_phenidates,pdsp,DOPAMINE D1,DRD1,HUMAN,10000.0,"TOLL L, et. al., 1998",CLONED
cid:4158,4158,Methylphenidate,Substituted_phenidates,pdsp,DOPAMINE D2,DRD2,HUMAN,10000.0,"TOLL L, et. al., 1998",CLONED
cid:4158,4158,Methylphenidate,Substituted_phenidates,pdsp,5-HT1A,HTR1A,HUMAN,10000.0,"TOLL L, et. al., 1998",CLONED
cid:4158,4158,Methylphenidate,Substituted_phenidates,pdsp,5-HT2A,HTR2A,RAT,10000.0,"TOLL L, et. al., 1998",CLONED
cid:4158,4158,Methylphenidate,Substituted_phenidates,pdsp,5-HT2C,HTR2C,RAT,10000.0,"TOLL L, et. al., 1998",CLONED
cid:4158,4158,Methylphenidate,Substituted_phenidates,pdsp,5-HT3,HTR3A,MOUSE,10000.0,"TOLL L, et. al., 1998",NG108-15
cid:4158,4158,Methylphenidate,Substituted_phenidates,pdsp,Dopamine Transporter,SLC6A3,HUMAN,42.0,"PRISTUPA ZB, ET AL., 1994",CLONED
cid:4158,4158,Methylphenidate,Substituted_phenidates,pdsp,Dopamine Transporter,SLC6A3,HUMAN,21.0,"PRISTUPA ZB, ET AL., 1994",CLONED
cid:4158,4158,Methylphenidate,Substituted_phenidates,pdsp,Dopamine Transporter,SLC6A3,HUMAN,61.0,"PRISTUPA ZB, ET AL., 1994",CLONED
cid:4158,4158,Methylphenidate,Substituted_phenidates,pdsp,Dopamine Transporter,SLC6A3,HUMAN,50.0,"PRISTUPA ZB, ET AL., 1994",CLONED
cid:4158,4158,Methylphenidate,Substituted_phenidates,pdsp,5-HT1A,HTR1A,HUMAN,10000.0,PDSP Certified Data,CLONED
cid:4158,4158,Methylphenidate,Substituted_phenidates,pdsp,5-HT1B,HTR1B,HUMAN,10000.0,PDSP Certified Data,CLONED
cid:4158,4158,Methylphenidate,Substituted_phenidates,pdsp,5-HT1E,HTR1E,HUMAN,10000.0,PDSP Certified Data,CLONED
cid:4158,4158,Methylphenidate,Substituted_phenidates,pdsp,5-HT2A,HTR2A,RAT,10000.0,PDSP Certified Data,CLONED
cid:4158,4158,Methylphenidate,Substituted_phenidates,pdsp,5-HT2B,HTR2B,HUMAN,10000.0,PDSP Certified Data,CLONED
cid:4158,4158,Methylphenidate,Substituted_phenidates,pdsp,5-HT2C,HTR2C,RAT,10000.0,PDSP Certified Data,CLONED
cid:4158,4158,Methylphenidate,Substituted_phenidates,pdsp,5-HT3,HTR3A,HUMAN,10000.0,PDSP Certified Data,CLONED
cid:4158,4158,Methylphenidate,Substituted_phenidates,pdsp,5-HT5a,HTR5A,HUMAN,10000.0,PDSP Certified Data,CLONED
cid:4158,4158,Methylphenidate,Substituted_phenidates,pdsp,5-HT6,HTR6,HUMAN,10000.0,PDSP Certified Data,CLONED
cid:4158,4158,Methylphenidate,Substituted_phenidates,pdsp,5-HT7,HTR7,HUMAN,10000.0,PDSP Certified Data,CLONED
cid:4158,4158,Methylphenidate,Substituted_phenidates,pdsp,"Cholinergic, muscarinic M1",CHRM1,HUMAN,10000.0,PDSP Certified Data,CLONED
cid:4158,4158,Methylphenidate,Substituted_phenidates,pdsp,"Cholinergic, muscarinic M2",CHRM2,HUMAN,10000.0,PDSP Certified Data,CLONED
cid:4158,4158,Methylphenidate,Substituted_phenidates,pdsp,"Cholinergic, muscarinic M3",CHRM3,HUMAN,10000.0,PDSP Certified Data,CLONED
cid:4158,4158,Methylphenidate,Substituted_phenidates,pdsp,"Cholinergic, muscarinic M4",CHRM4,HUMAN,10000.0,PDSP Certified Data,CLONED
cid:4158,4158,Methylphenidate,Substituted_phenidates,pdsp,"Cholinergic, muscarinic M5",CHRM5,HUMAN,10000.0,PDSP Certified Data,CLONED
cid:4158,4158,Methylphenidate,Substituted_phenidates,pdsp,"Cholinergic, Nicotinic Alpha2Beta4",,HUMAN,10000.0,PDSP Certified Data,CLONED
cid:4158,4158,Methylphenidate,Substituted_phenidates,pdsp,"Cholinergic, Nicotinic Alpha3Beta4x",,HUMAN,10000.0,PDSP Certified Data,CLONED
cid:4158,4158,Methylphenidate,Substituted_phenidates,pdsp,"Cholinergic, Nicotinic Alpha4Beta2",,HUMAN,10000.0,PDSP Certified Data,CLONED
cid:4158,4158,Methylphenidate,Substituted_phenidates,pdsp,"Cholinergic, Nicotinic Alpha4Beta4",,HUMAN,10000.0,PDSP Certified Data,CLONED
cid:4158,4158,Methylphenidate,Substituted_phenidates,pdsp,"Cholinergic, Nicotinic Alpha2Beta2",,HUMAN,10000.0,PDSP Certified Data,CLONED
cid:4158,4158,Methylphenidate,Substituted_phenidates,pdsp,"Cholinergic, Nicotinic Alpha3Beta2",,HUMAN,10000.0,PDSP Certified Data,CLONED
cid:4158,4158,Methylphenidate,Substituted_phenidates,pdsp,adrenergic Alpha2A,ADRA2A,HUMAN,5600.0,PDSP Certified Data,CLONED
cid:4158,4158,Methylphenidate,Substituted_phenidates,pdsp,adrenergic Alpha2B,ADRA2B,HUMAN,2427.0,PDSP Certified Data,CLONED
cid:4158,4158,Methylphenidate,Substituted_phenidates,pdsp,adrenergic Alpha2C,ADRA2C,HUMAN,856.0,PDSP Certified Data,CLONED
cid:4158,4158,Methylphenidate,Substituted_phenidates,pdsp,adrenergic Alpha1A,ADRA1A,HUMAN,10000.0,PDSP Certified Data,CLONED
cid:4158,4158,Methylphenidate,Substituted_phenidates,pdsp,adrenergic Alpha1B,ADRA1B,HUMAN,10000.0,PDSP Certified Data,CLONED
cid:4158,4158,Methylphenidate,Substituted_phenidates,pdsp,adrenergic Alpha1D,ADRA1D,HUMAN,10000.0,PDSP Certified Data,CLONED
cid:4158,4158,Methylphenidate,Substituted_phenidates,pdsp,Norepinephrine transporter,,HUMAN,351.2,PDSP Certified Data,CLONED
cid:4158,4158,Methylphenidate,Substituted_phenidates,pdsp,Norepinephrine transporter,,HUMAN,339.0,"Bymaster F.P., et. al., 2002",CLONED
cid:4158,4158,Methylphenidate,Substituted_phenidates,pdsp,5-HT Transporter,SLC6A4,HUMAN,10000.0,"Bymaster F.P., et. al., 2002",CLONED
cid:4158,4158,Methylphenidate,Substituted_phenidates,pdsp,Dopamine Transporter,SLC6A3,HUMAN,34.0,"Bymaster F.P., et. al., 2002",CLONED
cid:4158,4158,Methylphenidate,Substituted_phenidates,pdsp,Dopamine Transporter,SLC6A3,RAT,281.0,"Andersen PH, et al., 1989",STRIATUM
cid:4158,4158,Methylphenidate,Substituted_phenidates,pdsp,Norepinephrine transporter,,RAT,103.0,"Andersen PH, et al., 1989",CEREBRAL CORTEX
cid:4158,4158,Methylphenidate,Substituted_phenidates,pdsp,5-HT Transporter,SLC6A4,RAT,1000.0,"Andersen PH, et al., 1989",BRAIN
cid:4158,4158,Methylphenidate,Substituted_phenidates,pdsp,Dopamine Transporter,SLC6A3,RAT,152.0,"Ukairo UT, et al., 2005",CLONED
cid:4158,4158,Methylphenidate,Substituted_phenidates,pdsp,Dopamine Transporter,SLC6A3,RAT,57.0,"Ukairo UT, et al., 2005",CLONED
cid:4158,4158,Methylphenidate,Substituted_phenidates,pdsp,Dopamine Transporter,SLC6A3,HUMAN,110.0,"Froimowitz M et al., 2007",UNDEFINED
cid:4158,4158,Methylphenidate,Substituted_phenidates,pdsp,5-HT Transporter,SLC6A4,UNDEFINED,10000.0,"Froimowitz M et al., 2007",UNDEFINED
cid:4158,4158,Methylphenidate,Substituted_phenidates,pdsp,Norepinephrine transporter,SLC6A2,UNDEFINED,660.0,"Froimowitz M et al., 2007",UNDEFINED
cid:4158,4158,Methylphenidate,Substituted_phenidates,pdsp,Norepinephrine transporter,,RAT,40.0,"Richelson, E. et, al. 1984",occipital cortex synaptosomes
cid:4158,4158,Methylphenidate,Substituted_phenidates,pdsp,Serotonin uptake,,RAT,22000.0,"Richelson, E. et, al. 1984",frontal cortex synaptosomes
cid:4158,4158,Methylphenidate,Substituted_phenidates,pdsp,Dopamine Transporter,SLC6A3,RAT,160.0,"Richelson, E. et, al. 1984",corpus striatum synaptosomes
cid:4192,4192,Midazolam,Benzodiazepines,pdsp,GABA A Benzodiazepine,,RAT,26.0,"Hoogerkamp,Arends,Bomers,Mandema,Voskuyl,Damhof 96",BRAIN
cid:4205,4205,Mirtazapine,Piperazinoazepine,pdsp,adrenergic Alpha1,,RAT,371.53522909717,"De Boer TH, et al., 1988",FR. CORTEX
cid:4205,4205,Mirtazapine,Piperazinoazepine,pdsp,adrenergic Alpha1,,RAT,316.22776601684,"De Boer TH, et al., 1988",FR. CORTEX
cid:4205,4205,Mirtazapine,Piperazinoazepine,pdsp,adrenergic Alpha1,,RAT,1513.5612484362,"De Boer TH, et al., 1988",FR. CORTEX
cid:4205,4205,Mirtazapine,Piperazinoazepine,pdsp,adrenergic Alpha2,,RAT,112.2018454302,"De Boer TH, et al., 1988",FR. CORTEX
cid:4205,4205,Mirtazapine,Piperazinoazepine,pdsp,adrenergic Alpha2,,RAT,63.095734448019,"De Boer TH, et al., 1988",FR. CORTEX
cid:4205,4205,Mirtazapine,Piperazinoazepine,pdsp,adrenergic Alpha2,,RAT,2344.2288153199,"De Boer TH, et al., 1988",FR. CORTEX
cid:4205,4205,Mirtazapine,Piperazinoazepine,pdsp,5-HT-S2,,RAT,8.9125093813374,"De Boer TH, et al., 1988",FR. CORTEX
cid:4205,4205,Mirtazapine,Piperazinoazepine,pdsp,5-HT-S2,,RAT,4.7863009232264,"De Boer TH, et al., 1988",FR. CORTEX
cid:4205,4205,Mirtazapine,Piperazinoazepine,pdsp,5-HT-S2,,RAT,60.255958607436,"De Boer TH, et al., 1988",FR. CORTEX
cid:4205,4205,Mirtazapine,Piperazinoazepine,pdsp,DOPAMINE D2,DRD2,RAT,3981.071705535,"De Boer TH, et al., 1988",STRIATUM
cid:4205,4205,Mirtazapine,Piperazinoazepine,pdsp,DOPAMINE D2,DRD2,RAT,5011.8723362727,"De Boer TH, et al., 1988",STRIATUM
cid:4205,4205,Mirtazapine,Piperazinoazepine,pdsp,DOPAMINE D2,DRD2,RAT,3981.071705535,"De Boer TH, et al., 1988",STRIATUM
cid:4205,4205,Mirtazapine,Piperazinoazepine,pdsp,HISTAMINE H1,HRH1,RAT,0.50118723362727,"De Boer TH, et al., 1988",WHOLE BRAIN
cid:4205,4205,Mirtazapine,Piperazinoazepine,pdsp,HISTAMINE H1,HRH1,RAT,0.31622776601684,"De Boer TH, et al., 1988",WHOLE BRAIN
cid:4205,4205,Mirtazapine,Piperazinoazepine,pdsp,HISTAMINE H1,HRH1,RAT,0.63095734448019,"De Boer TH, et al., 1988",WHOLE BRAIN
cid:4205,4205,Mirtazapine,Piperazinoazepine,pdsp,"Cholinergic, muscarinic",,RAT,794.32823472428,"De Boer TH, et al., 1988",WHOLE BRAIN
cid:4205,4205,Mirtazapine,Piperazinoazepine,pdsp,"Cholinergic, muscarinic",,RAT,7079.4578438414,"De Boer TH, et al., 1988",WHOLE BRAIN
cid:4205,4205,Mirtazapine,Piperazinoazepine,pdsp,"Cholinergic, muscarinic",,RAT,251.18864315096,"De Boer TH, et al., 1988",WHOLE BRAIN
cid:4205,4205,Mirtazapine,Piperazinoazepine,pdsp,DOPAMINE D2,DRD2,RAT,1460.0,"Wikstrom HV, et al., 2002",Corpus Striatum
cid:4205,4205,Mirtazapine,Piperazinoazepine,pdsp,DOPAMINE D3,DRD3,HUMAN,20.0,"Wikstrom HV, et al., 2002",CLONED
cid:4205,4205,Mirtazapine,Piperazinoazepine,pdsp,DOPAMINE D4.2,,HUMAN,25.0,"Wikstrom HV, et al., 2002",CLONED
cid:4205,4205,Mirtazapine,Piperazinoazepine,pdsp,5-HT1A,HTR1A,HUMAN,18.0,"Wikstrom HV, et al., 2002",CLONED
cid:4205,4205,Mirtazapine,Piperazinoazepine,pdsp,5-HT2A,HTR2A,RAT,2.0,"Wikstrom HV, et al., 2002",CORTEX
cid:4205,4205,Mirtazapine,Piperazinoazepine,pdsp,adrenergic Alpha1,,RAT,1050.0,"Wikstrom HV, et al., 2002",BRAIN
cid:4205,4205,Mirtazapine,Piperazinoazepine,pdsp,HISTAMINE H1,HRH1,GUINEA PIG,5.1,"Wikstrom HV, et al., 2002",LUNG
cid:4205,4205,Mirtazapine,Piperazinoazepine,pdsp,Norepinephrine transporter,,RAT,260.0,"Wikstrom HV, et al., 2002",BRAIN
cid:4205,4205,Mirtazapine,Piperazinoazepine,pdsp,5-HT Transporter,SLC6A4,RAT,100.0,"Wikstrom HV, et al., 2002",BRAIN
cid:4205,4205,Mirtazapine,Piperazinoazepine,pdsp,5-HT2C,HTR2C,RAT,5.5,"Wikstrom HV, et al., 2002",CLONED
cid:4205,4205,Mirtazapine,Piperazinoazepine,pdsp,adrenergic Alpha2,,RAT,58.0,"Wikstrom HV, et al., 2002",CORTEX
cid:4205,4205,Mirtazapine,Piperazinoazepine,pdsp,Norepinephrine transporter,,RAT,2511.8864315096,"De Boer TH, et al., 1988",STRIATUM
cid:4205,4205,Mirtazapine,Piperazinoazepine,pdsp,Norepinephrine transporter,,RAT,2511.8864315096,"De Boer TH, et al., 1988",STRIATUM
cid:4205,4205,Mirtazapine,Piperazinoazepine,pdsp,Norepinephrine transporter,,RAT,10000.0,"De Boer TH, et al., 1988",STRIATUM
cid:4205,4205,Mirtazapine,Piperazinoazepine,pdsp,Dopamine Transporter,SLC6A3,RAT,10000.0,"De Boer TH, et al., 1988",STRIATUM
cid:4205,4205,Mirtazapine,Piperazinoazepine,pdsp,Dopamine Transporter,SLC6A3,RAT,10000.0,"De Boer TH, et al., 1988",STRIATUM
cid:4205,4205,Mirtazapine,Piperazinoazepine,pdsp,Dopamine Transporter,SLC6A3,RAT,10000.0,"De Boer TH, et al., 1988",STRIATUM
cid:4205,4205,Mirtazapine,Piperazinoazepine,pdsp,5-HT Transporter,SLC6A4,RAT,7943.2823472428,"De Boer TH, et al., 1988",STRIATUM
cid:4205,4205,Mirtazapine,Piperazinoazepine,pdsp,5-HT Transporter,SLC6A4,RAT,7943.2823472428,"De Boer TH, et al., 1988",STRIATUM
cid:4205,4205,Mirtazapine,Piperazinoazepine,pdsp,5-HT Transporter,SLC6A4,RAT,7943.2823472428,"De Boer TH, et al., 1988",STRIATUM
cid:4205,4205,Mirtazapine,Piperazinoazepine,pdsp,DOPAMINE D1,DRD1,HUMAN,4167.0,"Fernandez J, et al., 2005",CLONED
cid:4205,4205,Mirtazapine,Piperazinoazepine,pdsp,DOPAMINE D2,DRD2,HUMAN,5454.0,"Fernandez J, et al., 2005",CLONED
cid:4205,4205,Mirtazapine,Piperazinoazepine,pdsp,DOPAMINE D3,DRD3,HUMAN,5723.0,"Fernandez J, et al., 2005",CLONED
cid:4205,4205,Mirtazapine,Piperazinoazepine,pdsp,5-HT2A,HTR2A,HUMAN,69.0,"Fernandez J, et al., 2005",CLONED
cid:4205,4205,Mirtazapine,Piperazinoazepine,pdsp,5-HT7,HTR7,HUMAN,265.0,"Fernandez J, et al., 2005",CLONED
cid:4205,4205,Mirtazapine,Piperazinoazepine,pdsp,5-HT2C,HTR2C,HUMAN,39.0,"Fernandez J, et al., 2005",CLONED
cid:4205,4205,Mirtazapine,Piperazinoazepine,pdsp,Norepinephrine transporter,,RAT,1640.0,"Fernandez J, et al., 2005",CLONED
cid:4205,4205,Mirtazapine,Piperazinoazepine,pdsp,HISTAMINE H1,HRH1,HUMAN,1.6,"Fernandez J, et al., 2005",CLONED
cid:4205,4205,Mirtazapine,Piperazinoazepine,pdsp,adrenergic Alpha1,,RAT,608.0,"Fernandez J, et al., 2005",CLONED
cid:4205,4205,Mirtazapine,Piperazinoazepine,pdsp,adrenergic Alpha2A,ADRA2A,HUMAN,20.0,"Fernandez J, et al., 2005",CLONED
cid:4205,4205,Mirtazapine,Piperazinoazepine,pdsp,adrenergic Alpha2C,ADRA2C,HUMAN,18.0,"Fernandez J, et al., 2005",CLONED
cid:4205,4205,Mirtazapine,Piperazinoazepine,pdsp,5-HT Transporter,SLC6A4,HUMAN,10000.0,"Tatsumi M, et al., 1997",CLONED
cid:4205,4205,Mirtazapine,Piperazinoazepine,pdsp,Norepinephrine transporter,,HUMAN,4600.0,"Tatsumi M, et al., 1997",CLONED
cid:4205,4205,Mirtazapine,Piperazinoazepine,pdsp,Dopamine Transporter,SLC6A3,HUMAN,10000.0,"Tatsumi M, et al., 1997",CLONED
cid:4205,4205,Mirtazapine,Piperazinoazepine,pdsp,Norepinephrine transporter,,HUMAN,2900.0,"Tatsumi M, et al., 1997",CLONED
cid:4205,4205,Mirtazapine,Piperazinoazepine,pdsp,Dopamine Transporter,SLC6A3,HUMAN,10000.0,"Tatsumi M, et al., 1997",CLONED
cid:4205,4205,Mirtazapine,Piperazinoazepine,pdsp,5-HT Transporter,SLC6A4,HUMAN,10000.0,"Tatsumi M, et al., 1997",CLONED
cid:4205,4205,Mirtazapine,Piperazinoazepine,pdsp,5-HT Transporter,SLC6A4,HUMAN,10000.0,"Tatsumi M, et al., 1997",CLONED
cid:4205,4205,Mirtazapine,Piperazinoazepine,pdsp,Norepinephrine transporter,,HUMAN,10000.0,"Tatsumi M, et al., 1997",CLONED
cid:4205,4205,Mirtazapine,Piperazinoazepine,pdsp,Dopamine Transporter,SLC6A3,HUMAN,10000.0,"Tatsumi M, et al., 1997",CLONED
cid:4205,4205,Mirtazapine,Piperazinoazepine,pdsp,HISTAMINE H1,HRH1,HUMAN,0.5,"Roth B. et al., 2006",CLONED
cid:4205,4205,Mirtazapine,Piperazinoazepine,pdsp,adrenergic Alpha1A,ADRA1A,HUMAN,371.0,"Roth B. et al., 2006",CLONED
cid:4205,4205,Mirtazapine,Piperazinoazepine,pdsp,5-HT2C,HTR2C,HUMAN,8.9,"Roth B. et al., 2006",CLONED
cid:4205,4205,Mirtazapine,Piperazinoazepine,pdsp,H1,,HUMAN,1.3182567385564,"Appl, Heidrun.  et. al, 2011",CLONED
cid:4205,4205,Mirtazapine,Piperazinoazepine,pdsp,H3,,HUMAN,83176.377110267,"Appl, Heidrun.  et. al, 2011",CLONED
cid:4205,4205,Mirtazapine,Piperazinoazepine,pdsp,H4,,HUMAN,100000.0,"Appl, Heidrun.  et. al, 2011",CLONED
cid:4205,4205,Mirtazapine,Piperazinoazepine,pdsp,adrenergic Alpha1,,HUMAN,371.0,"Song, Gang et., al.  2017",CLONED
cid:4205,4205,Mirtazapine,Piperazinoazepine,pdsp,adrenergic Alpha2A,ADRA2A,HUMAN,20.0,"Song, Gang et., al.  2017",CLONED
cid:4205,4205,Mirtazapine,Piperazinoazepine,pdsp,adrenergic Alpha2C,ADRA2C,HUMAN,18.0,"Song, Gang et., al.  2017",CLONED
cid:4205,4205,Mirtazapine,Piperazinoazepine,pdsp,5-HT1A,HTR1A,HUMAN,18.0,"Song, Gang et., al.  2017",CLONED
cid:4205,4205,Mirtazapine,Piperazinoazepine,pdsp,5-HT2A,HTR2A,HUMAN,2.0,"Song, Gang et., al.  2017",CLONED
cid:4205,4205,Mirtazapine,Piperazinoazepine,pdsp,5-HT2C,HTR2C,RAT,24.0,"Song, Gang et., al.  2017",CLONED
cid:4205,4205,Mirtazapine,Piperazinoazepine,pdsp,H1,,HUMAN,0.5,"Song, Gang et., al.  2017",CLONED
cid:4205,4205,Mirtazapine,Piperazinoazepine,pdsp,D1,,HUMAN,4167.0,"Song, Gang et., al.  2017",CLONED
cid:4205,4205,Mirtazapine,Piperazinoazepine,pdsp,D2,,HUMAN,1460.0,"Song, Gang et., al.  2017",CLONED
cid:4205,4205,Mirtazapine,Piperazinoazepine,pdsp,D3,,RAT,20.0,"Song, Gang et., al.  2017",CLONED
cid:4205,4205,Mirtazapine,Piperazinoazepine,pdsp,adrenergic Alpha1A,ADRA1A,HUMAN,1815.0,"Van der Mey. et, al. 2006",CLONED
cid:4205,4205,Mirtazapine,Piperazinoazepine,pdsp,adrenergic Alpha2A,ADRA2A,HUMAN,20.0,"Van der Mey. et, al. 2006",CLONED
cid:4205,4205,Mirtazapine,Piperazinoazepine,pdsp,adrenergic Alpha2B,ADRA2B,HUMAN,88.0,"Van der Mey. et, al. 2006",CLONED
cid:4205,4205,Mirtazapine,Piperazinoazepine,pdsp,adrenergic Alpha2C,ADRA2C,HUMAN,18.0,"Van der Mey. et, al. 2006",CLONED
cid:4205,4205,Mirtazapine,Piperazinoazepine,pdsp,adrenergic Beta1,ADRB1,HUMAN,10000.0,"Van der Mey. et, al. 2006",CLONED
cid:4205,4205,Mirtazapine,Piperazinoazepine,pdsp,adrenergic Beta2,ADRB2,HUMAN,10000.0,"Van der Mey. et, al. 2006",CLONED
cid:4205,4205,Mirtazapine,Piperazinoazepine,pdsp,adrenergic Beta3,ADRB3,HUMAN,10000.0,"Van der Mey. et, al. 2006",CLONED
cid:4205,4205,Mirtazapine,Piperazinoazepine,pdsp,DOPAMINE D1,DRD1,RAT,4167.0,"Van der Mey. et, al. 2006",CLONED
cid:4205,4205,Mirtazapine,Piperazinoazepine,pdsp,D2L,,HUMAN,10000.0,"Van der Mey. et, al. 2006",CLONED
cid:4205,4205,Mirtazapine,Piperazinoazepine,pdsp,D3,,HUMAN,5723.0,"Van der Mey. et, al. 2006",CLONED
cid:4205,4205,Mirtazapine,Piperazinoazepine,pdsp,D4,,HUMAN,2518.0,"Van der Mey. et, al. 2006",CLONED
cid:4205,4205,Mirtazapine,Piperazinoazepine,pdsp,5-HT1A,HTR1A,HUMAN,3334.0,"Van der Mey. et, al. 2006",CLONED
cid:4205,4205,Mirtazapine,Piperazinoazepine,pdsp,5-HT1B,HTR1B,HUMAN,3534.0,"Van der Mey. et, al. 2006",CLONED
cid:4205,4205,Mirtazapine,Piperazinoazepine,pdsp,5-HT1D,HTR1D,HUMAN,955.0,"Van der Mey. et, al. 2006",CLONED
cid:4205,4205,Mirtazapine,Piperazinoazepine,pdsp,5-HT1E,HTR1E,HUMAN,728.0,"Van der Mey. et, al. 2006",CLONED
cid:4205,4205,Mirtazapine,Piperazinoazepine,pdsp,5-HT1F,HTR1F,HUMAN,583.0,"Van der Mey. et, al. 2006",CLONED
cid:4205,4205,Mirtazapine,Piperazinoazepine,pdsp,5-HT2A,HTR2A,HUMAN,70.0,"Van der Mey. et, al. 2006",CLONED
cid:4205,4205,Mirtazapine,Piperazinoazepine,pdsp,5-HT2C,HTR2C,HUMAN,40.0,"Van der Mey. et, al. 2006",CLONED
cid:4205,4205,Mirtazapine,Piperazinoazepine,pdsp,5-HT3,HTR3A,MOUSE,170.0,"Van der Mey. et, al. 2006",CLONED
cid:4205,4205,Mirtazapine,Piperazinoazepine,pdsp,5-HT4L,HTR4,HUMAN,10000.0,"Van der Mey. et, al. 2006",CLONED
cid:4205,4205,Mirtazapine,Piperazinoazepine,pdsp,5-HT5a,HTR5A,HUMAN,670.0,"Van der Mey. et, al. 2006",CLONED
cid:4205,4205,Mirtazapine,Piperazinoazepine,pdsp,5-HT7,HTR7,HUMAN,265.0,"Van der Mey. et, al. 2006",CLONED
cid:4205,4205,Mirtazapine,Piperazinoazepine,pdsp,HISTAMINE H1,HRH1,HUMAN,1.6,"Van der Mey. et, al. 2006",CLONED
cid:4205,4205,Mirtazapine,Piperazinoazepine,pdsp,"Cholinergic, muscarinic",,RAT,1100.0,"Van der Mey. et, al. 2006",CLONED
cid:4205,4205,Mirtazapine,Piperazinoazepine,pdsp,Calcium channel,,RAT,10000.0,"Van der Mey. et, al. 2006",CLONED
cid:4205,4205,Mirtazapine,Piperazinoazepine,pdsp,Sodium Channel,,RAT,6905.0,"Van der Mey. et, al. 2006",CLONED
cid:4205,4205,Mirtazapine,Piperazinoazepine,pdsp,Dopamine Transporter,SLC6A3,RAT,10000.0,"Van der Mey. et, al. 2006",CLONED
cid:4205,4205,Mirtazapine,Piperazinoazepine,pdsp,Serotonin Transporter,,RAT,10000.0,"Van der Mey. et, al. 2006",CLONED
cid:4205,4205,Mirtazapine,Piperazinoazepine,pdsp,Norepinephrine transporter,,RAT,1640.0,"Van der Mey. et, al. 2006",CLONED
cid:5288826,5288826,Morphine,Substituted_morphinans,pdsp,OPIATE Mu,OPRM1,HUMAN,1.02,"Standifer KM, et al., 1994",BE(2)-C
cid:5288826,5288826,Morphine,Substituted_morphinans,pdsp,OPIATE Kappa 3,,HUMAN,11.1,"Standifer KM, et al., 1994",BE(2)-C
cid:5288826,5288826,Morphine,Substituted_morphinans,pdsp,OPIATE Delta,OPRD1,HUMAN,100.0,"Standifer KM, et al., 1994",BE(2)-C
cid:5288826,5288826,Morphine,Substituted_morphinans,pdsp,"Nociceptin/Orphanin FQ, NOP receptor",,MOUSE,1000.0,"Mogil JS, Pasternak GW., 2001",BRAIN
cid:5288826,5288826,Morphine,Substituted_morphinans,pdsp,"Nociceptin/Orphanin FQ, NOP receptor",,MOUSE,1000.0,"Mogil JS, Pasternak GW., 2001",BRAIN
cid:5288826,5288826,Morphine,Substituted_morphinans,pdsp,OPIATE Mu,OPRM1,BOVINE,4.8,"Leslie FM et al., 1980",Corpus Striatum
cid:5288826,5288826,Morphine,Substituted_morphinans,pdsp,OPIATE Mu,OPRM1,BOVINE,27.5,"Leslie FM et al., 1980",adrenal medulla
cid:5288826,5288826,Morphine,Substituted_morphinans,pdsp,OPIATE Delta,OPRD1,BOVINE,63.0,"Leslie FM et al., 1980",Corpus Striatum
cid:5288826,5288826,Morphine,Substituted_morphinans,pdsp,OPIATE Delta,OPRD1,BOVINE,73.0,"Leslie FM et al., 1980",adrenal medulla
cid:5288826,5288826,Morphine,Substituted_morphinans,pdsp,OPIATE Mu,OPRM1,GUINEA PIG,2.69,"Leslie FM et al., 1980",ILEUM
cid:5288826,5288826,Morphine,Substituted_morphinans,pdsp,OPIATE Delta,OPRD1,GUINEA PIG,86.7,"Leslie FM et al., 1980",ILEUM
cid:5288826,5288826,Morphine,Substituted_morphinans,pdsp,OPIATE Delta,OPRD1,RABBIT,358.0,"Leslie FM et al., 1980",ILEUM
cid:5288826,5288826,Morphine,Substituted_morphinans,pdsp,OPIATE Delta,OPRD1,MOUSE,320.0,"Leslie FM et al., 1980",vas deferens
cid:5288826,5288826,Morphine,Substituted_morphinans,pdsp,OPIATE Mu,OPRM1,RAT,110.0,"Pert CB, et al., 1974",BRAIN
cid:5288826,5288826,Morphine,Substituted_morphinans,pdsp,OPIATE Mu,OPRM1,RAT,3.0,"Pert CB, et al., 1974",BRAIN
cid:5288826,5288826,Morphine,Substituted_morphinans,pdsp,OPIATE Mu,OPRM1,HUMAN,2.2,"Gharagozlou P, et al., 2003",CLONED
cid:5288826,5288826,Morphine,Substituted_morphinans,pdsp,OPIATE Mu,OPRM1,GUINEA PIG,1.0,"Schiller P,et,al.,2000",ILEUM
cid:5288826,5288826,Morphine,Substituted_morphinans,pdsp,OPIATE Delta,OPRD1,MOUSE,32.6,"Schiller P,et,al.,2000",vas deferens
cid:5288826,5288826,Morphine,Substituted_morphinans,pdsp,OPIATE Kappa,OPRK1,GUINEA PIG,217.0,"Schiller P,et,al.,2000",ILEUM
cid:5288826,5288826,Morphine,Substituted_morphinans,pdsp,OPIATE Mu,OPRM1,MOUSE,5.64,"Zhao GM, et al., 2003",BRAIN
cid:5288826,5288826,Morphine,Substituted_morphinans,pdsp,OPIATE Mu,OPRM1,MOUSE,1.0,"Zhao GM, et al., 2003",BRAIN
cid:5288826,5288826,Morphine,Substituted_morphinans,pdsp,OPIATE Mu,OPRM1,RAT,6.55,"Schutz J, et al., 2003",BRAIN
cid:5288826,5288826,Morphine,Substituted_morphinans,pdsp,OPIATE Delta,OPRD1,RAT,217.0,"Schutz J, et al., 2003",BRAIN
cid:5288826,5288826,Morphine,Substituted_morphinans,pdsp,OPIATE Kappa,OPRK1,GUINEA PIG,113.0,"Schutz J, et al., 2003",BRAIN
cid:5288826,5288826,Morphine,Substituted_morphinans,pdsp,Adrenergic Alpha,,RAT,10000.0,"Greenberg, DA et al., 1976",BRAIN
cid:5288826,5288826,Morphine,Substituted_morphinans,pdsp,Adrenergic Alpha,,RAT,10000.0,"Greenberg, DA et al., 1976",BRAIN
cid:5288826,5288826,Morphine,Substituted_morphinans,pdsp,OPIATE Mu,OPRM1,CALF,0.5,"Gilbert AK et al., 2004",thalamus
cid:5288826,5288826,Morphine,Substituted_morphinans,pdsp,OPIATE Mu 2,,CALF,2.5,"Gilbert AK et al., 2004",thalamus
cid:5288826,5288826,Morphine,Substituted_morphinans,pdsp,OPIATE Delta,OPRD1,CALF,278.0,"Gilbert AK et al., 2004",FR. CORTEX
cid:5288826,5288826,Morphine,Substituted_morphinans,pdsp,Opiate Kappa 1,OPRK1,GUINEA PIG,49.0,"Gilbert AK et al., 2004",CEREBELLUM
cid:5288826,5288826,Morphine,Substituted_morphinans,pdsp,OPIATE Kappa 3,,CALF,32.8,"Gilbert AK et al., 2004",STRIATUM
cid:5288826,5288826,Morphine,Substituted_morphinans,pdsp,OPIATE Mu,OPRM1,HUMAN,2.06,"Valenzano KJ et. al., 2004",CLONED
cid:5288826,5288826,Morphine,Substituted_morphinans,pdsp,OPIATE Kappa,OPRK1,HUMAN,134.0,"Valenzano KJ et. al., 2004",CLONED
cid:5288826,5288826,Morphine,Substituted_morphinans,pdsp,OPIATE Delta,OPRD1,HUMAN,10000.0,"Valenzano KJ et. al., 2004",CLONED
cid:5288826,5288826,Morphine,Substituted_morphinans,pdsp,OPIATE ORL-1,,HUMAN,10000.0,"Valenzano KJ et. al., 2004",CLONED
cid:5288826,5288826,Morphine,Substituted_morphinans,pdsp,OPIATE Mu,OPRM1,RAT,6.55,"Lattanzi R, et al., 2005",Membranes
cid:5288826,5288826,Morphine,Substituted_morphinans,pdsp,OPIATE Delta,OPRD1,RAT,217.0,"Lattanzi R, et al., 2005",Membranes
cid:5288826,5288826,Morphine,Substituted_morphinans,pdsp,OPIATE Kappa,OPRK1,RAT,113.0,"Lattanzi R, et al., 2005",Membranes
cid:5288826,5288826,Morphine,Substituted_morphinans,pdsp,OPIATE Mu,OPRM1,RAT,6.55,"Spetea M, et al., 2004",BRAIN
cid:5288826,5288826,Morphine,Substituted_morphinans,pdsp,OPIATE Delta,OPRD1,RAT,217.0,"Spetea M, et al., 2004",BRAIN
cid:5288826,5288826,Morphine,Substituted_morphinans,pdsp,OPIATE Kappa,OPRK1,RAT,113.0,"Spetea M, et al., 2004",BRAIN
cid:5288826,5288826,Morphine,Substituted_morphinans,pdsp,OPIATE Mu,OPRM1,RAT,6.55,"Spetea M.,et.al.,2003",BRAIN
cid:5288826,5288826,Morphine,Substituted_morphinans,pdsp,OPIATE Kappa,OPRK1,RAT,113.0,"Spetea M.,et.al.,2003",BRAIN
cid:5288826,5288826,Morphine,Substituted_morphinans,pdsp,OPIATE Delta,OPRD1,RAT,217.0,"Spetea M.,et.al.,2003",BRAIN
cid:5288826,5288826,Morphine,Substituted_morphinans,pdsp,Opiate non-selective,,RAT,0.3,"Blanchard SG, et al., 1987",BRAIN
cid:5288826,5288826,Morphine,Substituted_morphinans,pdsp,Opiate non-selective,,RAT,0.4,"Blanchard SG, et al., 1987",BRAIN
cid:5288826,5288826,Morphine,Substituted_morphinans,pdsp,OPIATE Kappa,OPRK1,RAT,20.0,"Benyhe S, et al., 1990",BRAIN
cid:5288826,5288826,Morphine,Substituted_morphinans,pdsp,OPIATE Kappa,OPRK1,Frog,4.3,"Benyhe S, et al., 1990",BRAIN
cid:5288826,5288826,Morphine,Substituted_morphinans,pdsp,OPIATE Kappa,OPRK1,RAT,0.6,"Benyhe S, et al., 1990",BRAIN
cid:5288826,5288826,Morphine,Substituted_morphinans,pdsp,OPIATE Kappa,OPRK1,Frog,3.1,"Benyhe S, et al., 1990",BRAIN
cid:5288826,5288826,Morphine,Substituted_morphinans,pdsp,OPIATE Kappa,OPRK1,RAT,1.2,"Benyhe S, et al., 1990",BRAIN
cid:5288826,5288826,Morphine,Substituted_morphinans,pdsp,OPIATE Kappa,OPRK1,Frog,5.9,"Benyhe S, et al., 1990",BRAIN
cid:5288826,5288826,Morphine,Substituted_morphinans,pdsp,CANNABINOID CB1,CNR1,theromyzon Tessulatum,1000.0,"Stefano, GB et al., 1997",ganglia
cid:5288826,5288826,Morphine,Substituted_morphinans,pdsp,CANNABINOID CB1,CNR1,Hirudo medicinalis,1000.0,"Stefano, GB et al., 1997",ganglia
cid:5288826,5288826,Morphine,Substituted_morphinans,pdsp,OPIATE Mu,OPRM1,HUMAN,1.10000002384186,"Rennison D et al., 2007",UNDEFINED
cid:5288826,5288826,Morphine,Substituted_morphinans,pdsp,OPIATE Kappa,OPRK1,HUMAN,46.9000015258789,"Rennison D et al., 2007",UNDEFINED
cid:5288826,5288826,Morphine,Substituted_morphinans,pdsp,OPIATE Delta,OPRD1,HUMAN,140.0,"Rennison D et al., 2007",UNDEFINED
cid:5288826,5288826,Morphine,Substituted_morphinans,pdsp,OPIATE Mu,OPRM1,HUMAN,4.0,"Nikolaev VO et al., 2007",UNDEFINED
cid:5288826,5288826,Morphine,Substituted_morphinans,pdsp,OPIATE Mu,OPRM1,UNDEFINED,1.70000004768372,"Cunningham CW et al., 2008",UNDEFINED
cid:5288826,5288826,Morphine,Substituted_morphinans,pdsp,OPIATE Delta,OPRD1,UNDEFINED,104.569999694824,"Cunningham CW et al., 2008",UNDEFINED
cid:5288826,5288826,Morphine,Substituted_morphinans,pdsp,OPIATE Kappa,OPRK1,UNDEFINED,65.5,"Cunningham CW et al., 2008",UNDEFINED
cid:5288826,5288826,Morphine,Substituted_morphinans,pdsp,OPIATE Mu,OPRM1,HUMAN,2.54999995231628,"Zhang Y et al., 2009",UNDEFINED
cid:5288826,5288826,Morphine,Substituted_morphinans,pdsp,OPIATE Kappa,OPRK1,HUMAN,6.90000009536743,"Li W et al., 2010",UNDEFINED
cid:5288826,5288826,Morphine,Substituted_morphinans,pdsp,Opiate non-selective,,Zebrafish,14.15,"Gonzalez-Nunez V, et al., 2005",BRAIN
cid:5288826,5288826,Morphine,Substituted_morphinans,pdsp,Opiate non-selective,,RAT,7.23,"Gonzalez-Nunez V, et al., 2005",BRAIN
cid:5288826,5288826,Morphine,Substituted_morphinans,pdsp,Opiate non-selective,,Zebrafish,20.11,"Gonzalez-Nunez V, et al., 2006",BRAIN
cid:5288826,5288826,Morphine,Substituted_morphinans,pdsp,OPIATE Mu 1,,MOUSE,5.3,"Pan YX, et al., 2005",CLONED
cid:5288826,5288826,Morphine,Substituted_morphinans,pdsp,OPIATE Mu 1B1,,MOUSE,5.3,"Pan YX, et al., 2005",CLONED
cid:5288826,5288826,Morphine,Substituted_morphinans,pdsp,OPIATE Mu 1B2,,MOUSE,3.9,"Pan YX, et al., 2005",CLONED
cid:5288826,5288826,Morphine,Substituted_morphinans,pdsp,OPIATE Mu 1B3,,MOUSE,1.5,"Pan YX, et al., 2005",CLONED
cid:5288826,5288826,Morphine,Substituted_morphinans,pdsp,OPIATE Mu 1B5,,MOUSE,1.4,"Pan YX, et al., 2005",CLONED
cid:5288826,5288826,Morphine,Substituted_morphinans,pdsp,OPIATE Mu 1,,MOUSE,94.9,"Pan YX, et al., 2005",CLONED
cid:5288826,5288826,Morphine,Substituted_morphinans,pdsp,OPIATE Mu 1B4,,MOUSE,349.0,"Pan YX, et al., 2005",CLONED
cid:5288826,5288826,Morphine,Substituted_morphinans,pdsp,MOR,,HUMAN,74.0,"Olson KM, et al., 2019",CLONED
cid:5288826,5288826,Morphine,Substituted_morphinans,pdsp,DOR,,HUMAN,2500.0,"Olson KM, et al., 2019",CLONED
cid:5288826,5288826,Morphine,Substituted_morphinans,pdsp,KOR,,HUMAN,2000.0,"Olson KM, et al., 2019",CLONED
cid:5288826,5288826,Morphine,Substituted_morphinans,pdsp,NOP,,HUMAN,10000.0,"Olson KM, et al., 2019",CLONED
cid:5288826,5288826,Morphine,Substituted_morphinans,pdsp,CB1,,HUMAN,10000.0,"Olson KM, et al., 2019",CLONED
cid:5288826,5288826,Morphine,Substituted_morphinans,pdsp,Sigma 1,,HUMAN,10000.0,"Olson KM, et al., 2019",CLONED
cid:5288826,5288826,Morphine,Substituted_morphinans,pdsp,Norepinephrine transporter,,HUMAN,10000.0,"Olson KM, et al., 2019",CLONED
cid:5288826,5288826,Morphine,Substituted_morphinans,pdsp,SERT,,HUMAN,10000.0,"Olson KM, et al., 2019",CLONED
cid:5288826,5288826,Morphine,Substituted_morphinans,pdsp,DAT,,HUMAN,10000.0,"Olson KM, et al., 2019",CLONED
cid:5288826,5288826,Morphine,Substituted_morphinans,pdsp,MOR,,HAMSTER,5.0,Baumann MH et al 2018,Ovary
cid:5288826,5288826,Morphine,Substituted_morphinans,pdsp,MOR,,HUMAN,3.5,Baumann MH et al 2018,CLONED
cid:5288826,5288826,Morphine,Substituted_morphinans,pdsp,DOR,,HUMAN,1545.0,Ray TS 2010,CLONED
cid:5288826,5288826,Morphine,Substituted_morphinans,pdsp,KOR,,HUMAN,50.0,Ray TS 2010,CLONED
cid:5288826,5288826,Morphine,Substituted_morphinans,pdsp,MOR,,HUMAN,0.81,Ray TS 2010,CLONED
cid:5288826,5288826,Morphine,Substituted_morphinans,pdsp,MOR,,GUINEA PIG,3.9,Kronenberg E et al 2019,brain membranes
cid:5288826,5288826,Morphine,Substituted_morphinans,pdsp,DOR,,RAT,2.0,Kronenberg E et al 2019,brain membranes
cid:5288826,5288826,Morphine,Substituted_morphinans,pdsp,KOR,,GUINEA PIG,35.0,Kronenberg E et al 2019,brain membranes
cid:4276,4276,Myristicin,Phenylpropenes,pdsp,Sigma-1,,RAT,10000.0,PDSP Certified Data,BRAIN
cid:4276,4276,Myristicin,Phenylpropenes,pdsp,Sigma-2,,RAT,10000.0,PDSP Certified Data,PC12
cid:162642078,162642078,NEP,Cathinone,pdsp,"Cholinergic, Nicotinic Alpha3Beta2",,Xenopus,0.0031,"Avalos M et al., 2002",CLONED
cid:162642078,162642078,NEP,Cathinone,pdsp,"Cholinergic, Nicotinic Alpha2Beta4",,Xenopus,3.3,"Avalos M et al., 2002",CLONED
cid:162642078,162642078,NEP,Cathinone,pdsp,"Cholinergic, Nicotinic Alpha2Beta2",,Xenopus,0.028,"Avalos M et al., 2002",CLONED
cid:162642078,162642078,NEP,Cathinone,pdsp,"Cholinergic, Nicotinic Alpha4Beta4",,Xenopus,3.2,"Avalos M et al., 2002",CLONED
cid:162642078,162642078,NEP,Cathinone,pdsp,"Cholinergic, Nicotinic Alpha4Beta2",,Xenopus,0.0085,"Avalos M et al., 2002",CLONED
cid:162642078,162642078,NEP,Cathinone,pdsp,"Cholinergic, Nicotinic Alpha3Beta4x",,Xenopus,11.0,"Avalos M et al., 2002",CLONED
cid:5284596,5284596,Naloxone,Substituted_morphinans,pdsp,5-HT3,HTR3A,RAT,10000.0,"BARNES ET AL., 1988",ENTO CORTEX
cid:5284596,5284596,Naloxone,Substituted_morphinans,pdsp,OPIATE Delta,OPRD1,HUMAN,17.0,"Raynor K, et al., 1994",CLONED
cid:5284596,5284596,Naloxone,Substituted_morphinans,pdsp,n-AChR,,RAT,10000.0,"Mukhin, et al, 1999",BRAIN
cid:5284596,5284596,Naloxone,Substituted_morphinans,pdsp,OPIATE Mu,OPRM1,MOUSE,0.31,"Goldberg IE, et al, 1998",BRAIN
cid:5284596,5284596,Naloxone,Substituted_morphinans,pdsp,OPIATE Mu,OPRM1,MOUSE,0.67,"Goldberg IE, et al, 1998",BRAIN
cid:5284596,5284596,Naloxone,Substituted_morphinans,pdsp,OPIATE Sigma,,RAT,3500.0,"Mendelsohn LG, et al., 1985",BRAIN
cid:5284596,5284596,Naloxone,Substituted_morphinans,pdsp,OPIATE Sigma,,RAT,10000.0,"Mendelsohn LG, et al., 1985",BRAIN
cid:5284596,5284596,Naloxone,Substituted_morphinans,pdsp,DOPAMINE D1,DRD1,BOVINE,10000.0,"Simonneaux V., et. At., 1990",Pineal
cid:5284596,5284596,Naloxone,Substituted_morphinans,pdsp,"Nociceptin/Orphanin FQ, NOP receptor",,MOUSE,1000.0,"Mogil JS, Pasternak GW., 2001",BRAIN
cid:5284596,5284596,Naloxone,Substituted_morphinans,pdsp,"Nociceptin/Orphanin FQ, NOP receptor",,MOUSE,1000.0,"Mogil JS, Pasternak GW., 2001",BRAIN
cid:5284596,5284596,Naloxone,Substituted_morphinans,pdsp,OPIATE Mu,OPRM1,BOVINE,3.3,"Leslie FM et al., 1980",Corpus Striatum
cid:5284596,5284596,Naloxone,Substituted_morphinans,pdsp,OPIATE Mu,OPRM1,BOVINE,8.1,"Leslie FM et al., 1980",adrenal medulla
cid:5284596,5284596,Naloxone,Substituted_morphinans,pdsp,OPIATE Delta,OPRD1,BOVINE,18.5,"Leslie FM et al., 1980",Corpus Striatum
cid:5284596,5284596,Naloxone,Substituted_morphinans,pdsp,OPIATE Delta,OPRD1,BOVINE,29.7,"Leslie FM et al., 1980",adrenal medulla
cid:5284596,5284596,Naloxone,Substituted_morphinans,pdsp,OPIATE Mu,OPRM1,GUINEA PIG,2.34,"Leslie FM et al., 1980",ILEUM
cid:5284596,5284596,Naloxone,Substituted_morphinans,pdsp,OPIATE Delta,OPRD1,GUINEA PIG,13.5,"Leslie FM et al., 1980",ILEUM
cid:5284596,5284596,Naloxone,Substituted_morphinans,pdsp,OPIATE Delta,OPRD1,RABBIT,67.4,"Leslie FM et al., 1980",ILEUM
cid:5284596,5284596,Naloxone,Substituted_morphinans,pdsp,OPIATE Delta,OPRD1,MOUSE,26.0,"Leslie FM et al., 1980",vas deferens
cid:5284596,5284596,Naloxone,Substituted_morphinans,pdsp,OPIATE Mu,OPRM1,RAT,1.5,"Pert CB, et al., 1974",BRAIN
cid:5284596,5284596,Naloxone,Substituted_morphinans,pdsp,OPIATE Mu,OPRM1,RAT,1.5,"Pert CB, et al., 1974",BRAIN
cid:5284596,5284596,Naloxone,Substituted_morphinans,pdsp,GPR7,,HUMAN,3000.0,"O'Dowd BF, et. al., 1995",CLONED
cid:5284596,5284596,Naloxone,Substituted_morphinans,pdsp,Adrenergic Alpha,,RAT,10000.0,"Greenberg, DA et al., 1976",BRAIN
cid:5284596,5284596,Naloxone,Substituted_morphinans,pdsp,Adrenergic Alpha,,RAT,10000.0,"Greenberg, DA et al., 1976",BRAIN
cid:5284596,5284596,Naloxone,Substituted_morphinans,pdsp,OPIATE Delta,OPRD1,HUMAN,488.0,"Valenzano KJ et. al., 2004",CLONED
cid:5284596,5284596,Naloxone,Substituted_morphinans,pdsp,DOPAMINE D2,DRD2,RAT,10000.0,"Kessler, R.M., et. al., 1993",STRIATUM
cid:5284596,5284596,Naloxone,Substituted_morphinans,pdsp,DOPAMINE D2,DRD2,RAT,10000.0,"Kessler, R.M., et. al., 1993",HIPPOCAMPUS
cid:5284596,5284596,Naloxone,Substituted_morphinans,pdsp,DOPAMINE D2,DRD2,RAT,10000.0,"Kessler, R.M., et. al., 1993",CORTEX
cid:5284596,5284596,Naloxone,Substituted_morphinans,pdsp,Opiate non-selective,,RAT,1.63,"Spetea M.,et.al.,2003",BRAIN
cid:5284596,5284596,Naloxone,Substituted_morphinans,pdsp,OPIATE Delta,OPRD1,HUMAN,66.2,"Tryoen-Toth P, et al., 2005",CLONED
cid:5284596,5284596,Naloxone,Substituted_morphinans,pdsp,Opiate non-selective,,RAT,0.9,"Marki A, et al., 1999",BRAIN
cid:5284596,5284596,Naloxone,Substituted_morphinans,pdsp,Opiate non-selective,,GUINEA PIG,1.4,"Marki A, et al., 1999",BRAIN
cid:5284596,5284596,Naloxone,Substituted_morphinans,pdsp,Sigma,,RAT,10000.0,"Largent BL, et al., 1984",BRAIN
cid:5284596,5284596,Naloxone,Substituted_morphinans,pdsp,OPIATE Kappa,OPRK1,RAT,16.0,"Benyhe S, et al., 1990",BRAIN
cid:5284596,5284596,Naloxone,Substituted_morphinans,pdsp,OPIATE Kappa,OPRK1,Frog,17.0,"Benyhe S, et al., 1990",BRAIN
cid:5284596,5284596,Naloxone,Substituted_morphinans,pdsp,OPIATE Kappa,OPRK1,RAT,0.5,"Benyhe S, et al., 1990",BRAIN
cid:5284596,5284596,Naloxone,Substituted_morphinans,pdsp,OPIATE Kappa,OPRK1,Frog,0.9,"Benyhe S, et al., 1990",BRAIN
cid:5284596,5284596,Naloxone,Substituted_morphinans,pdsp,OPIATE Kappa,OPRK1,HUMAN,10.7,"Schlechtingen, G et al., 2003",CLONED
cid:5284596,5284596,Naloxone,Substituted_morphinans,pdsp,OPIATE Mu,OPRM1,HUMAN,3.63,"Schlechtingen, G et al., 2003",CLONED
cid:5284596,5284596,Naloxone,Substituted_morphinans,pdsp,OPIATE Delta,OPRD1,HUMAN,37.0,"Schlechtingen, G et al., 2003",CLONED
cid:5284596,5284596,Naloxone,Substituted_morphinans,pdsp,OPIATE Kappa,OPRK1,HUMAN,49.8,"Schlechtingen, G et al., 2003",CLONED
cid:5284596,5284596,Naloxone,Substituted_morphinans,pdsp,Opiate non-selective,,Zebrafish,2.31,"Gonzalez-Nunez V, et al., 2006",BRAIN
cid:5284596,5284596,Naloxone,Substituted_morphinans,pdsp,OPIATE Mu 1,,MOUSE,4.3,"Pan YX, et al., 2005",CLONED
cid:5284596,5284596,Naloxone,Substituted_morphinans,pdsp,OPIATE Mu 1B1,,MOUSE,0.5,"Pan YX, et al., 2005",CLONED
cid:5284596,5284596,Naloxone,Substituted_morphinans,pdsp,OPIATE Mu 1B2,,MOUSE,1.3,"Pan YX, et al., 2005",CLONED
cid:5284596,5284596,Naloxone,Substituted_morphinans,pdsp,OPIATE Mu 1B3,,MOUSE,1.4,"Pan YX, et al., 2005",CLONED
cid:5284596,5284596,Naloxone,Substituted_morphinans,pdsp,OPIATE Mu 1B5,,MOUSE,0.6,"Pan YX, et al., 2005",CLONED
cid:5284596,5284596,Naloxone,Substituted_morphinans,pdsp,OPIATE Mu 1,,MOUSE,8.2,"Pan YX, et al., 2005",CLONED
cid:5284596,5284596,Naloxone,Substituted_morphinans,pdsp,OPIATE Mu 1B4,,MOUSE,17.6,"Pan YX, et al., 2005",CLONED
cid:5284596,5284596,Naloxone,Substituted_morphinans,pdsp,MOR,,HUMAN,14.0,"Olson KM, et al., 2019",CLONED
cid:5284596,5284596,Naloxone,Substituted_morphinans,pdsp,DOR,,HUMAN,520.0,"Olson KM, et al., 2019",CLONED
cid:5284596,5284596,Naloxone,Substituted_morphinans,pdsp,KOR,,HUMAN,270.0,"Olson KM, et al., 2019",CLONED
cid:5284596,5284596,Naloxone,Substituted_morphinans,pdsp,MOR,,GUINEA PIG,2.1,Kronenberg E et al 2019,brain membranes
cid:5284596,5284596,Naloxone,Substituted_morphinans,pdsp,DOR,,RAT,2.4,Kronenberg E et al 2019,brain membranes
cid:5284596,5284596,Naloxone,Substituted_morphinans,pdsp,KOR,,GUINEA PIG,6.9,Kronenberg E et al 2019,brain membranes
cid:89594,89594,Nicotine,"Pyridine, Substituted_pyrrolidines",pdsp,n-AChR,,RAT,0.96,"Mukhin, et al, 1999",BRAIN
cid:89594,89594,Nicotine,"Pyridine, Substituted_pyrrolidines",pdsp,"Cholinergic, Nicotinic Alpha4Beta2",,RAT,0.84,"Mukhin, et al, 1999",BRAIN
cid:89594,89594,Nicotine,"Pyridine, Substituted_pyrrolidines",pdsp,"Cholinergic, Nicotinic Alpha3Beta4x",,RAT,100.0,"Mukhin, et al, 1999",ADRENAL
cid:89594,89594,Nicotine,"Pyridine, Substituted_pyrrolidines",pdsp,"Cholinergic, Nicotinic Alpha7",,RAT,130.0,"Mukhin, et al, 1999",BRAIN
cid:89594,89594,Nicotine,"Pyridine, Substituted_pyrrolidines",pdsp,"Cholinergic, Nicotinic Muscle",,RAT,1000.0,"Mukhin, et al, 1999",T.Californica electric organ
cid:89594,89594,Nicotine,"Pyridine, Substituted_pyrrolidines",pdsp,"Cholinergic, Nicotinic Alpha2Beta4",,HUMAN,9900.0,"Stauderman KA, et al., 1998",CLONED
cid:89594,89594,Nicotine,"Pyridine, Substituted_pyrrolidines",pdsp,"Cholinergic, Nicotinic Alpha3Beta4x",,HUMAN,10000.0,"Stauderman KA, et al., 1998",CLONED
cid:89594,89594,Nicotine,"Pyridine, Substituted_pyrrolidines",pdsp,"Cholinergic, Nicotinic Alpha4Beta4",,HUMAN,6690.0,"Stauderman KA, et al., 1998",CLONED
cid:89594,89594,Nicotine,"Pyridine, Substituted_pyrrolidines",pdsp,"Cholinergic, Nicotinic Alpha4Beta2",,RAT,1.0,"Bannon AW, et al., 1998",BRAIN
cid:89594,89594,Nicotine,"Pyridine, Substituted_pyrrolidines",pdsp,"Cholinergic, Nicotinic Alpha4Beta2",,RAT,10000.0,"Bannon AW, et al., 1998",T.Californica electric organ
cid:89594,89594,Nicotine,"Pyridine, Substituted_pyrrolidines",pdsp,n-AChR,,RAT,22.0,"Davila-Garcia,Musachio,Perry,Xiao,Horti,London1997",FOREBRAIN
cid:89594,89594,Nicotine,"Pyridine, Substituted_pyrrolidines",pdsp,n-AChR,,RAT,1.0,"Abreo MA, et al., 1996",BRAIN
cid:89594,89594,Nicotine,"Pyridine, Substituted_pyrrolidines",pdsp,"Cholinergic, Nicotinic Alpha4Beta2",,Mammalian,7.7,"Whiteaker P, Sharples CG, Wonnacott S, 1998",M10 Cells
cid:89594,89594,Nicotine,"Pyridine, Substituted_pyrrolidines",pdsp,"Cholinergic, Nicotinic Alpha4Beta2",,Mammalian,4.9,"Whiteaker P, Sharples CG, Wonnacott S, 1998",M10 membranes
cid:89594,89594,Nicotine,"Pyridine, Substituted_pyrrolidines",pdsp,"Cholinergic, Nicotinic Alpha3Beta4x",,RAT,475.0,"Xiao,Meyer,Thompson,Surin,Wroblewski,Kellar, 1998",CLONED
cid:89594,89594,Nicotine,"Pyridine, Substituted_pyrrolidines",pdsp,n-AChR,,RAT,7.22,"Xiao,Meyer,Thompson,Surin,Wroblewski,Kellar, 1998",FOREBRAIN
cid:89594,89594,Nicotine,"Pyridine, Substituted_pyrrolidines",pdsp,Nicotinic Alpha-Bungarotoxin,,RAT,900.0,"Quik M, Choremis, Komourian, Lukas, Puchacz, 1996",CLONED
cid:89594,89594,Nicotine,"Pyridine, Substituted_pyrrolidines",pdsp,Nicotinic Alpha-Bungarotoxin,,RAT,1700.0,"Quik M, Choremis, Komourian, Lukas, Puchacz, 1996",HIPPOCAMPUS
cid:89594,89594,Nicotine,"Pyridine, Substituted_pyrrolidines",pdsp,n-AChR,,RAT,9.4,"Houghtling RA, Davila-Garcia MI, Kellar KJ, 1995",FOREBRAIN
cid:89594,89594,Nicotine,"Pyridine, Substituted_pyrrolidines",pdsp,n-AChR,,RAT,55.3,"Houghtling RA, Davila-Garcia MI, Kellar KJ, 1995",FOREBRAIN
cid:89594,89594,Nicotine,"Pyridine, Substituted_pyrrolidines",pdsp,n-AChR,,RAT,8.9,"Pabreza LA, Dhawan S, Kellar KJ, 1991",CEREBRAL CORTEX
cid:89594,89594,Nicotine,"Pyridine, Substituted_pyrrolidines",pdsp,n-AChR,,RAT,1.0,"Sullivan, et al., 1996",BRAIN
cid:89594,89594,Nicotine,"Pyridine, Substituted_pyrrolidines",pdsp,"Cholinergic, Nicotinic Alpha4Beta2",,HUMAN,1.0,"Sullivan, et al., 1996",CLONED
cid:89594,89594,Nicotine,"Pyridine, Substituted_pyrrolidines",pdsp,n-AChR,,RAT,6000.0,"Sullivan, et al., 1996",BRAIN
cid:89594,89594,Nicotine,"Pyridine, Substituted_pyrrolidines",pdsp,"Cholinergic, Nicotinic Alpha7",,HUMAN,2000.0,"Sullivan, et al., 1996",CLONED
cid:89594,89594,Nicotine,"Pyridine, Substituted_pyrrolidines",pdsp,"Cholinergic, Nicotinic Alpha1Beta1DeltaGamma",,RAT,10000.0,"Sullivan, et al., 1996",T.Californica electric organ
cid:89594,89594,Nicotine,"Pyridine, Substituted_pyrrolidines",pdsp,n-AChR,,RAT,1.0,"Arneric SP, et al., 1994",BRAIN
cid:89594,89594,Nicotine,"Pyridine, Substituted_pyrrolidines",pdsp,n-AChR,,RAT,10000.0,"Arneric SP, et al., 1994",T.Californica electric organ
cid:89594,89594,Nicotine,"Pyridine, Substituted_pyrrolidines",pdsp,n-AChR,,RAT,4000.0,"Arneric SP, et al., 1994",BRAIN
cid:89594,89594,Nicotine,"Pyridine, Substituted_pyrrolidines",pdsp,"Cholinergic, Nicotinic Alpha4Beta2",,HUMAN,1.05,"Gopalakrishnan M, et al., 1996",CLONED
cid:89594,89594,Nicotine,"Pyridine, Substituted_pyrrolidines",pdsp,n-AChR,,RAT,960.0,"Miller DK, et al., 2002",BRAIN
cid:89594,89594,Nicotine,"Pyridine, Substituted_pyrrolidines",pdsp,n-AChR,,RAT,5.3,"Miller DK, et al., 2002",BRAIN
cid:89594,89594,Nicotine,"Pyridine, Substituted_pyrrolidines",pdsp,n-AChR,,RAT,154.0,"Miller DK, et al., 2002",BRAIN
cid:89594,89594,Nicotine,"Pyridine, Substituted_pyrrolidines",pdsp,"Cholinergic, Nicotinic Alpha1Beta1DeltaGamma",,HUMAN,6000.0,"Cohen, C. et al., 2003",CLONED
cid:89594,89594,Nicotine,"Pyridine, Substituted_pyrrolidines",pdsp,"Cholinergic, Nicotinic Alpha3Beta4",,HUMAN,187.0,"Cohen, C. et al., 2003",CLONED
cid:89594,89594,Nicotine,"Pyridine, Substituted_pyrrolidines",pdsp,"Cholinergic, Nicotinic Alpha3Beta2",,HUMAN,14.0,"Cohen, C. et al., 2003",CLONED
cid:89594,89594,Nicotine,"Pyridine, Substituted_pyrrolidines",pdsp,"Cholinergic, Nicotinic Alpha4Beta2",,HUMAN,4.6,"Cohen, C. et al., 2003",CLONED
cid:89594,89594,Nicotine,"Pyridine, Substituted_pyrrolidines",pdsp,"Cholinergic, Nicotinic Alpha6Beta2",,Chick,131.0,"Vailati S, et al., 2003",retina
cid:89594,89594,Nicotine,"Pyridine, Substituted_pyrrolidines",pdsp,"Cholinergic, Nicotinic Alpha6Beta4",,Chick,98.0,"Vailati S, et al., 2003",retina
cid:89594,89594,Nicotine,"Pyridine, Substituted_pyrrolidines",pdsp,"Cholinergic, Nicotinic Alpha6",,Chick,20.0,"Vailati S, et al., 2003",retina
cid:89594,89594,Nicotine,"Pyridine, Substituted_pyrrolidines",pdsp,"Cholinergic, Nicotinic Alpha4Beta2",,HUMAN,2.0,"Eaton JB, et.al.,2003",CLONED
cid:89594,89594,Nicotine,"Pyridine, Substituted_pyrrolidines",pdsp,"Cholinergic, Nicotinic Alpha2Beta2",,RAT,12.0,"Wei ZL, et. al., 2003",CLONED
cid:89594,89594,Nicotine,"Pyridine, Substituted_pyrrolidines",pdsp,"Cholinergic, Nicotinic Alpha2Beta4",,RAT,112.0,"Wei ZL, et. al., 2003",CLONED
cid:89594,89594,Nicotine,"Pyridine, Substituted_pyrrolidines",pdsp,"Cholinergic, Nicotinic Alpha3Beta2",,RAT,47.0,"Wei ZL, et. al., 2003",CLONED
cid:89594,89594,Nicotine,"Pyridine, Substituted_pyrrolidines",pdsp,"Cholinergic, Nicotinic Alpha3Beta4",,RAT,443.0,"Wei ZL, et. al., 2003",CLONED
cid:89594,89594,Nicotine,"Pyridine, Substituted_pyrrolidines",pdsp,"Cholinergic, Nicotinic Alpha4Beta2",,RAT,10.0,"Wei ZL, et. al., 2003",CLONED
cid:89594,89594,Nicotine,"Pyridine, Substituted_pyrrolidines",pdsp,"Cholinergic, Nicotinic Alpha4Beta4",,RAT,40.0,"Wei ZL, et. al., 2003",CLONED
cid:89594,89594,Nicotine,"Pyridine, Substituted_pyrrolidines",pdsp,"Cholinergic, Nicotinic Alpha2Beta2",,RAT,3.6,"Jensen AA, et al., 2003",CLONED
cid:89594,89594,Nicotine,"Pyridine, Substituted_pyrrolidines",pdsp,"Cholinergic, Nicotinic Alpha4Beta2",,RAT,8.3,"Jensen AA, et al., 2003",CLONED
cid:89594,89594,Nicotine,"Pyridine, Substituted_pyrrolidines",pdsp,"Cholinergic, Nicotinic Alpha2Beta4",,RAT,83.0,"Jensen AA, et al., 2003",CLONED
cid:89594,89594,Nicotine,"Pyridine, Substituted_pyrrolidines",pdsp,"Cholinergic, Nicotinic Alpha3Beta4",,RAT,290.0,"Jensen AA, et al., 2003",CLONED
cid:89594,89594,Nicotine,"Pyridine, Substituted_pyrrolidines",pdsp,"Cholinergic, Nicotinic Alpha4Beta4",,RAT,74.0,"Jensen AA, et al., 2003",CLONED
cid:89594,89594,Nicotine,"Pyridine, Substituted_pyrrolidines",pdsp,"Cholinergic, Nicotinic Alpha7",,RAT,10000.0,"Jensen AA, et al., 2003",BRAIN
cid:89594,89594,Nicotine,"Pyridine, Substituted_pyrrolidines",pdsp,"Cholinergic, Nicotinic Alpha7/5-HT3",,RAT,10000.0,"Jensen AA, et al., 2003",BRAIN
cid:89594,89594,Nicotine,"Pyridine, Substituted_pyrrolidines",pdsp,"Cholinergic, Nicotinic Alpha6Beta3Beta4Alpha5",,RAT,156.0,"Grinevich VP, et al., 2004",CLONED
cid:89594,89594,Nicotine,"Pyridine, Substituted_pyrrolidines",pdsp,"Cholinergic, Nicotinic Alpha4Beta2",,RAT,0.84,"Grinevich VP, et al., 2004",CLONED
cid:89594,89594,Nicotine,"Pyridine, Substituted_pyrrolidines",pdsp,"Cholinergic, Nicotinic Alpha7",,RAT,668.0,"Grinevich VP, et al., 2004",CLONED
cid:89594,89594,Nicotine,"Pyridine, Substituted_pyrrolidines",pdsp,"Cholinergic, Nicotinic Alpha2Beta2",,RAT,12.0,"Xiao Y et al., 2004",CLONED
cid:89594,89594,Nicotine,"Pyridine, Substituted_pyrrolidines",pdsp,"Cholinergic, Nicotinic Alpha2Beta4",,RAT,110.0,"Xiao Y et al., 2004",CLONED
cid:89594,89594,Nicotine,"Pyridine, Substituted_pyrrolidines",pdsp,"Cholinergic, Nicotinic Alpha3Beta2",,RAT,47.0,"Xiao Y et al., 2004",CLONED
cid:89594,89594,Nicotine,"Pyridine, Substituted_pyrrolidines",pdsp,"Cholinergic, Nicotinic Alpha3Beta4",,RAT,440.0,"Xiao Y et al., 2004",CLONED
cid:89594,89594,Nicotine,"Pyridine, Substituted_pyrrolidines",pdsp,"Cholinergic, Nicotinic Alpha4Beta2",,RAT,10.0,"Xiao Y et al., 2004",CLONED
cid:89594,89594,Nicotine,"Pyridine, Substituted_pyrrolidines",pdsp,"Cholinergic, Nicotinic Alpha4Beta4",,RAT,40.0,"Xiao Y et al., 2004",CLONED
cid:89594,89594,Nicotine,"Pyridine, Substituted_pyrrolidines",pdsp,n-AChR,,RAT,12.0,"Xiao Y et al., 2004",FOREBRAIN
cid:89594,89594,Nicotine,"Pyridine, Substituted_pyrrolidines",pdsp,"Cholinergic, Nicotinic Alpha2Beta2",,UNDEFINED,12.0,"Wei ZL, et al., 2005",CLONED
cid:89594,89594,Nicotine,"Pyridine, Substituted_pyrrolidines",pdsp,"Cholinergic, Nicotinic Alpha2Beta4",,UNDEFINED,112.0,"Wei ZL, et al., 2005",CLONED
cid:89594,89594,Nicotine,"Pyridine, Substituted_pyrrolidines",pdsp,"Cholinergic, Nicotinic Alpha3Beta2",,UNDEFINED,47.0,"Wei ZL, et al., 2005",CLONED
cid:89594,89594,Nicotine,"Pyridine, Substituted_pyrrolidines",pdsp,"Cholinergic, Nicotinic Alpha3Beta4",,UNDEFINED,443.0,"Wei ZL, et al., 2005",CLONED
cid:89594,89594,Nicotine,"Pyridine, Substituted_pyrrolidines",pdsp,"Cholinergic, Nicotinic Alpha4Beta2",,UNDEFINED,10.0,"Wei ZL, et al., 2005",CLONED
cid:89594,89594,Nicotine,"Pyridine, Substituted_pyrrolidines",pdsp,"Cholinergic, Nicotinic Alpha4Beta4",,UNDEFINED,40.0,"Wei ZL, et al., 2005",CLONED
cid:89594,89594,Nicotine,"Pyridine, Substituted_pyrrolidines",pdsp,"Cholinergic, Nicotinic Alpha4Beta2",,RAT,1.26,"Dukat, M et al, 1999",BRAIN
cid:89594,89594,Nicotine,"Pyridine, Substituted_pyrrolidines",pdsp,"Cholinergic, Nicotinic Alpha4Beta2",,RAT,4.0,"Cosford, N. D et al., 1996",CORTICAL MEMBRANES
cid:89594,89594,Nicotine,"Pyridine, Substituted_pyrrolidines",pdsp,"Cholinergic, muscarinic",,RAT,10000.0,"Cosford, N. D et al., 1996",CORTICAL MEMBRANES
cid:89594,89594,Nicotine,"Pyridine, Substituted_pyrrolidines",pdsp,Neuronal acetylcholine receptor protein alpha-4 subunit,CHRNA4,RAT,0.939999997615814,"Bunnelle WH et al., 2007",UNDEFINED
cid:89594,89594,Nicotine,"Pyridine, Substituted_pyrrolidines",pdsp,Neuronal acetylcholine receptor protein alpha-4 subunit,CHRNA4,RAT,6.19999980926514,"Jensen AA et al., 2007",UNDEFINED
cid:89594,89594,Nicotine,"Pyridine, Substituted_pyrrolidines",pdsp,Neuronal acetylcholine receptor protein alpha-3 subunit,Chrna3,RAT,220.0,"Jensen AA et al., 2007",UNDEFINED
cid:89594,89594,Nicotine,"Pyridine, Substituted_pyrrolidines",pdsp,Neuronal acetylcholine receptor protein alpha-4 subunit,CHRNA4,RAT,33.0,"Jensen AA et al., 2007",UNDEFINED
cid:89594,89594,Nicotine,"Pyridine, Substituted_pyrrolidines",pdsp,Neuronal acetylcholine receptor protein alpha-7 subunit,CHRNA7,HUMAN,10000.0,"Jensen AA et al., 2007",UNDEFINED
cid:89594,89594,Nicotine,"Pyridine, Substituted_pyrrolidines",pdsp,Neuronal acetylcholine receptor protein alpha-7 subunit,CHRNA7,HUMAN,10000.0,"Jensen AA et al., 2007",UNDEFINED
cid:89594,89594,Nicotine,"Pyridine, Substituted_pyrrolidines",pdsp,Neuronal acetylcholine receptor protein alpha-4 subunit,CHRNA4,RAT,6.80000019073486,"Guandalini L et al., 2007",UNDEFINED
cid:89594,89594,Nicotine,"Pyridine, Substituted_pyrrolidines",pdsp,Neuronal acetylcholine receptor protein alpha-4 subunit,CHRNA4,RAT,3.0,"Guandalini L et al., 2007",UNDEFINED
cid:89594,89594,Nicotine,"Pyridine, Substituted_pyrrolidines",pdsp,Neuronal acetylcholine receptor protein alpha-4 subunit,CHRNA4,HUMAN,1.5,"Carroll FI et al., 2007",UNDEFINED
cid:89594,89594,Nicotine,"Pyridine, Substituted_pyrrolidines",pdsp,Neuronal acetylcholine receptor protein alpha-4 subunit,CHRNA4,RAT,7.0,"Stoit AR et al., 2008",UNDEFINED
cid:89594,89594,Nicotine,"Pyridine, Substituted_pyrrolidines",pdsp,Neuronal acetylcholine receptor protein alpha-4 subunit,CHRNA4,RAT,4.0,"Charton Y et al., 2008",UNDEFINED
cid:89594,89594,Nicotine,"Pyridine, Substituted_pyrrolidines",pdsp,Neuronal acetylcholine receptor protein alpha-4 subunit,CHRNA4,RAT,1.5,"Ivy Carroll F et al., 2008",UNDEFINED
cid:89594,89594,Nicotine,"Pyridine, Substituted_pyrrolidines",pdsp,Neuronal acetylcholine receptor protein alpha-4 subunit,CHRNA4,RAT,22.0,"Hansen CP et al., 2008",UNDEFINED
cid:89594,89594,Nicotine,"Pyridine, Substituted_pyrrolidines",pdsp,Neuronal acetylcholine receptor protein alpha-3 subunit,Chrna3,RAT,600.0,"Hansen CP et al., 2008",UNDEFINED
cid:89594,89594,Nicotine,"Pyridine, Substituted_pyrrolidines",pdsp,Neuronal acetylcholine receptor protein alpha-4 subunit,CHRNA4,RAT,150.0,"Hansen CP et al., 2008",UNDEFINED
cid:89594,89594,Nicotine,"Pyridine, Substituted_pyrrolidines",pdsp,Neuronal acetylcholine receptor protein alpha-4 subunit,CHRNA4,RAT,4.0,"Pallavicini M et al., 2009",UNDEFINED
cid:89594,89594,Nicotine,"Pyridine, Substituted_pyrrolidines",pdsp,Neuronal acetylcholine receptor protein alpha-4 subunit,CHRNA4,RAT,0.939999997615814,"Bunnelle WH et al., 2009",UNDEFINED
cid:89594,89594,Nicotine,"Pyridine, Substituted_pyrrolidines",pdsp,Neuronal acetylcholine receptor protein alpha-4 subunit,CHRNA4,RAT,0.939999997615814,"Sippy KB et al., 2009",UNDEFINED
cid:89594,89594,Nicotine,"Pyridine, Substituted_pyrrolidines",pdsp,Neuronal acetylcholine receptor protein alpha-3 subunit,Chrna3,RAT,47.0,"Gao Y et al., 2009",UNDEFINED
cid:89594,89594,Nicotine,"Pyridine, Substituted_pyrrolidines",pdsp,Neuronal acetylcholine receptor protein alpha-3 subunit,Chrna3,RAT,440.0,"Gao Y et al., 2009",UNDEFINED
cid:89594,89594,Nicotine,"Pyridine, Substituted_pyrrolidines",pdsp,Neuronal acetylcholine receptor protein alpha-4 subunit,CHRNA4,RAT,10.0,"Gao Y et al., 2009",UNDEFINED
cid:89594,89594,Nicotine,"Pyridine, Substituted_pyrrolidines",pdsp,Neuronal acetylcholine receptor protein alpha-4 subunit,CHRNA4,RAT,40.0,"Gao Y et al., 2009",UNDEFINED
cid:89594,89594,Nicotine,"Pyridine, Substituted_pyrrolidines",pdsp,Neuronal acetylcholine receptor protein alpha-4 subunit,CHRNA4,RAT,1.5,"Carroll FI et al., 2010",UNDEFINED
cid:89594,89594,Nicotine,"Pyridine, Substituted_pyrrolidines",pdsp,"Cholinergic, Nicotinic Alpha4Beta2",,HUMAN,4.4,"Harris A, et al., 2015",CLONED
cid:89594,89594,Nicotine,"Pyridine, Substituted_pyrrolidines",pdsp,"Cholinergic, Nicotinic Alpha4Beta2",,RAT,7.9,"Harris A, et al., 2015",BRAIN
cid:89594,89594,Nicotine,"Pyridine, Substituted_pyrrolidines",pdsp,"Cholinergic, Nicotinic Alpha7",,HUMAN,323.5,"Harris A, et al., 2015",CLONED
cid:89594,89594,Nicotine,"Pyridine, Substituted_pyrrolidines",pdsp,"Cholinergic, Nicotinic Alpha7",,RAT,5.9,"Harris A, et al., 2015",BRAIN
cid:89594,89594,Nicotine,"Pyridine, Substituted_pyrrolidines",pdsp,"Cholinergic, Nicotinic Alpha3Beta4",,HUMAN,230.6,"Harris A, et al., 2015",CLONED
cid:89594,89594,Nicotine,"Pyridine, Substituted_pyrrolidines",pdsp,"Cholinergic, Nicotinic Alpha2Beta2",,HUMAN,3.1,"Harris A, et al., 2015",CLONED
cid:89594,89594,Nicotine,"Pyridine, Substituted_pyrrolidines",pdsp,"Cholinergic, Nicotinic Alpha2Beta4",,HUMAN,48.3,"Harris A, et al., 2015",CLONED
cid:89594,89594,Nicotine,"Pyridine, Substituted_pyrrolidines",pdsp,"Cholinergic, Nicotinic Alpha3Beta2",,HUMAN,5.3,"Harris A, et al., 2015",CLONED
cid:89594,89594,Nicotine,"Pyridine, Substituted_pyrrolidines",pdsp,"Cholinergic, Nicotinic Alpha4Beta4",,HUMAN,22.2,"Harris A, et al., 2015",CLONED
cid:89594,89594,Nicotine,"Pyridine, Substituted_pyrrolidines",pdsp,a4b2 nicotinic cholinergic,,RAT,35.0,"Ramunno A, et al., 2005",CLONED
cid:89594,89594,Nicotine,"Pyridine, Substituted_pyrrolidines",pdsp,a4b2 nicotinic cholinergic,,RAT,2.0,"Ramunno A, et al., 2005",BRAIN
cid:89594,89594,Nicotine,"Pyridine, Substituted_pyrrolidines",pdsp,"Cholinergic, Nicotinic Alpha4Beta2",,HUMAN,1.0,"Sullivan, JP et al., 1997",CLONED
cid:89594,89594,Nicotine,"Pyridine, Substituted_pyrrolidines",pdsp,"Cholinergic, Nicotinic Alpha4Beta2",,RAT,1.0,"Sullivan, JP et al., 1997",BRAIN
cid:89594,89594,Nicotine,"Pyridine, Substituted_pyrrolidines",pdsp,"Cholinergic, Nicotinic Alpha1Beta1DeltaGamma",,Torpedo Californica,1000.0,"Sullivan, JP et al., 1997",Electroplax
cid:89594,89594,Nicotine,"Pyridine, Substituted_pyrrolidines",pdsp,"Cholinergic, Nicotinic Alpha7",,RAT,6000.0,"Sullivan, JP et al., 1997",BRAIN
cid:89594,89594,Nicotine,"Pyridine, Substituted_pyrrolidines",pdsp,"Cholinergic, Nicotinic Alpha4Beta2",,RAT,1.0,"Donnelly-Roberts DL, et al., 1998",BRAIN
cid:89594,89594,Nicotine,"Pyridine, Substituted_pyrrolidines",pdsp,"Cholinergic, Nicotinic Alpha4Beta2",,HUMAN,1.0,"Donnelly-Roberts DL, et al., 1998",CLONED
cid:89594,89594,Nicotine,"Pyridine, Substituted_pyrrolidines",pdsp,"Cholinergic, Nicotinic Alpha7",,RAT,4000.0,"Donnelly-Roberts DL, et al., 1998",BRAIN
cid:89594,89594,Nicotine,"Pyridine, Substituted_pyrrolidines",pdsp,"Cholinergic, Nicotinic Alpha7",,HUMAN,7130.0,"Donnelly-Roberts DL, et al., 1998",CLONED
cid:89594,89594,Nicotine,"Pyridine, Substituted_pyrrolidines",pdsp,"Cholinergic, Nicotinic Alpha1Beta1DeltaGamma",,Torpedo Californica,1000.0,"Donnelly-Roberts DL, et al., 1998",Electroplax
cid:89594,89594,Nicotine,"Pyridine, Substituted_pyrrolidines",pdsp,"Cholinergic, Nicotinic Alpha4Beta2",,RAT,4.0,"Bencherif, M et al., 1998",CORTEX
cid:89594,89594,Nicotine,"Pyridine, Substituted_pyrrolidines",pdsp,"Cholinergic, Nicotinic Alpha4Beta2",,MICE,1.4,"Damaj, MI et al., 1998",BRAIN
cid:89594,89594,Nicotine,"Pyridine, Substituted_pyrrolidines",pdsp,"Cholinergic, Nicotinic Alpha4Beta2",,RAT,1.05,"Holladay MW et al., 1997",BRAIN
cid:89594,89594,Nicotine,"Pyridine, Substituted_pyrrolidines",pdsp,"Cholinergic, Nicotinic Alpha7",,RAT,4000.0,"Holladay MW et al., 1997",BRAIN
cid:89594,89594,Nicotine,"Pyridine, Substituted_pyrrolidines",pdsp,"Cholinergic, Nicotinic Alpha1Beta1DeltaGamma",,torpedo,10000.0,"Holladay MW et al., 1997",Electroplax
cid:89594,89594,Nicotine,"Pyridine, Substituted_pyrrolidines",pdsp,"Cholinergic, Nicotinic Alpha4Beta2",,RAT,4.0,"Olesen, P.H. et al., 1997",CORTEX
cid:89594,89594,Nicotine,"Pyridine, Substituted_pyrrolidines",pdsp,"Cholinergic, Nicotinic Alpha3Beta2",,RAT,28000.0,"Olesen, P.H. et al., 1997",CORTEX
cid:89594,89594,Nicotine,"Pyridine, Substituted_pyrrolidines",pdsp,"Cholinergic, Nicotinic Alpha4Beta2",,RAT,4.2,"Olesen, P.H. et al., 1997",CLONED
cid:89594,89594,Nicotine,"Pyridine, Substituted_pyrrolidines",pdsp,"Cholinergic, Nicotinic Alpha3Beta2",,RAT,3.8,"Olesen, P.H. et al., 1997",CLONED
cid:89594,89594,Nicotine,"Pyridine, Substituted_pyrrolidines",pdsp,Nicotinic Alpha4Beta2,,HUMAN,5.6,"Harris, AC. et, al. 2018",KIDNEY
cid:89594,89594,Nicotine,"Pyridine, Substituted_pyrrolidines",pdsp,Nicotinic Alpha4Beta2,,RAT,9.3,"Harris, AC. et, al. 2018",BRAIN
cid:89594,89594,Nicotine,"Pyridine, Substituted_pyrrolidines",pdsp,Nicotinic Alpha7,,HUMAN,208.7,"Harris, AC. et, al. 2018",KIDNEY
cid:89594,89594,Nicotine,"Pyridine, Substituted_pyrrolidines",pdsp,Nicotinic Alpha7,,RAT,9.2,"Harris, AC. et, al. 2018",BRAIN
cid:89594,89594,Nicotine,"Pyridine, Substituted_pyrrolidines",pdsp,Nicotinic Alpha3Beta4,,HUMAN,303.4,"Harris, AC. et, al. 2018",KIDNEY
cid:89594,89594,Nicotine,"Pyridine, Substituted_pyrrolidines",pdsp,Nicotinic Alpha2Beta2,,HUMAN,4.0,"Harris, AC. et, al. 2018",KIDNEY
cid:89594,89594,Nicotine,"Pyridine, Substituted_pyrrolidines",pdsp,Nicotinic Alpha2Beta4,,HUMAN,73.3,"Harris, AC. et, al. 2018",KIDNEY
cid:89594,89594,Nicotine,"Pyridine, Substituted_pyrrolidines",pdsp,Nicotinic Alpha3Beta2,,HUMAN,7.6,"Harris, AC. et, al. 2018",KIDNEY
cid:89594,89594,Nicotine,"Pyridine, Substituted_pyrrolidines",pdsp,Nicotinic Alpha4Beta4,,HUMAN,22.6,"Harris, AC. et, al. 2018",KIDNEY
cid:5284603,5284603,Oxycodone,Substituted_morphinans,pdsp,OPIATE Mu,OPRM1,RAT,8.69,"Codd EE et al, 1995",FOREBRAIN
cid:5284603,5284603,Oxycodone,Substituted_morphinans,pdsp,OPIATE Delta,OPRD1,RAT,901.0,"Codd EE et al, 1995",FOREBRAIN
cid:5284603,5284603,Oxycodone,Substituted_morphinans,pdsp,OPIATE Kappa,OPRK1,RAT,1350.0,"Codd EE et al, 1995",FOREBRAIN
cid:5284603,5284603,Oxycodone,Substituted_morphinans,pdsp,Norepinephrine transporter,,RAT,10000.0,"Codd EE et al, 1995","medulla, pons"
cid:5284603,5284603,Oxycodone,Substituted_morphinans,pdsp,5-HT Transporter,SLC6A4,RAT,10000.0,"Codd EE et al, 1995",CEREBRAL CORTEX
cid:5284603,5284603,Oxycodone,Substituted_morphinans,pdsp,OPIATE Mu,OPRM1,RAT,18.0,"Monory K, et al., 1999",BRAIN
cid:5284603,5284603,Oxycodone,Substituted_morphinans,pdsp,OPIATE Delta,OPRD1,RAT,958.0,"Monory K, et al., 1999",BRAIN
cid:5284603,5284603,Oxycodone,Substituted_morphinans,pdsp,OPIATE Kappa,OPRK1,RAT,677.0,"Monory K, et al., 1999",BRAIN
cid:5284603,5284603,Oxycodone,Substituted_morphinans,pdsp,MOR,,HUMAN,780.0,"Olson KM, et al., 2019",CLONED
cid:5284603,5284603,Oxycodone,Substituted_morphinans,pdsp,DOR,,HUMAN,10000.0,"Olson KM, et al., 2019",CLONED
cid:5284603,5284603,Oxycodone,Substituted_morphinans,pdsp,KOR,,HUMAN,2000.0,"Olson KM, et al., 2019",CLONED
cid:5284603,5284603,Oxycodone,Substituted_morphinans,pdsp,NOP,,HUMAN,10000.0,"Olson KM, et al., 2019",CLONED
cid:5284603,5284603,Oxycodone,Substituted_morphinans,pdsp,CB1,,HUMAN,10000.0,"Olson KM, et al., 2019",CLONED
cid:5284603,5284603,Oxycodone,Substituted_morphinans,pdsp,Sigma 1,,HUMAN,10000.0,"Olson KM, et al., 2019",CLONED
cid:5284603,5284603,Oxycodone,Substituted_morphinans,pdsp,Norepinephrine transporter,,HUMAN,10000.0,"Olson KM, et al., 2019",CLONED
cid:5284603,5284603,Oxycodone,Substituted_morphinans,pdsp,SERT,,HUMAN,10000.0,"Olson KM, et al., 2019",CLONED
cid:5284603,5284603,Oxycodone,Substituted_morphinans,pdsp,DAT,,HUMAN,10000.0,"Olson KM, et al., 2019",CLONED
cid:5284604,5284604,Oxymorphone,Substituted_morphinans,pdsp,OPIATE Mu,OPRM1,RAT,30.0,"Pert CB, et al., 1974",BRAIN
cid:5284604,5284604,Oxymorphone,Substituted_morphinans,pdsp,OPIATE Mu,OPRM1,RAT,1.0,"Pert CB, et al., 1974",BRAIN
cid:5284604,5284604,Oxymorphone,Substituted_morphinans,pdsp,OPIATE Mu,OPRM1,RAT,0.97,"Lattanzi R, et al., 2005",Membranes
cid:5284604,5284604,Oxymorphone,Substituted_morphinans,pdsp,OPIATE Delta,OPRD1,RAT,80.5,"Lattanzi R, et al., 2005",Membranes
cid:5284604,5284604,Oxymorphone,Substituted_morphinans,pdsp,OPIATE Kappa,OPRK1,RAT,61.6,"Lattanzi R, et al., 2005",Membranes
cid:5284604,5284604,Oxymorphone,Substituted_morphinans,pdsp,MOR,,HUMAN,11.0,"Olson KM, et al., 2019",CLONED
cid:5284604,5284604,Oxymorphone,Substituted_morphinans,pdsp,DOR,,HUMAN,2000.0,"Olson KM, et al., 2019",CLONED
cid:5284604,5284604,Oxymorphone,Substituted_morphinans,pdsp,KOR,,HUMAN,2000.0,"Olson KM, et al., 2019",CLONED
cid:5284604,5284604,Oxymorphone,Substituted_morphinans,pdsp,NOP,,HUMAN,10000.0,"Olson KM, et al., 2019",CLONED
cid:5284604,5284604,Oxymorphone,Substituted_morphinans,pdsp,CB1,,HUMAN,10000.0,"Olson KM, et al., 2019",CLONED
cid:5284604,5284604,Oxymorphone,Substituted_morphinans,pdsp,Sigma 1,,HUMAN,10000.0,"Olson KM, et al., 2019",CLONED
cid:5284604,5284604,Oxymorphone,Substituted_morphinans,pdsp,Norepinephrine transporter,,HUMAN,10000.0,"Olson KM, et al., 2019",CLONED
cid:5284604,5284604,Oxymorphone,Substituted_morphinans,pdsp,SERT,,HUMAN,10000.0,"Olson KM, et al., 2019",CLONED
cid:5284604,5284604,Oxymorphone,Substituted_morphinans,pdsp,DAT,,HUMAN,10000.0,"Olson KM, et al., 2019",CLONED
cid:6449,6449,PCP,Arylcyclohexylamines,pdsp,5-HT3,HTR3A,GUINEA PIG,2671.0,"BONHAUS DW, ET AL., 1993",HIPPOCAMPUS
cid:6449,6449,PCP,Arylcyclohexylamines,pdsp,5-HT3,HTR3A,GUINEA PIG,273.0,"BONHAUS DW, ET AL., 1993",HIPPOCAMPUS
cid:6449,6449,PCP,Arylcyclohexylamines,pdsp,Glutamate-NMDA-MK801,,RAT,758.0,"Largent BL, et al., 1986",BRAIN
cid:6449,6449,PCP,Arylcyclohexylamines,pdsp,Glutamate-NMDA-MK801,,RAT,625.0,"Largent BL, et al., 1986",BRAIN
cid:6449,6449,PCP,Arylcyclohexylamines,pdsp,Glutamate-NMDA-MK801,,RAT,311.0,"Largent BL, et al., 1986",BRAIN
cid:6449,6449,PCP,Arylcyclohexylamines,pdsp,Glutamate-NMDA-MK801,,RAT,48.0,"Largent BL, et al., 1986",BRAIN
cid:6449,6449,PCP,Arylcyclohexylamines,pdsp,Glutamate-NMDA-MK801,,RAT,66.0,"Largent BL, et al., 1986",BRAIN
cid:6449,6449,PCP,Arylcyclohexylamines,pdsp,OPIATE Sigma,,RAT,29.0,"Mendelsohn LG, et al., 1985",BRAIN
cid:6449,6449,PCP,Arylcyclohexylamines,pdsp,OPIATE Sigma,,RAT,135.0,"Mendelsohn LG, et al., 1985",BRAIN
cid:6449,6449,PCP,Arylcyclohexylamines,pdsp,OPIATE Kappa,OPRK1,RAT,8795.0,PDSP Certified Data,CLONED
cid:6449,6449,PCP,Arylcyclohexylamines,pdsp,Sigma,,GUINEA PIG,1050.0,"Weber E, et al., 1986",BRAIN
cid:6449,6449,PCP,Arylcyclohexylamines,pdsp,Sigma,,GUINEA PIG,1000.0,"Weber E, et al., 1986",BRAIN
cid:6449,6449,PCP,Arylcyclohexylamines,pdsp,Sigma,,RAT,711.0,"Largent BL, et al., 1984",BRAIN
cid:6449,6449,PCP,Arylcyclohexylamines,pdsp,Sigma,,RAT,956.0,"Largent BL, et al., 1984",BRAIN
cid:6449,6449,PCP,Arylcyclohexylamines,pdsp,Glutamate-NMDA,,RAT,42.2,"Bresink I, et al., 1995",CORTEX
cid:6449,6449,PCP,Arylcyclohexylamines,pdsp,Glutamate-NMDA,,RAT,180.0,"Bresink I, et al., 1995",CEREBELLUM
cid:6449,6449,PCP,Arylcyclohexylamines,pdsp,NMDA,,HUMAN,59.0,"Roth BL, et al., 2013",CLONED
cid:6449,6449,PCP,Arylcyclohexylamines,pdsp,Serotonin Transporter,,HUMAN,2234.0,"Roth BL, et al., 2013",CLONED
cid:6449,6449,PCP,Arylcyclohexylamines,pdsp,Sigma-2,,RAT,136.0,"Roth BL, et al., 2013",PC12
cid:6449,6449,PCP,Arylcyclohexylamines,pdsp,NMDA,,RAT,57.9,"Wallach, Jason, et. al. 2016",FOREBRAIN
cid:6449,6449,PCP,Arylcyclohexylamines,pdsp,NMDA,,RAT,58.0,"Wallach, Jason, et. al. 2016",FOREBRAIN
cid:6449,6449,PCP,Arylcyclohexylamines,pdsp,Glutamate-NMDA-MK801,,RAT,22.0,"Colestock, T. et, al 2018",FOREBRAIN
cid:4737,4737,Pentobarbital,Barbiturates,pdsp,HISTAMINE H1,HRH1,HUMAN,10000.0,"Kanba S, et al., 1984",CORTICAL MEMBRANES
cid:4058,4058,Pethidine,Substituted_piperidines,pdsp,OPIATE Mu,OPRM1,RAT,10000.0,"Pert CB, et al., 1974",BRAIN
cid:4058,4058,Pethidine,Substituted_piperidines,pdsp,OPIATE Mu,OPRM1,RAT,3000.0,"Pert CB, et al., 1974",BRAIN
cid:4058,4058,Pethidine,Substituted_piperidines,pdsp,Dopamine Transporter,SLC6A3,RAT,10000.0,"Lomenzo SA, et.al., 2005",BRAIN
cid:4058,4058,Pethidine,Substituted_piperidines,pdsp,5-HT Transporter,SLC6A4,RAT,413.0,"Lomenzo SA, et.al., 2005",BRAIN
cid:4058,4058,Pethidine,Substituted_piperidines,pdsp,OPIATE Mu,OPRM1,RAT,920.0,"Lomenzo SA, et.al., 2005",FR. CORTEX
cid:1001,1001,Phenethylamine (compound),supplement,pdsp,Adrenergic Alpha,,RAT,10000.0,"U'Prichard DC et al., 1977",BRAIN
cid:1001,1001,Phenethylamine (compound),supplement,pdsp,Adrenergic Alpha,,RAT,2100.0,"U'Prichard DC et al., 1977",BRAIN
cid:1001,1001,Phenethylamine (compound),supplement,pdsp,5-HT2A,HTR2A,HUMAN,10000.0,"Peddi S, et.al., 2003a",CLONED
cid:1001,1001,Phenethylamine (compound),supplement,pdsp,5-HT2A,HTR2A,UNDEFINED,10000.0,"Runyon SP et al., 2008",UNDEFINED
cid:1001,1001,Phenethylamine (compound),supplement,pdsp,HISTAMINE H1,HRH1,HUMAN,158489.31924611,"Lim HD, et al., 2005",CLONED
cid:1001,1001,Phenethylamine (compound),supplement,pdsp,HISTAMINE H1,HRH1,HUMAN,10000.0,"Lim HD, et al., 2005",CLONED
cid:4771,4771,Phentermine,stimulant,pdsp,5-HT2A,HTR2A,RAT,10000.0,"Rothman RB, et al, 2000",CLONED
cid:4771,4771,Phentermine,stimulant,pdsp,5-HT2B,HTR2B,HUMAN,10000.0,"Rothman RB, et al, 2000",CLONED
cid:4771,4771,Phentermine,stimulant,pdsp,5-HT2C,HTR2C,RAT,10000.0,"Rothman RB, et al, 2000",CLONED
cid:4771,4771,Phentermine,stimulant,pdsp,Adrenergic Alpha,,RAT,1400.0,"U'Prichard DC et al., 1977",BRAIN
cid:4771,4771,Phentermine,stimulant,pdsp,Adrenergic Alpha,,RAT,10000.0,"U'Prichard DC et al., 1977",BRAIN
cid:4771,4771,Phentermine,stimulant,pdsp,Norepinephrine transporter,,RAT,244.0,"Rothman RB, et al., 2001",WHOLE BRAIN MINUS  CEREBELLUM
cid:4771,4771,Phentermine,stimulant,pdsp,5-HT Transporter,SLC6A4,RAT,10000.0,"Rothman RB, et al., 2001",WHOLE BRAIN MINUS  CEREBELLUM
cid:4771,4771,Phentermine,stimulant,pdsp,Dopamine Transporter,SLC6A3,RAT,1580.0,"Rothman RB, et al., 2001",CAUDATE
cid:4917,4917,Prochlorperazine,Phenothiazine,pdsp,5-HT1A,HTR1A,HUMAN,5900.0,"WANDER ET AL., 1987",CORTEX
cid:4917,4917,Prochlorperazine,Phenothiazine,pdsp,5-HT3,HTR3A,RAT,1800.0,"MILBURN & PEROUTKA, 1989",CORTEX
cid:4917,4917,Prochlorperazine,Phenothiazine,pdsp,5-HT2A,HTR2A,HUMAN,15.0,"WANDER ET AL., 1987",CORTEX
cid:4917,4917,Prochlorperazine,Phenothiazine,pdsp,5-HT6,HTR6,RAT,148.0,"ROTH ET AL., 1993",CLONED
cid:4917,4917,Prochlorperazine,Phenothiazine,pdsp,5-HT7,HTR7,RAT,196.0,"ROTH ET AL., 1993",CLONED
cid:4917,4917,Prochlorperazine,Phenothiazine,pdsp,5-HT7,HTR7,GUINEA PIG,10000.0,"TO ZP, ET AL., 1995",CLONED
cid:4917,4917,Prochlorperazine,Phenothiazine,pdsp,5-HT7,HTR7,GUINEA PIG,10000.0,"TO ZP, ET AL., 1995",CORTEX
cid:4917,4917,Prochlorperazine,Phenothiazine,pdsp,5-HT2,,RAT,6.3,"ROTH ET AL., 1993",CLONED
cid:4917,4917,Prochlorperazine,Phenothiazine,pdsp,5-HT2C,HTR2C,RAT,79.43,"ROTH ET AL., 1993",CLONED
cid:4917,4917,Prochlorperazine,Phenothiazine,pdsp,DOPAMINE D2,DRD2,RAT,5.01,"ROTH ET AL., 1993",CLONED
cid:4917,4917,Prochlorperazine,Phenothiazine,pdsp,DOPAMINE D2,DRD2,HUMAN,0.4,"Sokoloff P, et al., 1992",CLONED
cid:4917,4917,Prochlorperazine,Phenothiazine,pdsp,DOPAMINE D3,DRD3,HUMAN,1.8,"Sokoloff P, et al., 1992",CLONED
cid:4917,4917,Prochlorperazine,Phenothiazine,pdsp,DOPAMINE D2,DRD2,HUMAN,7.0,"Richelson E, et al., 1984",CAUDATE NUCLEUS
cid:4917,4917,Prochlorperazine,Phenothiazine,pdsp,"Cholinergic, muscarinic",,HUMAN,540.0,"Richelson E, et al., 1984",CAUDATE NUCLEUS
cid:4917,4917,Prochlorperazine,Phenothiazine,pdsp,HISTAMINE H1,HRH1,HUMAN,19.0,"Richelson E, et al., 1984",FR. CORTEX
cid:4917,4917,Prochlorperazine,Phenothiazine,pdsp,adrenergic Alpha1,,HUMAN,24.0,"Richelson E, et al., 1984",FR. CORTEX
cid:4917,4917,Prochlorperazine,Phenothiazine,pdsp,adrenergic Alpha2,,HUMAN,1700.0,"Richelson E, et al., 1984",FR. CORTEX
cid:4917,4917,Prochlorperazine,Phenothiazine,pdsp,DOPAMINE D2,DRD2,HUMAN,7.14,"Richelson E., 1988",BRAIN
cid:4917,4917,Prochlorperazine,Phenothiazine,pdsp,HISTAMINE H1,HRH1,HUMAN,18.86,"Richelson E., 1988",BRAIN
cid:4917,4917,Prochlorperazine,Phenothiazine,pdsp,adrenergic Alpha1,,HUMAN,23.8,"Richelson E., 1988",BRAIN
cid:4917,4917,Prochlorperazine,Phenothiazine,pdsp,adrenergic Alpha2,,HUMAN,1694.91,"Richelson E., 1988",BRAIN
cid:4917,4917,Prochlorperazine,Phenothiazine,pdsp,"Cholinergic, muscarinic",,HUMAN,555.55,"Richelson E., 1988",BRAIN
cid:4917,4917,Prochlorperazine,Phenothiazine,pdsp,5-HT1,,HUMAN,5882.35,"Richelson E., 1988",BRAIN
cid:4917,4917,Prochlorperazine,Phenothiazine,pdsp,5-HT2,,HUMAN,14.92,"Richelson E., 1988",BRAIN
cid:4917,4917,Prochlorperazine,Phenothiazine,pdsp,5-HT2C,HTR2C,HUMAN,122.0,"Herrick-Davis K, et al., 2000",CLONED
cid:4917,4917,Prochlorperazine,Phenothiazine,pdsp,DOPAMINE D2,DRD2,RAT,4.7,"Sokoloff P, et al., 1990",CLONED
cid:4917,4917,Prochlorperazine,Phenothiazine,pdsp,DOPAMINE D3,DRD3,RAT,35.0,"Sokoloff P, et al., 1990",CLONED
cid:4917,4917,Prochlorperazine,Phenothiazine,pdsp,DOPAMINE D2,DRD2,HUMAN,1.2,"Seeman P, Tallerico T., 1998",CLONED
cid:4917,4917,Prochlorperazine,Phenothiazine,pdsp,DOPAMINE D4,DRD4,HUMAN,5.4,"Seeman P, Tallerico T., 1998",CLONED
cid:4917,4917,Prochlorperazine,Phenothiazine,pdsp,DOPAMINE D2,DRD2,HUMAN,1.2,"Seeman, Philip  2001",CLONED
cid:4917,4917,Prochlorperazine,Phenothiazine,pdsp,DOPAMINE D2,DRD2,HUMAN,1.7,"Seeman, Philip  2001",CLONED
cid:4917,4917,Prochlorperazine,Phenothiazine,pdsp,DOPAMINE D2,DRD2,HUMAN,4.0,"Seeman, Philip  2001",CLONED
cid:4917,4917,Prochlorperazine,Phenothiazine,pdsp,DOPAMINE D2,DRD2,HUMAN,5.3,"Seeman, Philip  2001",CLONED
cid:4917,4917,Prochlorperazine,Phenothiazine,pdsp,DOPAMINE D4,DRD4,HUMAN,5.4,"Seeman, Philip  2001",CLONED
cid:4917,4917,Prochlorperazine,Phenothiazine,pdsp,DOPAMINE D4,DRD4,HUMAN,70.0,"Seeman, Philip  2001",CLONED
cid:4917,4917,Prochlorperazine,Phenothiazine,pdsp,DOPAMINE D4,DRD4,HUMAN,140.0,"Seeman, Philip  2001",CLONED
cid:4917,4917,Prochlorperazine,Phenothiazine,pdsp,DOPAMINE D2,DRD2,HUMAN,0.2,"Burstein ES, et al., 2005",CLONED
cid:4917,4917,Prochlorperazine,Phenothiazine,pdsp,DOPAMINE D2,DRD2,HUMAN,1.1,"Burstein ES, et al., 2005",CLONED
cid:4917,4917,Prochlorperazine,Phenothiazine,pdsp,DOPAMINE D3,DRD3,HUMAN,2.4,"Burstein ES, et al., 2005",CLONED
cid:4917,4917,Prochlorperazine,Phenothiazine,pdsp,DOPAMINE D3,DRD3,HUMAN,3.4,"Burstein ES, et al., 2005",CLONED
cid:4917,4917,Prochlorperazine,Phenothiazine,pdsp,DOPAMINE D4,DRD4,HUMAN,1132.0,"Burstein ES, et al., 2005",CLONED
cid:4917,4917,Prochlorperazine,Phenothiazine,pdsp,D3,,RAT,1.81970085861,"Silvestre, JS. et, al. 2005",CLONED
cid:4917,4917,Prochlorperazine,Phenothiazine,pdsp,D4,,HUMAN,5.3703179637025,"Silvestre, JS. et, al. 2005",CLONED
cid:4917,4917,Prochlorperazine,Phenothiazine,pdsp,alpha1,,HUMAN,8.3176377110267,"Silvestre, JS. et, al. 2005",CLONED
cid:4917,4917,Prochlorperazine,Phenothiazine,pdsp,alpha2,,HUMAN,1698.2436524617,"Silvestre, JS. et, al. 2005",CLONED
cid:4917,4917,Prochlorperazine,Phenothiazine,pdsp,5-HT1A,HTR1A,HUMAN,5888.4365535559,"Silvestre, JS. et, al. 2005",CLONED
cid:4917,4917,Prochlorperazine,Phenothiazine,pdsp,5-HT2A,HTR2A,HUMAN,7.2443596007499,"Silvestre, JS. et, al. 2005",CLONED
cid:4917,4917,Prochlorperazine,Phenothiazine,pdsp,5-HT2C,HTR2C,RAT,123.02687708124,"Silvestre, JS. et, al. 2005",CLONED
cid:4917,4917,Prochlorperazine,Phenothiazine,pdsp,5-HT3,HTR3A,HUMAN,1348.9628825917,"Silvestre, JS. et, al. 2005",CLONED
cid:4917,4917,Prochlorperazine,Phenothiazine,pdsp,5-HT6,HTR6,HUMAN,147.91083881682,"Silvestre, JS. et, al. 2005",CLONED
cid:4917,4917,Prochlorperazine,Phenothiazine,pdsp,5-HT7,HTR7,HUMAN,6760.8297539198,"Silvestre, JS. et, al. 2005",CLONED
cid:4917,4917,Prochlorperazine,Phenothiazine,pdsp,H1,,HUMAN,19.054607179632,"Silvestre, JS. et, al. 2005",CLONED
cid:4917,4917,Prochlorperazine,Phenothiazine,pdsp,"Cholinergic, muscarinic M1",CHRM1,HUMAN,776.24711662869,"Silvestre, JS. et, al. 2005",CLONED
cid:4917,4917,Prochlorperazine,Phenothiazine,pdsp,"Cholinergic, muscarinic M2",CHRM2,HUMAN,1412.5375446228,"Silvestre, JS. et, al. 2005",CLONED
cid:4917,4917,Prochlorperazine,Phenothiazine,pdsp,DAT,,HUMAN,588.84365535559,"Silvestre, JS. et, al. 2005",CLONED
cid:4917,4917,Prochlorperazine,Phenothiazine,pdsp,D1,,HUMAN,251.18864315096,"Silvestre, JS. et, al. 2005",CLONED
cid:4917,4917,Prochlorperazine,Phenothiazine,pdsp,D2,,HUMAN,2.2387211385683,"Silvestre, JS. et, al. 2005",CLONED
cid:4917,4917,Prochlorperazine,Phenothiazine,pdsp,H1,,HUMAN,6.0255958607436,"Appl, Heidrun.  et. al, 2011",CLONED
cid:4917,4917,Prochlorperazine,Phenothiazine,pdsp,H3,,HUMAN,17378.008287494,"Appl, Heidrun.  et. al, 2011",CLONED
cid:4917,4917,Prochlorperazine,Phenothiazine,pdsp,H4,,HUMAN,17782.794100389,"Appl, Heidrun.  et. al, 2011",CLONED
cid:4917,4917,Prochlorperazine,Phenothiazine,pdsp,Norepinephrine transporter,,RAT,600.0,"Richelson, E. et, al. 1984",occipital cortex synaptosomes
cid:4917,4917,Prochlorperazine,Phenothiazine,pdsp,Serotonin uptake,,RAT,3100.0,"Richelson, E. et, al. 1984",frontal cortex synaptosomes
cid:4917,4917,Prochlorperazine,Phenothiazine,pdsp,Dopamine Transporter,SLC6A3,RAT,1400.0,"Richelson, E. et, al. 1984",corpus striatum synaptosomes
cid:5994,5994,Progesterone,Steroid,pdsp,Progesterone receptor,PGR,HUMAN,3.40000009536743,"Pedram B et al., 2008",UNDEFINED
cid:14592,14592,Prolintane,"Amphetamine, Substituted_amphetamines, Substituted_pyrrolidines",pdsp,"Cholinergic, Nicotinic Alpha4Beta2",,UNDEFINED,29.0,"Schmitt JD, et al., 1999",UNDEFINED
cid:14592,14592,Prolintane,"Amphetamine, Substituted_amphetamines, Substituted_pyrrolidines",pdsp,"Cholinergic, Nicotinic Alpha7",,UNDEFINED,730.0,"Schmitt JD, et al., 1999",UNDEFINED
cid:4927,4927,Promethazine,Phenothiazine,pdsp,5-HT1A,HTR1A,RAT,10000.0,"GOZLAN ET AL., 1983",HIPPOCAMPUS
cid:4927,4927,Promethazine,Phenothiazine,pdsp,5-HT2A,HTR2A,RAT,170.0,"PEROUTKA & SNYDER, 1979",CORTEX
cid:4927,4927,Promethazine,Phenothiazine,pdsp,HISTAMINE H1,HRH1,RAT,2.9,"Tran VT, et al., 1978",BRAIN
cid:4927,4927,Promethazine,Phenothiazine,pdsp,HISTAMINE H4,HRH4,HUMAN,150.2,"Nguyen T. et al., 2001",CLONED
cid:4927,4927,Promethazine,Phenothiazine,pdsp,DOPAMINE D2,DRD2,CALF,238.0,"Creese I, et al., 1976",Striatal Membranes
cid:4927,4927,Promethazine,Phenothiazine,pdsp,DOPAMINE D1,DRD1,CALF,10000.0,"Creese I, et al., 1976",Striatal Membranes
cid:4927,4927,Promethazine,Phenothiazine,pdsp,Adrenergic Alpha,,RAT,1200.0,"U'Prichard DC et al., 1977",BRAIN
cid:4927,4927,Promethazine,Phenothiazine,pdsp,Adrenergic Alpha,,RAT,55.0,"U'Prichard DC et al., 1977",BRAIN
cid:4927,4927,Promethazine,Phenothiazine,pdsp,5-HT1A,HTR1A,RAT,10000.0,"Gozlan H et al., 1983",STRIATUM
cid:4927,4927,Promethazine,Phenothiazine,pdsp,5-HT1A,HTR1A,RAT,10000.0,"Gozlan H et al., 1983",HIPPOCAMPUS
cid:4927,4927,Promethazine,Phenothiazine,pdsp,DOPAMINE D1,DRD1,CALF,10000.0,"Burt DR et al., 1976",BRAIN
cid:4927,4927,Promethazine,Phenothiazine,pdsp,DOPAMINE D2,DRD2,CALF,240.0,"Burt DR et al., 1976",BRAIN
cid:4927,4927,Promethazine,Phenothiazine,pdsp,HISTAMINE H1,HRH1,RAT,4.0,"Borsini F, et al., 1995",BRAIN
cid:4927,4927,Promethazine,Phenothiazine,pdsp,DOPAMINE D1,DRD1,RAT,1780.0,"Andersen PH, et al., 1985",FR. CORTEX
cid:4927,4927,Promethazine,Phenothiazine,pdsp,DOPAMINE D2,DRD2,RAT,260.0,"Andersen PH, et al., 1985",FR. CORTEX
cid:4927,4927,Promethazine,Phenothiazine,pdsp,HISTAMINE H1,HRH1,HUMAN,0.24,"Ghoneim OM, et al., 2006",CLONED
cid:4927,4927,Promethazine,Phenothiazine,pdsp,DOPAMINE,,CALF,5000.0,"Creese, I et al., 1976a",CAUDATE
cid:4927,4927,Promethazine,Phenothiazine,pdsp,DOPAMINE,,CALF,500.0,"Creese, I et al., 1976a",CAUDATE
cid:4927,4927,Promethazine,Phenothiazine,pdsp,H1,,HUMAN,0.97723722095581,"Appl, Heidrun.  et. al, 2011",CLONED
cid:4927,4927,Promethazine,Phenothiazine,pdsp,H4,,HUMAN,77624.711662869,"Appl, Heidrun.  et. al, 2011",CLONED
cid:4927,4927,Promethazine,Phenothiazine,pdsp,H3,,HUMAN,100000.0,"Appl, Heidrun.  et. al, 2011",CLONED
cid:4927,4927,Promethazine,Phenothiazine,pdsp,HISTAMINE H1,HRH1,HUMAN,2.6,"Chang, R et., 1978",FR. CORTEX
cid:4927,4927,Promethazine,Phenothiazine,pdsp,HISTAMINE H1,HRH1,GUINEA PIG,3.2,"Chang, R et., 1978",BRAIN
cid:4927,4927,Promethazine,Phenothiazine,pdsp,HISTAMINE H1,HRH1,RAT,2.9,"Chang, R et., 1978",BRAIN
cid:4927,4927,Promethazine,Phenothiazine,pdsp,HISTAMINE H1,HRH1,HUMAN,10000.0,"Lim HD, et al., 2005",CLONED
cid:4980,4980,Psilocin,Substituted_tryptamines,pdsp,5-HT2A,HTR2A,BOVINE,370.0,"MCKENNA, ET AL., 1989",CORTEX
cid:4980,4980,Psilocin,Substituted_tryptamines,pdsp,5-HT2B,HTR2B,BOVINE,450.0,"MCKENNA & PEROUTKA, 1989",CORTEX
cid:4980,4980,Psilocin,Substituted_tryptamines,pdsp,5-HT2A,HTR2A,RAT,25.0,"Blair JB, et al., 2001",CLONED
cid:4980,4980,Psilocin,Substituted_tryptamines,pdsp,5-HT2C,HTR2C,RAT,10.0,"Blair JB, et al., 2001",CLONED
cid:4980,4980,Psilocin,Substituted_tryptamines,pdsp,5-HT1A,HTR1A,HUMAN,49.0,"Blair JB, et al., 2001",CLONED
cid:4980,4980,Psilocin,Substituted_tryptamines,pdsp,5-HT2A,HTR2A,RAT,12.0,"MCKENNA & PEROUTKA, 1989",CORTEX
cid:5002,5002,Quetiapine,Dibenzothiazepine,pdsp,DOPAMINE D1,DRD1,RAT,2610.0,"KONGSAMUT S, ET AL., 1996",CLONED
cid:5002,5002,Quetiapine,Dibenzothiazepine,pdsp,DOPAMINE D2,DRD2,RAT,329.0,"KONGSAMUT S, ET AL., 1996",CLONED
cid:5002,5002,Quetiapine,Dibenzothiazepine,pdsp,5-HT2A,HTR2A,RAT,185.0,"KONGSAMUT S, ET AL., 1996",CLONED
cid:5002,5002,Quetiapine,Dibenzothiazepine,pdsp,5-HT6,HTR6,RAT,1297.0,"KONGSAMUT S, ET AL., 1996",CLONED
cid:5002,5002,Quetiapine,Dibenzothiazepine,pdsp,5-HT7,HTR7,RAT,133.6,"KONGSAMUT S, ET AL., 1996",CLONED
cid:5002,5002,Quetiapine,Dibenzothiazepine,pdsp,DOPAMINE D1,DRD1,HUMAN,1277.0,"KONGSAMUT S, ET AL., 1996",CLONED
cid:5002,5002,Quetiapine,Dibenzothiazepine,pdsp,DOPAMINE D2 Short,DRD2,HUMAN,779.0,"KONGSAMUT S, ET AL., 1996",CLONED
cid:5002,5002,Quetiapine,Dibenzothiazepine,pdsp,DOPAMINE D2 Long,DRD2,HUMAN,706.0,"KONGSAMUT S, ET AL., 1996",CLONED
cid:5002,5002,Quetiapine,Dibenzothiazepine,pdsp,DOPAMINE D3,DRD3,HUMAN,839.0,"KONGSAMUT S, ET AL., 1996",CLONED
cid:5002,5002,Quetiapine,Dibenzothiazepine,pdsp,DOPAMINE D4,DRD4,HUMAN,1057.0,"KONGSAMUT S, ET AL., 1996",CLONED
cid:5002,5002,Quetiapine,Dibenzothiazepine,pdsp,DOPAMINE D5,DRD5,HUMAN,1513.0,"KONGSAMUT S, ET AL., 1996",CLONED
cid:5002,5002,Quetiapine,Dibenzothiazepine,pdsp,5-HT2A,HTR2A,HUMAN,636.0,"KONGSAMUT S, ET AL., 1996",CLONED
cid:5002,5002,Quetiapine,Dibenzothiazepine,pdsp,5-HT2C,HTR2C,HUMAN,1184.0,"KONGSAMUT S, ET AL., 1996",CLONED
cid:5002,5002,Quetiapine,Dibenzothiazepine,pdsp,5-HT6,HTR6,HUMAN,33.0,"KOHEN R, ET AL., 1996",CLONED
cid:5002,5002,Quetiapine,Dibenzothiazepine,pdsp,DOPAMINE D4,DRD4,RAT,1164.0,"ROTH BL, ET AL., 1995",CLONED
cid:5002,5002,Quetiapine,Dibenzothiazepine,pdsp,DOPAMINE D2,DRD2,RAT,329.0,"ROTH BL, ET AL., 1995",BRAIN
cid:5002,5002,Quetiapine,Dibenzothiazepine,pdsp,5-HT2A,HTR2A,RAT,148.0,"ROTH BL, ET AL., 1995",BRAIN
cid:5002,5002,Quetiapine,Dibenzothiazepine,pdsp,DOPAMINE D2 Short,DRD2,HUMAN,1000.0,"SEEMAN P, ET AL., 1995",CLONED
cid:5002,5002,Quetiapine,Dibenzothiazepine,pdsp,DOPAMINE D2 Short,DRD2,HUMAN,500.0,"SEEMAN P, ET AL., 1995",CLONED
cid:5002,5002,Quetiapine,Dibenzothiazepine,pdsp,DOPAMINE D2 Short,DRD2,HUMAN,105.0,"SEEMAN P, ET AL., 1995",CLONED
cid:5002,5002,Quetiapine,Dibenzothiazepine,pdsp,DOPAMINE D2,DRD2,HUMAN,78.0,"SEEMAN P, ET AL., 1997",CLONED
cid:5002,5002,Quetiapine,Dibenzothiazepine,pdsp,DOPAMINE D4,DRD4,HUMAN,3000.0,"SEEMAN P, ET AL., 1997",CLONED
cid:5002,5002,Quetiapine,Dibenzothiazepine,pdsp,5-HT2A,HTR2A,HUMAN,2500.0,"SEEMAN P, ET AL., 1997",CLONED
cid:5002,5002,Quetiapine,Dibenzothiazepine,pdsp,5-HT1B,HTR1B,RAT,5000.0,"Schotte A, et al.,  1996",STRIATUM
cid:5002,5002,Quetiapine,Dibenzothiazepine,pdsp,5-HT2A,HTR2A,RAT,120.0,"Schotte A, et al.,  1996",FR. CORTEX
cid:5002,5002,Quetiapine,Dibenzothiazepine,pdsp,5-HT2C,HTR2C,PIG,3820.0,"Schotte A, et al.,  1996",Choroid Plexus
cid:5002,5002,Quetiapine,Dibenzothiazepine,pdsp,5-HT3,HTR3A,MOUSE,4060.0,"Schotte A, et al.,  1996",NG108-15
cid:5002,5002,Quetiapine,Dibenzothiazepine,pdsp,5-HT7,HTR7,MOUSE,290.0,"Schotte A, et al.,  1996",CLONED
cid:5002,5002,Quetiapine,Dibenzothiazepine,pdsp,DOPAMINE D1,DRD1,RAT,4240.0,"Schotte A, et al.,  1996",STRIATUM
cid:5002,5002,Quetiapine,Dibenzothiazepine,pdsp,DOPAMINE D2,DRD2,RAT,310.0,"Schotte A, et al.,  1996",STRIATUM
cid:5002,5002,Quetiapine,Dibenzothiazepine,pdsp,DOPAMINE D3,DRD3,RAT,650.0,"Schotte A, et al.,  1996",CLONED
cid:5002,5002,Quetiapine,Dibenzothiazepine,pdsp,adrenergic Alpha1,,RAT,58.0,"Schotte A, et al.,  1996",Total Cortex
cid:5002,5002,Quetiapine,Dibenzothiazepine,pdsp,"Cholinergic, muscarinic",,RAT,1020.0,"Schotte A, et al.,  1996",STRIATUM
cid:5002,5002,Quetiapine,Dibenzothiazepine,pdsp,HISTAMINE H1,HRH1,GUINEA PIG,19.0,"Schotte A, et al.,  1996",CEREBELLUM
cid:5002,5002,Quetiapine,Dibenzothiazepine,pdsp,Sigma-1,,GUINEA PIG,220.0,"Schotte A, et al.,  1996",Medulla oblongata
cid:5002,5002,Quetiapine,Dibenzothiazepine,pdsp,Calcium channel,,RAT,5000.0,"Schotte A, et al.,  1996",Total Cortex
cid:5002,5002,Quetiapine,Dibenzothiazepine,pdsp,Sodium Channel,,RAT,5000.0,"Schotte A, et al.,  1996",Total Cortex
cid:5002,5002,Quetiapine,Dibenzothiazepine,pdsp,5-HT1A,HTR1A,HUMAN,320.0,"Schotte A, et al.,  1996",CLONED
cid:5002,5002,Quetiapine,Dibenzothiazepine,pdsp,5-HT1B,HTR1B,HUMAN,2050.0,"Schotte A, et al.,  1996",CLONED
cid:5002,5002,Quetiapine,Dibenzothiazepine,pdsp,5-HT1D,HTR1D,HUMAN,5000.0,"Schotte A, et al.,  1996",CLONED
cid:5002,5002,Quetiapine,Dibenzothiazepine,pdsp,5-HT1E,HTR1E,HUMAN,1250.0,"Schotte A, et al.,  1996",CLONED
cid:5002,5002,Quetiapine,Dibenzothiazepine,pdsp,5-HT1F,HTR1F,HUMAN,2240.0,"Schotte A, et al.,  1996",CLONED
cid:5002,5002,Quetiapine,Dibenzothiazepine,pdsp,5-HT2A,HTR2A,HUMAN,96.0,"Schotte A, et al.,  1996",CLONED
cid:5002,5002,Quetiapine,Dibenzothiazepine,pdsp,DOPAMINE D2 Long,DRD2,HUMAN,700.0,"Schotte A, et al.,  1996",CLONED
cid:5002,5002,Quetiapine,Dibenzothiazepine,pdsp,DOPAMINE D2 Short,DRD2,HUMAN,390.0,"Schotte A, et al.,  1996",CLONED
cid:5002,5002,Quetiapine,Dibenzothiazepine,pdsp,DOPAMINE D3,DRD3,HUMAN,340.0,"Schotte A, et al.,  1996",CLONED
cid:5002,5002,Quetiapine,Dibenzothiazepine,pdsp,DOPAMINE D4.2,,HUMAN,1600.0,"Schotte A, et al.,  1996",CLONED
cid:5002,5002,Quetiapine,Dibenzothiazepine,pdsp,adrenergic Alpha2A,ADRA2A,HUMAN,2230.0,"Schotte A, et al.,  1996",CLONED
cid:5002,5002,Quetiapine,Dibenzothiazepine,pdsp,adrenergic Alpha2B,ADRA2B,HUMAN,90.0,"Schotte A, et al.,  1996",CLONED
cid:5002,5002,Quetiapine,Dibenzothiazepine,pdsp,adrenergic Alpha2C,ADRA2C,HUMAN,350.0,"Schotte A, et al.,  1996",CLONED
cid:5002,5002,Quetiapine,Dibenzothiazepine,pdsp,adrenergic Beta1,ADRB1,HUMAN,5000.0,"Schotte A, et al.,  1996",CLONED
cid:5002,5002,Quetiapine,Dibenzothiazepine,pdsp,adrenergic Beta2,ADRB2,HUMAN,5000.0,"Schotte A, et al.,  1996",CLONED
cid:5002,5002,Quetiapine,Dibenzothiazepine,pdsp,HISTAMINE H1,HRH1,HUMAN,2.2,"Schotte A, et al.,  1996",CLONED
cid:5002,5002,Quetiapine,Dibenzothiazepine,pdsp,DOPAMINE D1,DRD1,RAT,390.0,Arnt J and Skarsfeldt T,CLONED
cid:5002,5002,Quetiapine,Dibenzothiazepine,pdsp,DOPAMINE D2,DRD2,RAT,69.0,Arnt J and Skarsfeldt T,CLONED
cid:5002,5002,Quetiapine,Dibenzothiazepine,pdsp,5-HT1A,HTR1A,RAT,830.0,Arnt J and Skarsfeldt T,CLONED
cid:5002,5002,Quetiapine,Dibenzothiazepine,pdsp,5-HT2A,HTR2A,RAT,82.0,Arnt J and Skarsfeldt T,CLONED
cid:5002,5002,Quetiapine,Dibenzothiazepine,pdsp,5-HT2C,HTR2C,RAT,1500.0,Arnt J and Skarsfeldt T,CLONED
cid:5002,5002,Quetiapine,Dibenzothiazepine,pdsp,adrenergic Alpha1,,RAT,4.5,Arnt J and Skarsfeldt T,CLONED
cid:5002,5002,Quetiapine,Dibenzothiazepine,pdsp,adrenergic Alpha2,,RAT,1100.0,Arnt J and Skarsfeldt T,CLONED
cid:5002,5002,Quetiapine,Dibenzothiazepine,pdsp,HISTAMINE H1,HRH1,RAT,21.0,Arnt J and Skarsfeldt T,CLONED
cid:5002,5002,Quetiapine,Dibenzothiazepine,pdsp,"Cholinergic, muscarinic",,RAT,56.0,Arnt J and Skarsfeldt T,CLONED
cid:5002,5002,Quetiapine,Dibenzothiazepine,pdsp,DOPAMINE D2,DRD2,RAT,69.0,Arnt J and Skarsfeldt T,STRIATUM
cid:5002,5002,Quetiapine,Dibenzothiazepine,pdsp,DOPAMINE D3,DRD3,RAT,180.0,Arnt J and Skarsfeldt T,CLONED
cid:5002,5002,Quetiapine,Dibenzothiazepine,pdsp,DOPAMINE D4.2,,HUMAN,500.0,Arnt J and Skarsfeldt T,CLONED
cid:5002,5002,Quetiapine,Dibenzothiazepine,pdsp,DOPAMINE D2 Long,DRD2,HUMAN,700.0,Arnt J and Skarsfeldt T,CLONED
cid:5002,5002,Quetiapine,Dibenzothiazepine,pdsp,DOPAMINE D3,DRD3,HUMAN,340.0,Arnt J and Skarsfeldt T,CLONED
cid:5002,5002,Quetiapine,Dibenzothiazepine,pdsp,DOPAMINE D4.2,,HUMAN,1600.0,Arnt J and Skarsfeldt T,CLONED
cid:5002,5002,Quetiapine,Dibenzothiazepine,pdsp,5-HT2A,HTR2A,RAT,120.0,Arnt J and Skarsfeldt T,FR. CORTEX
cid:5002,5002,Quetiapine,Dibenzothiazepine,pdsp,5-HT7,HTR7,MOUSE,290.0,Arnt J and Skarsfeldt T,CLONED
cid:5002,5002,Quetiapine,Dibenzothiazepine,pdsp,5-HT6,HTR6,HUMAN,33.0,Arnt J and Skarsfeldt T,CLONED
cid:5002,5002,Quetiapine,Dibenzothiazepine,pdsp,adrenergic Alpha1,,HUMAN,8.1,"Richelson E, Souder T. 2000",BRAIN
cid:5002,5002,Quetiapine,Dibenzothiazepine,pdsp,adrenergic Alpha2,,HUMAN,80.0,"Richelson E, Souder T. 2000",BRAIN
cid:5002,5002,Quetiapine,Dibenzothiazepine,pdsp,DOPAMINE D2,DRD2,HUMAN,770.0,"Richelson E, Souder T. 2000",BRAIN
cid:5002,5002,Quetiapine,Dibenzothiazepine,pdsp,HISTAMINE H1,HRH1,HUMAN,19.0,"Richelson E, Souder T. 2000",BRAIN
cid:5002,5002,Quetiapine,Dibenzothiazepine,pdsp,"Cholinergic, muscarinic",,HUMAN,1400.0,"Richelson E, Souder T. 2000",BRAIN
cid:5002,5002,Quetiapine,Dibenzothiazepine,pdsp,5-HT1A,HTR1A,HUMAN,300.0,"Richelson E, Souder T. 2000",BRAIN
cid:5002,5002,Quetiapine,Dibenzothiazepine,pdsp,5-HT1D,HTR1D,HUMAN,560.0,"Richelson E, Souder T. 2000",BRAIN
cid:5002,5002,Quetiapine,Dibenzothiazepine,pdsp,5-HT2A,HTR2A,HUMAN,31.0,"Richelson E, Souder T. 2000",BRAIN
cid:5002,5002,Quetiapine,Dibenzothiazepine,pdsp,5-HT2C,HTR2C,HUMAN,3500.0,"Richelson E, Souder T. 2000",BRAIN
cid:5002,5002,Quetiapine,Dibenzothiazepine,pdsp,DOPAMINE D3,DRD3,RAT,340.0,Strange PG 2001,CLONED
cid:5002,5002,Quetiapine,Dibenzothiazepine,pdsp,DOPAMINE D2,DRD2,RAT,105.0,Strange PG 2001,CLONED
cid:5002,5002,Quetiapine,Dibenzothiazepine,pdsp,DOPAMINE D4,DRD4,RAT,2000.0,Strange PG 2001,CLONED
cid:5002,5002,Quetiapine,Dibenzothiazepine,pdsp,DOPAMINE D2,DRD2,HUMAN,78.0,"Seeman P, Tallerico T., 1998",CLONED
cid:5002,5002,Quetiapine,Dibenzothiazepine,pdsp,5-HT2A,HTR2A,RAT,110.0,"Seeman P, Tallerico T., 1998",CORTEX
cid:5002,5002,Quetiapine,Dibenzothiazepine,pdsp,DOPAMINE D4,DRD4,HUMAN,3000.0,"Seeman P, Tallerico T., 1998",CLONED
cid:5002,5002,Quetiapine,Dibenzothiazepine,pdsp,HERG,,HUMAN,5765.0,"Kongsamut, S, et. al., 2002",CLONED
cid:5002,5002,Quetiapine,Dibenzothiazepine,pdsp,DOPAMINE D2,DRD2,HUMAN,1000.0,"Kongsamut, S, et. al., 2002",CLONED
cid:5002,5002,Quetiapine,Dibenzothiazepine,pdsp,5-HT2A,HTR2A,HUMAN,427.0,"Kongsamut, S, et. al., 2002",CLONED
cid:5002,5002,Quetiapine,Dibenzothiazepine,pdsp,DOPAMINE D2,DRD2,HUMAN,78.0,"Seeman, Philip  2001",CLONED
cid:5002,5002,Quetiapine,Dibenzothiazepine,pdsp,DOPAMINE D2,DRD2,HUMAN,155.0,"Seeman, Philip  2001",CLONED
cid:5002,5002,Quetiapine,Dibenzothiazepine,pdsp,DOPAMINE D2,DRD2,HUMAN,680.0,"Seeman, Philip  2001",CLONED
cid:5002,5002,Quetiapine,Dibenzothiazepine,pdsp,DOPAMINE D2,DRD2,HUMAN,1400.0,"Seeman, Philip  2001",CLONED
cid:5002,5002,Quetiapine,Dibenzothiazepine,pdsp,DOPAMINE D3,DRD3,HUMAN,160.0,"Seeman, Philip  2001",CLONED
cid:5002,5002,Quetiapine,Dibenzothiazepine,pdsp,DOPAMINE D3,DRD3,HUMAN,240.0,"Seeman, Philip  2001",CLONED
cid:5002,5002,Quetiapine,Dibenzothiazepine,pdsp,DOPAMINE D3,DRD3,HUMAN,520.0,"Seeman, Philip  2001",CLONED
cid:5002,5002,Quetiapine,Dibenzothiazepine,pdsp,DOPAMINE D3,DRD3,HUMAN,780.0,"Seeman, Philip  2001",CLONED
cid:5002,5002,Quetiapine,Dibenzothiazepine,pdsp,DOPAMINE D4,DRD4,HUMAN,3000.0,"Seeman, Philip  2001",CLONED
cid:5002,5002,Quetiapine,Dibenzothiazepine,pdsp,DOPAMINE D4,DRD4,HUMAN,2000.0,"Seeman, Philip  2001",CLONED
cid:5002,5002,Quetiapine,Dibenzothiazepine,pdsp,DOPAMINE D4,DRD4,HUMAN,1600.0,"Seeman, Philip  2001",CLONED
cid:5002,5002,Quetiapine,Dibenzothiazepine,pdsp,5-HT2A,HTR2A,HUMAN,110.0,"Seeman, Philip  2001",CLONED
cid:5002,5002,Quetiapine,Dibenzothiazepine,pdsp,5-HT2A,HTR2A,HUMAN,135.0,"Seeman, Philip  2001",CLONED
cid:5002,5002,Quetiapine,Dibenzothiazepine,pdsp,5-HT2A,HTR2A,HUMAN,200.0,"Seeman, Philip  2001",CLONED
cid:5002,5002,Quetiapine,Dibenzothiazepine,pdsp,5-HT1B,HTR1B,HUMAN,1109.0,"Jensen NH, et al., 2008",CLONED
cid:5002,5002,Quetiapine,Dibenzothiazepine,pdsp,5-HT1D,HTR1D,HUMAN,10000.0,"Jensen NH, et al., 2008",CLONED
cid:5002,5002,Quetiapine,Dibenzothiazepine,pdsp,5-HT Transporter,SLC6A4,HUMAN,10000.0,"Jensen NH, et al., 2008",CLONED
cid:5002,5002,Quetiapine,Dibenzothiazepine,pdsp,5-HT1E,HTR1E,HUMAN,2402.0,"Jensen NH, et al., 2008",CLONED
cid:5002,5002,Quetiapine,Dibenzothiazepine,pdsp,5-HT1A,HTR1A,HUMAN,431.0,"Jensen NH, et al., 2008",CLONED
cid:5002,5002,Quetiapine,Dibenzothiazepine,pdsp,5-HT6,HTR6,HUMAN,1864.0,"Jensen NH, et al., 2008",CLONED
cid:5002,5002,Quetiapine,Dibenzothiazepine,pdsp,adrenergic Beta1,ADRB1,HUMAN,10000.0,"Jensen NH, et al., 2008",CLONED
cid:5002,5002,Quetiapine,Dibenzothiazepine,pdsp,adrenergic Alpha2C,ADRA2C,HUMAN,29.0,"Jensen NH, et al., 2008",CLONED
cid:5002,5002,Quetiapine,Dibenzothiazepine,pdsp,Calcium channel,,RAT,10000.0,"Jensen NH, et al., 2008",HEART
cid:5002,5002,Quetiapine,Dibenzothiazepine,pdsp,adrenergic Alpha2B,ADRA2B,HUMAN,747.0,"Jensen NH, et al., 2008",CLONED
cid:5002,5002,Quetiapine,Dibenzothiazepine,pdsp,adrenergic Alpha2A,ADRA2A,HUMAN,3630.0,"Jensen NH, et al., 2008",CLONED
cid:5002,5002,Quetiapine,Dibenzothiazepine,pdsp,CANNABINOID CB1,CNR1,RAT,10000.0,"Jensen NH, et al., 2008",BRAIN
cid:5002,5002,Quetiapine,Dibenzothiazepine,pdsp,adrenergic Alpha1A,ADRA1A,HUMAN,22.0,"Jensen NH, et al., 2008",CLONED
cid:5002,5002,Quetiapine,Dibenzothiazepine,pdsp,"Cholinergic, muscarinic M1",CHRM1,HUMAN,858.0,"Jensen NH, et al., 2008",CLONED
cid:5002,5002,Quetiapine,Dibenzothiazepine,pdsp,adrenergic Beta2,ADRB2,HUMAN,10000.0,"Jensen NH, et al., 2008",CLONED
cid:5002,5002,Quetiapine,Dibenzothiazepine,pdsp,5-HT5a,HTR5A,HUMAN,3120.0,"Jensen NH, et al., 2008",CLONED
cid:5002,5002,Quetiapine,Dibenzothiazepine,pdsp,5-HT7,HTR7,HUMAN,308.0,"Jensen NH, et al., 2008",CLONED
cid:5002,5002,Quetiapine,Dibenzothiazepine,pdsp,5-HT3,HTR3A,HUMAN,10000.0,"Jensen NH, et al., 2008",CLONED
cid:5002,5002,Quetiapine,Dibenzothiazepine,pdsp,5-HT2C,HTR2C,RAT,1500.0,PDSP Certified Data,CLONED
cid:5002,5002,Quetiapine,Dibenzothiazepine,pdsp,5-HT2A,HTR2A,RAT,366.0,PDSP Certified Data,CLONED
cid:5002,5002,Quetiapine,Dibenzothiazepine,pdsp,adrenergic Alpha1B,ADRA1B,HUMAN,39.0,"Jensen NH, et al., 2008",CLONED
cid:5002,5002,Quetiapine,Dibenzothiazepine,pdsp,DOPAMINE D3,DRD3,RAT,483.0,"Jensen NH, et al., 2008",CLONED
cid:5002,5002,Quetiapine,Dibenzothiazepine,pdsp,"Cholinergic, muscarinic M4",CHRM4,HUMAN,542.0,"Jensen NH, et al., 2008",CLONED
cid:5002,5002,Quetiapine,Dibenzothiazepine,pdsp,Dopamine Transporter,SLC6A3,HUMAN,10000.0,"Jensen NH, et al., 2008",CLONED
cid:5002,5002,Quetiapine,Dibenzothiazepine,pdsp,DOPAMINE D1,DRD1,HUMAN,712.0,"Jensen NH, et al., 2008",CLONED
cid:5002,5002,Quetiapine,Dibenzothiazepine,pdsp,Imidazoline I1,,RAT,8461.0,"Jensen NH, et al., 2008",PC12
cid:5002,5002,Quetiapine,Dibenzothiazepine,pdsp,HISTAMINE H1,HRH1,HUMAN,7.5,PDSP Certified Data,CLONED
cid:5002,5002,Quetiapine,Dibenzothiazepine,pdsp,DOPAMINE D4,DRD4,HUMAN,1202.0,"Jensen NH, et al., 2008",CLONED
cid:5002,5002,Quetiapine,Dibenzothiazepine,pdsp,HISTAMINE H2,HRH2,HUMAN,10000.0,"Jensen NH, et al., 2008",CLONED
cid:5002,5002,Quetiapine,Dibenzothiazepine,pdsp,"Cholinergic, Nicotinic Alpha2Beta4",,HUMAN,10000.0,"Jensen NH, et al., 2008",CLONED
cid:5002,5002,Quetiapine,Dibenzothiazepine,pdsp,GABA A,,RAT,10000.0,"Jensen NH, et al., 2008",FOREBRAIN
cid:5002,5002,Quetiapine,Dibenzothiazepine,pdsp,Prostaglandin E4,PTGER4,HUMAN,10000.0,"Jensen NH, et al., 2008",CLONED
cid:5002,5002,Quetiapine,Dibenzothiazepine,pdsp,GABA A Benzodiazepine,,RAT,10000.0,"Jensen NH, et al., 2008",FOREBRAIN
cid:5002,5002,Quetiapine,Dibenzothiazepine,pdsp,"Cholinergic, muscarinic M5",CHRM5,HUMAN,1942.0,"Jensen NH, et al., 2008",CLONED
cid:5002,5002,Quetiapine,Dibenzothiazepine,pdsp,Glutamate-NMDA-MK801,,RAT,10000.0,"Jensen NH, et al., 2008",FOREBRAIN
cid:5002,5002,Quetiapine,Dibenzothiazepine,pdsp,Glutamate-NMDA-MK801,,RAT,10000.0,"Jensen NH, et al., 2008",FOREBRAIN
cid:5002,5002,Quetiapine,Dibenzothiazepine,pdsp,DOPAMINE D5,DRD5,HUMAN,1738.0,"Jensen NH, et al., 2008",CLONED
cid:5002,5002,Quetiapine,Dibenzothiazepine,pdsp,DOPAMINE D2,DRD2,HUMAN,567.0,PDSP Certified Data,CLONED
cid:5002,5002,Quetiapine,Dibenzothiazepine,pdsp,"Cholinergic, muscarinic M2",CHRM2,HUMAN,1339.0,"Jensen NH, et al., 2008",CLONED
cid:5002,5002,Quetiapine,Dibenzothiazepine,pdsp,GABA B,,RAT,10000.0,"Jensen NH, et al., 2008",FOREBRAIN
cid:5002,5002,Quetiapine,Dibenzothiazepine,pdsp,HISTAMINE H3,HRH3,GUINEA PIG,10000.0,"Jensen NH, et al., 2008",CLONED
cid:5002,5002,Quetiapine,Dibenzothiazepine,pdsp,"Cholinergic, muscarinic M3",CHRM3,HUMAN,1943.0,PDSP Certified Data,CLONED
cid:5002,5002,Quetiapine,Dibenzothiazepine,pdsp,"Cholinergic, Nicotinic Alpha2Beta2",,HUMAN,10000.0,"Jensen NH, et al., 2008",CLONED
cid:5002,5002,Quetiapine,Dibenzothiazepine,pdsp,"Cholinergic, Nicotinic Alpha7",,HUMAN,10000.0,PDSP Certified Data,CLONED
cid:5002,5002,Quetiapine,Dibenzothiazepine,pdsp,"Cholinergic, Nicotinic Alpha3Beta2",,HUMAN,10000.0,"Jensen NH, et al., 2008",CLONED
cid:5002,5002,Quetiapine,Dibenzothiazepine,pdsp,Prostaglandin E3,PTGER3,HUMAN,10000.0,"Jensen NH, et al., 2008",CLONED
cid:5002,5002,Quetiapine,Dibenzothiazepine,pdsp,Norepinephrine transporter,,HUMAN,10000.0,"Jensen NH, et al., 2008",CLONED
cid:5002,5002,Quetiapine,Dibenzothiazepine,pdsp,HISTAMINE H4,HRH4,HUMAN,10000.0,"Jensen NH, et al., 2008",CLONED
cid:5002,5002,Quetiapine,Dibenzothiazepine,pdsp,5-HT2C,HTR2C,HUMAN,2502.0,"Kroeze WK, et.al., 2003",CLONED
cid:5002,5002,Quetiapine,Dibenzothiazepine,pdsp,5-HT2A,HTR2A,HUMAN,101.0,"Kroeze WK, et.al., 2003",CLONED
cid:5002,5002,Quetiapine,Dibenzothiazepine,pdsp,DOPAMINE D2,DRD2,HUMAN,245.0,"Kroeze WK, et.al., 2003",CLONED
cid:5002,5002,Quetiapine,Dibenzothiazepine,pdsp,HISTAMINE H1,HRH1,HUMAN,11.0,"Kroeze WK, et.al., 2003",CLONED
cid:5002,5002,Quetiapine,Dibenzothiazepine,pdsp,"Cholinergic, muscarinic M3",CHRM3,HUMAN,10000.0,"Kroeze WK, et.al., 2003",CLONED
cid:5002,5002,Quetiapine,Dibenzothiazepine,pdsp,adrenergic Alpha1A,ADRA1A,HUMAN,22.0,"Kroeze WK, et.al., 2003",CLONED
cid:5002,5002,Quetiapine,Dibenzothiazepine,pdsp,adrenergic Alpha2A,ADRA2A,HUMAN,3630.0,"Kroeze WK, et.al., 2003",CLONED
cid:5002,5002,Quetiapine,Dibenzothiazepine,pdsp,adrenergic Alpha2B,ADRA2B,HUMAN,746.6,"Kroeze WK, et.al., 2003",CLONED
cid:5002,5002,Quetiapine,Dibenzothiazepine,pdsp,adrenergic Alpha2C,ADRA2C,HUMAN,28.7,"Kroeze WK, et.al., 2003",CLONED
cid:5002,5002,Quetiapine,Dibenzothiazepine,pdsp,5-HT1A,HTR1A,HUMAN,431.6,"Kroeze WK, et.al., 2003",CLONED
cid:5002,5002,Quetiapine,Dibenzothiazepine,pdsp,5-HT6,HTR6,HUMAN,1865.0,"Kroeze WK, et.al., 2003",CLONED
cid:5002,5002,Quetiapine,Dibenzothiazepine,pdsp,5-HT7,HTR7,HUMAN,307.2,"Kroeze WK, et.al., 2003",CLONED
cid:5002,5002,Quetiapine,Dibenzothiazepine,pdsp,DOPAMINE D1,DRD1,RAT,455.0,"Bymaster F.P., et. al., 1996",STRIATUM
cid:5002,5002,Quetiapine,Dibenzothiazepine,pdsp,DOPAMINE D2,DRD2,RAT,160.0,"Bymaster F.P., et. al., 1996",STRIATUM
cid:5002,5002,Quetiapine,Dibenzothiazepine,pdsp,5-HT1A,HTR1A,RAT,2450.0,"Bymaster F.P., et. al., 1996",CORTEX
cid:5002,5002,Quetiapine,Dibenzothiazepine,pdsp,5-HT1B,HTR1B,RAT,5400.0,"Bymaster F.P., et. al., 1996",CORTEX
cid:5002,5002,Quetiapine,Dibenzothiazepine,pdsp,5-HT1D,HTR1D,Beef,6220.0,"Bymaster F.P., et. al., 1996",STRIATUM
cid:5002,5002,Quetiapine,Dibenzothiazepine,pdsp,5-HT2A,HTR2A,RAT,220.0,"Bymaster F.P., et. al., 1996",CORTEX
cid:5002,5002,Quetiapine,Dibenzothiazepine,pdsp,5-HT2C,HTR2C,HUMAN,615.0,"Bymaster F.P., et. al., 1996",CORTEX
cid:5002,5002,Quetiapine,Dibenzothiazepine,pdsp,5-HT3,HTR3A,RAT,170.0,"Bymaster F.P., et. al., 1996",CORTEX
cid:5002,5002,Quetiapine,Dibenzothiazepine,pdsp,"Cholinergic, muscarinic M1",CHRM1,RAT,120.0,"Bymaster F.P., et. al., 1996",CEREBRAL CORTEX
cid:5002,5002,Quetiapine,Dibenzothiazepine,pdsp,"Cholinergic, muscarinic M2",CHRM2,RAT,630.0,"Bymaster F.P., et. al., 1996",HEART
cid:5002,5002,Quetiapine,Dibenzothiazepine,pdsp,"Cholinergic, muscarinic M3",CHRM3,RAT,1320.0,"Bymaster F.P., et. al., 1996",SUBMAXILLARY GLAND
cid:5002,5002,Quetiapine,Dibenzothiazepine,pdsp,"Cholinergic, muscarinic M4",CHRM4,RAT,660.0,"Bymaster F.P., et. al., 1996",STRIATUM
cid:5002,5002,Quetiapine,Dibenzothiazepine,pdsp,"Cholinergic, muscarinic M1",CHRM1,HUMAN,135.0,"Bymaster F.P., et. al., 1996",CLONED
cid:5002,5002,Quetiapine,Dibenzothiazepine,pdsp,"Cholinergic, muscarinic M3",CHRM3,HUMAN,705.0,"Bymaster F.P., et. al., 1996",CLONED
cid:5002,5002,Quetiapine,Dibenzothiazepine,pdsp,"Cholinergic, muscarinic M4",CHRM4,HUMAN,225.0,"Bymaster F.P., et. al., 1996",CLONED
cid:5002,5002,Quetiapine,Dibenzothiazepine,pdsp,"Cholinergic, muscarinic M5",CHRM5,HUMAN,2990.0,"Bymaster F.P., et. al., 1996",CLONED
cid:5002,5002,Quetiapine,Dibenzothiazepine,pdsp,adrenergic Alpha1,,RAT,7.0,"Bymaster F.P., et. al., 1996",WHOLE BRAIN
cid:5002,5002,Quetiapine,Dibenzothiazepine,pdsp,adrenergic Alpha2,,RAT,87.0,"Bymaster F.P., et. al., 1996",WHOLE BRAIN
cid:5002,5002,Quetiapine,Dibenzothiazepine,pdsp,HISTAMINE H1,HRH1,RAT,11.0,"Bymaster F.P., et. al., 1996",WHOLE BRAIN
cid:5002,5002,Quetiapine,Dibenzothiazepine,pdsp,"Cholinergic, muscarinic M1",CHRM1,HUMAN,120.0,"Bymaster F.P., et. al., 2003",CLONED
cid:5002,5002,Quetiapine,Dibenzothiazepine,pdsp,"Cholinergic, muscarinic M2",CHRM2,HUMAN,630.0,"Bymaster F.P., et. al., 2003",CLONED
cid:5002,5002,Quetiapine,Dibenzothiazepine,pdsp,"Cholinergic, muscarinic M3",CHRM3,HUMAN,1320.0,"Bymaster F.P., et. al., 2003",CLONED
cid:5002,5002,Quetiapine,Dibenzothiazepine,pdsp,"Cholinergic, muscarinic M4",CHRM4,HUMAN,660.0,"Bymaster F.P., et. al., 2003",CLONED
cid:5002,5002,Quetiapine,Dibenzothiazepine,pdsp,"Cholinergic, muscarinic M5",CHRM5,HUMAN,2990.0,"Bymaster F.P., et. al., 2003",CLONED
cid:5002,5002,Quetiapine,Dibenzothiazepine,pdsp,Substance P,,HUMAN,1000.0,"Schotte A, et al.,  1996",CLONED
cid:5002,5002,Quetiapine,Dibenzothiazepine,pdsp,NT,,GUINEA PIG,1000.0,"Schotte A, et al.,  1996",FOREBRAIN
cid:5002,5002,Quetiapine,Dibenzothiazepine,pdsp,Cholecystokinin A,CCKBR,RAT,1000.0,"Schotte A, et al.,  1996",PANCREAS
cid:5002,5002,Quetiapine,Dibenzothiazepine,pdsp,Cholecystokinin B,,GUINEA PIG,1000.0,"Schotte A, et al.,  1996",Total Cortex
cid:5002,5002,Quetiapine,Dibenzothiazepine,pdsp,OPIATE Mu,OPRM1,RAT,1000.0,"Schotte A, et al.,  1996",FOREBRAIN
cid:5002,5002,Quetiapine,Dibenzothiazepine,pdsp,OPIATE Delta,OPRD1,MOUSE,1000.0,"Schotte A, et al.,  1996",NG108-15
cid:5002,5002,Quetiapine,Dibenzothiazepine,pdsp,OPIATE Kappa,OPRK1,GUINEA PIG,1000.0,"Schotte A, et al.,  1996",CEREBELLUM
cid:5002,5002,Quetiapine,Dibenzothiazepine,pdsp,GABA A Benzodiazepine,,RAT,1000.0,"Schotte A, et al.,  1996",FOREBRAIN
cid:5002,5002,Quetiapine,Dibenzothiazepine,pdsp,5-HT Transporter,SLC6A4,HUMAN,1000.0,"Schotte A, et al.,  1996",Platelets
cid:5002,5002,Quetiapine,Dibenzothiazepine,pdsp,Dopamine Transporter,SLC6A3,RAT,1000.0,"Schotte A, et al.,  1996",STRIATUM
cid:5002,5002,Quetiapine,Dibenzothiazepine,pdsp,Norepinephrine transporter,,RAT,1000.0,"Schotte A, et al.,  1996",CORTEX
cid:5002,5002,Quetiapine,Dibenzothiazepine,pdsp,Thromboxane A2,TBXA2R,HUMAN,1000.0,"Schotte A, et al.,  1996",Platelets
cid:5002,5002,Quetiapine,Dibenzothiazepine,pdsp,Leukotriene D4,,GUINEA PIG,1000.0,"Schotte A, et al.,  1996",LUNG
cid:5002,5002,Quetiapine,Dibenzothiazepine,pdsp,PAF Platelet activating factor,PTAFR,RABBIT,1000.0,"Schotte A, et al.,  1996",Platelets
cid:5002,5002,Quetiapine,Dibenzothiazepine,pdsp,DOPAMINE D2,DRD2,HUMAN,16.0,"Burstein ES, et al., 2005",CLONED
cid:5002,5002,Quetiapine,Dibenzothiazepine,pdsp,DOPAMINE D3,DRD3,HUMAN,9.2,"Burstein ES, et al., 2005",CLONED
cid:5002,5002,Quetiapine,Dibenzothiazepine,pdsp,5-HT6,HTR6,HUMAN,1400.0,"Ablordeppey SY et al., 2008",UNDEFINED
cid:5002,5002,Quetiapine,Dibenzothiazepine,pdsp,"Cholinergic, muscarinic M1",CHRM1,HUMAN,100.0,"Ablordeppey SY et al., 2008",UNDEFINED
cid:5002,5002,Quetiapine,Dibenzothiazepine,pdsp,DOPAMINE D1,DRD1,HUMAN,1300.0,"Ablordeppey SY et al., 2008",UNDEFINED
cid:5002,5002,Quetiapine,Dibenzothiazepine,pdsp,DOPAMINE D2,DRD2,HUMAN,180.0,"Ablordeppey SY et al., 2008",UNDEFINED
cid:5002,5002,Quetiapine,Dibenzothiazepine,pdsp,DOPAMINE D3,DRD3,HUMAN,320.0,"Ablordeppey SY et al., 2008",UNDEFINED
cid:5002,5002,Quetiapine,Dibenzothiazepine,pdsp,DOPAMINE D4,DRD4,HUMAN,2200.0,"Ablordeppey SY et al., 2008",UNDEFINED
cid:5002,5002,Quetiapine,Dibenzothiazepine,pdsp,5-HT2C,HTR2C,HUMAN,1400.0,"Ablordeppey SY et al., 2008",UNDEFINED
cid:5002,5002,Quetiapine,Dibenzothiazepine,pdsp,HISTAMINE H1,HRH1,HUMAN,8.69999980926514,"Ablordeppey SY et al., 2008",UNDEFINED
cid:5002,5002,Quetiapine,Dibenzothiazepine,pdsp,5-HT1A,HTR1A,HUMAN,230.0,"Ablordeppey SY et al., 2008",UNDEFINED
cid:5002,5002,Quetiapine,Dibenzothiazepine,pdsp,5-HT2A,HTR2A,HUMAN,220.0,"Ablordeppey SY et al., 2008",UNDEFINED
cid:5002,5002,Quetiapine,Dibenzothiazepine,pdsp,5-HT Transporter,SLC6A4,HUMAN,10000.0,"Ablordeppey SY et al., 2008",UNDEFINED
cid:5002,5002,Quetiapine,Dibenzothiazepine,pdsp,DOPAMINE D4.4,,HUMAN,2290.0,"Newman-Tancredi A, et al., 1997",CLONED
cid:5002,5002,Quetiapine,Dibenzothiazepine,pdsp,5-HT2A,HTR2A,HUMAN,169.82436524617,"Davies M, et al. 2005",CLONED
cid:5002,5002,Quetiapine,Dibenzothiazepine,pdsp,DOPAMINE D1,DRD1,HUMAN,1288.2495516931,"Schmidt, AW. et, al. 2001",CLONED
cid:5002,5002,Quetiapine,Dibenzothiazepine,pdsp,DOPAMINE D2,DRD2,HUMAN,177.82794100389,"Schmidt, AW. et, al. 2001",CLONED
cid:5002,5002,Quetiapine,Dibenzothiazepine,pdsp,DOPAMINE D3,DRD3,HUMAN,316.22776601684,"Schmidt, AW. et, al. 2001",CLONED
cid:5002,5002,Quetiapine,Dibenzothiazepine,pdsp,DOPAMINE D4,DRD4,HUMAN,2238.7211385683,"Schmidt, AW. et, al. 2001",CLONED
cid:5002,5002,Quetiapine,Dibenzothiazepine,pdsp,5-HT1A,HTR1A,HUMAN,229.08676527678,"Schmidt, AW. et, al. 2001",CLONED
cid:5002,5002,Quetiapine,Dibenzothiazepine,pdsp,5-HT2A,HTR2A,HUMAN,218.77616239496,"Schmidt, AW. et, al. 2001",CLONED
cid:5002,5002,Quetiapine,Dibenzothiazepine,pdsp,5-HT2C,HTR2C,HUMAN,1412.5375446228,"Schmidt, AW. et, al. 2001",CLONED
cid:5002,5002,Quetiapine,Dibenzothiazepine,pdsp,5-HT6,HTR6,HUMAN,4073.8027780411,"Schmidt, AW. et, al. 2001",CLONED
cid:5002,5002,Quetiapine,Dibenzothiazepine,pdsp,5-HT7,HTR7,HUMAN,1778.2794100389,"Schmidt, AW. et, al. 2001",CLONED
cid:5002,5002,Quetiapine,Dibenzothiazepine,pdsp,alpha1-Adrenocepter,,HUMAN,14.791083881682,"Schmidt, AW. et, al. 2001",CLONED
cid:5002,5002,Quetiapine,Dibenzothiazepine,pdsp,alpha2-Adrenocepter,,HUMAN,1000.0,"Schmidt, AW. et, al. 2001",CLONED
cid:5002,5002,Quetiapine,Dibenzothiazepine,pdsp,HISTAMINE H1,HRH1,HUMAN,8.7096358995608,"Schmidt, AW. et, al. 2001",CLONED
cid:5002,5002,Quetiapine,Dibenzothiazepine,pdsp,Muscarinic M1,,HUMAN,102.32929922808,"Schmidt, AW. et, al. 2001",CLONED
cid:5002,5002,Quetiapine,Dibenzothiazepine,pdsp,D2,,HUMAN,489.77881936845,"Silvestre, JS. et, al. 2005",CLONED
cid:5002,5002,Quetiapine,Dibenzothiazepine,pdsp,D3,,RAT,416.86938347034,"Silvestre, JS. et, al. 2005",CLONED
cid:5002,5002,Quetiapine,Dibenzothiazepine,pdsp,D4,,HUMAN,1995.2623149689,"Silvestre, JS. et, al. 2005",CLONED
cid:5002,5002,Quetiapine,Dibenzothiazepine,pdsp,alpha1,,HUMAN,20.89296130854,"Silvestre, JS. et, al. 2005",CLONED
cid:5002,5002,Quetiapine,Dibenzothiazepine,pdsp,alpha2,,HUMAN,1318.2567385564,"Silvestre, JS. et, al. 2005",CLONED
cid:5002,5002,Quetiapine,Dibenzothiazepine,pdsp,5-HT1A,HTR1A,HUMAN,309.02954325136,"Silvestre, JS. et, al. 2005",CLONED
cid:5002,5002,Quetiapine,Dibenzothiazepine,pdsp,5-HT2A,HTR2A,HUMAN,218.77616239496,"Silvestre, JS. et, al. 2005",CLONED
cid:5002,5002,Quetiapine,Dibenzothiazepine,pdsp,5-HT2C,HTR2C,RAT,1698.2436524617,"Silvestre, JS. et, al. 2005",CLONED
cid:5002,5002,Quetiapine,Dibenzothiazepine,pdsp,5-HT3,HTR3A,HUMAN,2137.9620895022,"Silvestre, JS. et, al. 2005",CLONED
cid:5002,5002,Quetiapine,Dibenzothiazepine,pdsp,5-HT6,HTR6,HUMAN,645.65422903466,"Silvestre, JS. et, al. 2005",CLONED
cid:5002,5002,Quetiapine,Dibenzothiazepine,pdsp,5-HT7,HTR7,HUMAN,309.02954325136,"Silvestre, JS. et, al. 2005",CLONED
cid:5002,5002,Quetiapine,Dibenzothiazepine,pdsp,H1,,HUMAN,12.882495516931,"Silvestre, JS. et, al. 2005",CLONED
cid:5002,5002,Quetiapine,Dibenzothiazepine,pdsp,"Cholinergic, muscarinic M1",CHRM1,HUMAN,138.03842646029,"Silvestre, JS. et, al. 2005",CLONED
cid:5002,5002,Quetiapine,Dibenzothiazepine,pdsp,"Cholinergic, muscarinic M2",CHRM2,HUMAN,630.95734448019,"Silvestre, JS. et, al. 2005",CLONED
cid:5002,5002,Quetiapine,Dibenzothiazepine,pdsp,"Cholinergic, muscarinic M3",CHRM3,RAT,3981.071705535,"Silvestre, JS. et, al. 2005",CLONED
cid:5002,5002,Quetiapine,Dibenzothiazepine,pdsp,DAT,,HUMAN,10000.0,"Silvestre, JS. et, al. 2005",CLONED
cid:5002,5002,Quetiapine,Dibenzothiazepine,pdsp,D1,,HUMAN,741.31024130092,"Silvestre, JS. et, al. 2005",CLONED
cid:5002,5002,Quetiapine,Dibenzothiazepine,pdsp,D1,,HUMAN,1300.0,"Hirose, Tsuyoshi.  et. al, 2005",CLONED
cid:5002,5002,Quetiapine,Dibenzothiazepine,pdsp,D2,,HUMAN,180.0,"Hirose, Tsuyoshi.  et. al, 2005",CLONED
cid:5002,5002,Quetiapine,Dibenzothiazepine,pdsp,D3,,HUMAN,940.0,"Hirose, Tsuyoshi.  et. al, 2005",CLONED
cid:5002,5002,Quetiapine,Dibenzothiazepine,pdsp,D4,,HUMAN,2200.0,"Hirose, Tsuyoshi.  et. al, 2005",CLONED
cid:5002,5002,Quetiapine,Dibenzothiazepine,pdsp,5-HT1A,HTR1A,HUMAN,230.0,"Hirose, Tsuyoshi.  et. al, 2005",CLONED
cid:5002,5002,Quetiapine,Dibenzothiazepine,pdsp,5-HT2A,HTR2A,HUMAN,220.0,"Hirose, Tsuyoshi.  et. al, 2005",CLONED
cid:5002,5002,Quetiapine,Dibenzothiazepine,pdsp,5-HT2C,HTR2C,HUMAN,1400.0,"Hirose, Tsuyoshi.  et. al, 2005",CLONED
cid:5002,5002,Quetiapine,Dibenzothiazepine,pdsp,5-HT6,HTR6,HUMAN,4100.0,"Hirose, Tsuyoshi.  et. al, 2005",CLONED
cid:5002,5002,Quetiapine,Dibenzothiazepine,pdsp,5-HT7,HTR7,HUMAN,1800.0,"Hirose, Tsuyoshi.  et. al, 2005",CLONED
cid:5002,5002,Quetiapine,Dibenzothiazepine,pdsp,alpha1,,HUMAN,15.0,"Hirose, Tsuyoshi.  et. al, 2005",CLONED
cid:5002,5002,Quetiapine,Dibenzothiazepine,pdsp,alpha2,,HUMAN,1000.0,"Hirose, Tsuyoshi.  et. al, 2005",CLONED
cid:5002,5002,Quetiapine,Dibenzothiazepine,pdsp,H1,,HUMAN,8.7,"Hirose, Tsuyoshi.  et. al, 2005",CLONED
cid:5002,5002,Quetiapine,Dibenzothiazepine,pdsp,"Cholinergic, muscarinic M1",CHRM1,HUMAN,100.0,"Hirose, Tsuyoshi.  et. al, 2005",CLONED
cid:5002,5002,Quetiapine,Dibenzothiazepine,pdsp,DOPAMINE D1,DRD1,HUMAN,712.0,"Maheux J, et al., 2005",CLONED
cid:5002,5002,Quetiapine,Dibenzothiazepine,pdsp,DOPAMINE D2,DRD2,HUMAN,700.0,"Maheux J, et al., 2005",CLONED
cid:5002,5002,Quetiapine,Dibenzothiazepine,pdsp,DOPAMINE D3,DRD3,RAT,520.0,"Maheux J, et al., 2005",CLONED
cid:5002,5002,Quetiapine,Dibenzothiazepine,pdsp,5-HT2A,HTR2A,HUMAN,135.0,"Maheux J, et al., 2005",CLONED
cid:5002,5002,Quetiapine,Dibenzothiazepine,pdsp,5-HT1A,HTR1A,HUMAN,431.0,"Maheux J, et al., 2005",CLONED
cid:5002,5002,Quetiapine,Dibenzothiazepine,pdsp,HISTAMINE H1,HRH1,HUMAN,2.2,"Maheux J, et al., 2005",CLONED
cid:5073,5073,Risperidone,Benzisoxazole,pdsp,5-HT6,HTR6,RAT,425.0,"ROTH ET AL., 1993",CLONED
cid:5073,5073,Risperidone,Benzisoxazole,pdsp,5-HT7,HTR7,RAT,1.39,"ROTH ET AL., 1993",CLONED
cid:5073,5073,Risperidone,Benzisoxazole,pdsp,DOPAMINE D1,DRD1,RAT,550.0,"KONGSAMUT S, ET AL., 1996",CLONED
cid:5073,5073,Risperidone,Benzisoxazole,pdsp,DOPAMINE D2,DRD2,RAT,20.0,"KONGSAMUT S, ET AL., 1996",CLONED
cid:5073,5073,Risperidone,Benzisoxazole,pdsp,5-HT2A,HTR2A,RAT,1.4,"KONGSAMUT S, ET AL., 1996",CLONED
cid:5073,5073,Risperidone,Benzisoxazole,pdsp,5-HT6,HTR6,RAT,1122.0,"KONGSAMUT S, ET AL., 1996",CLONED
cid:5073,5073,Risperidone,Benzisoxazole,pdsp,5-HT7,HTR7,RAT,0.93,"KONGSAMUT S, ET AL., 1996",CLONED
cid:5073,5073,Risperidone,Benzisoxazole,pdsp,DOPAMINE D1,DRD1,HUMAN,523.0,"KONGSAMUT S, ET AL., 1996",CLONED
cid:5073,5073,Risperidone,Benzisoxazole,pdsp,DOPAMINE D2 Short,DRD2,HUMAN,3.3,"KONGSAMUT S, ET AL., 1996",CLONED
cid:5073,5073,Risperidone,Benzisoxazole,pdsp,DOPAMINE D2 Long,DRD2,HUMAN,2.7,"KONGSAMUT S, ET AL., 1996",CLONED
cid:5073,5073,Risperidone,Benzisoxazole,pdsp,DOPAMINE D3,DRD3,HUMAN,14.1,"KONGSAMUT S, ET AL., 1996",CLONED
cid:5073,5073,Risperidone,Benzisoxazole,pdsp,DOPAMINE D4,DRD4,HUMAN,9.0,"KONGSAMUT S, ET AL., 1996",CLONED
cid:5073,5073,Risperidone,Benzisoxazole,pdsp,DOPAMINE D5,DRD5,HUMAN,563.0,"KONGSAMUT S, ET AL., 1996",CLONED
cid:5073,5073,Risperidone,Benzisoxazole,pdsp,5-HT2A,HTR2A,HUMAN,1.1,"KONGSAMUT S, ET AL., 1996",CLONED
cid:5073,5073,Risperidone,Benzisoxazole,pdsp,5-HT2C,HTR2C,HUMAN,12.0,"KONGSAMUT S, ET AL., 1996",CLONED
cid:5073,5073,Risperidone,Benzisoxazole,pdsp,5-HT6,HTR6,HUMAN,2400.0,"KOHEN R, ET AL., 1996",CLONED
cid:5073,5073,Risperidone,Benzisoxazole,pdsp,DOPAMINE D4,DRD4,RAT,16.6,"ROTH BL, ET AL., 1995",CLONED
cid:5073,5073,Risperidone,Benzisoxazole,pdsp,DOPAMINE D2,DRD2,RAT,1.5,"ROTH BL, ET AL., 1995",BRAIN
cid:5073,5073,Risperidone,Benzisoxazole,pdsp,5-HT2A,HTR2A,RAT,0.26,"ROTH BL, ET AL., 1995",BRAIN
cid:5073,5073,Risperidone,Benzisoxazole,pdsp,5-HT2C,HTR2C,RAT,32.0,"ROTH BL, ET AL., 1992",CLONED
cid:5073,5073,Risperidone,Benzisoxazole,pdsp,5-HT2A,HTR2A,RAT,0.2,"ROTH BL, ET AL., 1992",BRAIN
cid:5073,5073,Risperidone,Benzisoxazole,pdsp,5-HT2B,HTR2B,HUMAN,29.2,"WAINSCOTT DB, ET AL., 1996",CLONED
cid:5073,5073,Risperidone,Benzisoxazole,pdsp,5-HT2B,HTR2B,RAT,203.0,"WAINSCOTT DB, ET AL., 1996",CLONED
cid:5073,5073,Risperidone,Benzisoxazole,pdsp,5-HT2A,HTR2A,HUMAN,0.42,"WAINSCOTT DB, ET AL., 1996",CLONED
cid:5073,5073,Risperidone,Benzisoxazole,pdsp,5-HT2C,HTR2C,HUMAN,64.0,"WAINSCOTT DB, ET AL., 1996",CLONED
cid:5073,5073,Risperidone,Benzisoxazole,pdsp,DOPAMINE D2,DRD2,PIG,37.0,"SEEMAN P, ET AL., 1995",ANTERIOR PITUITARY
cid:5073,5073,Risperidone,Benzisoxazole,pdsp,DOPAMINE D2 Long,DRD2,HUMAN,27.0,"SEEMAN P, ET AL., 1995",CLONED
cid:5073,5073,Risperidone,Benzisoxazole,pdsp,DOPAMINE D4.4,,HUMAN,45.0,"SEEMAN P, ET AL., 1995",CLONED
cid:5073,5073,Risperidone,Benzisoxazole,pdsp,DOPAMINE D2,DRD2,PIG,4.3,"SEEMAN P, ET AL., 1995",ANTERIOR PITUITARY
cid:5073,5073,Risperidone,Benzisoxazole,pdsp,DOPAMINE D2 Long,DRD2,HUMAN,4.5,"SEEMAN P, ET AL., 1995",CLONED
cid:5073,5073,Risperidone,Benzisoxazole,pdsp,DOPAMINE D4.4,,HUMAN,7.5,"SEEMAN P, ET AL., 1995",CLONED
cid:5073,5073,Risperidone,Benzisoxazole,pdsp,DOPAMINE D2,DRD2,PIG,0.83,"SEEMAN P, ET AL., 1995",ANTERIOR PITUITARY
cid:5073,5073,Risperidone,Benzisoxazole,pdsp,DOPAMINE D2 Long,DRD2,HUMAN,1.6,"SEEMAN P, ET AL., 1995",CLONED
cid:5073,5073,Risperidone,Benzisoxazole,pdsp,DOPAMINE D2,DRD2,HUMAN,0.3,"SEEMAN P, ET AL., 1997",CLONED
cid:5073,5073,Risperidone,Benzisoxazole,pdsp,DOPAMINE D4,DRD4,HUMAN,0.25,"SEEMAN P, ET AL., 1997",CLONED
cid:5073,5073,Risperidone,Benzisoxazole,pdsp,5-HT2A,HTR2A,HUMAN,0.14,"SEEMAN P, ET AL., 1997",CLONED
cid:5073,5073,Risperidone,Benzisoxazole,pdsp,DOPAMINE D4.2,,HUMAN,14.0,"TALLMAN JF, ET AL., 1997",CLONED
cid:5073,5073,Risperidone,Benzisoxazole,pdsp,DOPAMINE D4.2,,HUMAN,24.5,"TALLMAN JF, ET AL., 1997",CLONED
cid:5073,5073,Risperidone,Benzisoxazole,pdsp,5-HT2C,HTR2C,RAT,31.62,"ROTH ET AL., 1993",CLONED
cid:5073,5073,Risperidone,Benzisoxazole,pdsp,5-HT2,,RAT,0.25,"ROTH ET AL., 1993",CLONED
cid:5073,5073,Risperidone,Benzisoxazole,pdsp,DOPAMINE D2,DRD2,RAT,1.58,"ROTH ET AL., 1993",CLONED
cid:5073,5073,Risperidone,Benzisoxazole,pdsp,5-HT1A,HTR1A,RAT,250.0,"Schotte A, et al.,  1996",HIPPOCAMPUS
cid:5073,5073,Risperidone,Benzisoxazole,pdsp,5-HT1B,HTR1B,RAT,2720.0,"Schotte A, et al.,  1996",STRIATUM
cid:5073,5073,Risperidone,Benzisoxazole,pdsp,5-HT2A,HTR2A,RAT,0.16,"Schotte A, et al.,  1996",FR. CORTEX
cid:5073,5073,Risperidone,Benzisoxazole,pdsp,5-HT2C,HTR2C,PIG,63.0,"Schotte A, et al.,  1996",Choroid Plexus
cid:5073,5073,Risperidone,Benzisoxazole,pdsp,5-HT3,HTR3A,MOUSE,5000.0,"Schotte A, et al.,  1996",NG108-15
cid:5073,5073,Risperidone,Benzisoxazole,pdsp,5-HT6,HTR6,RAT,420.0,"Schotte A, et al.,  1996",CLONED
cid:5073,5073,Risperidone,Benzisoxazole,pdsp,5-HT7,HTR7,MOUSE,1.6,"Schotte A, et al.,  1996",CLONED
cid:5073,5073,Risperidone,Benzisoxazole,pdsp,DOPAMINE D1,DRD1,RAT,620.0,"Schotte A, et al.,  1996",STRIATUM
cid:5073,5073,Risperidone,Benzisoxazole,pdsp,DOPAMINE D2,DRD2,RAT,3.3,"Schotte A, et al.,  1996",STRIATUM
cid:5073,5073,Risperidone,Benzisoxazole,pdsp,DOPAMINE D3,DRD3,RAT,13.0,"Schotte A, et al.,  1996",CLONED
cid:5073,5073,Risperidone,Benzisoxazole,pdsp,adrenergic Alpha1,,RAT,2.3,"Schotte A, et al.,  1996",Total Cortex
cid:5073,5073,Risperidone,Benzisoxazole,pdsp,adrenergic Alpha2,,RAT,7.5,"Schotte A, et al.,  1996",Total Cortex
cid:5073,5073,Risperidone,Benzisoxazole,pdsp,"Cholinergic, muscarinic",,RAT,5000.0,"Schotte A, et al.,  1996",STRIATUM
cid:5073,5073,Risperidone,Benzisoxazole,pdsp,HISTAMINE H1,HRH1,GUINEA PIG,2.6,"Schotte A, et al.,  1996",CEREBELLUM
cid:5073,5073,Risperidone,Benzisoxazole,pdsp,Sigma-1,,GUINEA PIG,950.0,"Schotte A, et al.,  1996",Medulla oblongata
cid:5073,5073,Risperidone,Benzisoxazole,pdsp,Calcium channel,,RAT,5000.0,"Schotte A, et al.,  1996",Total Cortex
cid:5073,5073,Risperidone,Benzisoxazole,pdsp,Sodium Channel,,RAT,3860.0,"Schotte A, et al.,  1996",Total Cortex
cid:5073,5073,Risperidone,Benzisoxazole,pdsp,5-HT1A,HTR1A,HUMAN,420.0,"Schotte A, et al.,  1996",CLONED
cid:5073,5073,Risperidone,Benzisoxazole,pdsp,5-HT1B,HTR1B,HUMAN,9.8,"Schotte A, et al.,  1996",CLONED
cid:5073,5073,Risperidone,Benzisoxazole,pdsp,5-HT1D,HTR1D,HUMAN,140.0,"Schotte A, et al.,  1996",CLONED
cid:5073,5073,Risperidone,Benzisoxazole,pdsp,5-HT1E,HTR1E,HUMAN,1320.0,"Schotte A, et al.,  1996",CLONED
cid:5073,5073,Risperidone,Benzisoxazole,pdsp,5-HT1F,HTR1F,HUMAN,1240.0,"Schotte A, et al.,  1996",CLONED
cid:5073,5073,Risperidone,Benzisoxazole,pdsp,5-HT2A,HTR2A,HUMAN,0.52,"Schotte A, et al.,  1996",CLONED
cid:5073,5073,Risperidone,Benzisoxazole,pdsp,DOPAMINE D2 Long,DRD2,HUMAN,5.9,"Schotte A, et al.,  1996",CLONED
cid:5073,5073,Risperidone,Benzisoxazole,pdsp,DOPAMINE D2 Short,DRD2,HUMAN,6.2,"Schotte A, et al.,  1996",CLONED
cid:5073,5073,Risperidone,Benzisoxazole,pdsp,DOPAMINE D3,DRD3,HUMAN,14.0,"Schotte A, et al.,  1996",CLONED
cid:5073,5073,Risperidone,Benzisoxazole,pdsp,DOPAMINE D4.2,,HUMAN,16.0,"Schotte A, et al.,  1996",CLONED
cid:5073,5073,Risperidone,Benzisoxazole,pdsp,adrenergic Alpha2A,ADRA2A,HUMAN,23.0,"Schotte A, et al.,  1996",CLONED
cid:5073,5073,Risperidone,Benzisoxazole,pdsp,adrenergic Alpha2B,ADRA2B,HUMAN,8.5,"Schotte A, et al.,  1996",CLONED
cid:5073,5073,Risperidone,Benzisoxazole,pdsp,adrenergic Alpha2C,ADRA2C,HUMAN,9.1,"Schotte A, et al.,  1996",CLONED
cid:5073,5073,Risperidone,Benzisoxazole,pdsp,adrenergic Beta1,ADRB1,HUMAN,5000.0,"Schotte A, et al.,  1996",CLONED
cid:5073,5073,Risperidone,Benzisoxazole,pdsp,adrenergic Beta2,ADRB2,HUMAN,5000.0,"Schotte A, et al.,  1996",CLONED
cid:5073,5073,Risperidone,Benzisoxazole,pdsp,HISTAMINE H1,HRH1,HUMAN,27.0,"Schotte A, et al.,  1996",CLONED
cid:5073,5073,Risperidone,Benzisoxazole,pdsp,5-HT2C-INI,,HUMAN,24.0,"Herrick-Davis K, et al., 2000",CLONED
cid:5073,5073,Risperidone,Benzisoxazole,pdsp,DOPAMINE D1,DRD1,RAT,21.0,Arnt J and Skarsfeldt T,CLONED
cid:5073,5073,Risperidone,Benzisoxazole,pdsp,DOPAMINE D2,DRD2,RAT,0.44,Arnt J and Skarsfeldt T,CLONED
cid:5073,5073,Risperidone,Benzisoxazole,pdsp,5-HT1A,HTR1A,RAT,21.0,Arnt J and Skarsfeldt T,CLONED
cid:5073,5073,Risperidone,Benzisoxazole,pdsp,5-HT2A,HTR2A,RAT,0.39,Arnt J and Skarsfeldt T,CLONED
cid:5073,5073,Risperidone,Benzisoxazole,pdsp,5-HT2C,HTR2C,RAT,6.4,Arnt J and Skarsfeldt T,CLONED
cid:5073,5073,Risperidone,Benzisoxazole,pdsp,adrenergic Alpha1,,RAT,0.69,Arnt J and Skarsfeldt T,CLONED
cid:5073,5073,Risperidone,Benzisoxazole,pdsp,adrenergic Alpha2,,RAT,1.8,Arnt J and Skarsfeldt T,CLONED
cid:5073,5073,Risperidone,Benzisoxazole,pdsp,HISTAMINE H1,HRH1,RAT,88.0,Arnt J and Skarsfeldt T,CLONED
cid:5073,5073,Risperidone,Benzisoxazole,pdsp,"Cholinergic, muscarinic",,RAT,5000.0,Arnt J and Skarsfeldt T,CLONED
cid:5073,5073,Risperidone,Benzisoxazole,pdsp,DOPAMINE D2,DRD2,RAT,0.44,Arnt J and Skarsfeldt T,STRIATUM
cid:5073,5073,Risperidone,Benzisoxazole,pdsp,DOPAMINE D3,DRD3,RAT,2.8,Arnt J and Skarsfeldt T,CLONED
cid:5073,5073,Risperidone,Benzisoxazole,pdsp,DOPAMINE D4.2,,HUMAN,13.0,Arnt J and Skarsfeldt T,CLONED
cid:5073,5073,Risperidone,Benzisoxazole,pdsp,DOPAMINE D2 Long,DRD2,HUMAN,5.9,Arnt J and Skarsfeldt T,CLONED
cid:5073,5073,Risperidone,Benzisoxazole,pdsp,DOPAMINE D3,DRD3,HUMAN,14.0,Arnt J and Skarsfeldt T,CLONED
cid:5073,5073,Risperidone,Benzisoxazole,pdsp,DOPAMINE D4.2,,HUMAN,16.0,Arnt J and Skarsfeldt T,CLONED
cid:5073,5073,Risperidone,Benzisoxazole,pdsp,DOPAMINE D2 Long,DRD2,HUMAN,1.7,Arnt J and Skarsfeldt T,CLONED
cid:5073,5073,Risperidone,Benzisoxazole,pdsp,DOPAMINE D3,DRD3,HUMAN,6.7,Arnt J and Skarsfeldt T,CLONED
cid:5073,5073,Risperidone,Benzisoxazole,pdsp,5-HT2A,HTR2A,RAT,0.16,Arnt J and Skarsfeldt T,FR. CORTEX
cid:5073,5073,Risperidone,Benzisoxazole,pdsp,5-HT6,HTR6,RAT,420.0,Arnt J and Skarsfeldt T,CLONED
cid:5073,5073,Risperidone,Benzisoxazole,pdsp,5-HT7,HTR7,MOUSE,1.6,Arnt J and Skarsfeldt T,CLONED
cid:5073,5073,Risperidone,Benzisoxazole,pdsp,5-HT6,HTR6,RAT,430.0,Arnt J and Skarsfeldt T,CLONED
cid:5073,5073,Risperidone,Benzisoxazole,pdsp,5-HT7,HTR7,RAT,1.4,Arnt J and Skarsfeldt T,CLONED
cid:5073,5073,Risperidone,Benzisoxazole,pdsp,5-HT6,HTR6,HUMAN,2400.0,Arnt J and Skarsfeldt T,CLONED
cid:5073,5073,Risperidone,Benzisoxazole,pdsp,5-HT2C,HTR2C,RAT,32.35,"BOESS FG, ET AL., 1994",CLONED
cid:5073,5073,Risperidone,Benzisoxazole,pdsp,Dopamine D2A,,HUMAN,1.7,Arnt J and Skarsfeldt T,CLONED
cid:5073,5073,Risperidone,Benzisoxazole,pdsp,"Cholinergic, muscarinic M3",CHRM3,HUMAN,10000.0,"Bolden C, et al., 1992",CLONED
cid:5073,5073,Risperidone,Benzisoxazole,pdsp,"Cholinergic, muscarinic M4",CHRM4,HUMAN,2900.0,"Bolden C, et al., 1992",CLONED
cid:5073,5073,Risperidone,Benzisoxazole,pdsp,"Cholinergic, muscarinic M5",CHRM5,HUMAN,10000.0,"Bolden C, et al., 1992",CLONED
cid:5073,5073,Risperidone,Benzisoxazole,pdsp,"Cholinergic, muscarinic M1",CHRM1,HUMAN,10000.0,"Bolden C, et al., 1992",CLONED
cid:5073,5073,Risperidone,Benzisoxazole,pdsp,"Cholinergic, muscarinic M2",CHRM2,HUMAN,3700.0,"Bolden C, et al., 1992",CLONED
cid:5073,5073,Risperidone,Benzisoxazole,pdsp,adrenergic Alpha1,,HUMAN,2.7,"Richelson E, Souder T. 2000",BRAIN
cid:5073,5073,Risperidone,Benzisoxazole,pdsp,adrenergic Alpha2,,HUMAN,8.0,"Richelson E, Souder T. 2000",BRAIN
cid:5073,5073,Risperidone,Benzisoxazole,pdsp,DOPAMINE D2,DRD2,HUMAN,3.77,"Richelson E, Souder T. 2000",BRAIN
cid:5073,5073,Risperidone,Benzisoxazole,pdsp,HISTAMINE H1,HRH1,HUMAN,5.2,"Richelson E, Souder T. 2000",BRAIN
cid:5073,5073,Risperidone,Benzisoxazole,pdsp,"Cholinergic, muscarinic",,HUMAN,10000.0,"Richelson E, Souder T. 2000",BRAIN
cid:5073,5073,Risperidone,Benzisoxazole,pdsp,5-HT1A,HTR1A,HUMAN,190.0,"Richelson E, Souder T. 2000",BRAIN
cid:5073,5073,Risperidone,Benzisoxazole,pdsp,5-HT1D,HTR1D,HUMAN,3.9,"Richelson E, Souder T. 2000",BRAIN
cid:5073,5073,Risperidone,Benzisoxazole,pdsp,5-HT2A,HTR2A,HUMAN,0.15,"Richelson E, Souder T. 2000",BRAIN
cid:5073,5073,Risperidone,Benzisoxazole,pdsp,5-HT2C,HTR2C,HUMAN,32.0,"Richelson E, Souder T. 2000",BRAIN
cid:5073,5073,Risperidone,Benzisoxazole,pdsp,adrenergic Alpha1A,ADRA1A,PIG,15.8489319246111,"Wikberg-Matsson A, et al., 1998",ADRENAL
cid:5073,5073,Risperidone,Benzisoxazole,pdsp,adrenergic Alpha1B,ADRA1B,PIG,3.16227766016838,"Wikberg-Matsson A, et al., 1998",CEREBRAL CORTEX
cid:5073,5073,Risperidone,Benzisoxazole,pdsp,adrenergic Alpha1A,ADRA1A,PIG,1.25892541179417,"Wikberg-Matsson A, et al., 1998",LIVER
cid:5073,5073,Risperidone,Benzisoxazole,pdsp,adrenergic Alpha1A,ADRA1A,PIG,0.501187233627271,"Wikberg-Matsson A, et al., 1998",CEREBRAL CORTEX
cid:5073,5073,Risperidone,Benzisoxazole,pdsp,DOPAMINE D2,DRD2,RAT,1.3,Strange PG 2001,CLONED
cid:5073,5073,Risperidone,Benzisoxazole,pdsp,DOPAMINE D4,DRD4,RAT,7.5,Strange PG 2001,CLONED
cid:5073,5073,Risperidone,Benzisoxazole,pdsp,DOPAMINE D3,DRD3,RAT,6.7,Strange PG 2001,CLONED
cid:5073,5073,Risperidone,Benzisoxazole,pdsp,DOPAMINE D2,DRD2,HUMAN,0.3,"Seeman P, Tallerico T., 1998",CLONED
cid:5073,5073,Risperidone,Benzisoxazole,pdsp,5-HT2A,HTR2A,RAT,0.21,"Seeman P, Tallerico T., 1998",CORTEX
cid:5073,5073,Risperidone,Benzisoxazole,pdsp,DOPAMINE D4,DRD4,HUMAN,0.25,"Seeman P, Tallerico T., 1998",CLONED
cid:5073,5073,Risperidone,Benzisoxazole,pdsp,DOPAMINE D3,DRD3,HUMAN,2.5,"Seeman P, Tallerico T., 1998",CLONED
cid:5073,5073,Risperidone,Benzisoxazole,pdsp,DOPAMINE D2,DRD2,HUMAN,2.7,"Kongsamut, S, et. al., 2002",CLONED
cid:5073,5073,Risperidone,Benzisoxazole,pdsp,5-HT2A,HTR2A,HUMAN,1.1,"Kongsamut, S, et. al., 2002",CLONED
cid:5073,5073,Risperidone,Benzisoxazole,pdsp,HERG,,HUMAN,167.0,"Kongsamut, S, et. al., 2002",CLONED
cid:5073,5073,Risperidone,Benzisoxazole,pdsp,DOPAMINE D2,DRD2,HUMAN,0.3,"Seeman, Philip  2001",CLONED
cid:5073,5073,Risperidone,Benzisoxazole,pdsp,DOPAMINE D2,DRD2,HUMAN,1.0,"Seeman, Philip  2001",CLONED
cid:5073,5073,Risperidone,Benzisoxazole,pdsp,DOPAMINE D2,DRD2,HUMAN,4.0,"Seeman, Philip  2001",CLONED
cid:5073,5073,Risperidone,Benzisoxazole,pdsp,DOPAMINE D2,DRD2,HUMAN,19.0,"Seeman, Philip  2001",CLONED
cid:5073,5073,Risperidone,Benzisoxazole,pdsp,DOPAMINE D3,DRD3,HUMAN,2.5,"Seeman, Philip  2001",CLONED
cid:5073,5073,Risperidone,Benzisoxazole,pdsp,DOPAMINE D3,DRD3,HUMAN,3.5,"Seeman, Philip  2001",CLONED
cid:5073,5073,Risperidone,Benzisoxazole,pdsp,DOPAMINE D3,DRD3,HUMAN,3.6,"Seeman, Philip  2001",CLONED
cid:5073,5073,Risperidone,Benzisoxazole,pdsp,DOPAMINE D3,DRD3,HUMAN,5.2,"Seeman, Philip  2001",CLONED
cid:5073,5073,Risperidone,Benzisoxazole,pdsp,DOPAMINE D4,DRD4,HUMAN,0.25,"Seeman, Philip  2001",CLONED
cid:5073,5073,Risperidone,Benzisoxazole,pdsp,DOPAMINE D4,DRD4,HUMAN,4.4,"Seeman, Philip  2001",CLONED
cid:5073,5073,Risperidone,Benzisoxazole,pdsp,DOPAMINE D4,DRD4,HUMAN,18.0,"Seeman, Philip  2001",CLONED
cid:5073,5073,Risperidone,Benzisoxazole,pdsp,5-HT2A,HTR2A,HUMAN,0.21,"Seeman, Philip  2001",CLONED
cid:5073,5073,Risperidone,Benzisoxazole,pdsp,5-HT2A,HTR2A,HUMAN,0.2,"Seeman, Philip  2001",CLONED
cid:5073,5073,Risperidone,Benzisoxazole,pdsp,5-HT2A,HTR2A,HUMAN,0.19,"Seeman, Philip  2001",CLONED
cid:5073,5073,Risperidone,Benzisoxazole,pdsp,adrenergic Alpha1B,ADRA1B,HUMAN,9.0,PDSP Certified Data,CLONED
cid:5073,5073,Risperidone,Benzisoxazole,pdsp,DOPAMINE D2,DRD2,HUMAN,4.9,PDSP Certified Data,CLONED
cid:5073,5073,Risperidone,Benzisoxazole,pdsp,DOPAMINE D4,DRD4,HUMAN,18.6,PDSP Certified Data,CLONED
cid:5073,5073,Risperidone,Benzisoxazole,pdsp,GABA A Benzodiazepine,,RAT,10000.0,PDSP Certified Data,FOREBRAIN
cid:5073,5073,Risperidone,Benzisoxazole,pdsp,adrenergic Alpha2B,ADRA2B,HUMAN,108.0,PDSP Certified Data,CLONED
cid:5073,5073,Risperidone,Benzisoxazole,pdsp,"Cholinergic, Nicotinic Alpha2Beta4",,HUMAN,10000.0,PDSP Certified Data,CLONED
cid:5073,5073,Risperidone,Benzisoxazole,pdsp,Prostaglandin E3,PTGER3,HUMAN,10000.0,PDSP Certified Data,CLONED
cid:5073,5073,Risperidone,Benzisoxazole,pdsp,5-HT5a,HTR5A,HUMAN,205.76,PDSP Certified Data,CLONED
cid:5073,5073,Risperidone,Benzisoxazole,pdsp,adrenergic Alpha1A,ADRA1A,HUMAN,5.0,PDSP Certified Data,CLONED
cid:5073,5073,Risperidone,Benzisoxazole,pdsp,5-HT6,HTR6,HUMAN,2240.67,PDSP Certified Data,CLONED
cid:5073,5073,Risperidone,Benzisoxazole,pdsp,"Cholinergic, Nicotinic Alpha3Beta2",,HUMAN,10000.0,PDSP Certified Data,CLONED
cid:5073,5073,Risperidone,Benzisoxazole,pdsp,adrenergic Beta1,ADRB1,HUMAN,10000.0,PDSP Certified Data,CLONED
cid:5073,5073,Risperidone,Benzisoxazole,pdsp,Dopamine Transporter,SLC6A3,HUMAN,10000.0,PDSP Certified Data,CLONED
cid:5073,5073,Risperidone,Benzisoxazole,pdsp,"Cholinergic, Nicotinic Alpha7",,HUMAN,10000.0,PDSP Certified Data,CLONED
cid:5073,5073,Risperidone,Benzisoxazole,pdsp,Norepinephrine transporter,,HUMAN,10000.0,PDSP Certified Data,CLONED
cid:5073,5073,Risperidone,Benzisoxazole,pdsp,"Cholinergic, muscarinic M2",CHRM2,HUMAN,10000.0,PDSP Certified Data,CLONED
cid:5073,5073,Risperidone,Benzisoxazole,pdsp,adrenergic Alpha2C,ADRA2C,HUMAN,1.3,PDSP Certified Data,CLONED
cid:5073,5073,Risperidone,Benzisoxazole,pdsp,DOPAMINE D5,DRD5,HUMAN,16.0,PDSP Certified Data,CLONED
cid:5073,5073,Risperidone,Benzisoxazole,pdsp,GABA A,,RAT,10000.0,PDSP Certified Data,FOREBRAIN
cid:5073,5073,Risperidone,Benzisoxazole,pdsp,5-HT1A,HTR1A,HUMAN,427.0,PDSP Certified Data,CLONED
cid:5073,5073,Risperidone,Benzisoxazole,pdsp,5-HT3,HTR3A,HUMAN,10000.0,PDSP Certified Data,CLONED
cid:5073,5073,Risperidone,Benzisoxazole,pdsp,CANNABINOID CB1,CNR1,RAT,10000.0,PDSP Certified Data,BRAIN
cid:5073,5073,Risperidone,Benzisoxazole,pdsp,DOPAMINE D1,DRD1,HUMAN,60.6,PDSP Certified Data,CLONED
cid:5073,5073,Risperidone,Benzisoxazole,pdsp,DOPAMINE D3,DRD3,RAT,12.2,PDSP Certified Data,CLONED
cid:5073,5073,Risperidone,Benzisoxazole,pdsp,"Cholinergic, muscarinic M4",CHRM4,HUMAN,10000.0,PDSP Certified Data,CLONED
cid:5073,5073,Risperidone,Benzisoxazole,pdsp,HISTAMINE H2,HRH2,HUMAN,120.0,PDSP Certified Data,CLONED
cid:5073,5073,Risperidone,Benzisoxazole,pdsp,HISTAMINE H1,HRH1,HUMAN,5.1838,PDSP Certified Data,CLONED
cid:5073,5073,Risperidone,Benzisoxazole,pdsp,"Cholinergic, muscarinic M1",CHRM1,HUMAN,10000.0,PDSP Certified Data,CLONED
cid:5073,5073,Risperidone,Benzisoxazole,pdsp,5-HT2A,HTR2A,RAT,0.19,PDSP Certified Data,CLONED
cid:5073,5073,Risperidone,Benzisoxazole,pdsp,5-HT1E,HTR1E,HUMAN,10000.0,PDSP Certified Data,CLONED
cid:5073,5073,Risperidone,Benzisoxazole,pdsp,HISTAMINE H3,HRH3,GUINEA PIG,10000.0,PDSP Certified Data,CLONED
cid:5073,5073,Risperidone,Benzisoxazole,pdsp,5-HT1D,HTR1D,HUMAN,29.22,PDSP Certified Data,CLONED
cid:5073,5073,Risperidone,Benzisoxazole,pdsp,"Cholinergic, muscarinic M3",CHRM3,HUMAN,10000.0,PDSP Certified Data,CLONED
cid:5073,5073,Risperidone,Benzisoxazole,pdsp,HISTAMINE H4,HRH4,HUMAN,10000.0,PDSP Certified Data,CLONED
cid:5073,5073,Risperidone,Benzisoxazole,pdsp,adrenergic Alpha2A,ADRA2A,HUMAN,151.0,PDSP Certified Data,CLONED
cid:5073,5073,Risperidone,Benzisoxazole,pdsp,5-HT Transporter,SLC6A4,HUMAN,10000.0,PDSP Certified Data,CLONED
cid:5073,5073,Risperidone,Benzisoxazole,pdsp,Glutamate-NMDA-MK801,,RAT,10000.0,PDSP Certified Data,FOREBRAIN
cid:5073,5073,Risperidone,Benzisoxazole,pdsp,GABA B,,RAT,10000.0,PDSP Certified Data,FOREBRAIN
cid:5073,5073,Risperidone,Benzisoxazole,pdsp,Glutamate-NMDA-MK801,,RAT,10000.0,PDSP Certified Data,FOREBRAIN
cid:5073,5073,Risperidone,Benzisoxazole,pdsp,"Cholinergic, Nicotinic Alpha3Beta2",,HUMAN,10000.0,PDSP Certified Data,CLONED
cid:5073,5073,Risperidone,Benzisoxazole,pdsp,"Cholinergic, Nicotinic Alpha1Beta2",,HUMAN,10000.0,PDSP Certified Data,CLONED
cid:5073,5073,Risperidone,Benzisoxazole,pdsp,"Cholinergic, Nicotinic Alpha2Beta2",,HUMAN,10000.0,PDSP Certified Data,CLONED
cid:5073,5073,Risperidone,Benzisoxazole,pdsp,Prostaglandin E4,PTGER4,HUMAN,10000.0,PDSP Certified Data,CLONED
cid:5073,5073,Risperidone,Benzisoxazole,pdsp,5-HT1B,HTR1B,HUMAN,53.61,PDSP Certified Data,CLONED
cid:5073,5073,Risperidone,Benzisoxazole,pdsp,adrenergic Beta2,ADRB2,HUMAN,10000.0,PDSP Certified Data,CLONED
cid:5073,5073,Risperidone,Benzisoxazole,pdsp,5-HT2C,HTR2C,RAT,94.91,PDSP Certified Data,CLONED
cid:5073,5073,Risperidone,Benzisoxazole,pdsp,Calcium channel,,RAT,10000.0,PDSP Certified Data,HEART
cid:5073,5073,Risperidone,Benzisoxazole,pdsp,"Cholinergic, muscarinic M5",CHRM5,HUMAN,10000.0,PDSP Certified Data,CLONED
cid:5073,5073,Risperidone,Benzisoxazole,pdsp,Imidazoline I1,,RAT,10000.0,PDSP Certified Data,PC12
cid:5073,5073,Risperidone,Benzisoxazole,pdsp,5-HT7,HTR7,HUMAN,6.6,PDSP Certified Data,CLONED
cid:5073,5073,Risperidone,Benzisoxazole,pdsp,5-HT2C,HTR2C,HUMAN,35.0,"Kroeze WK, et.al., 2003",CLONED
cid:5073,5073,Risperidone,Benzisoxazole,pdsp,5-HT2A,HTR2A,HUMAN,0.17,"Kroeze WK, et.al., 2003",CLONED
cid:5073,5073,Risperidone,Benzisoxazole,pdsp,DOPAMINE D2,DRD2,HUMAN,6.5,"Kroeze WK, et.al., 2003",CLONED
cid:5073,5073,Risperidone,Benzisoxazole,pdsp,HISTAMINE H1,HRH1,HUMAN,15.0,"Kroeze WK, et.al., 2003",CLONED
cid:5073,5073,Risperidone,Benzisoxazole,pdsp,"Cholinergic, muscarinic M3",CHRM3,HUMAN,10000.0,"Kroeze WK, et.al., 2003",CLONED
cid:5073,5073,Risperidone,Benzisoxazole,pdsp,adrenergic Alpha1A,ADRA1A,HUMAN,5.0,"Kroeze WK, et.al., 2003",CLONED
cid:5073,5073,Risperidone,Benzisoxazole,pdsp,adrenergic Alpha2A,ADRA2A,HUMAN,150.8,"Kroeze WK, et.al., 2003",CLONED
cid:5073,5073,Risperidone,Benzisoxazole,pdsp,adrenergic Alpha2B,ADRA2B,HUMAN,107.6,"Kroeze WK, et.al., 2003",CLONED
cid:5073,5073,Risperidone,Benzisoxazole,pdsp,adrenergic Alpha2C,ADRA2C,HUMAN,1.3,"Kroeze WK, et.al., 2003",CLONED
cid:5073,5073,Risperidone,Benzisoxazole,pdsp,5-HT1A,HTR1A,HUMAN,427.5,"Kroeze WK, et.al., 2003",CLONED
cid:5073,5073,Risperidone,Benzisoxazole,pdsp,5-HT6,HTR6,HUMAN,1188.0,"Kroeze WK, et.al., 2003",CLONED
cid:5073,5073,Risperidone,Benzisoxazole,pdsp,5-HT7,HTR7,HUMAN,6.6,"Kroeze WK, et.al., 2003",CLONED
cid:5073,5073,Risperidone,Benzisoxazole,pdsp,5-HT7,HTR7,RAT,5.0118723362727,"Hemedah M, et al., 1999",BRAIN
cid:5073,5073,Risperidone,Benzisoxazole,pdsp,5-HT7,HTR7,GUINEA PIG,0.3981071705535,"Hemedah M, et al., 1999",ILEUM
cid:5073,5073,Risperidone,Benzisoxazole,pdsp,DOPAMINE D2,DRD2,RAT,3.0,"Bymaster F.P., et. al., 1996",STRIATUM
cid:5073,5073,Risperidone,Benzisoxazole,pdsp,DOPAMINE D4,DRD4,HUMAN,7.0,"Bymaster F.P., et. al., 1996",CLONED
cid:5073,5073,Risperidone,Benzisoxazole,pdsp,DOPAMINE D1,DRD1,RAT,75.0,"Bymaster F.P., et. al., 1996",STRIATUM
cid:5073,5073,Risperidone,Benzisoxazole,pdsp,5-HT1A,HTR1A,RAT,490.0,"Bymaster F.P., et. al., 1996",CORTEX
cid:5073,5073,Risperidone,Benzisoxazole,pdsp,5-HT1B,HTR1B,RAT,1325.0,"Bymaster F.P., et. al., 1996",CORTEX
cid:5073,5073,Risperidone,Benzisoxazole,pdsp,5-HT1D,HTR1D,Beef,100.0,"Bymaster F.P., et. al., 1996",STRIATUM
cid:5073,5073,Risperidone,Benzisoxazole,pdsp,5-HT2A,HTR2A,RAT,0.6,"Bymaster F.P., et. al., 1996",CORTEX
cid:5073,5073,Risperidone,Benzisoxazole,pdsp,5-HT2C,HTR2C,HUMAN,26.0,"Bymaster F.P., et. al., 1996",CORTEX
cid:5073,5073,Risperidone,Benzisoxazole,pdsp,adrenergic Alpha1,,RAT,2.0,"Bymaster F.P., et. al., 1996",WHOLE BRAIN
cid:5073,5073,Risperidone,Benzisoxazole,pdsp,adrenergic Alpha2,,RAT,3.0,"Bymaster F.P., et. al., 1996",WHOLE BRAIN
cid:5073,5073,Risperidone,Benzisoxazole,pdsp,HISTAMINE H1,HRH1,RAT,155.0,"Bymaster F.P., et. al., 1996",WHOLE BRAIN
cid:5073,5073,Risperidone,Benzisoxazole,pdsp,5-HT2A,HTR2A,HUMAN,7.0,"Bymaster F.P., et. al., 1999",CLONED
cid:5073,5073,Risperidone,Benzisoxazole,pdsp,5-HT2B,HTR2B,HUMAN,115.0,"Bymaster F.P., et. al., 1999",CLONED
cid:5073,5073,Risperidone,Benzisoxazole,pdsp,5-HT2C,HTR2C,HUMAN,44.0,"Bymaster F.P., et. al., 1999",CLONED
cid:5073,5073,Risperidone,Benzisoxazole,pdsp,"Cholinergic, muscarinic M1",CHRM1,HUMAN,10000.0,"Bymaster F.P., et. al., 2003",CLONED
cid:5073,5073,Risperidone,Benzisoxazole,pdsp,"Cholinergic, muscarinic M2",CHRM2,HUMAN,10000.0,"Bymaster F.P., et. al., 2003",CLONED
cid:5073,5073,Risperidone,Benzisoxazole,pdsp,"Cholinergic, muscarinic M3",CHRM3,HUMAN,10000.0,"Bymaster F.P., et. al., 2003",CLONED
cid:5073,5073,Risperidone,Benzisoxazole,pdsp,"Cholinergic, muscarinic M4",CHRM4,HUMAN,10000.0,"Bymaster F.P., et. al., 2003",CLONED
cid:5073,5073,Risperidone,Benzisoxazole,pdsp,"Cholinergic, muscarinic M5",CHRM5,HUMAN,10000.0,"Bymaster F.P., et. al., 2003",CLONED
cid:5073,5073,Risperidone,Benzisoxazole,pdsp,5-HT2C,HTR2C,HUMAN,44.0,"Bymaster F.P., et. al., 2003",CLONED
cid:5073,5073,Risperidone,Benzisoxazole,pdsp,5-HT7,HTR7,HUMAN,5.0118723362727,"Thomas DR et al., 1998",CLONED
cid:5073,5073,Risperidone,Benzisoxazole,pdsp,DOPAMINE D2 Long,DRD2,HUMAN,1.4,"Phillips ST, et. al., 1995",CLONED
cid:5073,5073,Risperidone,Benzisoxazole,pdsp,DOPAMINE D4,DRD4,HUMAN,7.0,"Phillips ST, et. al., 1995",CLONED
cid:5073,5073,Risperidone,Benzisoxazole,pdsp,5-HT2A,HTR2A,RAT,0.16,"Phillips ST, et. al., 1995",CLONED
cid:5073,5073,Risperidone,Benzisoxazole,pdsp,5-HT2A,HTR2A,RAT,0.016,"Leysen JE, et.al., 1994",FR. CORTEX
cid:5073,5073,Risperidone,Benzisoxazole,pdsp,5-HT2A,HTR2A,HUMAN,0.43,"Leysen JE, et.al., 1994",CLONED
cid:5073,5073,Risperidone,Benzisoxazole,pdsp,5-HT2C,HTR2C,PIG,48.0,"Leysen JE, et.al., 1994",Choroid Plexus
cid:5073,5073,Risperidone,Benzisoxazole,pdsp,5-HT1A,HTR1A,HUMAN,417.0,"Leysen JE, et.al., 1994",CLONED
cid:5073,5073,Risperidone,Benzisoxazole,pdsp,5-HT1B,HTR1B,RAT,4000.0,"Leysen JE, et.al., 1994",STRIATUM
cid:5073,5073,Risperidone,Benzisoxazole,pdsp,5-HT1D,HTR1D,CALF,60.0,"Leysen JE, et.al., 1994",S. Nigra
cid:5073,5073,Risperidone,Benzisoxazole,pdsp,5-HT1B,HTR1B,HUMAN,20.0,"Leysen JE, et.al., 1994",CLONED
cid:5073,5073,Risperidone,Benzisoxazole,pdsp,5-HT3,HTR3A,MOUSE,10000.0,"Leysen JE, et.al., 1994",NG108-15
cid:5073,5073,Risperidone,Benzisoxazole,pdsp,DOPAMINE D2,DRD2,RAT,3.1,"Leysen JE, et.al., 1994",STRIATUM
cid:5073,5073,Risperidone,Benzisoxazole,pdsp,DOPAMINE D2,DRD2,RAT,1.7,"Leysen JE, et.al., 1994",STRIATUM
cid:5073,5073,Risperidone,Benzisoxazole,pdsp,DOPAMINE D2,DRD2,RAT,1.9,"Leysen JE, et.al., 1994",N. Accumbens
cid:5073,5073,Risperidone,Benzisoxazole,pdsp,DOPAMINE D2,DRD2,RAT,2.0,"Leysen JE, et.al., 1994",olfactory tubercle
cid:5073,5073,Risperidone,Benzisoxazole,pdsp,DOPAMINE D2 Long,DRD2,HUMAN,3.1,"Leysen JE, et.al., 1994",CLONED
cid:5073,5073,Risperidone,Benzisoxazole,pdsp,DOPAMINE D2 Short,DRD2,HUMAN,4.7,"Leysen JE, et.al., 1994",CLONED
cid:5073,5073,Risperidone,Benzisoxazole,pdsp,DOPAMINE D4,DRD4,HUMAN,7.0,"Leysen JE, et.al., 1994",CLONED
cid:5073,5073,Risperidone,Benzisoxazole,pdsp,DOPAMINE D1,DRD1,RAT,10000.0,"Leysen JE, et.al., 1994",STRIATUM
cid:5073,5073,Risperidone,Benzisoxazole,pdsp,DOPAMINE D3,DRD3,RAT,13.0,"Leysen JE, et.al., 1994",CLONED
cid:5073,5073,Risperidone,Benzisoxazole,pdsp,DOPAMINE D1,DRD1,HUMAN,147.0,"Fernandez J, et al., 2005",CLONED
cid:5073,5073,Risperidone,Benzisoxazole,pdsp,DOPAMINE D2,DRD2,HUMAN,6.4,"Fernandez J, et al., 2005",CLONED
cid:5073,5073,Risperidone,Benzisoxazole,pdsp,DOPAMINE D3,DRD3,HUMAN,16.0,"Fernandez J, et al., 2005",CLONED
cid:5073,5073,Risperidone,Benzisoxazole,pdsp,5-HT2A,HTR2A,HUMAN,0.81,"Fernandez J, et al., 2005",CLONED
cid:5073,5073,Risperidone,Benzisoxazole,pdsp,5-HT7,HTR7,HUMAN,4.3,"Fernandez J, et al., 2005",CLONED
cid:5073,5073,Risperidone,Benzisoxazole,pdsp,5-HT2C,HTR2C,HUMAN,12.0,"Fernandez J, et al., 2005",CLONED
cid:5073,5073,Risperidone,Benzisoxazole,pdsp,Norepinephrine transporter,,RAT,5454.0,"Fernandez J, et al., 2005",CLONED
cid:5073,5073,Risperidone,Benzisoxazole,pdsp,HISTAMINE H1,HRH1,HUMAN,33.0,"Fernandez J, et al., 2005",CLONED
cid:5073,5073,Risperidone,Benzisoxazole,pdsp,adrenergic Alpha1,,RAT,2.5,"Fernandez J, et al., 2005",CLONED
cid:5073,5073,Risperidone,Benzisoxazole,pdsp,adrenergic Alpha2A,ADRA2A,HUMAN,10.0,"Fernandez J, et al., 2005",CLONED
cid:5073,5073,Risperidone,Benzisoxazole,pdsp,adrenergic Alpha2C,ADRA2C,HUMAN,3.2,"Fernandez J, et al., 2005",CLONED
cid:5073,5073,Risperidone,Benzisoxazole,pdsp,Substance P,,HUMAN,1000.0,"Schotte A, et al.,  1996",CLONED
cid:5073,5073,Risperidone,Benzisoxazole,pdsp,NT,,GUINEA PIG,1000.0,"Schotte A, et al.,  1996",FOREBRAIN
cid:5073,5073,Risperidone,Benzisoxazole,pdsp,Cholecystokinin B,,GUINEA PIG,1000.0,"Schotte A, et al.,  1996",Total Cortex
cid:5073,5073,Risperidone,Benzisoxazole,pdsp,Cholecystokinin A,CCKBR,RAT,1000.0,"Schotte A, et al.,  1996",PANCREAS
cid:5073,5073,Risperidone,Benzisoxazole,pdsp,OPIATE Mu,OPRM1,RAT,1000.0,"Schotte A, et al.,  1996",FOREBRAIN
cid:5073,5073,Risperidone,Benzisoxazole,pdsp,OPIATE Delta,OPRD1,MOUSE,1000.0,"Schotte A, et al.,  1996",NG108-15
cid:5073,5073,Risperidone,Benzisoxazole,pdsp,OPIATE Kappa,OPRK1,GUINEA PIG,1000.0,"Schotte A, et al.,  1996",CEREBELLUM
cid:5073,5073,Risperidone,Benzisoxazole,pdsp,GABA A Benzodiazepine,,RAT,1000.0,"Schotte A, et al.,  1996",FOREBRAIN
cid:5073,5073,Risperidone,Benzisoxazole,pdsp,5-HT Transporter,SLC6A4,HUMAN,1000.0,"Schotte A, et al.,  1996",Platelets
cid:5073,5073,Risperidone,Benzisoxazole,pdsp,Dopamine Transporter,SLC6A3,RAT,1000.0,"Schotte A, et al.,  1996",STRIATUM
cid:5073,5073,Risperidone,Benzisoxazole,pdsp,Norepinephrine transporter,,RAT,1000.0,"Schotte A, et al.,  1996",CORTEX
cid:5073,5073,Risperidone,Benzisoxazole,pdsp,Thromboxane A2,TBXA2R,HUMAN,1000.0,"Schotte A, et al.,  1996",Platelets
cid:5073,5073,Risperidone,Benzisoxazole,pdsp,Leukotriene D4,,GUINEA PIG,1000.0,"Schotte A, et al.,  1996",LUNG
cid:5073,5073,Risperidone,Benzisoxazole,pdsp,PAF Platelet activating factor,PTAFR,RABBIT,1000.0,"Schotte A, et al.,  1996",Platelets
cid:5073,5073,Risperidone,Benzisoxazole,pdsp,DOPAMINE D2,DRD2,HUMAN,0.3,"Burstein ES, et al., 2005",CLONED
cid:5073,5073,Risperidone,Benzisoxazole,pdsp,DOPAMINE D2,DRD2,HUMAN,0.6,"Burstein ES, et al., 2005",CLONED
cid:5073,5073,Risperidone,Benzisoxazole,pdsp,DOPAMINE D3,DRD3,HUMAN,2.4,"Burstein ES, et al., 2005",CLONED
cid:5073,5073,Risperidone,Benzisoxazole,pdsp,DOPAMINE D3,DRD3,HUMAN,1.6,"Burstein ES, et al., 2005",CLONED
cid:5073,5073,Risperidone,Benzisoxazole,pdsp,DOPAMINE D4,DRD4,HUMAN,18.0,"Burstein ES, et al., 2005",CLONED
cid:5073,5073,Risperidone,Benzisoxazole,pdsp,5-HT2B,HTR2B,HUMAN,41.5833,PDSP Certified Data,CLONED
cid:5073,5073,Risperidone,Benzisoxazole,pdsp,5-HT6,HTR6,HUMAN,2000.0,"Ablordeppey SY et al., 2008",UNDEFINED
cid:5073,5073,Risperidone,Benzisoxazole,pdsp,"Cholinergic, muscarinic M1",CHRM1,HUMAN,2800.0,"Ablordeppey SY et al., 2008",UNDEFINED
cid:5073,5073,Risperidone,Benzisoxazole,pdsp,DOPAMINE D1,DRD1,HUMAN,580.0,"Ablordeppey SY et al., 2008",UNDEFINED
cid:5073,5073,Risperidone,Benzisoxazole,pdsp,DOPAMINE D2,DRD2,HUMAN,2.20000004768372,"Ablordeppey SY et al., 2008",UNDEFINED
cid:5073,5073,Risperidone,Benzisoxazole,pdsp,DOPAMINE D3,DRD3,HUMAN,9.60000038146973,"Ablordeppey SY et al., 2008",UNDEFINED
cid:5073,5073,Risperidone,Benzisoxazole,pdsp,DOPAMINE D4,DRD4,HUMAN,8.5,"Ablordeppey SY et al., 2008",UNDEFINED
cid:5073,5073,Risperidone,Benzisoxazole,pdsp,5-HT2C,HTR2C,HUMAN,10.0,"Ablordeppey SY et al., 2008",UNDEFINED
cid:5073,5073,Risperidone,Benzisoxazole,pdsp,HISTAMINE H1,HRH1,HUMAN,19.0,"Ablordeppey SY et al., 2008",UNDEFINED
cid:5073,5073,Risperidone,Benzisoxazole,pdsp,5-HT1A,HTR1A,HUMAN,210.0,"Ablordeppey SY et al., 2008",UNDEFINED
cid:5073,5073,Risperidone,Benzisoxazole,pdsp,5-HT2A,HTR2A,HUMAN,0.28999999165535,"Ablordeppey SY et al., 2008",UNDEFINED
cid:5073,5073,Risperidone,Benzisoxazole,pdsp,5-HT Transporter,SLC6A4,HUMAN,1400.0,"Ablordeppey SY et al., 2008",UNDEFINED
cid:5073,5073,Risperidone,Benzisoxazole,pdsp,DOPAMINE D1,DRD1,RAT,50.0,"Butini S et al., 2009",UNDEFINED
cid:5073,5073,Risperidone,Benzisoxazole,pdsp,DOPAMINE D3,DRD3,UNDEFINED,6.69999980926514,"Butini S et al., 2009",UNDEFINED
cid:5073,5073,Risperidone,Benzisoxazole,pdsp,5-HT1A,HTR1A,RAT,190.0,"Butini S et al., 2009",UNDEFINED
cid:5073,5073,Risperidone,Benzisoxazole,pdsp,DOPAMINE D4.4,,HUMAN,5.57,"Newman-Tancredi A, et al., 1997",CLONED
cid:5073,5073,Risperidone,Benzisoxazole,pdsp,5-HT2A,HTR2A,HUMAN,0.48977881936845,"Davies M, et al. 2005",CLONED
cid:5073,5073,Risperidone,Benzisoxazole,pdsp,5-HT2A,HTR2A,HUMAN,0.2,"Gillman P, et al., 2005",CLONED
cid:5073,5073,Risperidone,Benzisoxazole,pdsp,5-HT1A,HTR1A,HUMAN,427.0,"Gillman P, et al., 2005",CLONED
cid:5073,5073,Risperidone,Benzisoxazole,pdsp,DOPAMINE D1,DRD1,RAT,230.0,"Morimoto, T et al., 2002",STRIATUM
cid:5073,5073,Risperidone,Benzisoxazole,pdsp,DOPAMINE D2,DRD2,RAT,6.3,"Morimoto, T et al., 2002",STRIATUM
cid:5073,5073,Risperidone,Benzisoxazole,pdsp,5-HT1A,HTR1A,RAT,110.0,"Morimoto, T et al., 2002",HIPPOCAMPUS
cid:5073,5073,Risperidone,Benzisoxazole,pdsp,5-HT2A,HTR2A,RAT,0.28,"Morimoto, T et al., 2002",CEREBRAL CORTEX
cid:5073,5073,Risperidone,Benzisoxazole,pdsp,5-HT2C,HTR2C,PIG,22.0,"Morimoto, T et al., 2002",Choroid Plexus
cid:5073,5073,Risperidone,Benzisoxazole,pdsp,Adrenaline  Alpha1,,RAT,0.48,"Morimoto, T et al., 2002",CEREBRAL CORTEX
cid:5073,5073,Risperidone,Benzisoxazole,pdsp,Adrenaline  Alpha2,,RAT,13.0,"Morimoto, T et al., 2002",CEREBRAL CORTEX
cid:5073,5073,Risperidone,Benzisoxazole,pdsp,Adrenaline Beta,,RAT,10000.0,"Morimoto, T et al., 2002",CEREBRAL CORTEX
cid:5073,5073,Risperidone,Benzisoxazole,pdsp,HISTAMINE H1,HRH1,RAT,160.0,"Morimoto, T et al., 2002",CEREBRAL CORTEX
cid:5073,5073,Risperidone,Benzisoxazole,pdsp,NMDA,,RAT,10000.0,"Morimoto, T et al., 2002",CEREBRAL CORTEX
cid:5073,5073,Risperidone,Benzisoxazole,pdsp,Muscarine Acetylcholine,,RAT,10000.0,"Morimoto, T et al., 2002",CEREBRAL CORTEX
cid:5073,5073,Risperidone,Benzisoxazole,pdsp,hD2L,,HUMAN,1.9,"Maeda, K. et, al. 2014",CLONED
cid:5073,5073,Risperidone,Benzisoxazole,pdsp,hD3,,HUMAN,13.0,"Maeda, K. et, al. 2014",CLONED
cid:5073,5073,Risperidone,Benzisoxazole,pdsp,h5-HT1A,,HUMAN,420.0,"Maeda, K. et, al. 2014",CLONED
cid:5073,5073,Risperidone,Benzisoxazole,pdsp,h5-HT2A,,HUMAN,0.22,"Maeda, K. et, al. 2014",CLONED
cid:5073,5073,Risperidone,Benzisoxazole,pdsp,h5-HT2B,,HUMAN,35.0,"Maeda, K. et, al. 2014",CLONED
cid:5073,5073,Risperidone,Benzisoxazole,pdsp,halpha1B-adrenergic,,HUMAN,9.0,"Maeda, K. et, al. 2014",CLONED
cid:5073,5073,Risperidone,Benzisoxazole,pdsp,halpha2C-adrenergic,,HUMAN,9.1,"Maeda, K. et, al. 2014",CLONED
cid:5073,5073,Risperidone,Benzisoxazole,pdsp,hH1,,HUMAN,27.0,"Maeda, K. et, al. 2014",CLONED
cid:5073,5073,Risperidone,Benzisoxazole,pdsp,hM1,,HUMAN,10000.0,"Maeda, K. et, al. 2014",CLONED
cid:5073,5073,Risperidone,Benzisoxazole,pdsp,rD2,,RAT,1.8,"Maeda, K. et, al. 2014",CLONED
cid:5073,5073,Risperidone,Benzisoxazole,pdsp,r5-HT1A,,RAT,250.0,"Maeda, K. et, al. 2014",CLONED
cid:5073,5073,Risperidone,Benzisoxazole,pdsp,DOPAMINE D1,DRD1,HUMAN,575.43993733716,"Schmidt, AW. et, al. 2001",CLONED
cid:5073,5073,Risperidone,Benzisoxazole,pdsp,DOPAMINE D2,DRD2,HUMAN,2.1379620895022,"Schmidt, AW. et, al. 2001",CLONED
cid:5073,5073,Risperidone,Benzisoxazole,pdsp,DOPAMINE D3,DRD3,HUMAN,9.5499258602144,"Schmidt, AW. et, al. 2001",CLONED
cid:5073,5073,Risperidone,Benzisoxazole,pdsp,DOPAMINE D4,DRD4,HUMAN,8.5113803820238,"Schmidt, AW. et, al. 2001",CLONED
cid:5073,5073,Risperidone,Benzisoxazole,pdsp,5-HT1A,HTR1A,HUMAN,208.9296130854,"Schmidt, AW. et, al. 2001",CLONED
cid:5073,5073,Risperidone,Benzisoxazole,pdsp,5-HT2A,HTR2A,HUMAN,0.28840315031266,"Schmidt, AW. et, al. 2001",CLONED
cid:5073,5073,Risperidone,Benzisoxazole,pdsp,5-HT2C,HTR2C,HUMAN,10.471285480509,"Schmidt, AW. et, al. 2001",CLONED
cid:5073,5073,Risperidone,Benzisoxazole,pdsp,5-HT6,HTR6,HUMAN,1995.2623149689,"Schmidt, AW. et, al. 2001",CLONED
cid:5073,5073,Risperidone,Benzisoxazole,pdsp,5-HT7,HTR7,HUMAN,3.019951720402,"Schmidt, AW. et, al. 2001",CLONED
cid:5073,5073,Risperidone,Benzisoxazole,pdsp,alpha1-Adrenocepter,,HUMAN,1.3803842646029,"Schmidt, AW. et, al. 2001",CLONED
cid:5073,5073,Risperidone,Benzisoxazole,pdsp,alpha2-Adrenocepter,,HUMAN,5.0118723362727,"Schmidt, AW. et, al. 2001",CLONED
cid:5073,5073,Risperidone,Benzisoxazole,pdsp,HISTAMINE H1,HRH1,HUMAN,18.620871366629,"Schmidt, AW. et, al. 2001",CLONED
cid:5073,5073,Risperidone,Benzisoxazole,pdsp,Muscarinic M1,,HUMAN,2818.3829312645,"Schmidt, AW. et, al. 2001",CLONED
cid:5073,5073,Risperidone,Benzisoxazole,pdsp,alpha2,,HUMAN,34.673685045253,"Silvestre, JS. et, al. 2005",CLONED
cid:5073,5073,Risperidone,Benzisoxazole,pdsp,D2,,HUMAN,4.1686938347033,"Silvestre, JS. et, al. 2005",CLONED
cid:5073,5073,Risperidone,Benzisoxazole,pdsp,D3,,RAT,10.0,"Silvestre, JS. et, al. 2005",CLONED
cid:5073,5073,Risperidone,Benzisoxazole,pdsp,D4,,HUMAN,12.882495516931,"Silvestre, JS. et, al. 2005",CLONED
cid:5073,5073,Risperidone,Benzisoxazole,pdsp,alpha1,,HUMAN,13.803842646029,"Silvestre, JS. et, al. 2005",CLONED
cid:5073,5073,Risperidone,Benzisoxazole,pdsp,5-HT1A,HTR1A,HUMAN,371.53522909717,"Silvestre, JS. et, al. 2005",CLONED
cid:5073,5073,Risperidone,Benzisoxazole,pdsp,5-HT2A,HTR2A,HUMAN,0.43651583224017,"Silvestre, JS. et, al. 2005",CLONED
cid:5073,5073,Risperidone,Benzisoxazole,pdsp,5-HT2C,HTR2C,RAT,29.512092266664,"Silvestre, JS. et, al. 2005",CLONED
cid:5073,5073,Risperidone,Benzisoxazole,pdsp,5-HT3,HTR3A,HUMAN,8317.6377110267,"Silvestre, JS. et, al. 2005",CLONED
cid:5073,5073,Risperidone,Benzisoxazole,pdsp,5-HT6,HTR6,HUMAN,1584.8931924611,"Silvestre, JS. et, al. 2005",CLONED
cid:5073,5073,Risperidone,Benzisoxazole,pdsp,5-HT7,HTR7,HUMAN,6.9183097091894,"Silvestre, JS. et, al. 2005",CLONED
cid:5073,5073,Risperidone,Benzisoxazole,pdsp,H1,,HUMAN,13.803842646029,"Silvestre, JS. et, al. 2005",CLONED
cid:5073,5073,Risperidone,Benzisoxazole,pdsp,"Cholinergic, muscarinic M1",CHRM1,HUMAN,6606.934480076,"Silvestre, JS. et, al. 2005",CLONED
cid:5073,5073,Risperidone,Benzisoxazole,pdsp,"Cholinergic, muscarinic M2",CHRM2,HUMAN,6165.9500186148,"Silvestre, JS. et, al. 2005",CLONED
cid:5073,5073,Risperidone,Benzisoxazole,pdsp,"Cholinergic, muscarinic M3",CHRM3,RAT,8511.3803820238,"Silvestre, JS. et, al. 2005",CLONED
cid:5073,5073,Risperidone,Benzisoxazole,pdsp,DAT,,HUMAN,10000.0,"Silvestre, JS. et, al. 2005",CLONED
cid:5073,5073,Risperidone,Benzisoxazole,pdsp,D1,,HUMAN,186.20871366629,"Silvestre, JS. et, al. 2005",CLONED
cid:5073,5073,Risperidone,Benzisoxazole,pdsp,H1,,HUMAN,53.703179637025,"Appl, Heidrun.  et. al, 2011",CLONED
cid:5073,5073,Risperidone,Benzisoxazole,pdsp,H3,,HUMAN,100000.0,"Appl, Heidrun.  et. al, 2011",CLONED
cid:5073,5073,Risperidone,Benzisoxazole,pdsp,H4,,HUMAN,100000.0,"Appl, Heidrun.  et. al, 2011",CLONED
cid:5073,5073,Risperidone,Benzisoxazole,pdsp,D2,,HUMAN,2.91,"Ishibashi, Tadashi.  et. al, 2010",CLONED
cid:5073,5073,Risperidone,Benzisoxazole,pdsp,5-HT1A,HTR1A,HUMAN,262.0,"Ishibashi, Tadashi.  et. al, 2010",CLONED
cid:5073,5073,Risperidone,Benzisoxazole,pdsp,5-HT2A,HTR2A,HUMAN,0.205,"Ishibashi, Tadashi.  et. al, 2010",CLONED
cid:5073,5073,Risperidone,Benzisoxazole,pdsp,5-HT7,HTR7,HUMAN,2.72,"Ishibashi, Tadashi.  et. al, 2010",CLONED
cid:5073,5073,Risperidone,Benzisoxazole,pdsp,noradrenaline-alpha1,,HUMAN,1.42,"Ishibashi, Tadashi.  et. al, 2010",CLONED
cid:5073,5073,Risperidone,Benzisoxazole,pdsp,noradrenaline-alpha2A,,HUMAN,13.7,"Ishibashi, Tadashi.  et. al, 2010",CLONED
cid:5073,5073,Risperidone,Benzisoxazole,pdsp,noradrenaline-alpha2C,,HUMAN,11.0,"Ishibashi, Tadashi.  et. al, 2010",CLONED
cid:5073,5073,Risperidone,Benzisoxazole,pdsp,H1,,HUMAN,3.46,"Ishibashi, Tadashi.  et. al, 2010",CLONED
cid:5073,5073,Risperidone,Benzisoxazole,pdsp,D1,,HUMAN,580.0,"Hirose, Tsuyoshi.  et. al, 2005",CLONED
cid:5073,5073,Risperidone,Benzisoxazole,pdsp,D2,,HUMAN,2.2,"Hirose, Tsuyoshi.  et. al, 2005",CLONED
cid:5073,5073,Risperidone,Benzisoxazole,pdsp,D3,,HUMAN,9.6,"Hirose, Tsuyoshi.  et. al, 2005",CLONED
cid:5073,5073,Risperidone,Benzisoxazole,pdsp,D4,,HUMAN,8.5,"Hirose, Tsuyoshi.  et. al, 2005",CLONED
cid:5073,5073,Risperidone,Benzisoxazole,pdsp,5-HT1A,HTR1A,HUMAN,210.0,"Hirose, Tsuyoshi.  et. al, 2005",CLONED
cid:5073,5073,Risperidone,Benzisoxazole,pdsp,5-HT2A,HTR2A,HUMAN,0.29,"Hirose, Tsuyoshi.  et. al, 2005",CLONED
cid:5073,5073,Risperidone,Benzisoxazole,pdsp,5-HT2C,HTR2C,HUMAN,10.0,"Hirose, Tsuyoshi.  et. al, 2005",CLONED
cid:5073,5073,Risperidone,Benzisoxazole,pdsp,5-HT6,HTR6,HUMAN,2000.0,"Hirose, Tsuyoshi.  et. al, 2005",CLONED
cid:5073,5073,Risperidone,Benzisoxazole,pdsp,5-HT7,HTR7,HUMAN,3.0,"Hirose, Tsuyoshi.  et. al, 2005",CLONED
cid:5073,5073,Risperidone,Benzisoxazole,pdsp,alpha1,,HUMAN,1.4,"Hirose, Tsuyoshi.  et. al, 2005",CLONED
cid:5073,5073,Risperidone,Benzisoxazole,pdsp,alpha2,,HUMAN,5.1,"Hirose, Tsuyoshi.  et. al, 2005",CLONED
cid:5073,5073,Risperidone,Benzisoxazole,pdsp,H1,,HUMAN,19.0,"Hirose, Tsuyoshi.  et. al, 2005",CLONED
cid:5073,5073,Risperidone,Benzisoxazole,pdsp,"Cholinergic, muscarinic M1",CHRM1,HUMAN,2800.0,"Hirose, Tsuyoshi.  et. al, 2005",CLONED
cid:5073,5073,Risperidone,Benzisoxazole,pdsp,5-HT1A,HTR1A,HUMAN,1169.0,"Zajdel, Pawel et. al, 2018",CLONED
cid:5073,5073,Risperidone,Benzisoxazole,pdsp,5-HT2A,HTR2A,HUMAN,0.5,"Zajdel, Pawel et. al, 2018",CLONED
cid:5073,5073,Risperidone,Benzisoxazole,pdsp,5-HT6,HTR6,HUMAN,1107.0,"Zajdel, Pawel et. al, 2018",CLONED
cid:5073,5073,Risperidone,Benzisoxazole,pdsp,5-HT7,HTR7,HUMAN,0.4,"Zajdel, Pawel et. al, 2018",CLONED
cid:5073,5073,Risperidone,Benzisoxazole,pdsp,D2,,HUMAN,0.6,"Zajdel, Pawel et. al, 2018",CLONED
cid:5073,5073,Risperidone,Benzisoxazole,pdsp,DOPAMINE D1,DRD1,HUMAN,267.0,"Maheux J, et al., 2005",CLONED
cid:5073,5073,Risperidone,Benzisoxazole,pdsp,DOPAMINE D2,DRD2,HUMAN,1.65,"Maheux J, et al., 2005",CLONED
cid:5073,5073,Risperidone,Benzisoxazole,pdsp,DOPAMINE D3,DRD3,RAT,3.6,"Maheux J, et al., 2005",CLONED
cid:5073,5073,Risperidone,Benzisoxazole,pdsp,5-HT2A,HTR2A,HUMAN,0.2,"Maheux J, et al., 2005",CLONED
cid:5073,5073,Risperidone,Benzisoxazole,pdsp,5-HT1A,HTR1A,HUMAN,427.0,"Maheux J, et al., 2005",CLONED
cid:5073,5073,Risperidone,Benzisoxazole,pdsp,HISTAMINE H1,HRH1,HUMAN,27.0,"Maheux J, et al., 2005",CLONED
cid:5073,5073,Risperidone,Benzisoxazole,pdsp,D2,,RAT,3.7,Cao X et al 2018,STRIATUM
cid:5073,5073,Risperidone,Benzisoxazole,pdsp,5-HT1A,HTR1A,RAT,181.9,Cao X et al 2018,CEREBRAL CORTEX
cid:5073,5073,Risperidone,Benzisoxazole,pdsp,5-HT2A,HTR2A,RAT,0.18,Cao X et al 2018,CEREBRAL CORTEX
cid:5073,5073,Risperidone,Benzisoxazole,pdsp,D3,,RAT,31.9,Cao X et al 2018,olfactory tubercle
cid:5073,5073,Risperidone,Benzisoxazole,pdsp,5-HT6,HTR6,HUMAN,1260.0,Cao X et al 2018,CLONED
cid:5073,5073,Risperidone,Benzisoxazole,pdsp,alpha1,,RAT,54.7,Cao X et al 2018,CEREBRAL CORTEX
cid:5073,5073,Risperidone,Benzisoxazole,pdsp,H1,,GUINEA PIG,46.2,Cao X et al 2018,CEREBELLUM
cid:5073,5073,Risperidone,Benzisoxazole,pdsp,5-HT2C,HTR2C,RAT,28.2,Cao X et al 2018,CEREBRAL CORTEX
cid:128563,128563,Salvinorin A,"Salvinorin, Terpenoid",pdsp,"Cholinergic, muscarinic M4",CHRM4,HUMAN,10000.0,"Roth BL, et al., 2002",CLONED
cid:128563,128563,Salvinorin A,"Salvinorin, Terpenoid",pdsp,DOPAMINE D1,DRD1,HUMAN,10000.0,"Roth BL, et al., 2002",CLONED
cid:128563,128563,Salvinorin A,"Salvinorin, Terpenoid",pdsp,DOPAMINE D2,DRD2,HUMAN,10000.0,"Roth BL, et al., 2002",CLONED
cid:128563,128563,Salvinorin A,"Salvinorin, Terpenoid",pdsp,DOPAMINE D3,DRD3,HUMAN,10000.0,"Roth BL, et al., 2002",CLONED
cid:128563,128563,Salvinorin A,"Salvinorin, Terpenoid",pdsp,DOPAMINE D4,DRD4,RAT,10000.0,"Roth BL, et al., 2002",CLONED
cid:128563,128563,Salvinorin A,"Salvinorin, Terpenoid",pdsp,DOPAMINE D5,DRD5,HUMAN,10000.0,"Roth BL, et al., 2002",CLONED
cid:128563,128563,Salvinorin A,"Salvinorin, Terpenoid",pdsp,OPIATE Mu,OPRM1,HUMAN,10000.0,"Roth BL, et al., 2002",CLONED
cid:128563,128563,Salvinorin A,"Salvinorin, Terpenoid",pdsp,OPIATE Delta,OPRD1,HUMAN,10000.0,"Roth BL, et al., 2002",CLONED
cid:128563,128563,Salvinorin A,"Salvinorin, Terpenoid",pdsp,OPIATE Kappa,OPRK1,UNDEFINED,16.0,"Roth BL, et al., 2002",CLONED
cid:128563,128563,Salvinorin A,"Salvinorin, Terpenoid",pdsp,"Cholinergic, muscarinic M2",CHRM2,HUMAN,10000.0,"Roth BL, et al., 2002",CLONED
cid:128563,128563,Salvinorin A,"Salvinorin, Terpenoid",pdsp,"Cholinergic, muscarinic M3",CHRM3,HUMAN,10000.0,"Roth BL, et al., 2002",CLONED
cid:128563,128563,Salvinorin A,"Salvinorin, Terpenoid",pdsp,5-HT7,HTR7,HUMAN,10000.0,"Roth BL, et al., 2002",CLONED
cid:128563,128563,Salvinorin A,"Salvinorin, Terpenoid",pdsp,5-HT1A,HTR1A,HUMAN,10000.0,"Roth BL, et al., 2002",CLONED
cid:128563,128563,Salvinorin A,"Salvinorin, Terpenoid",pdsp,5-HT2A,HTR2A,RAT,10000.0,"Roth BL, et al., 2002",CLONED
cid:128563,128563,Salvinorin A,"Salvinorin, Terpenoid",pdsp,5-HT2C,HTR2C,RAT,10000.0,"Roth BL, et al., 2002",CLONED
cid:128563,128563,Salvinorin A,"Salvinorin, Terpenoid",pdsp,5-HT3,HTR3A,HUMAN,10000.0,"Roth BL, et al., 2002",CLONED
cid:128563,128563,Salvinorin A,"Salvinorin, Terpenoid",pdsp,5-HT5a,HTR5A,HUMAN,10000.0,"Roth BL, et al., 2002",CLONED
cid:128563,128563,Salvinorin A,"Salvinorin, Terpenoid",pdsp,5-HT6,HTR6,HUMAN,10000.0,"Roth BL, et al., 2002",CLONED
cid:128563,128563,Salvinorin A,"Salvinorin, Terpenoid",pdsp,"Cholinergic, muscarinic M1",CHRM1,HUMAN,10000.0,"Roth BL, et al., 2002",CLONED
cid:128563,128563,Salvinorin A,"Salvinorin, Terpenoid",pdsp,"Cholinergic, Nicotinic Alpha4Beta2",,RAT,10000.0,"Roth BL, et al., 2002",FOREBRAIN
cid:128563,128563,Salvinorin A,"Salvinorin, Terpenoid",pdsp,"Cholinergic, Nicotinic Alpha4Beta4",,HUMAN,10000.0,"Roth BL, et al., 2002",CLONED
cid:128563,128563,Salvinorin A,"Salvinorin, Terpenoid",pdsp,"Cholinergic, Nicotinic Alpha4Beta2",,HUMAN,10000.0,"Roth BL, et al., 2002",CLONED
cid:128563,128563,Salvinorin A,"Salvinorin, Terpenoid",pdsp,"Cholinergic, Nicotinic Alpha3Beta4x",,HUMAN,10000.0,"Roth BL, et al., 2002",CLONED
cid:128563,128563,Salvinorin A,"Salvinorin, Terpenoid",pdsp,"Cholinergic, Nicotinic Alpha3Beta2",,HUMAN,10000.0,"Roth BL, et al., 2002",CLONED
cid:128563,128563,Salvinorin A,"Salvinorin, Terpenoid",pdsp,"Cholinergic, Nicotinic Alpha2Beta2",,HUMAN,10000.0,"Roth BL, et al., 2002",CLONED
cid:128563,128563,Salvinorin A,"Salvinorin, Terpenoid",pdsp,"Cholinergic, Nicotinic Alpha2Beta4",,HUMAN,10000.0,"Roth BL, et al., 2002",CLONED
cid:128563,128563,Salvinorin A,"Salvinorin, Terpenoid",pdsp,Vasopressin V3,,HUMAN,10000.0,"Roth BL, et al., 2002",CLONED
cid:128563,128563,Salvinorin A,"Salvinorin, Terpenoid",pdsp,VASOPRESSIN V1,,HUMAN,10000.0,"Roth BL, et al., 2002",CLONED
cid:128563,128563,Salvinorin A,"Salvinorin, Terpenoid",pdsp,VASOPRESSIN V2,AVPR2,HUMAN,10000.0,"Roth BL, et al., 2002",CLONED
cid:128563,128563,Salvinorin A,"Salvinorin, Terpenoid",pdsp,OPIATE Delta,OPRD1,RAT,5000.0,"Roth BL, et al., 2002",BRAIN
cid:128563,128563,Salvinorin A,"Salvinorin, Terpenoid",pdsp,OPIATE Kappa,OPRK1,GUINEA PIG,4.3,"Roth BL, et al., 2002",BRAIN
cid:128563,128563,Salvinorin A,"Salvinorin, Terpenoid",pdsp,OPIATE Mu,OPRM1,RAT,5000.0,"Roth BL, et al., 2002",BRAIN
cid:128563,128563,Salvinorin A,"Salvinorin, Terpenoid",pdsp,5-HT2B,HTR2B,HUMAN,10000.0,"Roth BL, et al., 2002",CLONED
cid:128563,128563,Salvinorin A,"Salvinorin, Terpenoid",pdsp,5-HT1E,HTR1E,HUMAN,10000.0,"Roth BL, et al., 2002",CLONED
cid:128563,128563,Salvinorin A,"Salvinorin, Terpenoid",pdsp,5-HT1B,HTR1B,HUMAN,10000.0,"Roth BL, et al., 2002",CLONED
cid:128563,128563,Salvinorin A,"Salvinorin, Terpenoid",pdsp,5-HT1D,HTR1D,HUMAN,10000.0,"Roth BL, et al., 2002",CLONED
cid:128563,128563,Salvinorin A,"Salvinorin, Terpenoid",pdsp,adrenergic Alpha1B,ADRA1B,HUMAN,10000.0,"Roth BL, et al., 2002",CLONED
cid:128563,128563,Salvinorin A,"Salvinorin, Terpenoid",pdsp,adrenergic Alpha1A,ADRA1A,HUMAN,10000.0,"Roth BL, et al., 2002",CLONED
cid:128563,128563,Salvinorin A,"Salvinorin, Terpenoid",pdsp,adrenergic Beta2,ADRB2,RAT,10000.0,"Roth BL, et al., 2002",CLONED
cid:128563,128563,Salvinorin A,"Salvinorin, Terpenoid",pdsp,Dopamine Transporter,SLC6A3,BOVINE,10000.0,"Roth BL, et al., 2002",CLONED
cid:128563,128563,Salvinorin A,"Salvinorin, Terpenoid",pdsp,adrenergic Beta1,ADRB1,RAT,10000.0,"Roth BL, et al., 2002",CLONED
cid:128563,128563,Salvinorin A,"Salvinorin, Terpenoid",pdsp,HISTAMINE H1,HRH1,HUMAN,10000.0,"Roth BL, et al., 2002",CLONED
cid:128563,128563,Salvinorin A,"Salvinorin, Terpenoid",pdsp,Glutamate-NMDA-MK801,,RAT,10000.0,"Roth BL, et al., 2002",FOREBRAIN
cid:128563,128563,Salvinorin A,"Salvinorin, Terpenoid",pdsp,Glutamate-NMDA-MK801,,RAT,10000.0,"Roth BL, et al., 2002",FOREBRAIN
cid:128563,128563,Salvinorin A,"Salvinorin, Terpenoid",pdsp,GABA A,,RAT,10000.0,"Roth BL, et al., 2002",FOREBRAIN
cid:128563,128563,Salvinorin A,"Salvinorin, Terpenoid",pdsp,5-HT Transporter,SLC6A4,HUMAN,10000.0,"Roth BL, et al., 2002",CLONED
cid:128563,128563,Salvinorin A,"Salvinorin, Terpenoid",pdsp,"Cholinergic, muscarinic M5",CHRM5,HUMAN,10000.0,"Roth BL, et al., 2002",CLONED
cid:128563,128563,Salvinorin A,"Salvinorin, Terpenoid",pdsp,metabotropic glutamate 1,GRM1,HUMAN,10000.0,"Roth BL, et al., 2002",CLONED
cid:128563,128563,Salvinorin A,"Salvinorin, Terpenoid",pdsp,metabotropic glutamate 5,GRM5,HUMAN,10000.0,"Roth BL, et al., 2002",CLONED
cid:128563,128563,Salvinorin A,"Salvinorin, Terpenoid",pdsp,metabotropic glutamate 2,GRM2,HUMAN,10000.0,"Roth BL, et al., 2002",CLONED
cid:128563,128563,Salvinorin A,"Salvinorin, Terpenoid",pdsp,metabotropic glutamate 4,GRM4,HUMAN,10000.0,"Roth BL, et al., 2002",CLONED
cid:128563,128563,Salvinorin A,"Salvinorin, Terpenoid",pdsp,metabotropic glutamate 6,GRM6,HUMAN,10000.0,"Roth BL, et al., 2002",CLONED
cid:128563,128563,Salvinorin A,"Salvinorin, Terpenoid",pdsp,metabotropic glutamate 8,GRM8,HUMAN,10000.0,"Roth BL, et al., 2002",CLONED
cid:128563,128563,Salvinorin A,"Salvinorin, Terpenoid",pdsp,OPIATE Kappa,OPRK1,HUMAN,7.9,"Wang Y, et. al., 2004",CLONED
cid:128563,128563,Salvinorin A,"Salvinorin, Terpenoid",pdsp,OPIATE Kappa,OPRK1,HUMAN,4.6,"Wang Y, et. al., 2004",CLONED
cid:128563,128563,Salvinorin A,"Salvinorin, Terpenoid",pdsp,OPIATE Kappa,OPRK1,RAT,4.0,"Munro TA, et al, 2004",CLONED
cid:128563,128563,Salvinorin A,"Salvinorin, Terpenoid",pdsp,OPIATE Kappa,OPRK1,HUMAN,31.6,"Yan F, et al., 2005",HEK293 cells
cid:128563,128563,Salvinorin A,"Salvinorin, Terpenoid",pdsp,OPIATE Kappa,OPRK1,HUMAN,45.8,"Yan F, et al., 2005",HEK293 cells
cid:128563,128563,Salvinorin A,"Salvinorin, Terpenoid",pdsp,OPIATE Kappa,OPRK1,UNDEFINED,0.800000011920929,"Ghirmai S et al., 2009",UNDEFINED
cid:128563,128563,Salvinorin A,"Salvinorin, Terpenoid",pdsp,OPIATE Kappa,OPRK1,HUMAN,2.9,"Polepally P, et al., 2014",CLONED
cid:128563,128563,Salvinorin A,"Salvinorin, Terpenoid",pdsp,OPIATE Kappa,OPRK1,HUMAN,0.75,"Bikbulatov, R. et. al., 2007",CLONED
cid:128563,128563,Salvinorin A,"Salvinorin, Terpenoid",pdsp,5-HT1A,HTR1A,HUMAN,10000.0,Ray TS 2010,CLONED
cid:128563,128563,Salvinorin A,"Salvinorin, Terpenoid",pdsp,5-HT1B,HTR1B,HUMAN,10000.0,Ray TS 2010,CLONED
cid:128563,128563,Salvinorin A,"Salvinorin, Terpenoid",pdsp,5-HT1D,HTR1D,HUMAN,10000.0,Ray TS 2010,CLONED
cid:128563,128563,Salvinorin A,"Salvinorin, Terpenoid",pdsp,5-HT1E,HTR1E,HUMAN,10000.0,Ray TS 2010,CLONED
cid:128563,128563,Salvinorin A,"Salvinorin, Terpenoid",pdsp,5-HT2A,HTR2A,HUMAN,10000.0,Ray TS 2010,CLONED
cid:128563,128563,Salvinorin A,"Salvinorin, Terpenoid",pdsp,5-HT2B,HTR2B,HUMAN,10000.0,Ray TS 2010,CLONED
cid:128563,128563,Salvinorin A,"Salvinorin, Terpenoid",pdsp,5-HT2C,HTR2C,HUMAN,10000.0,Ray TS 2010,CLONED
cid:128563,128563,Salvinorin A,"Salvinorin, Terpenoid",pdsp,5-HT5a,HTR5A,HUMAN,10000.0,Ray TS 2010,CLONED
cid:128563,128563,Salvinorin A,"Salvinorin, Terpenoid",pdsp,5-HT6,HTR6,HUMAN,10000.0,Ray TS 2010,CLONED
cid:128563,128563,Salvinorin A,"Salvinorin, Terpenoid",pdsp,5-HT7,HTR7,HUMAN,10000.0,Ray TS 2010,CLONED
cid:128563,128563,Salvinorin A,"Salvinorin, Terpenoid",pdsp,D1,,HUMAN,10000.0,Ray TS 2010,CLONED
cid:128563,128563,Salvinorin A,"Salvinorin, Terpenoid",pdsp,D2,,HUMAN,10000.0,Ray TS 2010,CLONED
cid:128563,128563,Salvinorin A,"Salvinorin, Terpenoid",pdsp,D3,,HUMAN,10000.0,Ray TS 2010,CLONED
cid:128563,128563,Salvinorin A,"Salvinorin, Terpenoid",pdsp,D4,,HUMAN,10000.0,Ray TS 2010,CLONED
cid:128563,128563,Salvinorin A,"Salvinorin, Terpenoid",pdsp,D5,,HUMAN,10000.0,Ray TS 2010,CLONED
cid:128563,128563,Salvinorin A,"Salvinorin, Terpenoid",pdsp,alpha1A,,HUMAN,10000.0,Ray TS 2010,CLONED
cid:128563,128563,Salvinorin A,"Salvinorin, Terpenoid",pdsp,alpha1B,,HUMAN,10000.0,Ray TS 2010,CLONED
cid:128563,128563,Salvinorin A,"Salvinorin, Terpenoid",pdsp,Beta 1,,HUMAN,10000.0,Ray TS 2010,CLONED
cid:128563,128563,Salvinorin A,"Salvinorin, Terpenoid",pdsp,Beta 2,,HUMAN,10000.0,Ray TS 2010,CLONED
cid:128563,128563,Salvinorin A,"Salvinorin, Terpenoid",pdsp,SERT,,HUMAN,10000.0,Ray TS 2010,CLONED
cid:128563,128563,Salvinorin A,"Salvinorin, Terpenoid",pdsp,DAT,,HUMAN,10000.0,Ray TS 2010,CLONED
cid:128563,128563,Salvinorin A,"Salvinorin, Terpenoid",pdsp,DOR,,HUMAN,10000.0,Ray TS 2010,CLONED
cid:128563,128563,Salvinorin A,"Salvinorin, Terpenoid",pdsp,KOR,,HUMAN,4.3,Ray TS 2010,CLONED
cid:128563,128563,Salvinorin A,"Salvinorin, Terpenoid",pdsp,MOR,,HUMAN,10000.0,Ray TS 2010,CLONED
cid:128563,128563,Salvinorin A,"Salvinorin, Terpenoid",pdsp,"Cholinergic, muscarinic M1",CHRM1,HUMAN,10000.0,Ray TS 2010,CLONED
cid:128563,128563,Salvinorin A,"Salvinorin, Terpenoid",pdsp,"Cholinergic, muscarinic M2",CHRM2,HUMAN,10000.0,Ray TS 2010,CLONED
cid:128563,128563,Salvinorin A,"Salvinorin, Terpenoid",pdsp,"Cholinergic, muscarinic M3",CHRM3,HUMAN,10000.0,Ray TS 2010,CLONED
cid:128563,128563,Salvinorin A,"Salvinorin, Terpenoid",pdsp,"Cholinergic, muscarinic M4",CHRM4,HUMAN,10000.0,Ray TS 2010,CLONED
cid:128563,128563,Salvinorin A,"Salvinorin, Terpenoid",pdsp,"Cholinergic, muscarinic M5",CHRM5,HUMAN,10000.0,Ray TS 2010,CLONED
cid:128563,128563,Salvinorin A,"Salvinorin, Terpenoid",pdsp,H1,,HUMAN,10000.0,Ray TS 2010,CLONED
cid:5202,5202,Serotonin,,pdsp,5-HT2C,HTR2C,PIG,4.68,"HOYER & KARPF, 1988",Choroid Plexus
cid:5202,5202,Serotonin,,pdsp,5-HT2C,HTR2C,RAT,7.1,"YAMAMOTO & KEBABIAN, 1989",Choroid Plexus
cid:5202,5202,Serotonin,,pdsp,5-HT2C,HTR2C,PIG,9.5,"TITELER ET AL., 1987",CORTEX
cid:5202,5202,Serotonin,,pdsp,5-HT2C,HTR2C,RAT,15.8,"HOYER ET AL., 1985",CORTEX
cid:5202,5202,Serotonin,,pdsp,5-HT2C,HTR2C,PIG,20.0,"PAZOS ET AL, 1984",Choroid Plexus
cid:5202,5202,Serotonin,,pdsp,5-HT2C,HTR2C,PIG,25.0,"PAZOS ET AL, 1984",Choroid Plexus
cid:5202,5202,Serotonin,,pdsp,5-HT2C,HTR2C,PIG,30.2,"HOYER ET AL., 1986",Choroid Plexus
cid:5202,5202,Serotonin,,pdsp,5-HT2C,HTR2C,PIG,31.6,"HOYER, 1988 or 9 (book)",Choroid Plexus
cid:5202,5202,Serotonin,,pdsp,5-HT2C,HTR2C,PIG,33.1,"HOYER, 1988",Choroid Plexus
cid:5202,5202,Serotonin,,pdsp,5-HT2C,HTR2C,PIG,33.1,"MARKSTEIN ET AL, 1986",Choroid Plexus
cid:5202,5202,Serotonin,,pdsp,5-HT2C,HTR2C,PIG,33.1,"SCHOEFFTER & HOYER, 1989",Choroid Plexus
cid:5202,5202,Serotonin,,pdsp,5-HT2C,HTR2C,PIG,33.1,"HOYER & KARPF, 1988",Choroid Plexus
cid:5202,5202,Serotonin,,pdsp,5-HT2C,HTR2C,PIG,33.1,"ENGEL ET AL, 1986",Choroid Plexus
cid:5202,5202,Serotonin,,pdsp,5-HT2C,HTR2C,PIG,33.1,"HOYER ET AL., 1985",Choroid Plexus
cid:5202,5202,Serotonin,,pdsp,5-HT2C,HTR2C,PIG,33.1,"HOYER ET AL., 1985",Choroid Plexus
cid:5202,5202,Serotonin,,pdsp,5-HT2C,HTR2C,PIG,33.1,"HOYER ET AL., 1989",Choroid Plexus
cid:5202,5202,Serotonin,,pdsp,5-HT2C,HTR2C,PIG,33.1,"SCHLICKER ET AL., 1989",Choroid Plexus
cid:5202,5202,Serotonin,,pdsp,5-HT2C,HTR2C,PIG,40.0,"PAZOS ET AL, 1984",CORTEX
cid:5202,5202,Serotonin,,pdsp,5-HT2C,HTR2C,PIG,81.3,"HOYER ET AL., 1986",Choroid Plexus
cid:5202,5202,Serotonin,,pdsp,5-HT2C,HTR2C,MOUSE,115.0,"YAGALOFF ET AL., 1986",C. PLEXUS TUM
cid:5202,5202,Serotonin,,pdsp,5-HT2C,HTR2C,CANINE,165.0,"NICKLAUS ET AL., 1988",Choroid Plexus
cid:5202,5202,Serotonin,,pdsp,5-HT2C,HTR2C,HUMAN,166.0,"HOYER ET AL., 1986",Choroid Plexus
cid:5202,5202,Serotonin,,pdsp,5-HT2C,HTR2C,RAT,318.0,"YAMAMOTO & KEBABIAN, 1989",Choroid Plexus
cid:5202,5202,Serotonin,,pdsp,5-HT1A,HTR1A,C0S-7,0.27,"RAYMOND ET AL., 1989",CELLS
cid:5202,5202,Serotonin,,pdsp,5-HT1A,HTR1A,RAT,1.0,"HALL ET AL., 1986",HIPPOCAMPUS
cid:5202,5202,Serotonin,,pdsp,5-HT1A,HTR1A,RAT,1.2,"SCHLEGEL & PEROUTKA, 1986",CORTEX
cid:5202,5202,Serotonin,,pdsp,5-HT1A,HTR1A,RAT,1.37,"COSSERY ET AL.,1986",HIPPOCAMPUS
cid:5202,5202,Serotonin,,pdsp,5-HT1A,HTR1A,RAT,1.4,"COSSERY ET AL., 1987",CORTEX
cid:5202,5202,Serotonin,,pdsp,5-HT1A,HTR1A,RAT,1.54,"MORROW ET AL., 1985",HIPPO:LESIONED
cid:5202,5202,Serotonin,,pdsp,5-HT1A,HTR1A,RAT,1.65,"HOYER ET AL., 1985",CORTEX
cid:5202,5202,Serotonin,,pdsp,5-HT1A,HTR1A,HUMAN,1.68,"HOYER ET AL., 1986",CORTEX
cid:5202,5202,Serotonin,,pdsp,5-HT1A,HTR1A,RAT,1.7,"TITELER ET AL., 1987",HIPPOCAMPUS
cid:5202,5202,Serotonin,,pdsp,5-HT1A,HTR1A,HUMAN,1.75,"HOYER ET AL., 1986",HIPPOCAMPUS
cid:5202,5202,Serotonin,,pdsp,5-HT1A,HTR1A,BOVINE,2.0,"PEROUTKA, 1985",HIPPOCAMPUS
cid:5202,5202,Serotonin,,pdsp,5-HT1A,HTR1A,RAT,2.2,"PEROUTKA, 1986",CORTEX
cid:5202,5202,Serotonin,,pdsp,5-HT1A,HTR1A,PIG,2.41,"HOYER ET AL., 1985",CORTEX
cid:5202,5202,Serotonin,,pdsp,5-HT1A,HTR1A,RAT,2.51,"NORMAN ET AL., 1985",CORTEX
cid:5202,5202,Serotonin,,pdsp,5-HT1A,HTR1A,PIG,3.09,"SCHOEFFTER & HOYER, 1989",CORTEX
cid:5202,5202,Serotonin,,pdsp,5-HT1A,HTR1A,PIG,3.09,"SCHOEFFTER AND HOYER,1988",CORTEX
cid:5202,5202,Serotonin,,pdsp,5-HT1A,HTR1A,PIG,3.09,"MARKSTEIN ET AL, 1986",CORTEX
cid:5202,5202,Serotonin,,pdsp,5-HT1A,HTR1A,PIG,3.09,"ENGEL ET AL, 1986",CORTEX
cid:5202,5202,Serotonin,,pdsp,5-HT1A,HTR1A,PIG,3.09,"SCHOEFFTER ET AL., 1989",CORTEX
cid:5202,5202,Serotonin,,pdsp,5-HT1A,HTR1A,RAT,3.2,"Kilpatrick et al., 1989",CORTEX
cid:5202,5202,Serotonin,,pdsp,5-HT1A,HTR1A,PIG,3.31,"SCHLICKER ET AL., 1989",CORTEX
cid:5202,5202,Serotonin,,pdsp,5-HT1A,HTR1A,RAT,3.89,"HALL ET AL., 1985",HIPPOCAMPUS
cid:5202,5202,Serotonin,,pdsp,5-HT1A,HTR1A,RAT,3.89,"SCHOEMAKER AND LANGER., 1986",HIPPOCAMPUS
cid:5202,5202,Serotonin,,pdsp,5-HT1A,HTR1A,BOVINE,4.3,"DOMPERT ET AL., 1985",HIPPOCAMPUS
cid:5202,5202,Serotonin,,pdsp,5-HT1A,HTR1A,RAT,4.78,"GOZLAN ET AL., 1988",HIPPOCAMPUS
cid:5202,5202,Serotonin,,pdsp,5-HT1B,HTR1B,RAT,5.4,"TITELER ET AL., 1987",STRIATUM
cid:5202,5202,Serotonin,,pdsp,5-HT1B,HTR1B,RAT,7.6,"PEROUTKA, 1986",CORTEX
cid:5202,5202,Serotonin,,pdsp,5-HT1B,HTR1B,RAT,9.0,"OFFORD ET AL., 1988",CORTEX
cid:5202,5202,Serotonin,,pdsp,5-HT1B,HTR1B,RAT,23.4,"HOYER ET AL., 1985",CORTEX
cid:5202,5202,Serotonin,,pdsp,5-HT1B,HTR1B,RAT,23.4,"MARKSTEIN ET AL, 1986",CORTEX
cid:5202,5202,Serotonin,,pdsp,5-HT1B,HTR1B,RAT,23.4,"ENGEL ET AL, 1986",CORTEX
cid:5202,5202,Serotonin,,pdsp,5-HT1B,HTR1B,RAT,23.4,"SCHOEFFTER & HOYER, 1989",CORTEX
cid:5202,5202,Serotonin,,pdsp,5-HT1B,HTR1B,RAT,24.5,"HOYER ET AL., 1985",CORTEX
cid:5202,5202,Serotonin,,pdsp,5-HT1B,HTR1B,RAT,24.5,"SCHLICKER ET AL., 1989",CORTEX
cid:5202,5202,Serotonin,,pdsp,5-HT1B,HTR1B,RAT,32.38,"GARRICK ET AL., 1989",STRIATUM
cid:5202,5202,Serotonin,,pdsp,5-HT1D,HTR1D,HUMAN,1.2,"PEROUTKA ET AL., 1989",CORTEX
cid:5202,5202,Serotonin,,pdsp,5-HT1D,HTR1D,RAT,1.8,"HERRICK-DAVIS & TITELER, 198",STRIATUM
cid:5202,5202,Serotonin,,pdsp,5-HT1D,HTR1D,RAT,2.1,"HERRICK-DAVIS & TITELER, 198",CORTEX
cid:5202,5202,Serotonin,,pdsp,5-HT1D,HTR1D,BOVINE,2.14,"PEROUTKA, 1985",STRIATUM
cid:5202,5202,Serotonin,,pdsp,5-HT1D,HTR1D,BOVINE,3.2,"HEURING & PEROUTKA, 1987",STRIATUM
cid:5202,5202,Serotonin,,pdsp,5-HT1D,HTR1D,COW,3.63,"HOYER, 1987",CAUDATE
cid:5202,5202,Serotonin,,pdsp,5-HT1D,HTR1D,CALF,3.63,"SCHOEFFTER & HOYER, 1989b",CAUDATE
cid:5202,5202,Serotonin,,pdsp,5-HT1D,HTR1D,CALF,3.63,"WAEBER ET AL., 1988",CAUDATE
cid:5202,5202,Serotonin,,pdsp,5-HT1D,HTR1D,HUMAN,6.46,"WAEBER ET AL., 1988",CAUDATE
cid:5202,5202,Serotonin,,pdsp,5-HT1D,HTR1D,PIG,11.7,"SCHLICKER ET AL., 1989",CAUDATE
cid:5202,5202,Serotonin,,pdsp,5-HT1D,HTR1D,PIG,11.7,"WAEBER ET AL., 1988",CAUDATE
cid:5202,5202,Serotonin,,pdsp,5-HT1D,HTR1D,CALF,398.0,"HOYER, 1988 or 9 (book)",CAUDATE
cid:5202,5202,Serotonin,,pdsp,5-HT2A,HTR2A,RAT,69.44,"NEALE ET AL., 1987",CORTEX
cid:5202,5202,Serotonin,,pdsp,5-HT2A,HTR2A,RAT,79.4,"HOYER, 1988 (TIPS)",CORTEX
cid:5202,5202,Serotonin,,pdsp,5-HT2A,HTR2A,HUMAN,174.0,"HOYER ET AL., 1987",CORTEX
cid:5202,5202,Serotonin,,pdsp,5-HT2A,HTR2A,RAT,180.0,"BATTAGLIA ET AL., 1983",CORTEX
cid:5202,5202,Serotonin,,pdsp,5-HT2A,HTR2A,PIG,214.0,"HOYER ET AL., 1987",CORTEX
cid:5202,5202,Serotonin,,pdsp,5-HT2A,HTR2A,RAT,320.0,"PAZOS ET AL, 1984",CORTEX
cid:5202,5202,Serotonin,,pdsp,5-HT2A,HTR2A,RAT,510.36,"HOFFMAN ET AL., 1987",CORTEX
cid:5202,5202,Serotonin,,pdsp,5-HT2A,HTR2A,RAT,560.0,"LYON ET AL., 1988",CORTEX
cid:5202,5202,Serotonin,,pdsp,5-HT2A,HTR2A,RAT,560.0,"LYON ET AL., 1988",CORTEX
cid:5202,5202,Serotonin,,pdsp,5-HT2A,HTR2A,RAT,560.06,"TITELER ET AL., 1984",CORTEX
cid:5202,5202,Serotonin,,pdsp,5-HT2A,HTR2A,RAT,562.0,"BATTAGLIA ET AL., 1984",CORTEX
cid:5202,5202,Serotonin,,pdsp,5-HT2A,HTR2A,RAT,608.91,"LEYSEN ET AL., 1978",CORTEX
cid:5202,5202,Serotonin,,pdsp,5-HT2A,HTR2A,RAT,633.96,"HARTIG ET AL., 1983",CORTEX
cid:5202,5202,Serotonin,,pdsp,5-HT2A,HTR2A,RAT,682.0,"CLOSSE, 1983",CORTEX
cid:5202,5202,Serotonin,,pdsp,5-HT2B,HTR2B,BOVINE,750.0,"MCKENNA & PEROUTKA, 1989",CORTEX
cid:5202,5202,Serotonin,,pdsp,5-HT2A,HTR2A,RAT,928.0,"LYON ET AL., 1987",CORTEX
cid:5202,5202,Serotonin,,pdsp,5-HT2A,HTR2A,RAT,930.0,"GLENNON ET AL., 1988",CORTEX
cid:5202,5202,Serotonin,,pdsp,5-HT2A,HTR2A,RAT,1118.38,"KADAN ET AL., 1984",CORTEX
cid:5202,5202,Serotonin,,pdsp,5-HT2A,HTR2A,RAT,1240.61,"WOUTERS ET AL., 1987",CORTEX
cid:5202,5202,Serotonin,,pdsp,5-HT2A,HTR2A,RAT,1679.0,"LYON ET AL., 1986",CORTEX
cid:5202,5202,Serotonin,,pdsp,5-HT2A,HTR2A,RAT,1840.0,"GLASER & TRABER, 1985",CORTEX
cid:5202,5202,Serotonin,,pdsp,5-HT2A,HTR2A,BOVINE,2050.0,"HARTIG ET AL., 1985",CAUDATE
cid:5202,5202,Serotonin,,pdsp,5-HT2A,HTR2A,RAT,2700.0,"PEROUTKA & SNYDER, 1979",CORTEX
cid:5202,5202,Serotonin,,pdsp,5-HT2A,HTR2A,RAT,2912.68,"CREESE & SNYDER, 1978",CORTEX
cid:5202,5202,Serotonin,,pdsp,5-HT2A,HTR2A,RAT,2950.0,"HOYER ET AL., 1985",CORTEX
cid:5202,5202,Serotonin,,pdsp,5-HT2A,HTR2A,RAT,2950.0,"MARKSTEIN ET AL, 1986",CORTEX
cid:5202,5202,Serotonin,,pdsp,5-HT2A,HTR2A,RAT,2950.0,"ENGEL ET AL, 1986",CORTEX
cid:5202,5202,Serotonin,,pdsp,5-HT2A,HTR2A,HUMAN,3170.75,"ANDORN ET AL., 1984",CORTEX
cid:5202,5202,Serotonin,,pdsp,5-HT2A,HTR2A,RAT,4068.66,"FULLER ET AL., 1986",CORTEX
cid:5202,5202,Serotonin,,pdsp,5-HT2A,HTR2A,HUMAN,4396.0,"ELLIOT & KENT, 1989",FR. CORTEX
cid:5202,5202,Serotonin,,pdsp,5-HT3,HTR3A,RAT,39.3,"WONG ET AL., 1989",CORTEX
cid:5202,5202,Serotonin,,pdsp,5-HT3,HTR3A,RAT,71.46,"Kilpatrick et al., 1989",AREA POSTREMA
cid:5202,5202,Serotonin,,pdsp,5-HT3,HTR3A,RAT,72.86,"Kilpatrick et al., 1989",VAGUS NERVE
cid:5202,5202,Serotonin,,pdsp,5-HT3,HTR3A,RAT,121.0,"GIRALDO ET AL., 1989",CORTEX
cid:5202,5202,Serotonin,,pdsp,5-HT3,HTR3A,RAT,128.0,"Kilpatrick et al., 1987",ENTO CORTEX
cid:5202,5202,Serotonin,,pdsp,5-HT3,HTR3A,RAT,130.0,"MILBURN & PEROUTKA, 1989",CORTEX
cid:5202,5202,Serotonin,,pdsp,5-HT3,HTR3A,RAT,134.23,"WATLING ET AL., 1988",CORTEX
cid:5202,5202,Serotonin,,pdsp,5-HT3,HTR3A,RAT,160.0,"NELSON & THOMAS, 1989",CORTEX
cid:5202,5202,Serotonin,,pdsp,5-HT3,HTR3A,RAT,160.0,"PEROUTKA, 1988",CORTEX
cid:5202,5202,Serotonin,,pdsp,5-HT3,HTR3A,PIG,160.0,"PEROUTKA, 1988",CORTEX
cid:5202,5202,Serotonin,,pdsp,5-HT3,HTR3A,RAT,190.0,"PEROUTKA & HAMIK, 1988",CORTEX
cid:5202,5202,Serotonin,,pdsp,5-HT3,HTR3A,N1E-115,380.0,"HOYER & NEIJT, 1988",CELLS
cid:5202,5202,Serotonin,,pdsp,5-HT3,HTR3A,HUMAN,427.0,"BARNES ET AL., 1989",AMYGDALA
cid:5202,5202,Serotonin,,pdsp,5-HT3,HTR3A,RAT,642.0,"BARNES ET AL., 1988",ENTO CORTEX
cid:5202,5202,Serotonin,,pdsp,5-HT3,HTR3A,HUMAN,759.0,"BARNES ET AL., 1988",AMYGDALA
cid:5202,5202,Serotonin,,pdsp,5-HT3,HTR3A,NG,891.0,"HOYER & NEIJT, 1987",NG108-15
cid:5202,5202,Serotonin,,pdsp,5-HT3,HTR3A,NG,912.0,"NEIJT ET AL, 1988",NG108-15
cid:5202,5202,Serotonin,,pdsp,5-HT3,HTR3A,HUMAN,1550.0,"BARNES ET AL., 1989",HIPPOCAMPUS
cid:5202,5202,Serotonin,,pdsp,5-HT3,HTR3A,HUMAN,2090.0,"BARNES ET AL., 1988",HIPPOCAMPUS
cid:5202,5202,Serotonin,,pdsp,DOPAMINE D1,DRD1,HUMAN,10000.0,"TOLL L, et. al., 1998",CLONED
cid:5202,5202,Serotonin,,pdsp,DOPAMINE D2,DRD2,HUMAN,10000.0,"TOLL L, et. al., 1998",CLONED
cid:5202,5202,Serotonin,,pdsp,5-HT1A,HTR1A,HUMAN,1.3,"TOLL L, et. al., 1998",CLONED
cid:5202,5202,Serotonin,,pdsp,5-HT2A,HTR2A,RAT,96.0,"TOLL L, et. al., 1998",CLONED
cid:5202,5202,Serotonin,,pdsp,5-HT2C,HTR2C,RAT,44.0,"TOLL L, et. al., 1998",CLONED
cid:5202,5202,Serotonin,,pdsp,5-HT3,HTR3A,MOUSE,292.0,"TOLL L, et. al., 1998",NG108-15
cid:5202,5202,Serotonin,,pdsp,5-HT5a,HTR5A,MOUSE,1100.0,"WEISS HM, ET AL., 1995",CLONED
cid:5202,5202,Serotonin,,pdsp,5-HT6,HTR6,RAT,234.42,"BOESS FG, ET AL., 1996",CLONED
cid:5202,5202,Serotonin,,pdsp,5-HT6,HTR6,RAT,12.58,"BOESS FG, ET AL., 1996",CLONED
cid:5202,5202,Serotonin,,pdsp,5-HT4L,HTR4,MOUSE,56.23,"CLAEYSEN S, ET AL., 1996",CLONED
cid:5202,5202,Serotonin,,pdsp,5-HT4L,HTR4,MOUSE,79.43,"CLAEYSEN S, ET AL., 1996",Colliculus Neurons
cid:5202,5202,Serotonin,,pdsp,5-HT4S,HTR4,RAT,199.52,"BONHAUS DW, ET AL., 1997",CLONED
cid:5202,5202,Serotonin,,pdsp,5-HT4S,HTR4,RAT,125.89,"BONHAUS DW, ET AL., 1997",CLONED
cid:5202,5202,Serotonin,,pdsp,5-HT4S,HTR4,RAT,7.94,"BONHAUS DW, ET AL., 1997",CLONED
cid:5202,5202,Serotonin,,pdsp,5-HT1D,HTR1D,HUMAN,8.9,"HAMBLIN AND METCALF, 1991",CLONED
cid:5202,5202,Serotonin,,pdsp,5-HT1D,HTR1D,HUMAN,2.1,"HAMBLIN AND METCALF, 1991",CLONED
cid:5202,5202,Serotonin,,pdsp,5-HT1B,HTR1B,HUMAN,0.59,"HAMBLIN MW, ET AL., 1992",CLONED
cid:5202,5202,Serotonin,,pdsp,5-HT6,HTR6,RAT,151.0,"MONSMA FJ Jr. ET AL., 1993",CLONED
cid:5202,5202,Serotonin,,pdsp,5-HT6,HTR6,RAT,56.0,"MONSMA FJ Jr. ET AL., 1993",CLONED
cid:5202,5202,Serotonin,,pdsp,5-HT7,HTR7,RAT,1.83,"SHEN Y, ET AL., 1993",CLONED
cid:5202,5202,Serotonin,,pdsp,5-HT7,HTR7,RAT,1.52,"SHEN Y, ET AL., 1993",CLONED
cid:5202,5202,Serotonin,,pdsp,5-HT6,HTR6,HUMAN,65.0,"KOHEN R, ET AL., 1996",CLONED
cid:5202,5202,Serotonin,,pdsp,5-HT1B,HTR1B,RAT,0.58,"HAMBLIN MW, ET AL., 5/1992",CLONED
cid:5202,5202,Serotonin,,pdsp,5-HT1D,HTR1D,RAT,2.5,"HAMBLIN MW, ET AL., 5/1992",CLONED
cid:5202,5202,Serotonin,,pdsp,Dopamine Transporter,SLC6A3,HUMAN,10000.0,"PRISTUPA ZB, ET AL., 1994",CLONED
cid:5202,5202,Serotonin,,pdsp,Dopamine Transporter,SLC6A3,HUMAN,10000.0,"PRISTUPA ZB, ET AL., 1994",CLONED
cid:5202,5202,Serotonin,,pdsp,Dopamine Transporter,SLC6A3,HUMAN,10000.0,"PRISTUPA ZB, ET AL., 1994",CLONED
cid:5202,5202,Serotonin,,pdsp,Dopamine Transporter,SLC6A3,HUMAN,10000.0,"PRISTUPA ZB, ET AL., 1994",CLONED
cid:5202,5202,Serotonin,,pdsp,5-HT1B,HTR1B,HUMAN,3.9,"WEINSHANK RL, ET AL., 1992",CLONED
cid:5202,5202,Serotonin,,pdsp,5-HT1D,HTR1D,HUMAN,4.3,"WEINSHANK RL, ET AL., 1992",CLONED
cid:5202,5202,Serotonin,,pdsp,5-HT1D,HTR1D,BOVINE,4.0,"WEINSHANK RL, ET AL., 1992",CLONED
cid:5202,5202,Serotonin,,pdsp,5-HT2C,HTR2C,RAT,11.0,"HERRICK-DAVIS K, ET AL., 1998",CLONED
cid:5202,5202,Serotonin,,pdsp,5-HT2C,HTR2C,RAT,159.0,"HERRICK-DAVIS K, ET AL., 1998",CLONED
cid:5202,5202,Serotonin,,pdsp,5-HT4,HTR4,MOUSE,79.43,"ANSANAY H, ET AL.,1996",Colliculus Neurons
cid:5202,5202,Serotonin,,pdsp,5-HT4,HTR4,MOUSE,79.43,"ANSANAY H, ET AL.,1996",Colliculus Neurons
cid:5202,5202,Serotonin,,pdsp,5-HT4,HTR4,HUMAN,316.22,"ANSANAY H, ET AL.,1996",CAUDATE
cid:5202,5202,Serotonin,,pdsp,5-HT4,HTR4,GUINEA PIG,50.11,"ANSANAY H, ET AL.,1996",STRIATUM
cid:5202,5202,Serotonin,,pdsp,5-HT2A,HTR2A,RAT,120.22,"BONHAUS DW, ET AL., 1997",CLONED
cid:5202,5202,Serotonin,,pdsp,5-HT2C,HTR2C,RAT,87.09,"BONHAUS DW, ET AL., 1997",CLONED
cid:5202,5202,Serotonin,,pdsp,5-HT2A,HTR2A,HUMAN,218.77,"BONHAUS DW, ET AL., 1997",CLONED
cid:5202,5202,Serotonin,,pdsp,5-HT2B,HTR2B,HUMAN,1.17,"BONHAUS DW, ET AL., 1997",CLONED
cid:5202,5202,Serotonin,,pdsp,5-HT2C,HTR2C,HUMAN,56.23,"BONHAUS DW, ET AL., 1997",CLONED
cid:5202,5202,Serotonin,,pdsp,5-HT5a,HTR5A,RAT,1333.0,"ERLANDER MG, ET AL., 1993",CLONED
cid:5202,5202,Serotonin,,pdsp,5-HT5B,,RAT,239.0,"ERLANDER MG, ET AL., 1993",CLONED
cid:5202,5202,Serotonin,,pdsp,5-HT5B,,RAT,7.8,"WISDEN W,  ET AL., 1993",CLONED
cid:5202,5202,Serotonin,,pdsp,5-HT7,HTR7,RAT,0.6,"RUAT M, ET AL., 1993",CLONED
cid:5202,5202,Serotonin,,pdsp,5-HT4,HTR4,RAT,6.3,"Adham N, et alL., 1996",CLONED
cid:5202,5202,Serotonin,,pdsp,5-HT4,HTR4,RAT,145.0,"Adham N, et alL., 1996",CLONED
cid:5202,5202,Serotonin,,pdsp,5-HT2A,HTR2A,HUMAN,63.09,"BONHAUS DW, ET AL., 1995",CLONED
cid:5202,5202,Serotonin,,pdsp,5-HT2A,HTR2A,HUMAN,199.52,"BONHAUS DW, ET AL., 1995",CORTEX
cid:5202,5202,Serotonin,,pdsp,5-HT2A,HTR2A,RAT,125.89,"BONHAUS DW, ET AL., 1995",CLONED
cid:5202,5202,Serotonin,,pdsp,5-HT2B,HTR2B,HUMAN,0.79,"BONHAUS DW, ET AL., 1995",CLONED
cid:5202,5202,Serotonin,,pdsp,5-HT2B,HTR2B,RAT,10.0,"BONHAUS DW, ET AL., 1995",CLONED
cid:5202,5202,Serotonin,,pdsp,5-HT4,HTR4,HUMAN,125.89,"Van den Wyngaert I, et al., 1997",CLONED
cid:5202,5202,Serotonin,,pdsp,5-HT4,HTR4,GUINEA PIG,39.81,"Van den Wyngaert I, et al., 1997",STRIATUM
cid:5202,5202,Serotonin,,pdsp,5-HT4,HTR4,HUMAN,316.22,"Van den Wyngaert I, et al., 1997",BRAIN
cid:5202,5202,Serotonin,,pdsp,5-HT4,HTR4,RAT,158.48,"Van den Wyngaert I, et al., 1997",CLONED
cid:5202,5202,Serotonin,,pdsp,5-HT4a,,HUMAN,772.0,"BLONDEL O, ET AL., 1998",CLONED
cid:5202,5202,Serotonin,,pdsp,5-HT4b,,HUMAN,1151.0,"BLONDEL O, ET AL., 1998",CLONED
cid:5202,5202,Serotonin,,pdsp,5-HT4c,,HUMAN,481.9,"BLONDEL O, ET AL., 1998",CLONED
cid:5202,5202,Serotonin,,pdsp,5-HT4d,,HUMAN,330.0,"BLONDEL O, ET AL., 1998",CLONED
cid:5202,5202,Serotonin,,pdsp,5-HT2B,HTR2B,HUMAN,9.46,"WAINSCOTT DB, ET AL., 1996",CLONED
cid:5202,5202,Serotonin,,pdsp,5-HT2B,HTR2B,RAT,11.3,"WAINSCOTT DB, ET AL., 1996",CLONED
cid:5202,5202,Serotonin,,pdsp,5-HT2A,HTR2A,HUMAN,7.77,"WAINSCOTT DB, ET AL., 1996",CLONED
cid:5202,5202,Serotonin,,pdsp,5-HT2C,HTR2C,HUMAN,15.5,"WAINSCOTT DB, ET AL., 1996",CLONED
cid:5202,5202,Serotonin,,pdsp,5-HT2B,HTR2B,HUMAN,9.8,"KURSAR JD, ET AL., 1994",CLONED
cid:5202,5202,Serotonin,,pdsp,5-HT2B,HTR2B,RAT,10.2,"KURSAR JD, ET AL., 1994",CLONED
cid:5202,5202,Serotonin,,pdsp,5-HT4L,HTR4,RAT,145.0,"GERALD C, ET AL., 1995",CLONED
cid:5202,5202,Serotonin,,pdsp,5-HT4S,HTR4,HUMAN,56.23,"CLAEYSEN S, ET AL., 1997",CLONED
cid:5202,5202,Serotonin,,pdsp,5-HT4S,HTR4,RAT,38.9,"CLAEYSEN S, ET AL., 1997",CLONED
cid:5202,5202,Serotonin,,pdsp,5-HT4,HTR4,GUINEA PIG,50.11,"GROSSMAN CJ, ET AL., 1993",STRIATUM
cid:5202,5202,Serotonin,,pdsp,5-HT4,HTR4,GUINEA PIG,79.43,"GROSSMAN CJ, ET AL., 1993",HIPPOCAMPUS
cid:5202,5202,Serotonin,,pdsp,5-HT7,HTR7,GUINEA PIG,0.25,"TO ZP, ET AL., 1995",CLONED
cid:5202,5202,Serotonin,,pdsp,5-HT7,HTR7,GUINEA PIG,1.34,"TO ZP, ET AL., 1995",CORTEX
cid:5202,5202,Serotonin,,pdsp,5-HT3,HTR3A,GUINEA PIG,495.0,"BONHAUS DW, ET AL., 1993",NG108-15
cid:5202,5202,Serotonin,,pdsp,5-HT3,HTR3A,GUINEA PIG,10000.0,"BONHAUS DW, ET AL., 1993",NG108-15
cid:5202,5202,Serotonin,,pdsp,5-HT3,HTR3A,GUINEA PIG,10000.0,"BONHAUS DW, ET AL., 1993",CLONED
cid:5202,5202,Serotonin,,pdsp,5-HT3,HTR3A,RAT,501.0,"BONHAUS DW, ET AL., 1993",CLONED
cid:5202,5202,Serotonin,,pdsp,5-HT5a,HTR5A,MOUSE,251.18,"Matthes H, et.al., 1993",CLONED
cid:5202,5202,Serotonin,,pdsp,5-HT5B,,MOUSE,251.18,"Matthes H, et.al., 1993",CLONED
cid:5202,5202,Serotonin,,pdsp,5-HT7,HTR7,HUMAN,8.1,"BARD JA, ET AL., 1993",CLONED
cid:5202,5202,Serotonin,,pdsp,5-HT6,HTR6,HUMAN,56.0,"BARD JA, ET AL., 1993",CLONED
cid:5202,5202,Serotonin,,pdsp,5-HT6,HTR6,MOUSE,39.81,"UNSWORTH CD, ET AL.,1994",CLONED
cid:5202,5202,Serotonin,,pdsp,5-HT7b,,HUMAN,0.38,"JASPER JR,ET AL.,",CLONED
cid:5202,5202,Serotonin,,pdsp,5-HT7,HTR7,GUINEA PIG,1.0,"TSOU AP, ET AL., 1994",CLONED
cid:5202,5202,Serotonin,,pdsp,5-HT6,HTR6,RAT,151.0,"SEBBEN M, ET AL., 1994",CLONED
cid:5202,5202,Serotonin,,pdsp,5-HT7,HTR7,Mammalian,0.6,"SEBBEN M, ET AL., 1994",CLONED
cid:5202,5202,Serotonin,,pdsp,5-HT6,HTR6,MOUSE,5.01,"PLASSAT JL, ET AL., 1993",CLONED
cid:5202,5202,Serotonin,,pdsp,5-HT1E,HTR1E,HUMAN,11.0,"ZGOMBICK JM, ET AL., 1992",CLONED
cid:5202,5202,Serotonin,,pdsp,5-HT1F,HTR1F,HUMAN,10.0,"Adham N, et al., 1992",CLONED
cid:5202,5202,Serotonin,,pdsp,5-HT1E,HTR1E,HUMAN,3.5,"LEONHARDT S, ET AL., 1989",CORTEX
cid:5202,5202,Serotonin,,pdsp,5-HT1D,HTR1D,BOVINE,1.9,"LEONHARDT S, ET AL., 1989",STRIATUM
cid:5202,5202,Serotonin,,pdsp,5-HT1E,HTR1E,RAT,7.0,"LOVENBERG TW, ET AL., 1993",CLONED
cid:5202,5202,Serotonin,,pdsp,5-HT4hb,,HUMAN,316.22,"Bender E, et al., 2000",CLONED
cid:5202,5202,Serotonin,,pdsp,5-HT4a,,HUMAN,125.89,"Bender E, et al., 2000",CLONED
cid:5202,5202,Serotonin,,pdsp,5-HT4b,,HUMAN,251.18,"Bender E, et al., 2000",CLONED
cid:5202,5202,Serotonin,,pdsp,Melatonin 1B,MTNR1B,HUMAN,10000.0,"Reppert, Godson, Mahle, Weaver, Slaugenhaupt, 1995",CLONED
cid:5202,5202,Serotonin,,pdsp,Melatonin 1A,MTNR1A,HUMAN,10000.0,"Reppert, Godson, Mahle, Weaver, Slaugenhaupt, 1995",CLONED
cid:5202,5202,Serotonin,,pdsp,5-HT1A,HTR1A,RAT,0.12,"Owens MJ, et al, 1997",HIPPOCAMPUS
cid:5202,5202,Serotonin,,pdsp,Melatonin,,Sheep,10000.0,"Reppert SM, Weaver DR, Ebisawa, 1994",CLONED
cid:5202,5202,Serotonin,,pdsp,Melatonin,,HUMAN,10000.0,"Reppert SM, Weaver DR, Ebisawa, 1994",CLONED
cid:5202,5202,Serotonin,,pdsp,5-HT1B,HTR1B,RAT,2.6,"Schotte A, et al.,  1996",STRIATUM
cid:5202,5202,Serotonin,,pdsp,5-HT1E,HTR1E,HUMAN,2.3,"Schotte A, et al.,  1996",CLONED
cid:5202,5202,Serotonin,,pdsp,5-HT1F,HTR1F,HUMAN,10.0,"Schotte A, et al.,  1996",CLONED
cid:5202,5202,Serotonin,,pdsp,5-HT1A,HTR1A,HUMAN,0.72,"Cusack, B et al., 1993",BRAIN
cid:5202,5202,Serotonin,,pdsp,5-HT1B,HTR1B,GUINEA PIG,2.51,"Millan MJ, et al., 2000",STRIATUM
cid:5202,5202,Serotonin,,pdsp,5-HT1B,HTR1B,HUMAN,7.94,"Price GW, et al., 1997",CLONED
cid:5202,5202,Serotonin,,pdsp,5-HT1D,HTR1D,HUMAN,3.98,"Price GW, et al., 1997",CLONED
cid:5202,5202,Serotonin,,pdsp,5-HT1D,HTR1D,HUMAN,3.4,"Domenech T, et al., 1997",CLONED
cid:5202,5202,Serotonin,,pdsp,5-HT1B,HTR1B,HUMAN,38.0,"Domenech T, et al., 1997",CLONED
cid:5202,5202,Serotonin,,pdsp,5-HT1B,HTR1B,HUMAN,9.0,"Domenech T, et al., 1997",S. Nigra
cid:5202,5202,Serotonin,,pdsp,5-HT1B,HTR1B,HUMAN,4.07,"Selkirk JV, et al., 1998",CLONED
cid:5202,5202,Serotonin,,pdsp,5-HT1D,HTR1D,HUMAN,3.38,"Selkirk JV, et al., 1998",CLONED
cid:5202,5202,Serotonin,,pdsp,DOPAMINE D1,DRD1,CANINE,10000.0,"NICKLAUS ET AL., 1988",Choroid Plexus
cid:5202,5202,Serotonin,,pdsp,adrenergic Alpha2,,RAT,10000.0,"Boyajian CL, et al., 1987",BRAIN
cid:5202,5202,Serotonin,,pdsp,5-HT1B,HTR1B,RAT,14.0,"Matsumoto I, et al., 1992",Spinal cord
cid:5202,5202,Serotonin,,pdsp,DOPAMINE D2,DRD2,RAT,10000.0,"Levant B, et al., 1992",BRAIN
cid:5202,5202,Serotonin,,pdsp,DOPAMINE D1,DRD1,RAT,10000.0,"Billard W, et al., 1984",STRIATUM
cid:5202,5202,Serotonin,,pdsp,DOPAMINE D2,DRD2,RAT,1655.0,"Billard W, et al., 1984",STRIATUM
cid:5202,5202,Serotonin,,pdsp,adrenergic Alpha2,,RAT,10000.0,"Boyajian CL, et al., 1987",BRAIN
cid:5202,5202,Serotonin,,pdsp,5-HT2,,RAT,710.0,"Battaglia G, et al., 1983",FR. CORTEX
cid:5202,5202,Serotonin,,pdsp,5-HT2,,RAT,270.0,"Battaglia G, et al., 1983",FR. CORTEX
cid:5202,5202,Serotonin,,pdsp,5-HT2,,RAT,83.0,"Battaglia G, et al., 1983",FR. CORTEX
cid:5202,5202,Serotonin,,pdsp,adrenergic Beta,ADRB2,Mammalian,10000.0,"Bylund DB, et al., 1976",BRAIN
cid:5202,5202,Serotonin,,pdsp,5-HT2A,HTR2A,RAT,614.0,"Rothman RB, et al, 2000",CLONED
cid:5202,5202,Serotonin,,pdsp,5-HT2B,HTR2B,HUMAN,4.0,"Rothman RB, et al, 2000",CLONED
cid:5202,5202,Serotonin,,pdsp,5-HT2C,HTR2C,RAT,12.2,"Rothman RB, et al, 2000",CLONED
cid:5202,5202,Serotonin,,pdsp,5-HT1A,HTR1A,HUMAN,166.0,"Gettys TW, et al., 1994",CLONED
cid:5202,5202,Serotonin,,pdsp,DOPAMINE D1,DRD1,BOVINE,10000.0,"Simonneaux V., et. At., 1990",Pineal
cid:5202,5202,Serotonin,,pdsp,5-HT2,,RAT,2955.0,"Nelson et al., 1993",BRAIN
cid:5202,5202,Serotonin,,pdsp,5-HT2,,HUMAN,656.0,"Nelson et al., 1993",CLONED
cid:5202,5202,Serotonin,,pdsp,5-HT1A,HTR1A,HUMAN,0.26,"BOESS FG, ET AL., 1994",CLONED
cid:5202,5202,Serotonin,,pdsp,5-HT1A,HTR1A,HUMAN,1.25,"BOESS FG, ET AL., 1994",CLONED
cid:5202,5202,Serotonin,,pdsp,5-HT1A,HTR1A,HUMAN,12.58,"BOESS FG, ET AL., 1994",CLONED
cid:5202,5202,Serotonin,,pdsp,5-HT1A,HTR1A,HUMAN,0.79,"BOESS FG, ET AL., 1994",CLONED
cid:5202,5202,Serotonin,,pdsp,5-HT1A,HTR1A,HUMAN,3.98,"BOESS FG, ET AL., 1994",CLONED
cid:5202,5202,Serotonin,,pdsp,5-HT1A,HTR1A,HUMAN,3.98,"BOESS FG, ET AL., 1994",CLONED
cid:5202,5202,Serotonin,,pdsp,5-HT1A,HTR1A,HUMAN,102.32,"BOESS FG, ET AL., 1994",CLONED
cid:5202,5202,Serotonin,,pdsp,5-HT1D,HTR1D,HUMAN,8.91,"BOESS FG, ET AL., 1994",CLONED
cid:5202,5202,Serotonin,,pdsp,5-HT1D,HTR1D,HUMAN,2.08,"BOESS FG, ET AL., 1994",CLONED
cid:5202,5202,Serotonin,,pdsp,5-HT1D,HTR1D,HUMAN,3.89,"BOESS FG, ET AL., 1994",CLONED
cid:5202,5202,Serotonin,,pdsp,5-HT1D,HTR1D,Dog,15.84,"BOESS FG, ET AL., 1994",CLONED
cid:5202,5202,Serotonin,,pdsp,5-HT1D,HTR1D,Dog,5.01,"BOESS FG, ET AL., 1994",CLONED
cid:5202,5202,Serotonin,,pdsp,5-HT1D,HTR1D,RAT,2.51,"BOESS FG, ET AL., 1994",CLONED
cid:5202,5202,Serotonin,,pdsp,5-HT1B,HTR1B,HUMAN,4.26,"BOESS FG, ET AL., 1994",CLONED
cid:5202,5202,Serotonin,,pdsp,5-HT1B,HTR1B,HUMAN,1.09,"BOESS FG, ET AL., 1994",CLONED
cid:5202,5202,Serotonin,,pdsp,5-HT1B,HTR1B,HUMAN,3.98,"BOESS FG, ET AL., 1994",CLONED
cid:5202,5202,Serotonin,,pdsp,5-HT1B,HTR1B,HUMAN,0.57,"BOESS FG, ET AL., 1994",CLONED
cid:5202,5202,Serotonin,,pdsp,5-HT1B,HTR1B,HUMAN,15.84,"BOESS FG, ET AL., 1994",CLONED
cid:5202,5202,Serotonin,,pdsp,5-HT1B,HTR1B,RAT,15.84,"BOESS FG, ET AL., 1994",CLONED
cid:5202,5202,Serotonin,,pdsp,5-HT1B,HTR1B,RAT,5.24,"BOESS FG, ET AL., 1994",CLONED
cid:5202,5202,Serotonin,,pdsp,5-HT1B,HTR1B,MOUSE,39.81,"BOESS FG, ET AL., 1994",CLONED
cid:5202,5202,Serotonin,,pdsp,5-HT1E,HTR1E,HUMAN,10.96,"BOESS FG, ET AL., 1994",CLONED
cid:5202,5202,Serotonin,,pdsp,5-HT1E,HTR1E,HUMAN,7.24,"BOESS FG, ET AL., 1994",CLONED
cid:5202,5202,Serotonin,,pdsp,5-HT1E,HTR1E,HUMAN,6.16,"BOESS FG, ET AL., 1994",CLONED
cid:5202,5202,Serotonin,,pdsp,5-HT1F,HTR1F,HUMAN,10.0,"BOESS FG, ET AL., 1994",CLONED
cid:5202,5202,Serotonin,,pdsp,5-HT1F,HTR1F,MOUSE,125.89,"BOESS FG, ET AL., 1994",CLONED
cid:5202,5202,Serotonin,,pdsp,5-HT1F,HTR1F,RAT,67.6,"BOESS FG, ET AL., 1994",CLONED
cid:5202,5202,Serotonin,,pdsp,5-HT2A,HTR2A,RAT,251.18,"BOESS FG, ET AL., 1994",CLONED
cid:5202,5202,Serotonin,,pdsp,5-HT2A,HTR2A,RAT,478.63,"BOESS FG, ET AL., 1994",CLONED
cid:5202,5202,Serotonin,,pdsp,5-HT2A,HTR2A,RAT,707.94,"BOESS FG, ET AL., 1994",CLONED
cid:5202,5202,Serotonin,,pdsp,5-HT2A,HTR2A,RAT,5.75,"BOESS FG, ET AL., 1994",CLONED
cid:5202,5202,Serotonin,,pdsp,5-HT2A,HTR2A,RAT,1.99,"BOESS FG, ET AL., 1994",CLONED
cid:5202,5202,Serotonin,,pdsp,5-HT2A,HTR2A,HUMAN,12.02,"BOESS FG, ET AL., 1994",CLONED
cid:5202,5202,Serotonin,,pdsp,5-HT2A,HTR2A,HUMAN,602.55,"BOESS FG, ET AL., 1994",CLONED
cid:5202,5202,Serotonin,,pdsp,5-HT2B,HTR2B,RAT,28.18,"BOESS FG, ET AL., 1994",CLONED
cid:5202,5202,Serotonin,,pdsp,5-HT2B,HTR2B,RAT,10.23,"BOESS FG, ET AL., 1994",CLONED
cid:5202,5202,Serotonin,,pdsp,5-HT2B,HTR2B,MOUSE,1258.92,"BOESS FG, ET AL., 1994",CLONED
cid:5202,5202,Serotonin,,pdsp,5-HT2C,HTR2C,RAT,0.7,"BOESS FG, ET AL., 1994",CLONED
cid:5202,5202,Serotonin,,pdsp,5-HT2C,HTR2C,RAT,22.9,"BOESS FG, ET AL., 1994",CLONED
cid:5202,5202,Serotonin,,pdsp,5-HT3,HTR3A,MOUSE,269.15,"BOESS FG, ET AL., 1994",CLONED
cid:5202,5202,Serotonin,,pdsp,5-HT4,HTR4,GUINEA PIG,50.11,"BOESS FG, ET AL., 1994",STRIATUM
cid:5202,5202,Serotonin,,pdsp,5-HT4,HTR4,GUINEA PIG,79.43,"BOESS FG, ET AL., 1994",HIPPOCAMPUS
cid:5202,5202,Serotonin,,pdsp,5-HT5a,HTR5A,MOUSE,251.18,"BOESS FG, ET AL., 1994",CLONED
cid:5202,5202,Serotonin,,pdsp,5-HT5a,HTR5A,MOUSE,251.18,"BOESS FG, ET AL., 1994",CLONED
cid:5202,5202,Serotonin,,pdsp,5-HT5a,HTR5A,RAT,239.88,"BOESS FG, ET AL., 1994",CLONED
cid:5202,5202,Serotonin,,pdsp,5-HT5B,,MOUSE,251.18,"BOESS FG, ET AL., 1994",CLONED
cid:5202,5202,Serotonin,,pdsp,5-HT5B,,RAT,1318.25,"BOESS FG, ET AL., 1994",CLONED
cid:5202,5202,Serotonin,,pdsp,5-HT5B,,RAT,7.76,"BOESS FG, ET AL., 1994",CLONED
cid:5202,5202,Serotonin,,pdsp,5-HT6,HTR6,RAT,151.35,"BOESS FG, ET AL., 1994",CLONED
cid:5202,5202,Serotonin,,pdsp,5-HT6,HTR6,RAT,56.23,"BOESS FG, ET AL., 1994",CLONED
cid:5202,5202,Serotonin,,pdsp,5-HT7,HTR7,RAT,1.81,"BOESS FG, ET AL., 1994",CLONED
cid:5202,5202,Serotonin,,pdsp,5-HT7,HTR7,RAT,1.51,"BOESS FG, ET AL., 1994",CLONED
cid:5202,5202,Serotonin,,pdsp,5-HT7,HTR7,RAT,25.11,"BOESS FG, ET AL., 1994",CLONED
cid:5202,5202,Serotonin,,pdsp,5-HT7,HTR7,MOUSE,5.01,"BOESS FG, ET AL., 1994",CLONED
cid:5202,5202,Serotonin,,pdsp,5-HT7,HTR7,HUMAN,8.12,"BOESS FG, ET AL., 1994",CLONED
cid:5202,5202,Serotonin,,pdsp,5-HT7,HTR7,RAT,0.6,"BOESS FG, ET AL., 1994",CLONED
cid:5202,5202,Serotonin,,pdsp,5-HT7,HTR7,RAT,4.89,"BOESS FG, ET AL., 1994",CLONED
cid:5202,5202,Serotonin,,pdsp,5-HT1B,HTR1B,RAT,3.01,"BOESS FG, ET AL., 1994",CLONED
cid:5202,5202,Serotonin,,pdsp,5-HT1B,HTR1B,RAT,0.57,"BOESS FG, ET AL., 1994",CLONED
cid:5202,5202,Serotonin,,pdsp,5-HT1F,HTR1F,HUMAN,10000.0,"BOESS FG, ET AL., 1994",CLONED
cid:5202,5202,Serotonin,,pdsp,5-HT7,HTR7,RAT,5.0,"Lovenberg TW, et al., 1993a",CLONED
cid:5202,5202,Serotonin,,pdsp,5-HT1A,HTR1A,RAT,134.0,"Lovenberg TW, et al., 1993a",CLONED
cid:5202,5202,Serotonin,,pdsp,5-HT1A,HTR1A,HUMAN,3.98,"Sundaram H, et al., 1993",CLONED
cid:5202,5202,Serotonin,,pdsp,5-HT1A,HTR1A,HUMAN,102.3,"Sundaram H, et al., 1993",CLONED
cid:5202,5202,Serotonin,,pdsp,5-HT5,,MOUSE,251.18,"Plassat JL, et al., 1992",CLONED
cid:5202,5202,Serotonin,,pdsp,DOPAMINE D5,DRD5,HUMAN,3000.0,"Sunahara RK, et al., 1991",CLONED
cid:5202,5202,Serotonin,,pdsp,DOPAMINE D1,DRD1,HUMAN,9690.0,"Sunahara RK, et al., 1991",CLONED
cid:5202,5202,Serotonin,,pdsp,TA1,TRAR1,HUMAN,6000.0,"Borowsky B, et al.,2001",CLONED
cid:5202,5202,Serotonin,,pdsp,5-HT4a,,HUMAN,158.5,"Bach T, et al., 2001",CLONED
cid:5202,5202,Serotonin,,pdsp,5-HT4b,,HUMAN,100.0,"Bach T, et al., 2001",CLONED
cid:5202,5202,Serotonin,,pdsp,5-HT2C,HTR2C,HUMAN,2.9,"Richelson E, Souder T. 2000",BRAIN
cid:5202,5202,Serotonin,,pdsp,Dopamine2-like,,HUMAN,10000.0,"Seeman P et al,1997b",STRIATUM
cid:5202,5202,Serotonin,,pdsp,Dopamine2-like,,RAT,10000.0,"Seeman P et al,1997b",STRIATUM
cid:5202,5202,Serotonin,,pdsp,Adrenergic Alpha,,RAT,10000.0,"U'Prichard DC et al., 1977",BRAIN
cid:5202,5202,Serotonin,,pdsp,Adrenergic Alpha,,RAT,10000.0,"U'Prichard DC et al., 1977",BRAIN
cid:5202,5202,Serotonin,,pdsp,5-HT1A,HTR1A,RAT,46.77351412872,"Gozlan H et al., 1983",STRIATUM
cid:5202,5202,Serotonin,,pdsp,5-HT1A,HTR1A,RAT,6.7608297539198,"Gozlan H et al., 1983",HIPPOCAMPUS
cid:5202,5202,Serotonin,,pdsp,5-HT1A,HTR1A,RAT,1.8,"Borsini F, et al., 1995",HIPPOCAMPUS
cid:5202,5202,Serotonin,,pdsp,5-HT1A,HTR1A,RAT,4.2,"Borsini F, et al., 1995",FR. CORTEX
cid:5202,5202,Serotonin,,pdsp,5-HT1B,HTR1B,RAT,3.0,"Borsini F, et al., 1995",STRIATUM
cid:5202,5202,Serotonin,,pdsp,5-HT1D,HTR1D,RAT,18.0,"Borsini F, et al., 1995",CEREBRAL CORTEX
cid:5202,5202,Serotonin,,pdsp,5-HT6,HTR6,HUMAN,131.82567385564,"Hirst WD, et.al.,2003",CLONED
cid:5202,5202,Serotonin,,pdsp,5-HT6,HTR6,RAT,79.432823472428,"Hirst WD, et.al.,2003",CLONED
cid:5202,5202,Serotonin,,pdsp,5-HT6,HTR6,MOUSE,95.499258602144,"Hirst WD, et.al.,2003",CLONED
cid:5202,5202,Serotonin,,pdsp,5-HT1A,HTR1A,HUMAN,1.2,"May JA, et al., 2003",CLONED
cid:5202,5202,Serotonin,,pdsp,5-HT2A,HTR2A,RAT,0.3,"May JA, et al., 2003",BRAIN
cid:5202,5202,Serotonin,,pdsp,5-HT2A,HTR2A,HUMAN,8.2,"May JA, et al., 2003",CLONED
cid:5202,5202,Serotonin,,pdsp,5-HT1B,HTR1B,RAT,0.85113803820238,"Millan MJ, et al., 2002a",FR. CORTEX
cid:5202,5202,Serotonin,,pdsp,5-HT1B,HTR1B,GUINEA PIG,2.2908676527678,"Millan MJ, et al., 2002a",STRIATUM
cid:5202,5202,Serotonin,,pdsp,5-HT2B,HTR2B,HUMAN,1.0,"Setola V, et al., 2003",CLONED
cid:5202,5202,Serotonin,,pdsp,5-HT Transporter,SLC6A4,RAT,44.0,"Setola V, et al., 2003",WHOLE BRAIN MINUS  CEREBELLUM
cid:5202,5202,Serotonin,,pdsp,Dopamine Transporter,SLC6A3,RAT,10000.0,"Setola V, et al., 2003",CAUDATE
cid:5202,5202,Serotonin,,pdsp,Norepinephrine transporter,,RAT,10000.0,"Setola V, et al., 2003",WHOLE BRAIN MINUS  CEREBELLUM
cid:5202,5202,Serotonin,,pdsp,5-HT2A,HTR2A,HUMAN,341.0,"Egan C, et.al., 2000",CLONED
cid:5202,5202,Serotonin,,pdsp,5-HT2A,HTR2A,HUMAN,14.0,"Egan C, et.al., 2000",CLONED
cid:5202,5202,Serotonin,,pdsp,5-HT2C,HTR2C,RAT,159.0,"Egan C, et.al., 2000",CLONED
cid:5202,5202,Serotonin,,pdsp,5-HT2C,HTR2C,RAT,11.0,"Egan C, et.al., 2000",CLONED
cid:5202,5202,Serotonin,,pdsp,Adrenergic Alpha,,RAT,10000.0,"Greenberg, DA et al., 1976",BRAIN
cid:5202,5202,Serotonin,,pdsp,Adrenergic Alpha,,RAT,10000.0,"Greenberg, DA et al., 1976",BRAIN
cid:5202,5202,Serotonin,,pdsp,5-HT3,HTR3A,MOUSE,27.0,"Green, T et. al., 1995",CLONED
cid:5202,5202,Serotonin,,pdsp,5-HT4,HTR4,RAT,200.0,"BARD JA, ET AL., 1993",esophagus
cid:5202,5202,Serotonin,,pdsp,5-HT7,HTR7,RAT,0.12589254117942,"Hemedah M, et al., 1999",BRAIN
cid:5202,5202,Serotonin,,pdsp,5-HT7,HTR7,GUINEA PIG,0.1,"Hemedah M, et al., 1999",ILEUM
cid:5202,5202,Serotonin,,pdsp,5-HT7L,,HUMAN,7.9432823472428,"Eglen RM et al., 1997",CLONED
cid:5202,5202,Serotonin,,pdsp,5-HT7S,,HUMAN,0.3981071705535,"Eglen RM et al., 1997",CLONED
cid:5202,5202,Serotonin,,pdsp,5-HT7L,,RAT,1.9952623149689,"Eglen RM et al., 1997",CLONED
cid:5202,5202,Serotonin,,pdsp,5-HT7L,,RAT,0.63095734448019,"Eglen RM et al., 1997",CLONED
cid:5202,5202,Serotonin,,pdsp,5-HT7S,,RAT,7.9432823472428,"Eglen RM et al., 1997",CLONED
cid:5202,5202,Serotonin,,pdsp,5-HT7L,,GUINEA PIG,0.25118864315096,"Eglen RM et al., 1997",CLONED
cid:5202,5202,Serotonin,,pdsp,DOPAMINE D2,DRD2,RAT,10000.0,"Kessler, R.M., et. al., 1993",STRIATUM
cid:5202,5202,Serotonin,,pdsp,DOPAMINE D2,DRD2,RAT,6350.0,"Kessler, R.M., et. al., 1993",CORTEX
cid:5202,5202,Serotonin,,pdsp,DOPAMINE D2,DRD2,RAT,7950.0,"Kessler, R.M., et. al., 1993",HIPPOCAMPUS
cid:5202,5202,Serotonin,,pdsp,5-HT2,,RAT,1230.0,"Sanchez-Roa, P.M., et al., 1989",Striatal Membranes
cid:5202,5202,Serotonin,,pdsp,5-HT7,HTR7,HUMAN,6.3095734448019,"Thomas DR et al., 1998",CLONED
cid:5202,5202,Serotonin,,pdsp,5-HT2C,HTR2C,HUMAN,2.4,"Kimura Y, et al., 2004",CLONED
cid:5202,5202,Serotonin,,pdsp,5-HT2A,HTR2A,HUMAN,21.0,"Kimura Y, et al., 2004",CLONED
cid:5202,5202,Serotonin,,pdsp,5-HT2B,HTR2B,HUMAN,19.0,"Kimura Y, et al., 2004",CLONED
cid:5202,5202,Serotonin,,pdsp,5-HT2A,HTR2A,HUMAN,14.0,"Bentley JM, et al., 2004",CLONED
cid:5202,5202,Serotonin,,pdsp,5-HT2B,HTR2B,HUMAN,12.0,"Bentley JM, et al., 2004",CLONED
cid:5202,5202,Serotonin,,pdsp,5-HT2C,HTR2C,HUMAN,6.9,"Bentley JM, et al., 2004",CLONED
cid:5202,5202,Serotonin,,pdsp,5-HT2C,HTR2C,PIG,39.81071705535,"PAZOS ET AL, 1984",CORTEX
cid:5202,5202,Serotonin,,pdsp,5-HT2C,HTR2C,PIG,25.118864315096,"PAZOS ET AL, 1984",Choroid Plexus
cid:5202,5202,Serotonin,,pdsp,5-HT2C,HTR2C,PIG,5.0118723362727,"PAZOS ET AL, 1984",CORTEX
cid:5202,5202,Serotonin,,pdsp,5-HT2C,HTR2C,PIG,19.952623149689,"PAZOS ET AL, 1984",Choroid Plexus
cid:5202,5202,Serotonin,,pdsp,DOPAMINE D2 Long,DRD2,CANINE,10000.0,"Van Tol, HH et al., 1991",STRIATUM
cid:5202,5202,Serotonin,,pdsp,DOPAMINE D4,DRD4,CANINE,4180.0,"Van Tol, HH et al., 1991",STRIATUM
cid:5202,5202,Serotonin,,pdsp,Dopamine Transporter,SLC6A3,RAT,10000.0,"Andersen PH, et al., 1989",STRIATUM
cid:5202,5202,Serotonin,,pdsp,Norepinephrine transporter,,RAT,1000.0,"Andersen PH, et al., 1989",CEREBRAL CORTEX
cid:5202,5202,Serotonin,,pdsp,5-HT Transporter,SLC6A4,RAT,180.0,"Andersen PH, et al., 1989",BRAIN
cid:5202,5202,Serotonin,,pdsp,DOPAMINE D1,DRD1,RAT,5000.0,"Andersen PH, et al., 1985",FR. CORTEX
cid:5202,5202,Serotonin,,pdsp,DOPAMINE D2,DRD2,RAT,10000.0,"Andersen PH, et al., 1985",FR. CORTEX
cid:5202,5202,Serotonin,,pdsp,5-HT2A,HTR2A,HUMAN,30.902954325136,"Porter RH, et.al., 1999",CLONED
cid:5202,5202,Serotonin,,pdsp,5-HT2B,HTR2B,HUMAN,2.089296130854,"Porter RH, et.al., 1999",CLONED
cid:5202,5202,Serotonin,,pdsp,5-HT2C,HTR2C,HUMAN,5.7543993733716,"Porter RH, et.al., 1999",CLONED
cid:5202,5202,Serotonin,,pdsp,5-HT2A,HTR2A,HUMAN,16.218100973589,"Knight AR, et al., 2004",CLONED
cid:5202,5202,Serotonin,,pdsp,5-HT2B,HTR2B,HUMAN,13.489628825917,"Knight AR, et al., 2004",CLONED
cid:5202,5202,Serotonin,,pdsp,5-HT2C,HTR2C,HUMAN,5.7543993733716,"Knight AR, et al., 2004",CLONED
cid:5202,5202,Serotonin,,pdsp,5-HT2C,HTR2C,HUMAN,18.1970085861,"Cussac D, et al., 2002",CLONED
cid:5202,5202,Serotonin,,pdsp,5-HT2B,HTR2B,HUMAN,2.8183829312644,"Cussac D, et al., 2002",CLONED
cid:5202,5202,Serotonin,,pdsp,5-HT Transporter,SLC6A4,RAT,552.2,"Kovachich GB, et al., 1988",BRAIN
cid:5202,5202,Serotonin,,pdsp,Melatonin,,RABBIT,10000.0,"Morgan PJ, et al., 1994",retina
cid:5202,5202,Serotonin,,pdsp,Norepinephrine transporter,,RAT,3013.0,"Rothman RB, et al., 2001",WHOLE BRAIN MINUS  CEREBELLUM
cid:5202,5202,Serotonin,,pdsp,5-HT Transporter,SLC6A4,RAT,16.7,"Rothman RB, et al., 2001",WHOLE BRAIN MINUS  CEREBELLUM
cid:5202,5202,Serotonin,,pdsp,Dopamine Transporter,SLC6A3,RAT,2703.0,"Rothman RB, et al., 2001",CAUDATE
cid:5202,5202,Serotonin,,pdsp,5-HT2A,HTR2A,RAT,3.0,"MCKENNA & PEROUTKA, 1989",CORTEX
cid:5202,5202,Serotonin,,pdsp,5-HT1A,HTR1A,RAT,3.0,"Liu Z et al., 2008",UNDEFINED
cid:5202,5202,Serotonin,,pdsp,5-HT1B,HTR1B,HUMAN,1.10000002384186,"Choi SK et al., 2008",UNDEFINED
cid:5202,5202,Serotonin,,pdsp,5-HT1D,HTR1D,HUMAN,0.5,"Choi SK et al., 2008",UNDEFINED
cid:5202,5202,Serotonin,,pdsp,5-HT1A,HTR1A,RAT,11.22018454302,"Gross, G.  et, al. 1991",CEREBRAL CORTEX
cid:5202,5202,Serotonin,,pdsp,5-HT2C,HTR2C,PIG,8.5113803820238,"Gross, G.  et, al. 1991",Choroid Plexus
cid:5202,5202,Serotonin,,pdsp,5-HT1D,HTR1D,PIG,1.81970085861,"Gross, G.  et, al. 1991",STRIATUM
cid:5202,5202,Serotonin,,pdsp,5-HT3,HTR3A,RAT,131.82567385564,"Gross, G.  et, al. 1991",Entorhinal Cortex
cid:5202,5202,Serotonin,,pdsp,5-HT5a,HTR5A,HUMAN,126.0,"Glennon RA, 2003",CLONED
cid:5202,5202,Serotonin,,pdsp,5-HT6,HTR6,HUMAN,65.0,"Glennon RA, 2003",CLONED
cid:5202,5202,Serotonin,,pdsp,5-HT7,HTR7,HUMAN,8.1,"Glennon RA, 2003",CLONED
cid:5202,5202,Serotonin,,pdsp,5-HT4,HTR4,PIG,88.1,"Schiavi, GB et al., 1994",CAUDATE
cid:5202,5202,Serotonin,,pdsp,5-HT3,HTR3A,PIG,50.4,"Schiavi, GB et al., 1994",NG108-15
cid:5202,5202,Serotonin,,pdsp,Serotonin uptake,,RAT,22.0,"Richelson, E. et, al. 1984",frontal cortex synaptosomes
cid:5202,5202,Serotonin,,pdsp,5-HT7,HTR7,? HUMAN,6.0,Kim Y et al 2016,?CLONED
cid:5202,5202,Serotonin,,pdsp,5-HT2C,HTR2C,HUMAN,4.31,Janowsky A et al 2014,CLONED
cid:5202,5202,Serotonin,,pdsp,5-HT2A,HTR2A,HUMAN,9.1,Janowsky A et al 2014,CLONED
cid:5202,5202,Serotonin,,pdsp,5-HT1A,HTR1A,HUMAN,2.67,Janowsky A et al 2014,CLONED
cid:5202,5202,Serotonin,,pdsp,5-HT2A,HTR2A,HUMAN,3.734,Janowsky A et al 2014,CLONED
cid:5202,5202,Serotonin,,pdsp,5-HT2A,HTR2A,HUMAN,12.6,Janowsky A et al 2014,CLONED
cid:36511,36511,Substance P,,pdsp,Neurokinin NK3,TACR3,HUMAN,1292.0,"Sarau HM, et al., 1997",CLONED
cid:36511,36511,Substance P,,pdsp,Neurokinin NK2,TACR2,HUMAN,129.0,"Sarau HM, et al., 1997",CLONED
cid:36511,36511,Substance P,,pdsp,Neurokinin NK1,TACR1,HUMAN,2.8,"Sarau HM, et al., 1997",CLONED
cid:36511,36511,Substance P,,pdsp,Substance P,,HUMAN,0.1,"Schotte A, et al.,  1996",CLONED
cid:36511,36511,Substance P,,pdsp,Neurokinin NK1,TACR1,GUINEA PIG,0.24,"Kudlacz EM, et al., 1996",LUNG
cid:36511,36511,Substance P,,pdsp,Neurokinin NK1,TACR1,HUMAN,0.2,"Kudlacz EM, et al., 1996",CLONED
cid:36511,36511,Substance P,,pdsp,Neurokinin NK1,TACR1,RAT,1.02,"Kudlacz EM, et al., 1996",Salivary  gland
cid:36511,36511,Substance P,,pdsp,Substance K,,GUINEA PIG,200.0,"Burcher E, et al., 1986",gastrointestinal tract
cid:36511,36511,Substance P,,pdsp,Substance K,,RAT,112.0,"Burcher E, et al., 1986",gastrointestinal tract
cid:36511,36511,Substance P,,pdsp,Substance P,,RAT,0.2,"Burcher E, et al., 1986",gastrointestinal tract
cid:36511,36511,Substance P,,pdsp,Substance P,,GUINEA PIG,0.2,"Burcher E, et al., 1986",gastrointestinal tract
cid:36511,36511,Substance P,,pdsp,BHE,,RAT,21.0,"Burcher E, et al., 1986",gastrointestinal tract
cid:36511,36511,Substance P,,pdsp,BHE,,GUINEA PIG,19.0,"Burcher E, et al., 1986",gastrointestinal tract
cid:36511,36511,Substance P,,pdsp,Substance K,,MOUSE,125.0,"Burcher E, et al., 1986",bladder
cid:36511,36511,Substance P,,pdsp,BHE,,MOUSE,47.0,"Burcher E, et al., 1986",bladder
cid:36511,36511,Substance P,,pdsp,Substance P,,MOUSE,0.3,"Burcher E, et al., 1986",bladder
cid:36511,36511,Substance P,,pdsp,BHE,,RAT,106.0,"Burcher E, et al., 1986",CEREBRAL CORTEX
cid:36511,36511,Substance P,,pdsp,Neurokinin NK1,TACR1,GUINEA PIG,0.059,"Emonds-Alt, X et. al., 2002",ILEUM
cid:36511,36511,Substance P,,pdsp,Neurokinin NK1,TACR1,Gerbil,0.042,"Emonds-Alt, X et. al., 2002",ILEUM
cid:36511,36511,Substance P,,pdsp,Neurokinin NK1,TACR1,RAT,0.054,"Emonds-Alt, X et. al., 2002",ILEUM
cid:36511,36511,Substance P,,pdsp,Neurokinin NK1,TACR1,HUMAN,0.33,"Emonds-Alt, X et. al., 2002",STTG1
cid:36511,36511,Substance P,,pdsp,Neurokinin NK1,TACR1,HUMAN,0.31,"Emonds-Alt, X et. al., 2002",U373MG
cid:36511,36511,Substance P,,pdsp,Neurokinin NK1,TACR1,HUMAN,0.044,"Emonds-Alt, X et. al., 2002",IM9
cid:36511,36511,Substance P,,pdsp,Thrombin,,HUMAN,10000.0,"Ahn HS, et al., 1997",Platelets
cid:41693,41693,Sufentanil,Anilidopiperidine,pdsp,OPIATE Delta,OPRD1,HUMAN,50.0,"Raynor K, et al., 1994",CLONED
cid:41693,41693,Sufentanil,Anilidopiperidine,pdsp,OPIATE Kappa,OPRK1,HUMAN,75.0,"Raynor K, et al., 1994",CLONED
cid:41693,41693,Sufentanil,Anilidopiperidine,pdsp,OPIATE Mu,OPRM1,HUMAN,0.15,"Raynor K, et al., 1994",CLONED
cid:41693,41693,Sufentanil,Anilidopiperidine,pdsp,OPIATE Mu,OPRM1,HUMAN,0.3,"Raynor,Kong,Mestek,Bye,Tian,Liu,Yu,Reisine 1995",CLONED
cid:31014,31014,TMA-2,Substituted_amphetamines,pdsp,5-HT2A,HTR2A,UNDEFINED,1200.0,"Runyon SP et al., 2008",UNDEFINED
cid:9838022,9838022,Tapentadol,Phenylpropylamine,pdsp,MOR,,HUMAN,2100.0,"Olson KM, et al., 2019",CLONED
cid:9838022,9838022,Tapentadol,Phenylpropylamine,pdsp,DOR,,HUMAN,10000.0,"Olson KM, et al., 2019",CLONED
cid:9838022,9838022,Tapentadol,Phenylpropylamine,pdsp,KOR,,HUMAN,2000.0,"Olson KM, et al., 2019",CLONED
cid:9838022,9838022,Tapentadol,Phenylpropylamine,pdsp,CB1,,HUMAN,10000.0,"Olson KM, et al., 2019",CLONED
cid:9838022,9838022,Tapentadol,Phenylpropylamine,pdsp,Sigma 1,,HUMAN,2600.0,"Olson KM, et al., 2019",CLONED
cid:9838022,9838022,Tapentadol,Phenylpropylamine,pdsp,Norepinephrine transporter,,HUMAN,10000.0,"Olson KM, et al., 2019",CLONED
cid:9838022,9838022,Tapentadol,Phenylpropylamine,pdsp,SERT,,HUMAN,2000.0,"Olson KM, et al., 2019",CLONED
cid:9838022,9838022,Tapentadol,Phenylpropylamine,pdsp,DAT,,HUMAN,2000.0,"Olson KM, et al., 2019",CLONED
cid:16078,16078,Tetrahydrocannabinol,,pdsp,CANNABINOID CB1,CNR1,RAT,110.0,"Breivogel CS, Childers SR, 2000",CEREBELLUM
cid:16078,16078,Tetrahydrocannabinol,,pdsp,CANNABINOID CB1,CNR1,RAT,170.0,"Breivogel CS, Childers SR, 2000",HIPPOCAMPUS
cid:16078,16078,Tetrahydrocannabinol,,pdsp,CANNABINOID CB1,CNR1,RAT,37.0,"Breivogel CS, Childers SR, 2000",HYPOTHALAMUS
cid:16078,16078,Tetrahydrocannabinol,,pdsp,CANNABINOID CB1,CNR1,RAT,1600.0,"Breivogel CS, Childers SR, 2000",CEREBELLUM
cid:16078,16078,Tetrahydrocannabinol,,pdsp,CANNABINOID CB1,CNR1,RAT,130.0,"Breivogel CS, Childers SR, 2000",HIPPOCAMPUS
cid:16078,16078,Tetrahydrocannabinol,,pdsp,CANNABINOID CB1,CNR1,RAT,38.0,"Breivogel CS, Childers SR, 2000",HYPOTHALAMUS
cid:16078,16078,Tetrahydrocannabinol,,pdsp,CANNABINOID CB1,CNR1,RAT,32.0,"Breivogel CS, Childers SR, 2000",CEREBELLUM
cid:68870,68870,Tianeptine,"Dibenzothiazepine, Antidepressants",pdsp,OPIATE Mu,OPRM1,HUMAN,383.0,"Gassaway, MM.  et. al. 2014",CLONED
cid:68870,68870,Tianeptine,"Dibenzothiazepine, Antidepressants",pdsp,OPIATE Delta,OPRD1,HUMAN,10000.0,"Gassaway, MM.  et. al. 2014",CLONED
cid:68870,68870,Tianeptine,"Dibenzothiazepine, Antidepressants",pdsp,OPIATE Kappa,OPRK1,HUMAN,10000.0,"Gassaway, MM.  et. al. 2014",CLONED
cid:68870,68870,Tianeptine,"Dibenzothiazepine, Antidepressants",pdsp,OPIATE Mu,OPRM1,HUMAN,768.0,PDSP Certified Data,CLONED
cid:68870,68870,Tianeptine,"Dibenzothiazepine, Antidepressants",pdsp,OPIATE Kappa,OPRK1,HUMAN,10000.0,PDSP Certified Data,CLONED
cid:68870,68870,Tianeptine,"Dibenzothiazepine, Antidepressants",pdsp,OPIATE Delta,OPRD1,HUMAN,10000.0,PDSP Certified Data,CLONED
cid:68870,68870,Tianeptine,"Dibenzothiazepine, Antidepressants",pdsp,5-HT1A,HTR1A,HUMAN,10000.0,PDSP Certified Data,CLONED
cid:68870,68870,Tianeptine,"Dibenzothiazepine, Antidepressants",pdsp,5-HT1B,HTR1B,HUMAN,10000.0,PDSP Certified Data,CLONED
cid:68870,68870,Tianeptine,"Dibenzothiazepine, Antidepressants",pdsp,5-HT1D,HTR1D,HUMAN,10000.0,PDSP Certified Data,CLONED
cid:68870,68870,Tianeptine,"Dibenzothiazepine, Antidepressants",pdsp,5-HT1E,HTR1E,HUMAN,10000.0,PDSP Certified Data,CLONED
cid:68870,68870,Tianeptine,"Dibenzothiazepine, Antidepressants",pdsp,5-HT2A,HTR2A,HUMAN,10000.0,PDSP Certified Data,CLONED
cid:68870,68870,Tianeptine,"Dibenzothiazepine, Antidepressants",pdsp,5-HT2B,HTR2B,HUMAN,10000.0,PDSP Certified Data,CLONED
cid:68870,68870,Tianeptine,"Dibenzothiazepine, Antidepressants",pdsp,5-HT2C,HTR2C,HUMAN,10000.0,PDSP Certified Data,CLONED
cid:68870,68870,Tianeptine,"Dibenzothiazepine, Antidepressants",pdsp,5-HT3,HTR3A,HUMAN,10000.0,PDSP Certified Data,CLONED
cid:68870,68870,Tianeptine,"Dibenzothiazepine, Antidepressants",pdsp,5-HT5a,HTR5A,HUMAN,10000.0,PDSP Certified Data,CLONED
cid:68870,68870,Tianeptine,"Dibenzothiazepine, Antidepressants",pdsp,5-HT6,HTR6,HUMAN,10000.0,PDSP Certified Data,CLONED
cid:68870,68870,Tianeptine,"Dibenzothiazepine, Antidepressants",pdsp,5-HT7,HTR7,HUMAN,10000.0,PDSP Certified Data,CLONED
cid:68870,68870,Tianeptine,"Dibenzothiazepine, Antidepressants",pdsp,adrenergic Alpha1A,ADRA1A,HUMAN,10000.0,PDSP Certified Data,CLONED
cid:68870,68870,Tianeptine,"Dibenzothiazepine, Antidepressants",pdsp,adrenergic Alpha1B,ADRA1B,HUMAN,10000.0,PDSP Certified Data,CLONED
cid:68870,68870,Tianeptine,"Dibenzothiazepine, Antidepressants",pdsp,adrenergic Alpha2A,ADRA2A,HUMAN,10000.0,PDSP Certified Data,CLONED
cid:68870,68870,Tianeptine,"Dibenzothiazepine, Antidepressants",pdsp,adrenergic Alpha2B,ADRA2B,HUMAN,10000.0,PDSP Certified Data,CLONED
cid:68870,68870,Tianeptine,"Dibenzothiazepine, Antidepressants",pdsp,adrenergic Alpha2C,ADRA2C,HUMAN,10000.0,PDSP Certified Data,CLONED
cid:68870,68870,Tianeptine,"Dibenzothiazepine, Antidepressants",pdsp,adrenergic Beta1,ADRB1,HUMAN,10000.0,PDSP Certified Data,CLONED
cid:68870,68870,Tianeptine,"Dibenzothiazepine, Antidepressants",pdsp,adrenergic Beta2,ADRB2,HUMAN,10000.0,PDSP Certified Data,CLONED
cid:68870,68870,Tianeptine,"Dibenzothiazepine, Antidepressants",pdsp,Calcium channel,,HUMAN,10000.0,PDSP Certified Data,CLONED
cid:68870,68870,Tianeptine,"Dibenzothiazepine, Antidepressants",pdsp,CANNABINOID CB1,CNR1,RAT,10000.0,PDSP Certified Data,BRAIN
cid:68870,68870,Tianeptine,"Dibenzothiazepine, Antidepressants",pdsp,CANNABINOID CB2,CNR2,HUMAN,10000.0,PDSP Certified Data,CLONED
cid:68870,68870,Tianeptine,"Dibenzothiazepine, Antidepressants",pdsp,DOPAMINE D1,DRD1,HUMAN,10000.0,PDSP Certified Data,CLONED
cid:68870,68870,Tianeptine,"Dibenzothiazepine, Antidepressants",pdsp,DOPAMINE D5,DRD5,HUMAN,10000.0,PDSP Certified Data,CLONED
cid:68870,68870,Tianeptine,"Dibenzothiazepine, Antidepressants",pdsp,DOPAMINE D2,DRD2,HUMAN,10000.0,PDSP Certified Data,CLONED
cid:68870,68870,Tianeptine,"Dibenzothiazepine, Antidepressants",pdsp,DOPAMINE D3,DRD3,HUMAN,10000.0,PDSP Certified Data,CLONED
cid:68870,68870,Tianeptine,"Dibenzothiazepine, Antidepressants",pdsp,DOPAMINE D4,DRD4,HUMAN,10000.0,PDSP Certified Data,CLONED
cid:68870,68870,Tianeptine,"Dibenzothiazepine, Antidepressants",pdsp,Dopamine Transporter,SLC6A3,HUMAN,10000.0,PDSP Certified Data,CLONED
cid:68870,68870,Tianeptine,"Dibenzothiazepine, Antidepressants",pdsp,GABA A alpha1,,RAT,10000.0,PDSP Certified Data,BRAIN
cid:68870,68870,Tianeptine,"Dibenzothiazepine, Antidepressants",pdsp,GABA A,,RAT,10000.0,PDSP Certified Data,BRAIN
cid:68870,68870,Tianeptine,"Dibenzothiazepine, Antidepressants",pdsp,HISTAMINE H1,HRH1,HUMAN,10000.0,PDSP Certified Data,CLONED
cid:68870,68870,Tianeptine,"Dibenzothiazepine, Antidepressants",pdsp,HISTAMINE H2,HRH2,HUMAN,10000.0,PDSP Certified Data,CLONED
cid:68870,68870,Tianeptine,"Dibenzothiazepine, Antidepressants",pdsp,HISTAMINE H3,HRH3,HUMAN,10000.0,PDSP Certified Data,CLONED
cid:68870,68870,Tianeptine,"Dibenzothiazepine, Antidepressants",pdsp,HISTAMINE H4,HRH4,HUMAN,10000.0,PDSP Certified Data,CLONED
cid:68870,68870,Tianeptine,"Dibenzothiazepine, Antidepressants",pdsp,Imidazoline I1,,HUMAN,10000.0,PDSP Certified Data,CLONED
cid:68870,68870,Tianeptine,"Dibenzothiazepine, Antidepressants",pdsp,"Cholinergic, muscarinic M1",CHRM1,HUMAN,10000.0,PDSP Certified Data,CLONED
cid:68870,68870,Tianeptine,"Dibenzothiazepine, Antidepressants",pdsp,"Cholinergic, muscarinic M2",CHRM2,HUMAN,10000.0,PDSP Certified Data,CLONED
cid:68870,68870,Tianeptine,"Dibenzothiazepine, Antidepressants",pdsp,"Cholinergic, muscarinic M3",CHRM3,HUMAN,10000.0,PDSP Certified Data,CLONED
cid:68870,68870,Tianeptine,"Dibenzothiazepine, Antidepressants",pdsp,"Cholinergic, muscarinic M4",CHRM4,HUMAN,10000.0,PDSP Certified Data,CLONED
cid:68870,68870,Tianeptine,"Dibenzothiazepine, Antidepressants",pdsp,"Cholinergic, muscarinic M5",CHRM5,HUMAN,10000.0,PDSP Certified Data,CLONED
cid:68870,68870,Tianeptine,"Dibenzothiazepine, Antidepressants",pdsp,Norepinephrine transporter,,HUMAN,10000.0,PDSP Certified Data,CLONED
cid:68870,68870,Tianeptine,"Dibenzothiazepine, Antidepressants",pdsp,Neurotensin 1,NTSR1,HUMAN,10000.0,PDSP Certified Data,CLONED
cid:68870,68870,Tianeptine,"Dibenzothiazepine, Antidepressants",pdsp,Serotonin Transporter (SERT),,HUMAN,10000.0,PDSP Certified Data,CLONED
cid:68870,68870,Tianeptine,"Dibenzothiazepine, Antidepressants",pdsp,Sigma 1,,GUINEA PIG,10000.0,PDSP Certified Data,BRAIN
cid:68870,68870,Tianeptine,"Dibenzothiazepine, Antidepressants",pdsp,Sigma 2,,RAT,10000.0,PDSP Certified Data,PC12
cid:68870,68870,Tianeptine,"Dibenzothiazepine, Antidepressants",pdsp,VASOPRESSIN V1A,AVPR1A,HUMAN,10000.0,PDSP Certified Data,CLONED
cid:68870,68870,Tianeptine,"Dibenzothiazepine, Antidepressants",pdsp,VASOPRESSIN V1B,AVPR1B,HUMAN,10000.0,PDSP Certified Data,CLONED
cid:68870,68870,Tianeptine,"Dibenzothiazepine, Antidepressants",pdsp,VASOPRESSIN V2,AVPR2,HUMAN,10000.0,PDSP Certified Data,CLONED
cid:5487,5487,Tizanidine,"Imidazoline, Arylaminoimidazoline",pdsp,adrenergic Alpha2C,ADRA2C,OK,75.0,"BLAXALL H. ET AL., 1991",CELLS
cid:5487,5487,Tizanidine,"Imidazoline, Arylaminoimidazoline",pdsp,adrenergic Alpha2A,ADRA2A,HT29,62.0,"BLAXALL H. ET AL., 1991",CELLS
cid:5487,5487,Tizanidine,"Imidazoline, Arylaminoimidazoline",pdsp,adrenergic Alpha2B,ADRA2B,NEONATAL RAT,76.0,"BLAXALL H. ET AL., 1991",LUNG
cid:5487,5487,Tizanidine,"Imidazoline, Arylaminoimidazoline",pdsp,Nischarin,NISCH,HUMAN,28.2999992370605,"Nikolic K et al., 2008",UNDEFINED
cid:5572,5572,Trihexyphenidyl,,pdsp,"Cholinergic, muscarinic M1",CHRM1,HUMAN,1.6,"Bolden C, et al., 1992",CLONED
cid:5572,5572,Trihexyphenidyl,,pdsp,"Cholinergic, muscarinic M2",CHRM2,HUMAN,7.0,"Bolden C, et al., 1992",CLONED
cid:5572,5572,Trihexyphenidyl,,pdsp,"Cholinergic, muscarinic M3",CHRM3,HUMAN,6.4,"Bolden C, et al., 1992",CLONED
cid:5572,5572,Trihexyphenidyl,,pdsp,"Cholinergic, muscarinic M4",CHRM4,HUMAN,2.6,"Bolden C, et al., 1992",CLONED
cid:5572,5572,Trihexyphenidyl,,pdsp,"Cholinergic, muscarinic M5",CHRM5,HUMAN,15.9,"Bolden C, et al., 1992",CLONED
cid:5572,5572,Trihexyphenidyl,,pdsp,"Cholinergic, muscarinic M2",CHRM2,HUMAN,7.0794578438414,"Dorje F et al., 1991",CLONED
cid:5572,5572,Trihexyphenidyl,,pdsp,"Cholinergic, muscarinic M2",CHRM2,HUMAN,489.77881936845,"Dorje F et al., 1991",CLONED
cid:5572,5572,Trihexyphenidyl,,pdsp,"Cholinergic, muscarinic M3",CHRM3,HUMAN,2.454708915685,"Dorje F et al., 1991",CLONED
cid:5572,5572,Trihexyphenidyl,,pdsp,"Cholinergic, muscarinic M3",CHRM3,HUMAN,1288.2495516931,"Dorje F et al., 1991",CLONED
cid:5572,5572,Trihexyphenidyl,,pdsp,"Cholinergic, muscarinic M4",CHRM4,HUMAN,0.83176377110267,"Dorje F et al., 1991",CLONED
cid:5572,5572,Trihexyphenidyl,,pdsp,"Cholinergic, muscarinic M4",CHRM4,HUMAN,269.15348039269,"Dorje F et al., 1991",CLONED
cid:5572,5572,Trihexyphenidyl,,pdsp,"Cholinergic, muscarinic M5",CHRM5,HUMAN,5.0118723362727,"Dorje F et al., 1991",CLONED
cid:5572,5572,Trihexyphenidyl,,pdsp,"Cholinergic, muscarinic M5",CHRM5,HUMAN,676.08297539198,"Dorje F et al., 1991",CLONED
cid:5572,5572,Trihexyphenidyl,,pdsp,"Cholinergic, muscarinic M1",CHRM1,HUMAN,123.02687708124,"Dorje F et al., 1991",CLONED
cid:5572,5572,Trihexyphenidyl,,pdsp,"Cholinergic, muscarinic M1",CHRM1,HUMAN,0.37153522909717,"Dorje F et al., 1991",CLONED
cid:5572,5572,Trihexyphenidyl,,pdsp,Adrenergic Alpha,,RAT,5000.0,"U'Prichard DC et al., 1977",BRAIN
cid:5572,5572,Trihexyphenidyl,,pdsp,Adrenergic Alpha,,RAT,10000.0,"U'Prichard DC et al., 1977",BRAIN
cid:5572,5572,Trihexyphenidyl,,pdsp,"Cholinergic, muscarinic M1",CHRM1,RAT,0.74131024130092,"Lazareno, S et al., 1990",CORTEX
cid:5572,5572,Trihexyphenidyl,,pdsp,"Cholinergic, muscarinic M2",CHRM2,RAT,13.803842646029,"Lazareno, S et al., 1990",HEART
cid:5572,5572,Trihexyphenidyl,,pdsp,"Cholinergic, muscarinic M3",CHRM3,RAT,2.9512092266664,"Lazareno, S et al., 1990",Submandibular gland
cid:5572,5572,Trihexyphenidyl,,pdsp,"Cholinergic, muscarinic M4",CHRM4,Chick,1.949844599758,"Lazareno, S et al., 1990",HEART
cid:5572,5572,Trihexyphenidyl,,pdsp,"Cholinergic, muscarinic M4",CHRM4,RABBIT,1.949844599758,"Lazareno, S et al., 1990",LUNG
cid:71719125,71719125,U-47700,Benzamide,pdsp,MOR,,HAMSTER,57.0,Baumann MH et al 2018,Ovary
cid:71719125,71719125,U-47700,Benzamide,pdsp,DOR,,HAMSTER,1105.0,Baumann MH et al 2018,Ovary
cid:71719125,71719125,U-47700,Benzamide,pdsp,KOR,,HAMSTER,653.0,Baumann MH et al 2018,Ovary
cid:71719125,71719125,U-47700,Benzamide,pdsp,MOR,,HUMAN,39.0,Baumann MH et al 2018,CLONED
cid:5732,5732,Zolpidem,Imidazopyridine,pdsp,GABA A Alpha1Beta2Gamma2,,RAT,29.6,"Renard S, et al., 1999",CLONED
cid:5732,5732,Zolpidem,Imidazopyridine,pdsp,GABA A Alpha5Beta2Gamma2,,RAT,10000.0,"Renard S, et al., 1999",CLONED
cid:5732,5732,Zolpidem,Imidazopyridine,pdsp,GABA A Benzodiazepine Type I,,RAT,25.0,"Araujo F, et al., 1999",HIPPOCAMPUS
cid:5732,5732,Zolpidem,Imidazopyridine,pdsp,GABA A Benzodiazepine Type IIM,,RAT,415.0,"Araujo F, et al., 1999",HIPPOCAMPUS
cid:5732,5732,Zolpidem,Imidazopyridine,pdsp,GABA A Benzodiazepine Type IIL,,RAT,9.3,"Araujo F, et al., 1999",HIPPOCAMPUS
cid:5732,5732,Zolpidem,Imidazopyridine,pdsp,GABA A Benzodiazepine Type IIL,,RAT,5.0,"Araujo F, et al., 1999",HIPPOCAMPUS
cid:5732,5732,Zolpidem,Imidazopyridine,pdsp,GABA A Alpha5m8Beta2Gamma2,,RAT,3817.0,"Renard S, et al., 1999",CLONED
cid:5732,5732,Zolpidem,Imidazopyridine,pdsp,GABA A Alpha5m9Beta2Gamma2,,RAT,829.0,"Renard S, et al., 1999",CLONED
cid:5732,5732,Zolpidem,Imidazopyridine,pdsp,GABA A Alpha5m10Beta2Gamma2,,RAT,105.0,"Renard S, et al., 1999",CLONED
cid:5732,5732,Zolpidem,Imidazopyridine,pdsp,GABA A Benzodiazepine,,RAT,622.0,"Yamagishi H, et al., 1998",Parotid gland
cid:5732,5732,Zolpidem,Imidazopyridine,pdsp,GABA A Benzodiazepine,,RAT,767.0,"Yamagishi H, et al., 1998",Submandibular gland
cid:5732,5732,Zolpidem,Imidazopyridine,pdsp,GABA A Benzodiazepine,,RAT,187.0,"Yamagishi H, et al., 1998",Parotid gland
cid:5732,5732,Zolpidem,Imidazopyridine,pdsp,GABA A Benzodiazepine,,RAT,616.0,"Yamagishi H, et al., 1998",Submandibular gland
cid:5732,5732,Zolpidem,Imidazopyridine,pdsp,GABA A Alpha1Beta3Gamma2,,HUMAN,41.0,"Scholze P, et al., 1996",CLONED
cid:5732,5732,Zolpidem,Imidazopyridine,pdsp,GABA A Alpha4Beta3Gamma2,,HUMAN,10000.0,"Scholze P, et al., 1996",CLONED
cid:5732,5732,Zolpidem,Imidazopyridine,pdsp,GABA A anti-Alpha3,,RAT,8.0,"Araujo,Tan,Ruano,Schoemaker,Benavides,Vitorica 96",CORTEX
cid:5732,5732,Zolpidem,Imidazopyridine,pdsp,GABA A anti-Alpha1,,RAT,5.0,"Araujo,Tan,Ruano,Schoemaker,Benavides,Vitorica 96",CORTEX
cid:5732,5732,Zolpidem,Imidazopyridine,pdsp,GABA A Alpha1Beta3Gamma2,,HUMAN,20.7,"Hadingham K, et al., 1995",CLONED
cid:5732,5732,Zolpidem,Imidazopyridine,pdsp,GABA A Alpha6Beta3Gamma2,,HUMAN,10000.0,"Hadingham K, et al., 1995",CLONED
cid:5732,5732,Zolpidem,Imidazopyridine,pdsp,GABA A Alpha1Beta1Gamma2,,HUMAN,111.9,"Hadingham k, et al.,1993",CLONED
cid:5732,5732,Zolpidem,Imidazopyridine,pdsp,GABA A Alpha2Beta1Gamma2,,HUMAN,760.6,"Hadingham k, et al.,1993",CLONED
cid:5732,5732,Zolpidem,Imidazopyridine,pdsp,GABA A Alpha3Beta1Gamma2,,HUMAN,2149.5,"Hadingham k, et al.,1993",CLONED
cid:5732,5732,Zolpidem,Imidazopyridine,pdsp,GABA A Alpha5Beta1Gamma2,,HUMAN,10000.0,"Hadingham k, et al.,1993",CLONED
cid:5732,5732,Zolpidem,Imidazopyridine,pdsp,GABA A Benzodiazepine,,Newborn rats,332.0,"Giorgi,Lecca,Cancedda,Giuliana,Corda,1995",CEREBRAL CORTEX
cid:5732,5732,Zolpidem,Imidazopyridine,pdsp,GABA A Benzodiazepine,,RAT,26.0,"Giorgi,Lecca,Cancedda,Giuliana,Corda,1995",CEREBRAL CORTEX
cid:5732,5732,Zolpidem,Imidazopyridine,pdsp,GABA A anti-Alpha3,,RAT,392.0,"Araujo,Tan,Ruano,Schoemaker,Benavides,Vitorica 96",CORTEX
cid:5732,5732,Zolpidem,Imidazopyridine,pdsp,GABA A anti-Alpha1,,RAT,424.0,"Araujo,Tan,Ruano,Schoemaker,Benavides,Vitorica 96",CORTEX
cid:5732,5732,Zolpidem,Imidazopyridine,pdsp,GABA A,,RAT,56.2,"Araujo,Tan,Ruano,Schoemaker,Benavides,Vitorica 96",CORTEX
cid:5732,5732,Zolpidem,Imidazopyridine,pdsp,GABA A,,RAT,13.0,"Araujo,Tan,Ruano,Schoemaker,Benavides,Vitorica 96",CORTEX
cid:5732,5732,Zolpidem,Imidazopyridine,pdsp,GABA A,,RAT,190.0,"Araujo,Tan,Ruano,Schoemaker,Benavides,Vitorica 96",CORTEX
cid:5732,5732,Zolpidem,Imidazopyridine,pdsp,GABA,,RAT,40.0,"Massotti M, et al., 1991",CEREBELLUM
cid:5732,5732,Zolpidem,Imidazopyridine,pdsp,GABA,,RAT,30.0,"Massotti M, et al., 1991",CEREBELLUM
cid:5732,5732,Zolpidem,Imidazopyridine,pdsp,GABA,,RAT,110.0,"Massotti M, et al., 1991",STRIATUM
cid:5732,5732,Zolpidem,Imidazopyridine,pdsp,GABA,,RAT,520.0,"Massotti M, et al., 1991",STRIATUM
cid:5732,5732,Zolpidem,Imidazopyridine,pdsp,GABA,,RAT,500.0,"Massotti M, et al., 1991",Spinal cord
cid:5732,5732,Zolpidem,Imidazopyridine,pdsp,GABA A,,RAT,11.2,"Sullivan SK et al., 2004",CORTEX
cid:5732,5732,Zolpidem,Imidazopyridine,pdsp,GABA A,,RAT,10.3,"Sullivan SK et al., 2004",CEREBELLUM
cid:5732,5732,Zolpidem,Imidazopyridine,pdsp,GABA A,,RAT,12.6,"Sullivan SK et al., 2004",CORTEX
cid:5732,5732,Zolpidem,Imidazopyridine,pdsp,GABA A,,RAT,13.5,"Sullivan SK et al., 2004",CEREBELLUM
cid:5732,5732,Zolpidem,Imidazopyridine,pdsp,GABA A alpha1,,HUMAN,27.0,"Carling RW, et al., 2005",CLONED
cid:5732,5732,Zolpidem,Imidazopyridine,pdsp,GABA A alpha2,,HUMAN,160.0,"Carling RW, et al., 2005",CLONED
cid:5732,5732,Zolpidem,Imidazopyridine,pdsp,GABA A alpha3,,HUMAN,380.0,"Carling RW, et al., 2005",CLONED
cid:5732,5732,Zolpidem,Imidazopyridine,pdsp,GABA receptor alpha-2 subunit,GABRA2,RAT,765.0,"Primofiore G et al., 2007",UNDEFINED
cid:5732,5732,Zolpidem,Imidazopyridine,pdsp,GABA receptor alpha-1 subunit,GABRA1,UNDEFINED,61.9000015258789,"Hanson SM et al., 2008",UNDEFINED
cid:5732,5732,Zolpidem,Imidazopyridine,pdsp,GABA receptor alpha-5 subunit,GABRA5,UNDEFINED,10000.0,"Hanson SM et al., 2008",UNDEFINED
cid:5732,5732,Zolpidem,Imidazopyridine,pdsp,GABA receptor alpha-2 subunit,GABRA2,RAT,765.0,"Taliani S et al., 2009",UNDEFINED
cid:5732,5732,Zolpidem,Imidazopyridine,pdsp,GABA receptor alpha-5 subunit,GABRA5,RAT,35.0,"Taliani S et al., 2009",UNDEFINED
cid:5732,5732,Zolpidem,Imidazopyridine,pdsp,GABA A Alpha1Beta2Gamma2,,RAT,26.7,"Costanzo A et al., 2002",CLONED
cid:5732,5732,Zolpidem,Imidazopyridine,pdsp,GABA A Alpha2Beta2Gamma2,,RAT,156.0,"Costanzo A et al., 2002",CLONED
cid:5732,5732,Zolpidem,Imidazopyridine,pdsp,GABA A Alpha3Beta2Gamma2,,RAT,383.0,"Costanzo A et al., 2002",CLONED
cid:5732,5732,Zolpidem,Imidazopyridine,pdsp,GABA A Alpha5Beta3Gamma2,,RAT,10000.0,"Costanzo A et al., 2002",CLONED
cid:5732,5732,Zolpidem,Imidazopyridine,pdsp,GABA A Alpha1Beta2Gamma2,,HEK293,50.0,"Primofiore G, et al., 2006",Membranes
cid:5732,5732,Zolpidem,Imidazopyridine,pdsp,GABA A Alpha2Beta2Gamma2,,HEK293,765.0,"Primofiore G, et al., 2006",Membranes
cid:9287,9287,ΑMT,Substituted_tryptamines,pdsp,5-HT2A,HTR2A,BOVINE,890.0,"MCKENNA, ET AL., 1989",CORTEX
cid:9287,9287,ΑMT,Substituted_tryptamines,pdsp,5-HT2A,HTR2A,BOVINE,3500.0,"MCKENNA, ET AL., 1989",CORTEX
