substance_id,cid,substance_name,substance_class,source,activity_type,value_nm,units,relation,target_id,assay_description
cid:62787,62787,"2,5-DMA",Amphetamine,chembl,IC50,100000.0,nM,>,CHEMBL3358,Inhibitory concentration against monoamine oxidase A in rat brain mitochondrial suspension
cid:62787,62787,"2,5-DMA",Amphetamine,chembl,Ki,465.0,nM,=,CHEMBL2093870,Compound was evaluated for its ability to displace 0.25 nM [125I](R)-DOI from binding sites in rat frontal cortex.
cid:62787,62787,"2,5-DMA",Amphetamine,chembl,Ki,1020.0,nM,=,CHEMBL2095159,Evaluated for binding affinity towards rat cortical membranes at 5-hydroxytryptamine 1 receptor binding site by using [3
cid:62787,62787,"2,5-DMA",Amphetamine,chembl,Ki,5200.0,nM,=,CHEMBL2093870,Binding affinity to rat cortical membranes at 5-hydroxytryptamine 2 (5-HT2) receptor using [3H]KET as a radioligand
cid:62787,62787,"2,5-DMA",Amphetamine,chembl,Ki,4720.0,nM,=,CHEMBL322,Displacement of [3H]ketanserin from NIH3T3 cells stably expressing rat 5-hydroxytryptamine 2A receptor
cid:62787,62787,"2,5-DMA",Amphetamine,chembl,Ki,10000.0,nM,>,CHEMBL324,Displacement of [3H]mesulergine from A9 cells stably expressing rat 5-hydroxytryptamine 2C receptor
cid:62787,62787,"2,5-DMA",Amphetamine,chembl,Ki,5200.0,nM,=,CHEMBL2093870,Binding affinity against 5-hydroxytryptamine 2 receptor of rat frontal cortex using [3H]ketanserin radioligand
cid:62787,62787,"2,5-DMA",Amphetamine,chembl,Ki,1217.0,nM,=,CHEMBL324,Binding affinity towards 5-hydroxytryptamine 1C receptor from frontal cortical regions of male Sprague-Dawley rat homoge
cid:62787,62787,"2,5-DMA",Amphetamine,chembl,Ki,5200.0,nM,=,CHEMBL2093870,Binding affinity towards 5-hydroxytryptamine 2 receptor from frontal cortical regions of male Sprague-Dawley rat homogen
cid:62787,62787,"2,5-DMA",Amphetamine,chembl,Ki,1020.0,nM,=,CHEMBL2095159,Binding affinity for 5-hydroxytryptamine 1 receptor of rat prefrontal cortex
cid:62787,62787,"2,5-DMA",Amphetamine,chembl,Ki,5200.0,nM,=,CHEMBL2093870,Displacement of [3H]ketanserin from rat prefrontal cortex 5-hydroxytryptamine 2 receptor
cid:62787,62787,"2,5-DMA",Amphetamine,chembl,Ki,5200.0,nM,=,CHEMBL322,Binding affinity towards 5-hydroxytryptamine 2A receptor sites by using [3H]ketanserin as radioligand
cid:62787,62787,"2,5-DMA",Amphetamine,chembl,Ki,5200.0,nM,=,CHEMBL322,Displacement of [3H]ketanserin from 5HT2A receptor in Sprague-Dawley rat brain by liquid scintillation spectroscopy
cid:62787,62787,"2,5-DMA",Amphetamine,chembl,Ki,5200.0,nM,=,CHEMBL224,Displacement of [3H]ketanserin from 5HT2A receptor expressed in NIH3T3 cells
cid:62787,62787,"2,5-DMA",Amphetamine,chembl,Ki,5200.0,nM,=,CHEMBL322,Displacement of [3H]ketanserin from 5HT2A in Sprague-Dawley rat cortex membranes measured after 15 mins
cid:62787,62787,"2,5-DMA",Amphetamine,chembl,Ki,268.0,nM,=,CHEMBL322,Displacement of [3H]DOB from 5HT2A in Sprague-Dawley rat cortex membranes measured after 15 mins by scintillation counti
cid:62787,62787,"2,5-DMA",Amphetamine,chembl,Ki,211.0,nM,=,CHEMBL224,Displacement of [125I]DOI from recombinant human 5HT2A expressed in Syrian hamster AV12 cell membranes
cid:62787,62787,"2,5-DMA",Amphetamine,chembl,Ki,4720.0,nM,=,CHEMBL322,Displacement of [3H]ketanserin from rat 5HT2A expressed in mouse NIH/3T3 cell membranes after 30 mins by scintillation c
cid:62787,62787,"2,5-DMA",Amphetamine,chembl,Kd,147.91,nM,=,CHEMBL2094123,Affinity against 5-hydroxytryptamine receptors in rat fundus model
cid:62787,62787,"2,5-DMA",Amphetamine,chembl,Kd,147.91,nM,=,CHEMBL2094123,Binding affinity at rat 5-hydroxytryptamine receptor.
cid:62787,62787,"2,5-DMA",Amphetamine,chembl,Kd,147.91,nM,=,CHEMBL323,Affinity against 5-hydroxytryptamine 2B receptor in the isolated rat stomach fundus
cid:62787,62787,"2,5-DMA",Amphetamine,chembl,Kd,147.91,nM,=,CHEMBL2094123,Competitive antagonist activity at 5-HT serotonin receptor in Sprague-Dawley rat stomach fundus model assessed as inhibi
cid:10251906,10251906,25I-NBOMe,Substituted_phenethylamines,chembl,Ki,2.2,nM,=,CHEMBL322,Binding affinity to rat 5-HT2A assessed as inhibition constant by liquid scintillation counter analysis
cid:10251906,10251906,25I-NBOMe,Substituted_phenethylamines,chembl,Ki,2.3,nM,=,CHEMBL1833,Binding affinity to 5-HT2B (unknown origin) assessed as inhibition constant by liquid scintillation counter analysis
cid:10251906,10251906,25I-NBOMe,Substituted_phenethylamines,chembl,Ki,7.0,nM,=,CHEMBL225,Binding affinity to 5-HT2C (unknown origin) assessed as inhibition constant by liquid scintillation counter analysis
cid:98527,98527,2C-B,Substituted_phenethylamines,chembl,Ki,36.0,nM,=,CHEMBL324,Affinity against 5-hydroxytryptamine 2C receptor in J1 cells transfected with the rat 5-HT2C gene labeled with [3H]mesul
cid:98527,98527,2C-B,Substituted_phenethylamines,chembl,Ki,34.0,nM,=,CHEMBL224,Affinity against 5-hydroxytryptamine 2A receptor (K) labeled with [3H]ketanserin.
cid:98527,98527,2C-B,Substituted_phenethylamines,chembl,Ki,1.0,nM,=,CHEMBL224,Affinity against 5-hydroxytryptamine 2A receptor (D) labeled with [125I]DOI.
cid:98527,98527,2C-B,Substituted_phenethylamines,chembl,Ki,16.0,nM,=,CHEMBL322,Displacement of [3H]ketanserin from NIH3T3 cells stably expressing rat 5-hydroxytryptamine 2A receptor
cid:98527,98527,2C-B,Substituted_phenethylamines,chembl,Ki,190.0,nM,=,CHEMBL324,Displacement of [3H]mesulergine from A9 cells stably expressing rat 5-hydroxytryptamine 2C receptor
cid:98527,98527,2C-B,Substituted_phenethylamines,chembl,Ki,36.0,nM,=,CHEMBL324,Binding affinity towards 5-hydroxytryptamine 1C receptor from frontal cortical regions of male Sprague-Dawley rat homoge
cid:98527,98527,2C-B,Substituted_phenethylamines,chembl,Ki,34.0,nM,=,CHEMBL2093870,Binding affinity towards 5-hydroxytryptamine 2 receptor from frontal cortical regions of male Sprague-Dawley rat homogen
cid:98527,98527,2C-B,Substituted_phenethylamines,chembl,Ki,0.66,nM,=,CHEMBL224,Displacement of (+/-)-[125I]DOI from human cloned 5HT2A receptor
cid:98527,98527,2C-B,Substituted_phenethylamines,chembl,Ki,0.88,nM,=,CHEMBL322,Displacement of (+/-)-[125I]DOI from rat cloned 5HT2A receptor
cid:98527,98527,2C-B,Substituted_phenethylamines,chembl,EC50,27.0,nM,=,CHEMBL322,Activity at rat 5HT2A receptor expressed in NIH3T3 cells assessed as stimulation of phospholipase C-mediated IP producti
cid:98527,98527,2C-B,Substituted_phenethylamines,chembl,EC50,,,,CHEMBL322,Activity at rat 5HT2A receptor expressed in NIH3T3 cells assessed as stimulation of arachidonic acid release
cid:98527,98527,2C-B,Substituted_phenethylamines,chembl,EC50,,,,CHEMBL322,Activity at rat 5HT2A receptor expressed in NIH3T3 cells assessed as stimulation of 2-arachidonylglycerol production
cid:98527,98527,2C-B,Substituted_phenethylamines,chembl,EC50,7190.0,nM,=,CHEMBL5857,Agonist activity at human trace amine associated receptor 1 expressed in RD-HGA16 CHO-K1 cells coexpressed with Galpha16
cid:98527,98527,2C-B,Substituted_phenethylamines,chembl,EC50,1.6,nM,=,CHEMBL224,Agonist activity at human 5-HT2AR expressed in HEK293 cells incubated upto 90 sec by Fluo-4 AM dye based Ca2+ imaging as
cid:98527,98527,2C-B,Substituted_phenethylamines,chembl,EC50,4100.0,nM,=,CHEMBL225,Agonist activity at human 5-HT2CR expressed in HEK293 cells incubated upto 90 sec by Fluo-4 AM dye based Ca2+ imaging as
cid:10265873,10265873,2C-B-FLY,"Substituted_phenethylamines, Substituted_benzofurans",chembl,Ki,34.0,nM,=,CHEMBL322,Binding affinity towards rat cortical 5-hydroxytryptamine 2A receptor using [3H]ketanserin as radioligand
cid:10265873,10265873,2C-B-FLY,"Substituted_phenethylamines, Substituted_benzofurans",chembl,Ki,0.8,nM,=,CHEMBL273,Binding affinity towards rat hippocampal 5-hydroxytryptamine 1A receptor using [3H]8-OH-DPAT as radioligand
cid:10265873,10265873,2C-B-FLY,"Substituted_phenethylamines, Substituted_benzofurans",chembl,Ki,34.0,nM,=,CHEMBL322,Displacement of [3H]ketanserin from 5HT2A receptor in Sprague-Dawley rat brain by liquid scintillation spectroscopy
cid:135740,135740,2C-D,Substituted_phenethylamines,chembl,EC50,6478.0,nM,=,CHEMBL5857,Agonist activity at human trace amine associated receptor 1 expressed in RD-HGA16 CHO-K1 cells coexpressed with Galpha16
cid:24729233,24729233,2C-E,Substituted_phenethylamines,chembl,EC50,6410.0,nM,=,CHEMBL5857,Agonist activity at human trace amine associated receptor 1 expressed in RD-HGA16 CHO-K1 cells coexpressed with Galpha16
cid:76632,76632,2C-H,Substituted_phenethylamines,chembl,Ki,3000.0,nM,=,CHEMBL322,Displacement of [3H]ketanserin from NIH3T3 cells stably expressing rat 5-hydroxytryptamine 2A receptor
cid:76632,76632,2C-H,Substituted_phenethylamines,chembl,Ki,5520.0,nM,=,CHEMBL324,Displacement of [3H]mesulergine from A9 cells stably expressing rat 5-hydroxytryptamine 2C receptor
cid:76632,76632,2C-H,Substituted_phenethylamines,chembl,Ki,2820.0,nM,=,CHEMBL322,Binding affinity against rat 5-hydroxytryptamine 2A receptor using [3H]ketanserin as radioligand
cid:76632,76632,2C-H,Substituted_phenethylamines,chembl,Ki,6400.0,nM,=,CHEMBL324,Binding affinity against rat 5-hydroxytryptamine 2C receptor using [3H]mesulergine as radioligand
cid:76632,76632,2C-H,Substituted_phenethylamines,chembl,Ki,2820.0,nM,=,CHEMBL322,Displacement of [3H]ketanserin from rat 5HT2A expressed in mouse NIH/3T3 cell membranes after 30 mins by scintillation c
cid:76632,76632,2C-H,Substituted_phenethylamines,chembl,EC50,11000.0,nM,=,CHEMBL229,Alpha-1 adrenergic receptor agonist activity in rabbit ear artery
cid:76632,76632,2C-H,Substituted_phenethylamines,chembl,EC50,2010.0,nM,=,CHEMBL5857,Agonist activity at human trace amine associated receptor 1 expressed in RD-HGA16 CHO-K1 cells coexpressed with Galpha16
cid:76632,76632,2C-H,Substituted_phenethylamines,chembl,Kd,141.25,nM,=,CHEMBL2094123,Affinity against 5-hydroxytryptamine receptors in rat fundus model
cid:76632,76632,2C-H,Substituted_phenethylamines,chembl,Kd,141.25,nM,=,CHEMBL2094123,Competitive antagonist activity at 5-HT serotonin receptor in Sprague-Dawley rat stomach fundus model assessed as inhibi
cid:10267191,10267191,2C-I,Substituted_phenethylamines,chembl,Ki,80.9,nM,=,CHEMBL2111383,Tested for the binding affinity against the site labelled by the 5-hydroxytryptamine 2A receptor - 5-hydroxytryptamine 2
cid:10267191,10267191,2C-I,Substituted_phenethylamines,chembl,Ki,1.9,nM,=,CHEMBL2111383,Tested for the binding affinity against the site labelled by the 5-hydroxytryptamine 2A receptor - 5-hydroxytryptamine 2
cid:6405,6405,2M2B,Alcohol,chembl,IC50,20000.0,nM,>,CHEMBL4303835,Antiviral activity determined as inhibition of SARS-CoV-2 induced cytotoxicity of VERO-6 cells at 10 uM after 48 hours e
cid:6405,6405,2M2B,Alcohol,chembl,IC50,19952.62,nM,>,CHEMBL4303835,Antiviral activity determined as inhibition of SARS-CoV-2 induced cytotoxicity of VERO-6 cells at 10 uM after 48 hours e
cid:133277,133277,3-HO-PCP,Arylcyclohexylamines,chembl,Ki,38.0,nM,=,CHEMBL612545,Binding affinity against PCP site of the NMDA Receptor using [3H]TCP radioligand
cid:9991554,9991554,4-HO-DET,Substituted_tryptamines,chembl,Ki,25.0,nM,=,CHEMBL322,Evaluated for the binding constant at [125I]-DOI-labeled rat 5-hydroxytryptamine 2A receptor
cid:9991554,9991554,4-HO-DET,Substituted_tryptamines,chembl,Ki,10.0,nM,=,CHEMBL324,Evaluated for the binding constant at [125I]-DOI-labeled rat 5-hydroxytryptamine 2C receptor
cid:9991554,9991554,4-HO-DET,Substituted_tryptamines,chembl,Ki,49.0,nM,=,CHEMBL214,Evaluated for the binding constant at [3H]8-OH-DPAT-labeled human 5-hydroxytryptamine 1A receptor
cid:9991554,9991554,4-HO-DET,Substituted_tryptamines,chembl,EC50,2310.0,nM,=,CHEMBL322,Evaluated for the effective concentration at [125I]-DOI-labeled rat 5-hydroxytryptamine 2A receptor
cid:15100753,15100753,4-MeO-PCP,Arylcyclohexylamines,chembl,IC50,15848.93,nM,=,CHEMBL1907603,Inhibition of human recombinant NR1/NR2B receptor expressed in U2OS assessed as change in intracellular calcium level by
cid:15100753,15100753,4-MeO-PCP,Arylcyclohexylamines,chembl,IC50,3981.07,nM,=,CHEMBL1907604,Inhibition of human recombinant NR1/NR2A receptor expressed in U2OS assessed as change in intracellular calcium level by
cid:52944002,52944002,4F-MPH,Substituted_phenidates,chembl,IC50,35.0,nM,=,CHEMBL338,Displacement of [3H]WIN 35428 from Sprague-Dawley rat striatal tissue after 2 hrs by liquid scintillation counting
cid:52944002,52944002,4F-MPH,Substituted_phenidates,chembl,IC50,34.67,nM,=,CHEMBL338,Displacement of [3H]WIN 35428 from Sprague-Dawley rat striatal tissue after 2 hrs by liquid scintillation counting
cid:144,144,5-Hydroxytryptophan,"Substituted_tryptamines, Amino_acid",chembl,IC50,20000.0,nM,>,CHEMBL4303835,Antiviral activity determined as inhibition of SARS-CoV-2 induced cytotoxicity of VERO-6 cells at 10 uM after 48 hours e
cid:144,144,5-Hydroxytryptophan,"Substituted_tryptamines, Amino_acid",chembl,IC50,19952.62,nM,>,CHEMBL4303835,Antiviral activity determined as inhibition of SARS-CoV-2 induced cytotoxicity of VERO-6 cells at 10 uM after 48 hours e
cid:50878551,50878551,5-MeO-DALT,Substituted_tryptamines,chembl,IC50,8709.64,nM,=,CHEMBL228,Inhibition of [3H]5-HT uptake at human SERT expressed in HEK293 cells preincubated for 10 mins prior to substrate additi
cid:50878551,50878551,5-MeO-DALT,Substituted_tryptamines,chembl,IC50,42657.95,nM,=,CHEMBL222,Inhibition of [3H]norepinephrine uptake at human NET expressed in HEK293 cells preincubated for 10 mins prior to substra
cid:50878551,50878551,5-MeO-DALT,Substituted_tryptamines,chembl,IC50,32359.37,nM,=,CHEMBL238,Inhibition of [3H]dopamine uptake at human DAT expressed in HEK293 cells preincubated for 10 mins prior to substrate add
cid:50878551,50878551,5-MeO-DALT,Substituted_tryptamines,chembl,Ki,486.0,nM,=,CHEMBL612545,Displacement of [3H]DTG from sigma 2 receptor in rat PC12 cells after 1 to 1.5 hrs by scintillation counting analysis
cid:50878551,50878551,5-MeO-DALT,Substituted_tryptamines,chembl,Ki,489.78,nM,=,CHEMBL612545,Displacement of [3H]DTG from sigma 2 receptor in rat PC12 cells after 1 to 1.5 hrs by scintillation counting analysis
cid:50878551,50878551,5-MeO-DALT,Substituted_tryptamines,chembl,Ki,400.0,nM,=,CHEMBL4153,Displacement of [3H]Pentazocine from guinea pig sigma 1 receptor after 1 to 1.5 hrs by scintillation counting analysis
cid:50878551,50878551,5-MeO-DALT,Substituted_tryptamines,chembl,Ki,398.11,nM,=,CHEMBL4153,Displacement of [3H]Pentazocine from guinea pig sigma 1 receptor after 1 to 1.5 hrs by scintillation counting analysis
cid:50878551,50878551,5-MeO-DALT,Substituted_tryptamines,chembl,Ki,679.0,nM,=,CHEMBL228,Displacement of [3H]Citalopram from human recombinant serotonin transporter expressed in HEK293 cells after 1 to 1.5 hrs
cid:50878551,50878551,5-MeO-DALT,Substituted_tryptamines,chembl,Ki,676.08,nM,=,CHEMBL228,Displacement of [3H]Citalopram from human recombinant serotonin transporter expressed in HEK293 cells after 1 to 1.5 hrs
cid:50878551,50878551,5-MeO-DALT,Substituted_tryptamines,chembl,Ki,10000.0,nM,>,CHEMBL4552,Displacement of [3H]PK11195 from peripheral benzodiazepine receptor in rat brain after 1 to 1.5 hrs by scintillation cou
cid:50878551,50878551,5-MeO-DALT,Substituted_tryptamines,chembl,Ki,10000.0,nM,>,CHEMBL1907608,Displacement of [3H]MK801 from NMDA receptor PCP binding site in rat brain after 1 to 1.5 hrs by scintillation counting 
cid:50878551,50878551,5-MeO-DALT,Substituted_tryptamines,chembl,Ki,10000.0,nM,>,CHEMBL222,Displacement of [3H]Nisoxetine from human recombinant norepinephrine transporter expressed in HEK293 cells after 1 to 1.
cid:50878551,50878551,5-MeO-DALT,Substituted_tryptamines,chembl,Ki,10000.0,nM,>,CHEMBL233,Displacement of [3H]DAMGO from human recombinant mu opioid receptor receptor expressed in HEK293 cells after 1 to 1.5 hr
cid:50878551,50878551,5-MeO-DALT,Substituted_tryptamines,chembl,Ki,10000.0,nM,>,CHEMBL2035,Displacement of [3H]QNB from human recombinant muscarinic M5 receptor expressed in CHO cells after 1 to 1.5 hrs by scint
cid:50878551,50878551,5-MeO-DALT,Substituted_tryptamines,chembl,Ki,10000.0,nM,>,CHEMBL1821,Displacement of [3H]QNB from human recombinant muscarinic M4 receptor expressed in CHO cells after 1 to 1.5 hrs by scint
cid:50878551,50878551,5-MeO-DALT,Substituted_tryptamines,chembl,Ki,10000.0,nM,>,CHEMBL245,Displacement of [3H]QNB from human recombinant muscarinic M3 receptor expressed in CHO cells after 1 to 1.5 hrs by scint
cid:50878551,50878551,5-MeO-DALT,Substituted_tryptamines,chembl,Ki,10000.0,nM,>,CHEMBL211,Displacement of [3H]QNB from human recombinant muscarinic M2 receptor expressed in CHO cells after 1 to 1.5 hrs by scint
cid:50878551,50878551,5-MeO-DALT,Substituted_tryptamines,chembl,Ki,10000.0,nM,>,CHEMBL216,Displacement of [3H]QNB from human recombinant muscarinic M1 receptor expressed in CHO cells after 1 to 1.5 hrs by scint
cid:50878551,50878551,5-MeO-DALT,Substituted_tryptamines,chembl,Ki,10000.0,nM,>,CHEMBL237,Displacement of [3H]U69593 from human recombinant kappa opioid receptor receptor expressed in HEK293 cells after 1 to 1.
cid:50878551,50878551,5-MeO-DALT,Substituted_tryptamines,chembl,Ki,10000.0,nM,>,CHEMBL3759,Displacement of [3H]Histamine from human recombinant histamine H4 receptor expressed in HEK293 cells after 1 to 1.5 hrs 
cid:50878551,50878551,5-MeO-DALT,Substituted_tryptamines,chembl,Ki,10000.0,nM,>,CHEMBL264,Displacement of [3H]alpha-methylhistamine from human recombinant histamine H3 receptor expressed in HEK293 cells after 1
cid:50878551,50878551,5-MeO-DALT,Substituted_tryptamines,chembl,Ki,4247.0,nM,=,CHEMBL1941,Displacement of [3H]Tiotidine from human recombinant histamine H2 receptor expressed in HEK293 cells after 1 to 1.5 hrs 
cid:50878551,50878551,5-MeO-DALT,Substituted_tryptamines,chembl,Ki,4265.8,nM,=,CHEMBL1941,Displacement of [3H]Tiotidine from human recombinant histamine H2 receptor expressed in HEK293 cells after 1 to 1.5 hrs 
cid:1832,1832,5-MeO-DMT,Substituted_tryptamines,chembl,IC50,15.0,nM,=,CHEMBL214,Binding affinity against 5-hydroxytryptamine 1A receptor
cid:1832,1832,5-MeO-DMT,Substituted_tryptamines,chembl,IC50,550.0,nM,=,CHEMBL1898,Binding affinity against 5-hydroxytryptamine 1B receptor
cid:1832,1832,5-MeO-DMT,Substituted_tryptamines,chembl,IC50,250.0,nM,=,CHEMBL324,Binding affinity against 5-hydroxytryptamine 1C receptor
cid:1832,1832,5-MeO-DMT,Substituted_tryptamines,chembl,IC50,49.0,nM,=,CHEMBL2304407,Binding affinity against 5-hydroxytryptamine 1D receptor
cid:1832,1832,5-MeO-DMT,Substituted_tryptamines,chembl,IC50,1900.0,nM,=,CHEMBL2093870,Binding affinity against 5-hydroxytryptamine 2 receptor using [3H]ket as radioligand.
cid:1832,1832,5-MeO-DMT,Substituted_tryptamines,chembl,IC50,60.0,nM,=,CHEMBL2093870,Binding affinity against 5-hydroxytryptamine 2 receptor using [125I]DOI as radioligand.
cid:1832,1832,5-MeO-DMT,Substituted_tryptamines,chembl,IC50,11.0,nM,=,CHEMBL273,Compound was evaluated for binding affinity towards 5-hydroxytryptamine 1A receptor in rat cortex using [3H]-8-OH-DPAT a
cid:1832,1832,5-MeO-DMT,Substituted_tryptamines,chembl,IC50,49.0,nM,=,CHEMBL1983,Compound was evaluated for binding affinity towards 5-hydroxytryptamine 1D receptor in bovine caudate using [3H]- seroto
cid:1832,1832,5-MeO-DMT,Substituted_tryptamines,chembl,IC50,250.0,nM,=,CHEMBL225,Binding affinity towards 5-hydroxytryptamine 1C receptor using [3H]mesulergine as radioligand
cid:1832,1832,5-MeO-DMT,Substituted_tryptamines,chembl,IC50,130.0,nM,=,CHEMBL2093870,Compound was evaluated for binding affinity towards 5-hydroxytryptamine 2 receptor in rat anterior cortex using [125I]DO
cid:1832,1832,5-MeO-DMT,Substituted_tryptamines,chembl,IC50,1800.0,nM,=,CHEMBL2093870,Compound was evaluated for binding affinity towards 5-hydroxytryptamine 2 receptor in rat anterior cortex using [3H]keta
cid:1832,1832,5-MeO-DMT,Substituted_tryptamines,chembl,IC50,9.53,nM,=,CHEMBL322,Inhibition of [125I]DOI binding to 5HT2A receptor in rat cerebral cortex
cid:1832,1832,5-MeO-DMT,Substituted_tryptamines,chembl,IC50,14000.0,nM,=,CHEMBL4078,Inhibition of Electric eel AChE assessed as amount of thiocholine released using acetylthiocholine iodide as substrate a
cid:1832,1832,5-MeO-DMT,Substituted_tryptamines,chembl,IC50,20000.0,nM,>,CHEMBL4303835,Antiviral activity determined as inhibition of SARS-CoV-2 induced cytotoxicity of VERO-6 cells at 10 uM after 48 hours e
cid:1832,1832,5-MeO-DMT,Substituted_tryptamines,chembl,IC50,19952.62,nM,>,CHEMBL4303835,Antiviral activity determined as inhibition of SARS-CoV-2 induced cytotoxicity of VERO-6 cells at 10 uM after 48 hours e
cid:1832,1832,5-MeO-DMT,Substituted_tryptamines,chembl,Ki,16.0,nM,=,CHEMBL3371,Binding affinity towards human 5-hydroxytryptamine 6 receptor
cid:1832,1832,5-MeO-DMT,Substituted_tryptamines,chembl,Ki,30.0,nM,=,CHEMBL3155,Binding affinity of compound towards rodent 5-hydroxytryptamine 7 receptor
cid:1832,1832,5-MeO-DMT,Substituted_tryptamines,chembl,Ki,7.8,nM,=,CHEMBL273,Binding affinity towards 5-hydroxytryptamine 1A receptor
cid:1832,1832,5-MeO-DMT,Substituted_tryptamines,chembl,Ki,350.0,nM,=,CHEMBL3459,Evaluated for binding affinity towards 5-hydroxytryptamine 1B receptor
cid:1832,1832,5-MeO-DMT,Substituted_tryptamines,chembl,Ki,620.0,nM,=,CHEMBL2093870,Binding affinity towards 5-hydroxytryptamine 2 receptor using [3H]- ketanserin as radioligand
cid:1832,1832,5-MeO-DMT,Substituted_tryptamines,chembl,Ki,15.0,nM,=,CHEMBL2093870,"Binding affinity towards 5-hydroxytryptamine 2 receptor using [3H]- 1-(4-bromo-2,5-dimethoxy-phenyl)-2-aminopropane (D) "
cid:1832,1832,5-MeO-DMT,Substituted_tryptamines,chembl,Ki,16.0,nM,=,CHEMBL3371,Binding affinity against human 5-hydroxytryptamine 6 receptor stably transfected to HEK 293 human embryonic kidney cells
cid:1832,1832,5-MeO-DMT,Substituted_tryptamines,chembl,Ki,1600.0,nM,=,CHEMBL322,"Compound was tested for binding affinity using [3H]MDL-100,907 at 5-hydroxytryptamine 2A receptor sites in rat cortical "
cid:1832,1832,5-MeO-DMT,Substituted_tryptamines,chembl,Ki,50.0,nM,=,CHEMBL2095159,Evaluated for binding affinity towards rat cortical membranes at 5-hydroxytryptamine 1 receptor binding site by using [3
cid:1832,1832,5-MeO-DMT,Substituted_tryptamines,chembl,Ki,20.0,nM,=,CHEMBL273,Evaluated for the binding affinity to hippocampus striatal membranes at 5-hydroxytryptamine 1A receptor binding site by 
cid:1832,1832,5-MeO-DMT,Substituted_tryptamines,chembl,Ki,90.0,nM,=,CHEMBL3459,Binding affinity (Ki) to rat cortical membranes at 5-HT1B binding site by using [125 I] ICYP as a radioligand.
cid:1832,1832,5-MeO-DMT,Substituted_tryptamines,chembl,Ki,1200.0,nM,=,CHEMBL2093870,Binding affinity to 5-hydroxytryptamine 2 receptor in rat frontal cortical membranes by [3H]- KET displacement.
cid:1832,1832,5-MeO-DMT,Substituted_tryptamines,chembl,Ki,390.0,nM,=,CHEMBL2093870,Binding affinity to rat cortical membranes at 5-hydroxytryptamine 2 (5-HT2) receptor using [3H]KET as a radioligand
cid:1832,1832,5-MeO-DMT,Substituted_tryptamines,chembl,Ki,960.0,nM,=,CHEMBL324,Affinity against 5-hydroxytryptamine 2C receptor in J1 cells transfected with the rat 5-HT2C gene labeled with [3H]mesul
cid:1832,1832,5-MeO-DMT,Substituted_tryptamines,chembl,Ki,620.0,nM,=,CHEMBL224,Affinity against 5-hydroxytryptamine 2A receptor (K) labeled with [3H]ketanserin.
cid:1832,1832,5-MeO-DMT,Substituted_tryptamines,chembl,EC50,462.0,nM,=,CHEMBL322,Activity against 5HT2A mediated intracellular calcium mobilization by FLIPR in rat vascular smooth muscle cells
cid:1832,1832,5-MeO-DMT,Substituted_tryptamines,chembl,EC50,240.0,nM,=,CHEMBL323,Activity against 5HT2B receptor in longitudinal stomach fundus strips in wistar rats
cid:1832,1832,5-MeO-DMT,Substituted_tryptamines,chembl,EC50,77.8,nM,=,CHEMBL324,Activity against recombinant rat 5HT2C mediated intracellular calcium mobilization by FLIPR in SR3T3 cells
cid:1832,1832,5-MeO-DMT,Substituted_tryptamines,chembl,EC50,197.0,nM,=,CHEMBL214,PUBCHEM_BIOASSAY: Dose Response assay for agonists of 5-Hydroxytryptamine (Serotonin) Receptor Subtype 1A (5HT1A). (Clas
cid:1832,1832,5-MeO-DMT,Substituted_tryptamines,chembl,EC50,670.0,nM,,CHEMBL1741219,PUBCHEM_BIOASSAY: Confirmation dose response assay for compounds that allosterically potentiate transient receptor poten
cid:1832,1832,5-MeO-DMT,Substituted_tryptamines,chembl,EC50,257.0,nM,=,CHEMBL1945,Agonist activity at human melatonin receptor-1 transfected in CHO cell membranes after 1 hr by GTPgammaS binding assay
cid:1832,1832,5-MeO-DMT,Substituted_tryptamines,chembl,EC50,112.0,nM,=,CHEMBL1946,Agonist activity at human melatonin receptor-2 transfected in CHO cell membranes after 1 hr by GTPgammaS binding assay
cid:1832,1832,5-MeO-DMT,Substituted_tryptamines,chembl,EC50,1.76,nM,=,CHEMBL224,Agonist activity at 5HT2A receptor (unknown origin) expressed in HEK293 cells by FLIPR calcium flux assay
cid:1832,1832,5-MeO-DMT,Substituted_tryptamines,chembl,EC50,1.76,nM,=,CHEMBL224,Agonist activity at 5-HT2A receptor (unknown origin) by calcium flux assay
cid:1832,1832,5-MeO-DMT,Substituted_tryptamines,chembl,EC50,1.85,nM,=,CHEMBL224,Agonist activity at human 5-HT2A receptor expressed in CHO cells measured after 140 secs by Fluo-4 dye based calcium mob
cid:1832,1832,5-MeO-DMT,Substituted_tryptamines,chembl,EC50,2.239,nM,=,CHEMBL224,Agonist activity at human 5-HT2A receptor expressed in CHO cells measured after 140 secs by Fluo-4 dye based calcium mob
cid:1832,1832,5-MeO-DMT,Substituted_tryptamines,chembl,EC50,5.87,nM,=,CHEMBL1833,Agonist activity at human 5-HT2B receptor expressed in Flp-In-T-REx-293 cells measured after 140 secs by Fluo-4 dye base
cid:1832,1832,5-MeO-DMT,Substituted_tryptamines,chembl,EC50,8.128,nM,=,CHEMBL1833,Agonist activity at human 5-HT2B receptor expressed in Flp-In-T-REx-293 cells measured after 140 secs by Fluo-4 dye base
cid:1832,1832,5-MeO-DMT,Substituted_tryptamines,chembl,EC50,30.7,nM,=,CHEMBL225,Agonist activity at human 5-HT2C receptor expressed in CHO cells measured after 140 secs by Fluo-4 dye based calcium mob
cid:1832,1832,5-MeO-DMT,Substituted_tryptamines,chembl,EC50,36.31,nM,=,CHEMBL225,Agonist activity at human 5-HT2C receptor expressed in CHO cells measured after 140 secs by Fluo-4 dye based calcium mob
cid:1832,1832,5-MeO-DMT,Substituted_tryptamines,chembl,Kd,83.18,nM,=,CHEMBL376,The ability to inhibit the 5-HT-induced contraction of isolated rat fundus muscle was determined
cid:1832,1832,5-MeO-DMT,Substituted_tryptamines,chembl,Kd,83.18,nM,=,CHEMBL323,The binding affinity to 5-hydroxytryptamine 2B receptor of rat fundus
cid:1832,1832,5-MeO-DMT,Substituted_tryptamines,chembl,Kd,83.18,nM,=,CHEMBL2095159,Antagonist activity at 5-HT1 receptor in Sprague-Dawley rat assessed as inhibition of 5-HT-induced stomach fundus contra
cid:1832,1832,5-MeO-DMT,Substituted_tryptamines,chembl,Kd,83.18,nM,=,CHEMBL2094123,Competitive antagonist activity at 5-HT serotonin receptor in Sprague-Dawley rat stomach fundus model assessed as inhibi
cid:1832,1832,5-MeO-DMT,Substituted_tryptamines,chembl,Kd,79.43,nM,=,CHEMBL2096904,Antagonist activity at 5-HT serotonin receptor (unknown origin)
cid:192599,192599,6-APDB,"Substituted_amphetamines, Substituted_phenethylamines, Substituted_benzofurans",chembl,IC50,322.0,nM,=,CHEMBL376,Inhibitory concentration against [3H]- 5-HT uptake in crude rat synaptosomes
cid:192599,192599,6-APDB,"Substituted_amphetamines, Substituted_phenethylamines, Substituted_benzofurans",chembl,IC50,1997.0,nM,=,CHEMBL376,Inhibitory concentration against [3H]- DA uptake in crude rat synaptosomes
cid:192599,192599,6-APDB,"Substituted_amphetamines, Substituted_phenethylamines, Substituted_benzofurans",chembl,IC50,980.0,nM,=,CHEMBL376,Inhibitory concentration against [3H]- NE uptake in crude rat synaptosomes
cid:44301524,44301524,7-OH,"Alkaloid, Indole_alkaloid",chembl,IC50,725.0,nM,=,CHEMBL233,Inhibition of DAMGO-induced beta-arrestin-2 recruitment at mu opioid receptor-1 (unknown origin) expressed in CHO cells 
cid:44301524,44301524,7-OH,"Alkaloid, Indole_alkaloid",chembl,Ki,13.49,nM,=,CHEMBL4354,"Binding affinity using guinea pig brain membrane preparations, towards Opioid receptor mu 1 using [3H]- DAMGO as radioli"
cid:44301524,44301524,7-OH,"Alkaloid, Indole_alkaloid",chembl,Ki,154.88,nM,=,CHEMBL236,"Binding affinity using guinea pig brain membrane preparations, towards Opioid receptor delta 1 using [3H]DPDPE as radiol"
cid:44301524,44301524,7-OH,"Alkaloid, Indole_alkaloid",chembl,Ki,123.03,nM,=,CHEMBL3952,"Binding affinity using guinea pig brain membrane preparations, towards Opioid receptor kappa 1 using [3H]- U-69,593 as r"
cid:44301524,44301524,7-OH,"Alkaloid, Indole_alkaloid",chembl,Ki,123.0,nM,=,CHEMBL3952,Displacement of [3H]U-69593 from kappa opoid receptor in Dunkin-Hartley guinea pig brain after 1 hr by liquid scintillat
cid:44301524,44301524,7-OH,"Alkaloid, Indole_alkaloid",chembl,Ki,155.0,nM,=,CHEMBL612545,Displacement of [3H]DPDPE from delta opoid receptor in Dunkin-Hartley guinea pig brain after 2 hrs by liquid scintillati
cid:44301524,44301524,7-OH,"Alkaloid, Indole_alkaloid",chembl,Ki,13.0,nM,=,CHEMBL4354,Displacement of [3H]DAMGO from mu opoid receptor in Dunkin-Hartley guinea pig brain after 1.5 hrs by liquid scintillatio
cid:44301524,44301524,7-OH,"Alkaloid, Indole_alkaloid",chembl,Ki,195.0,nM,=,CHEMBL3952,"Displacement of [3H]U-69,593 from guinea pig brain kappa opoid receptor after 1 hr by liquid scintillation counting anal"
cid:44301524,44301524,7-OH,"Alkaloid, Indole_alkaloid",chembl,Ki,145.0,nM,=,CHEMBL612545,Displacement of [3H]DPDPE from guinea pig brain delta opoid receptor after 4 hrs by liquid scintillation counting analys
cid:44301524,44301524,7-OH,"Alkaloid, Indole_alkaloid",chembl,Ki,9.8,nM,=,CHEMBL4354,Displacement of [3H]DAMGO from guinea pig brain mu opoid receptor after 3 hrs by liquid scintillation counting analysis
cid:44301524,44301524,7-OH,"Alkaloid, Indole_alkaloid",chembl,Ki,236.0,nM,=,CHEMBL236,Displacement of [3H]DADLE from human recombinant delta opioid receptor expressed in rat Chem-1 (RBL) cell membranes incu
cid:44301524,44301524,7-OH,"Alkaloid, Indole_alkaloid",chembl,Ki,74.1,nM,=,CHEMBL237,"Displacement of [3H]U69,593 from human recombinant kappa opioid receptor expressed in rat RBL cell membranes incubated f"
cid:44301524,44301524,7-OH,"Alkaloid, Indole_alkaloid",chembl,Ki,7.16,nM,=,CHEMBL233,Displacement of [3H]DAMGO from human recombinant mu opioid receptor expressed in HEK293 cell membranes incubated for 60 
cid:44301524,44301524,7-OH,"Alkaloid, Indole_alkaloid",chembl,Ki,1000.0,nM,>,CHEMBL3952,Inhibition of kappa opioid receptor in guinea pig brain membranes
cid:44301524,44301524,7-OH,"Alkaloid, Indole_alkaloid",chembl,Ki,60.0,nM,=,CHEMBL612545,Inhibition of delta opioid receptor in guinea pig brain membranes
cid:44301524,44301524,7-OH,"Alkaloid, Indole_alkaloid",chembl,Ki,7.2,nM,=,CHEMBL4354,Inhibition of mu opioid receptor in guinea pig brain membranes
cid:44301524,44301524,7-OH,"Alkaloid, Indole_alkaloid",chembl,Ki,90.0,nM,=,CHEMBL3222,Displacement of [125I]-IBNtxA from mouse delta opioid receptor-1 expressed in CHO cell membranes incubated for 90 mins
cid:44301524,44301524,7-OH,"Alkaloid, Indole_alkaloid",chembl,Ki,131.0,nM,=,CHEMBL4329,Displacement of [125I]-IBNtxA from mouse kappa opioid receptor-1 expressed in CHO cell membranes incubated for 90 mins
cid:44301524,44301524,7-OH,"Alkaloid, Indole_alkaloid",chembl,Ki,37.0,nM,=,CHEMBL2858,Displacement of [125I]-IBNtxA from mouse mu opioid receptor-1 expressed in CHO cell membranes incubated for 90 mins
cid:44301524,44301524,7-OH,"Alkaloid, Indole_alkaloid",chembl,EC50,53.0,nM,=,CHEMBL612545,Agonist activity at delta opioid receptor in guinea pig brain membranes by [35S]-GTPgammaS binding assay
cid:10661,10661,8-Chlorotheophylline,Xanthines,chembl,IC50,410000.0,nM,=,CHEMBL1293196,Inhibition of Aspergillus fumigatus ChiA1 expressed in Pichia pastoris after 70 mins
cid:10661,10661,8-Chlorotheophylline,Xanthines,chembl,IC50,2500000.0,nM,>,CHEMBL1293197,Inhibition of human chitinase
cid:10661,10661,8-Chlorotheophylline,Xanthines,chembl,Ki,340000.0,nM,=,CHEMBL1293195,Inhibition of Saccharomyces cerevisiae CTS1
cid:11148955,11148955,A-PVP,"Cathinone, Substituted_cathinones, Substituted_pyrrolidines",chembl,IC50,52.3,nM,=,CHEMBL238,Inhibition of [3H] dopamine uptake into human DAT expressed in HEK293 cells
cid:11148955,11148955,A-PVP,"Cathinone, Substituted_cathinones, Substituted_pyrrolidines",chembl,IC50,56.0,nM,=,CHEMBL222,Inhibition of [3H] norepinephrine uptake into human NET expressed in HEK293 cells
cid:11148955,11148955,A-PVP,"Cathinone, Substituted_cathinones, Substituted_pyrrolidines",chembl,Ki,33.7,nM,=,CHEMBL238,Displacement of [125I]RTI-55 from human DAT expressed in HEK293 cells
cid:11148955,11148955,A-PVP,"Cathinone, Substituted_cathinones, Substituted_pyrrolidines",chembl,Ki,10000.0,nM,>,CHEMBL228,Displacement of [125I]RTI-55 from human SERT expressed in HEK293 cells
cid:11148955,11148955,A-PVP,"Cathinone, Substituted_cathinones, Substituted_pyrrolidines",chembl,Ki,199.0,nM,=,CHEMBL222,Displacement of [125I]RTI-55 from human NET expressed in HEK293 cells
cid:187,187,Acetylcholine,,chembl,IC50,12.0,nM,=,CHEMBL1907609,Compound was tested in vitro for its binding affinity to muscarinic acetylcholine receptor from rat cortical homogenates
cid:187,187,Acetylcholine,,chembl,IC50,24000.0,nM,=,CHEMBL1907609,Compound was tested in vitro for its binding affinity to muscarinic acetylcholine receptor from rat cortical homogenates
cid:187,187,Acetylcholine,,chembl,IC50,12.0,nM,=,CHEMBL1907609,The compound was tested in vitro for central muscarinic acetylcholine receptor affinity to displace [3H]oxotremorine-M f
cid:187,187,Acetylcholine,,chembl,IC50,24000.0,nM,=,CHEMBL1907609,The compound was tested in vitro for central muscarinic acetylcholine receptor affinity to displace [3H]quinuclidinyl be
cid:187,187,Acetylcholine,,chembl,IC50,12.0,nM,=,CHEMBL1907609,In vitro ability to displace [3H]oxotremorine-M (OXO-M) from rat cerebral cortex muscarinic receptor.
cid:187,187,Acetylcholine,,chembl,IC50,24000.0,nM,=,CHEMBL1907609,In vitro displacement of [3H]quinuclidinyl benzilate (QNB) from rat cerebral cortex muscarinic receptor.
cid:187,187,Acetylcholine,,chembl,IC50,1000.0,nM,=,CHEMBL613606,Vasorelaxant activity in Wistar rat endothelium-intact aortic rings assessed as inhibition of phenylephrine-induced cont
cid:187,187,Acetylcholine,,chembl,IC50,1000.0,nM,=,CHEMBL613606,Vasorelaxant activity in Wistar rat endothelium-intact thoracic aortic ring assessed as inhibition of phenylephrine-indu
cid:187,187,Acetylcholine,,chembl,IC50,,,,CHEMBL240,Inhibition of human ERG expressed in CHO cells after 30 mins by Rb+ flux assay
cid:187,187,Acetylcholine,,chembl,IC50,1000000.0,nM,>,CHEMBL6020,Inhibition of human BSEP expressed in baculovirus transfected fall armyworm Sf21 cell membranes vesicles assessed as red
cid:187,187,Acetylcholine,,chembl,IC50,134.9,nM,=,CHEMBL216,Agonist activity at human muscarinic M1 receptor expressed in HEK293T cells co-expressing Galpha subunit and PLC-beta3 b
cid:187,187,Acetylcholine,,chembl,IC50,10000000.0,nM,=,CHEMBL4523397,Binding affinity to V5-His tagged FIBCD1 ecto-domain (54 to 461 residues) (unknown origin) expressed in HEK293 cells ass
cid:187,187,Acetylcholine,,chembl,IC50,20000.0,nM,>,CHEMBL4303835,Antiviral activity determined as inhibition of SARS-CoV-2 induced cytotoxicity of VERO-6 cells at 10 uM after 48 hours e
cid:187,187,Acetylcholine,,chembl,IC50,19952.62,nM,>,CHEMBL4303835,Antiviral activity determined as inhibition of SARS-CoV-2 induced cytotoxicity of VERO-6 cells at 10 uM after 48 hours e
cid:187,187,Acetylcholine,,chembl,Ki,11.0,nM,=,CHEMBL1907592,Binding affinity towards rat nicotinic acetylcholine receptor alpha2-beta2 expressed in HEK293 cells using [3H]EB as rad
cid:187,187,Acetylcholine,,chembl,Ki,180.0,nM,=,CHEMBL612545,Binding affinity towards rat alpha2-beta4 nACh receptor expressed in HEK293 cells using [3H]EB as radioligand
cid:187,187,Acetylcholine,,chembl,Ki,41.0,nM,=,CHEMBL1907587,Binding affinity towards rat Nicotinic acetylcholine receptor alpha3-beta2 expressed in HEK293 cells using [3H]EB as rad
cid:187,187,Acetylcholine,,chembl,Ki,820.0,nM,=,CHEMBL1907593,Binding affinity towards rat Nicotinic acetylcholine receptor alpha3-beta4 expressed in HEK293 cells using [3H]EB as rad
cid:187,187,Acetylcholine,,chembl,Ki,45.0,nM,=,CHEMBL1907596,Binding affinity towards rat Nicotinic acetylcholine receptor alpha4-beta2 expressed in HEK293 cells using [3H]EB as rad
cid:187,187,Acetylcholine,,chembl,Ki,83.0,nM,=,CHEMBL1907595,Binding affinity towards rat Nicotinic acetylcholine receptor alpha4-beta4 expressed in HEK293 cells using [3H]EB as rad
cid:187,187,Acetylcholine,,chembl,Ki,43.0,nM,=,CHEMBL2094110,Binding affinity towards rat forebrain nicotinic acetylcholine receptor using [3H]EB as radioligand
cid:187,187,Acetylcholine,,chembl,Ki,7.6,nM,=,CHEMBL1907596,Displacement of [3H]-cytisine from Alpha4-beta2 Nicotinic acetylcholine receptor of rat brain homogenates
cid:187,187,Acetylcholine,,chembl,Ki,881.0,nM,=,CHEMBL1907593,Displacement of [3H]epibatidine from Alpha3 Beta4 Nicotinic acetylcholine receptor of rat brain homogenates
cid:187,187,Acetylcholine,,chembl,Ki,13489.63,nM,=,CHEMBL216,Displacement of [3H]NMS from human cloned muscarinic M1 receptor expressed in CHO cells
cid:187,187,Acetylcholine,,chembl,Ki,158.49,nM,=,CHEMBL211,Displacement of [3H]NMS from human cloned muscarinic M2 receptor expressed in CHO cells
cid:187,187,Acetylcholine,,chembl,Ki,7079.46,nM,=,CHEMBL245,Displacement of [3H]NMS from human cloned muscarinic M3 receptor expressed in CHO cells
cid:187,187,Acetylcholine,,chembl,Ki,8511.38,nM,=,CHEMBL1821,Displacement of [3H]NMS from human cloned muscarinic M4 receptor expressed in CHO cells
cid:187,187,Acetylcholine,,chembl,Ki,9772.37,nM,=,CHEMBL2035,Displacement of [3H]NMS from human cloned muscarinic M5 receptor expressed in CHO cells
cid:187,187,Acetylcholine,,chembl,Ki,39.0,nM,=,CHEMBL1907596,Displacement of [3H]cystisine from nicotinic alpha-4-beta-2 receptor in rat brain
cid:187,187,Acetylcholine,,chembl,EC50,155000.0,nM,=,CHEMBL2492,Compound was evaluated for functional potencies and efficacies at human Nicotinic acetylcholine receptor alpha7
cid:187,187,Acetylcholine,,chembl,EC50,30000.0,nM,=,CHEMBL1907594,Compound was evaluated for functional potencies and efficacies at human Nicotinic acetylcholine receptor subtype IMR-32 
cid:187,187,Acetylcholine,,chembl,EC50,5000.0,nM,=,CHEMBL3916,Compound was evaluated for functional potencies and efficacies at human Nicotinic acetylcholine receptor subtype TE671 (
cid:187,187,Acetylcholine,,chembl,EC50,270000.0,nM,=,CHEMBL1907596,Compound was evaluated for functional potencies and efficacies at rat Nicotinic acetylcholine receptor alpha4-beta2
cid:187,187,Acetylcholine,,chembl,EC50,40000.0,nM,=,CHEMBL2094110,Compound was evaluated for functional potencies and efficacies at rat Nicotinic acetylcholine receptor subtype PC12 (gan
cid:187,187,Acetylcholine,,chembl,EC50,20000.0,nM,=,CHEMBL216,Agonistic activity against M1 muscarinic receptor expressed in NIH 3T3 cells.
cid:187,187,Acetylcholine,,chembl,EC50,630.0,nM,=,CHEMBL2035,Agonistic activity against muscarinic acetylcholine receptor M5 expressed in NIH 3T3 cells.
cid:187,187,Acetylcholine,,chembl,EC50,230000.0,nM,=,CHEMBL2492,"Effective concentration that causes inhibition of alpha-7 nAChR, was determined. Values are expressed as EC50 +/- SEM."
cid:187,187,Acetylcholine,,chembl,EC50,87000.0,nM,=,CHEMBL1907596,Functional potency measured as stimulation at rat Nicotinic acetylcholine receptor alpha4-beta2 expressed in Xenopus ooc
cid:187,187,Acetylcholine,,chembl,EC50,217000.0,nM,=,CHEMBL1907593,Functional potency measured as stimulation at rat Nicotinic acetylcholine receptor alpha3-beta4 expressed in Xenopus ooc
cid:187,187,Acetylcholine,,chembl,EC50,19000.0,nM,=,CHEMBL1907595,Functional potency measured as stimulation at rat Nicotinic acetylcholine receptor alpha4-beta4 expressed in Xenopus ooc
cid:187,187,Acetylcholine,,chembl,EC50,443000.0,nM,=,CHEMBL2109234,Effective concentration against Nicotinic acetylcholine receptor alpha3-beta2 expressed in xenopus oocytes
cid:187,187,Acetylcholine,,chembl,EC50,180000.0,nM,=,CHEMBL2492,Effective concentration against Nicotinic acetylcholine receptor alpha 7 expressed in xenopus oocytes
cid:187,187,Acetylcholine,,chembl,EC50,68000.0,nM,=,CHEMBL612545,Effective concentration against Nicotinic acetylcholine receptor alpha4-beta2 expressed in xenopus oocytes
cid:187,187,Acetylcholine,,chembl,EC50,83000.0,nM,=,CHEMBL612545,Effective concentration against Nicotinic acetylcholine receptor alpha2-beta4 expressed in xenopus oocytes
cid:187,187,Acetylcholine,,chembl,Kd,17378.01,nM,=,CHEMBL216,Binding affinity to muscarinic M1 acetylcholine receptor (unknown origin)
cid:187,187,Acetylcholine,,chembl,Kd,17378.01,nM,=,CHEMBL216,Displacement of [3H]NMS from human muscarinic M1 acetylcholine receptor expressed in CHO cell membranes by radioligand b
cid:5816,5816,Adrenaline,,chembl,IC50,8.0,nM,=,CHEMBL2095158,Inhibition of [3H]p-aminoclonidine (PAC) binding to alpha-2 adrenergic receptor of purified human platelet plasma membra
cid:5816,5816,Adrenaline,,chembl,IC50,17.0,nM,=,CHEMBL2094111,Binding affinity against Alpha adrenergic receptor using [3H]dihydroergocryptine radioligand in rat brain homogenate
cid:5816,5816,Adrenaline,,chembl,IC50,29000.0,nM,=,CHEMBL2095166,Binding affinity against Beta adrenergic receptor using [3H]dihydroalprenolol radioligand in rat brain homogenate
cid:5816,5816,Adrenaline,,chembl,IC50,,,,CHEMBL220,DRUGMATRIX: Acetylcholinesterase enzyme inhibition (substrate: acetylthiocholine)
cid:5816,5816,Adrenaline,,chembl,IC50,,,,CHEMBL226,DRUGMATRIX: Adenosine A1 radioligand binding (ligand: DPCPX)
cid:5816,5816,Adrenaline,,chembl,IC50,,,,CHEMBL251,DRUGMATRIX: Adenosine A2A radioligand binding (ligand: AB-MECA)
cid:5816,5816,Adrenaline,,chembl,IC50,,,,CHEMBL256,DRUGMATRIX: Adenosine A3 radioligand binding (ligand: AB-MECA)
cid:5816,5816,Adrenaline,,chembl,IC50,,,,CHEMBL612545,DRUGMATRIX: Sodium/nucleoside co-transporter radioligand binding (ligand: nitrobenzylthioinosine)
cid:5816,5816,Adrenaline,,chembl,IC50,628.0,nM,=,CHEMBL319,DRUGMATRIX: Alpha-1A adrenergic receptor radioligand binding (ligand: prazosin)
cid:5816,5816,Adrenaline,,chembl,IC50,1766.0,nM,=,CHEMBL315,DRUGMATRIX: Alpha-1B adrenergic receptor radioligand binding (ligand: prazosin)
cid:5816,5816,Adrenaline,,chembl,IC50,449.0,nM,=,CHEMBL223,DRUGMATRIX: Alpha-1D adrenergic receptor radioligand binding (ligand: prazosin)
cid:5816,5816,Adrenaline,,chembl,IC50,737.0,nM,=,CHEMBL1867,DRUGMATRIX: Alpha-2A adrenergic receptor radioligand binding (ligand: MK-912)
cid:5816,5816,Adrenaline,,chembl,IC50,869.0,nM,=,CHEMBL1942,DRUGMATRIX: Alpha-2B adrenergic receptor radioligand binding (ligand: Rauwolscine)
cid:5816,5816,Adrenaline,,chembl,IC50,2449.0,nM,=,CHEMBL1916,DRUGMATRIX: Adrenergic Alpha-2C radioligand binding (ligand: [3H] MK-912)
cid:5816,5816,Adrenaline,,chembl,IC50,,,,CHEMBL213,DRUGMATRIX: Adrenergic beta1 radioligand binding (ligand: [125I] Cyanopindolol)
cid:5816,5816,Adrenaline,,chembl,Ki,1600.0,nM,=,CHEMBL1907610,Binding of [3H]prazosin to alpha-1 adrenergic receptor of rat cerebral cortical membranes
cid:5816,5816,Adrenaline,,chembl,Ki,13.0,nM,=,CHEMBL2093864,Binding of [3H]clonidine to alpha-2-adrenergic receptor of rat cerebral cortical membranes
cid:5816,5816,Adrenaline,,chembl,Ki,1100.0,nM,=,CHEMBL3252,Binding of [3H]dihydroalprenolol to beta-1 adrenergic receptor of rat cerebral cortical membranes
cid:5816,5816,Adrenaline,,chembl,Ki,660.0,nM,=,CHEMBL2289,Binding of [3H]dihydroalprenolol to beta-2 adrenergic receptor of rat cerebral cortical membranes
cid:5816,5816,Adrenaline,,chembl,Ki,2800.0,nM,=,CHEMBL1907610,Binding of [3H]prazosin to alpha-1 adrenergic receptor of rat cerebral cortical membranes
cid:5816,5816,Adrenaline,,chembl,Ki,15.0,nM,=,CHEMBL2093864,Binding of [3H]clonidine to alpha-2-adrenergic receptor of rat cerebral cortical membranes
cid:5816,5816,Adrenaline,,chembl,Ki,2100.0,nM,=,CHEMBL3252,Binding of [3H]dihydroalprenolol to beta-1 adrenergic receptor of rat cerebral cortical membranes
cid:5816,5816,Adrenaline,,chembl,Ki,1100.0,nM,=,CHEMBL2289,Binding of [3H]dihydroalprenolol to beta-2 adrenergic receptor of rat cerebral cortical membranes
cid:5816,5816,Adrenaline,,chembl,Ki,2000.0,nM,=,CHEMBL229,Binding affinity against alpha-1 adrenergic receptor in guinea pig cerebral cortical membranes by displacement of [3H]- 
cid:5816,5816,Adrenaline,,chembl,Ki,5.0,nM,=,CHEMBL2095158,Binding affinity against alpha 2-Adrenergic receptor in guinea pig cerebral cortical membranes by displacement of [3H]cl
cid:5816,5816,Adrenaline,,chembl,Ki,3000.0,nM,=,CHEMBL5471,Binding affinity against beta-1 adrenergic receptor in guinea pig cerebral cortical membranes by displacement of Dihydro
cid:5816,5816,Adrenaline,,chembl,Ki,2400.0,nM,=,CHEMBL1907610,Displacement of [3H]WB-4101 from adrenergic alpha 1 receptor of rat cerebral cortical membranes
cid:5816,5816,Adrenaline,,chembl,Ki,38.0,nM,=,CHEMBL2093864,Displacement of [3H]clonidine from adrenergic alpha 2 receptor of rat cerebral cortical membranes
cid:5816,5816,Adrenaline,,chembl,Ki,1200.0,nM,=,CHEMBL3252,Displacement of [3H]dihydroalprenolol from adrenergic beta 1 receptor of rat cerebral cortical membranes
cid:5816,5816,Adrenaline,,chembl,Ki,720.0,nM,=,CHEMBL3754,Binding affinity against adrenergic beta 2 receptor versus 1 nM [3H]dihydroalprenolol in rat cerebral cerebellar membran
cid:5816,5816,Adrenaline,,chembl,EC50,4073.0,nM,=,CHEMBL1907610,Effective dose for contraction of reserpine-pretreated rat vas deferens.
cid:5816,5816,Adrenaline,,chembl,EC50,15.0,nM,=,CHEMBL5471,Effective dose required to stimulate contractions in isolated guinea pig atrium.
cid:5816,5816,Adrenaline,,chembl,EC50,15.0,nM,=,CHEMBL5414,Effective dose for relaxation of guinea pig trachea.
cid:5816,5816,Adrenaline,,chembl,EC50,100000.0,nM,>,CHEMBL1907610,Effective dose for contraction of reserpine-pretreated rat vas deferens.
cid:5816,5816,Adrenaline,,chembl,EC50,436.0,nM,=,CHEMBL5471,Effective dose required to stimulate contractions in isolated guinea pig atrium.
cid:5816,5816,Adrenaline,,chembl,EC50,436.0,nM,=,CHEMBL5414,Effective dose for relaxation of guinea pig trachea.
cid:5816,5816,Adrenaline,,chembl,EC50,400.0,nM,=,CHEMBL229,Agonistic potency at alpha-1 adrenergic receptor for the amine-induced increase of phosphatidylinositol breakdown in syn
cid:5816,5816,Adrenaline,,chembl,EC50,300.0,nM,=,CHEMBL2095158,Agonistic potency at alpha 2-Adrenergic receptor for inhibition of 10 uM forskolin-elicited stimulation of adenylate cyc
cid:5816,5816,Adrenaline,,chembl,EC50,260.0,nM,=,CHEMBL5471,Agonistic potency at beta-1 adrenergic receptor for the percent maximal increase in contraction rate of isolated guinea 
cid:5816,5816,Adrenaline,,chembl,EC50,230.0,nM,=,CHEMBL2095166,Agonistic potency at beta adrenergic receptor for the stimulation of accumulation of cyclic AMP in cultured C6 glioma ce
cid:5816,5816,Adrenaline,,chembl,EC50,400.0,nM,=,CHEMBL369,Effective concentration for stimulation of [3H]phosphoinositide formation in guinea pig synaptoneurosomes expressing alp
cid:5816,5816,Adrenaline,,chembl,EC50,230.0,nM,=,CHEMBL2095166,Stimulation of cyclic AMP accumulation in C6 glioma cells expressing adrenergic beta receptor
cid:5816,5816,Adrenaline,,chembl,EC50,31.0,nM,=,CHEMBL246,Agonist activity at human adrenergic beta-3 receptor expressed in CHO cells assessed as cAMP levels by DELFIA method
cid:5816,5816,Adrenaline,,chembl,EC50,49.0,nM,=,CHEMBL246,Agonist activity at human adrenergic beta3 receptor expressed in CHO cells assessed as [3H]cAMP levels by radiolabeled l
cid:5816,5816,Adrenaline,,chembl,EC50,30.2,nM,=,CHEMBL1867,Agonist activity at recombinant human alpha2A adrenoreceptor expressed in CHOK1 cell membrane incubated for 30 mins by [
cid:5816,5816,Adrenaline,,chembl,Kd,55000.0,nM,=,CHEMBL2056,Equilibrium dissociation constant against recombinant Dopamine receptor D1A expressed in COS7 cells
cid:5816,5816,Adrenaline,,chembl,Kd,630.0,nM,=,CHEMBL210,Binding affinity to human adrenergic beta2 receptor
cid:5816,5816,Adrenaline,,chembl,Kd,630.96,nM,=,CHEMBL210,Binding affinity to beta-2 adrenergic receptor (unknown origin) at 1 to 10000 nM
cid:702,702,Alcohol,Alcohol,chembl,IC50,1.3,,=,CHEMBL614774,Inhibitory activity when combined with vinblastine in T24 cell line
cid:702,702,Alcohol,Alcohol,chembl,IC50,4.7,,=,CHEMBL614774,Inhibitory activity when combined with taxol (nM) in T24 cell line
cid:702,702,Alcohol,Alcohol,chembl,IC50,4.8,,=,CHEMBL614774,Inhibitory activity when combined with vincristine (nM) in T24 cell line
cid:702,702,Alcohol,Alcohol,chembl,IC50,6.7,,=,CHEMBL614774,Inhibitory activity when combined with cisplatin (uM) in T24 cell line
cid:702,702,Alcohol,Alcohol,chembl,IC50,77.0,,=,CHEMBL614774,Inhibitory activity when combined with 5-Fluorouracil (uM) in T24 cell line
cid:702,702,Alcohol,Alcohol,chembl,IC50,0.4,,=,CHEMBL387,Inhibitory activity when combined with vinblastine (nM) in MCF-7 cell line
cid:702,702,Alcohol,Alcohol,chembl,IC50,1.6,,=,CHEMBL387,Inhibitory activity when combined with taxol (nM) in MCF-7 cell line
cid:702,702,Alcohol,Alcohol,chembl,IC50,0.6,,=,CHEMBL387,Inhibitory activity when combined with vincristine (nM) in MCF-7 cell line
cid:702,702,Alcohol,Alcohol,chembl,IC50,16.0,,=,CHEMBL387,Inhibitory activity when combined with cisplatin (uM) in MCF-7 cell line
cid:702,702,Alcohol,Alcohol,chembl,IC50,49.0,,=,CHEMBL614128,Inhibitory activity when combined with vinblastine (nM) in MCF-7/VP cell line
cid:702,702,Alcohol,Alcohol,chembl,IC50,0.6,,=,CHEMBL614128,Inhibitory activity when combined with taxol (nM) in MCF-7/VP cell line
cid:702,702,Alcohol,Alcohol,chembl,IC50,1.8,,=,CHEMBL614128,Inhibitory activity when combined with vincristine (nM) in MCF-7/VP cell line
cid:702,702,Alcohol,Alcohol,chembl,IC50,7.5,,=,CHEMBL614128,Inhibitory activity when combined with cisplatin (uM) in MCF-7/VP cell line
cid:702,702,Alcohol,Alcohol,chembl,IC50,8.5,,=,CHEMBL614128,Inhibitory activity when combined with 5-fluorouracil (uM) in MCF-7/VP cell line
cid:702,702,Alcohol,Alcohol,chembl,IC50,11.0,,=,CHEMBL613829,Inhibitory activity when combined with vinblastine (nM) in NCI/ADR cell line
cid:702,702,Alcohol,Alcohol,chembl,Ki,,,,CHEMBL220,DRUGMATRIX: Acetylcholinesterase enzyme inhibition (substrate: acetylthiocholine)
cid:702,702,Alcohol,Alcohol,chembl,Ki,,,,CHEMBL226,DRUGMATRIX: Adenosine A1 radioligand binding (ligand: DPCPX)
cid:702,702,Alcohol,Alcohol,chembl,Ki,,,,CHEMBL251,DRUGMATRIX: Adenosine A2A radioligand binding (ligand: AB-MECA)
cid:702,702,Alcohol,Alcohol,chembl,Ki,,,,CHEMBL256,DRUGMATRIX: Adenosine A3 radioligand binding (ligand: AB-MECA)
cid:702,702,Alcohol,Alcohol,chembl,Ki,,,,CHEMBL612545,DRUGMATRIX: Sodium/nucleoside co-transporter radioligand binding (ligand: nitrobenzylthioinosine)
cid:702,702,Alcohol,Alcohol,chembl,Ki,,,,CHEMBL319,DRUGMATRIX: Alpha-1A adrenergic receptor radioligand binding (ligand: prazosin)
cid:702,702,Alcohol,Alcohol,chembl,Ki,,,,CHEMBL315,DRUGMATRIX: Alpha-1B adrenergic receptor radioligand binding (ligand: prazosin)
cid:702,702,Alcohol,Alcohol,chembl,Ki,,,,CHEMBL223,DRUGMATRIX: Alpha-1D adrenergic receptor radioligand binding (ligand: prazosin)
cid:702,702,Alcohol,Alcohol,chembl,Ki,,,,CHEMBL1867,DRUGMATRIX: Alpha-2A adrenergic receptor radioligand binding (ligand: MK-912)
cid:702,702,Alcohol,Alcohol,chembl,Ki,,,,CHEMBL1942,DRUGMATRIX: Alpha-2B adrenergic receptor radioligand binding (ligand: Rauwolscine)
cid:702,702,Alcohol,Alcohol,chembl,Ki,,,,CHEMBL1916,DRUGMATRIX: Adrenergic Alpha-2C radioligand binding (ligand: [3H] MK-912)
cid:702,702,Alcohol,Alcohol,chembl,Ki,,,,CHEMBL213,DRUGMATRIX: Adrenergic beta1 radioligand binding (ligand: [125I] Cyanopindolol)
cid:702,702,Alcohol,Alcohol,chembl,Ki,,,,CHEMBL210,DRUGMATRIX: Adrenergic beta2 radioligand binding (ligand: [3H] CGP-12177)
cid:702,702,Alcohol,Alcohol,chembl,Ki,,,,CHEMBL246,DRUGMATRIX: Adrenergic beta3 radioligand binding (ligand: [125I] Cyanopindolol)
cid:702,702,Alcohol,Alcohol,chembl,Ki,,,,CHEMBL222,DRUGMATRIX: Norepinephrine Transporter radioligand binding (ligand: [125I] RTI-55)
cid:702,702,Alcohol,Alcohol,chembl,EC50,712853030126519.1,nM,=,CHEMBL612558,Toxicity determined using Microtox Test
cid:702,702,Alcohol,Alcohol,chembl,EC50,35.0,%,=,CHEMBL366,Antifungal activity against Candida albicans DAY 185 assessed as inhibition of biofilm formation after 24 hrs by XTT red
cid:702,702,Alcohol,Alcohol,chembl,EC50,35.0,%,=,CHEMBL366,Antifungal activity against Candida albicans DAY 185 assessed as decrease mature biofilm burden after 24 hrs by XTT redu
cid:702,702,Alcohol,Alcohol,chembl,EC50,25.0,%,=,CHEMBL366,Antifungal activity against Candida albicans K1 assessed as decrease mature biofilm burden after 24 hrs by XTT reduction
cid:702,702,Alcohol,Alcohol,chembl,EC50,25.0,%,=,CHEMBL612868,Antifungal activity against Candida parapsilosis 5986 assessed as decrease mature biofilm burden after 24 hrs by XTT red
cid:702,702,Alcohol,Alcohol,chembl,EC50,25.0,%,=,CHEMBL612647,Antifungal activity against Candida glabrata 5740 assessed as decrease mature biofilm burden after 24 hrs by XTT reducti
cid:702,702,Alcohol,Alcohol,chembl,EC50,6.0,%,=,CHEMBL366,Antifungal activity against Candida albicans DAY 185 grown as planktonic cells using 10'6 to 10'7 cells by CLSI method
cid:702,702,Alcohol,Alcohol,chembl,EC50,6.0,%,=,CHEMBL366,Antifungal activity against Candida albicans K1 grown as planktonic cells using 10'6 to 10'7 cells by CLSI method
cid:702,702,Alcohol,Alcohol,chembl,EC50,6.0,%,=,CHEMBL612868,Antifungal activity against Candida parapsilosis 5986 grown as planktonic cells using 10'6 to 10'7 cells by CLSI method
cid:702,702,Alcohol,Alcohol,chembl,EC50,13.0,%,=,CHEMBL612647,Antifungal activity against Candida glabrata 5740 grown as planktonic cells using 10'6 to 10'7 cells by CLSI method
cid:702,702,Alcohol,Alcohol,chembl,EC50,17683.0,ug.mL-1,=,CHEMBL613348,Fungitoxicity against Colletotrichum gloeosporioides assessed as mycelial growth inhibition by poisoned food technique
cid:702,702,Alcohol,Alcohol,chembl,EC50,380189396.32,nM,=,CHEMBL613348,Fungitoxicity against Colletotrichum gloeosporioides assessed as mycelial growth inhibition by poisoned food technique
cid:2118,2118,Alprazolam,Benzodiazepines,chembl,IC50,41200.0,nM,=,CHEMBL374,Concentration required to inhibit PAF (5*10e-8 M) induced platelet aggregation in rabbit platelet rich plasma(PRP) by 50
cid:2118,2118,Alprazolam,Benzodiazepines,chembl,IC50,64000.0,nM,=,CHEMBL2871,Displacement of [125I]CCK from Cholecystokinin receptor of rat pancreas
cid:2118,2118,Alprazolam,Benzodiazepines,chembl,IC50,100000.0,nM,>,CHEMBL612545,Displacement of [125I]CCK from Cholecystokinin receptor of guinea pig brain
cid:2118,2118,Alprazolam,Benzodiazepines,chembl,IC50,100000.0,nM,>,CHEMBL298,Displacement of [125I]gastrin from guinea pig gastric glands
cid:2118,2118,Alprazolam,Benzodiazepines,chembl,IC50,22000.0,nM,=,CHEMBL5136,Inhibition of PAF-induced platelet aggregation in rabbit platelet rich plasma
cid:2118,2118,Alprazolam,Benzodiazepines,chembl,IC50,41200.0,nM,=,CHEMBL374,Concentration needed to inhibit PAF-induced platelet aggregation in rabbit PRP by 50%
cid:2118,2118,Alprazolam,Benzodiazepines,chembl,IC50,,,,CHEMBL368,Antimicrobial activity against Trypanosoma cruzi
cid:2118,2118,Alprazolam,Benzodiazepines,chembl,IC50,,,,CHEMBL612348,Antimicrobial activity against Trypanosoma brucei rhodesiense
cid:2118,2118,Alprazolam,Benzodiazepines,chembl,IC50,,,,CHEMBL612851,Antimicrobial activity against Trypanosoma brucei brucei
cid:2118,2118,Alprazolam,Benzodiazepines,chembl,IC50,,,,CHEMBL612849,Antimicrobial activity against Trypanosoma brucei
cid:2118,2118,Alprazolam,Benzodiazepines,chembl,IC50,,,,CHEMBL612884,Antimicrobial activity against Trichomonas vaginalis
cid:2118,2118,Alprazolam,Benzodiazepines,chembl,IC50,,,,CHEMBL612888,Antimicrobial activity against Toxoplasma gondii
cid:2118,2118,Alprazolam,Benzodiazepines,chembl,IC50,,,,CHEMBL613064,Antimicrobial activity against Pneumocystis carinii
cid:2118,2118,Alprazolam,Benzodiazepines,chembl,IC50,,,,CHEMBL364,Antimicrobial activity against Plasmodium falciparum
cid:2118,2118,Alprazolam,Benzodiazepines,chembl,IC50,,,,CHEMBL2366686,Antimicrobial activity against Leishmania
cid:2118,2118,Alprazolam,Benzodiazepines,chembl,Ki,3.3,nM,=,CHEMBL1907607,Binding affinity was determined by displacement of [3H]flumazenil from rat cortex homogenates
cid:2118,2118,Alprazolam,Benzodiazepines,chembl,Ki,,,,CHEMBL299,DRUGMATRIX: Protein Serine/Threonine Kinase PKCalpha enzyme inhibition (substrate: Histone)
cid:2118,2118,Alprazolam,Benzodiazepines,chembl,Ki,,,,CHEMBL3385,"DRUGMATRIX: Protein Serine/Threonine Kinase, ERK1 enzyme inhibition (substrate: Myelin Basic Protein)"
cid:2118,2118,Alprazolam,Benzodiazepines,chembl,Ki,,,,CHEMBL4040,"DRUGMATRIX: Protein Serine/Threonine Kinase, ERK2 enzyme inhibition (substrate: Myelin Basic Protein)"
cid:2118,2118,Alprazolam,Benzodiazepines,chembl,Ki,,,,CHEMBL260,"DRUGMATRIX: Protein Serine/Threonine Kinase, p38alpha enzyme inhibition (substrate: Myelin Basic Protein)"
cid:2118,2118,Alprazolam,Benzodiazepines,chembl,Ki,,,,CHEMBL4445,"DRUGMATRIX: Protein Serine/Threonine Phosphatase, PPP3CA (Calcineurin, PP2B) enzyme inhibition (substrate: DiFMUP)"
cid:2118,2118,Alprazolam,Benzodiazepines,chembl,Ki,,,,CHEMBL203,"DRUGMATRIX: Protein Tyrosine Kinase, EGF Receptor enzyme inhibition (substrate: Poly(Glu:Tyr))"
cid:2118,2118,Alprazolam,Benzodiazepines,chembl,Ki,,,,CHEMBL1841,"DRUGMATRIX: Protein Tyrosine Kinase, Fyn enzyme inhibition (substrate: Poly(Glu:Tyr))"
cid:2118,2118,Alprazolam,Benzodiazepines,chembl,Ki,,,,CHEMBL1824,"DRUGMATRIX: Protein Tyrosine Kinase, ERBB2 (HER2) enzyme inhibition (substrate: Poly(Glu:Tyr))"
cid:2118,2118,Alprazolam,Benzodiazepines,chembl,Ki,,,,CHEMBL258,"DRUGMATRIX: Protein Tyrosine Kinase, LCK enzyme inhibition (substrate: Poly(Glu:Tyr))"
cid:2118,2118,Alprazolam,Benzodiazepines,chembl,Ki,,,,CHEMBL3243,"DRUGMATRIX: Protein Tyrosine Phosphatase, PTPRC (CD45) enzyme inhibition (substrate: DiFMUP)"
cid:2118,2118,Alprazolam,Benzodiazepines,chembl,Ki,,,,CHEMBL612545,"DRUGMATRIX: Purinergic P2X radioligand binding (ligand: [3H] alpha, beta-Methylene-ATP)"
cid:2118,2118,Alprazolam,Benzodiazepines,chembl,Ki,,,,CHEMBL273,DRUGMATRIX: Serotonin (5-Hydroxytryptamine) 5-HT1A radioligand binding (ligand: [3H] 8-OH-DPAT)
cid:2118,2118,Alprazolam,Benzodiazepines,chembl,Ki,,,,CHEMBL3459,DRUGMATRIX: Serotonin (5-Hydroxytryptamine) 5-HT1B radioligand binding (ligand: [125I] Cyanopindolol)
cid:2118,2118,Alprazolam,Benzodiazepines,chembl,Ki,,,,CHEMBL224,DRUGMATRIX: Serotonin (5-Hydroxytryptamine) 5-HT2A radioligand binding (ligand: [3H] Ketanserin)
cid:2118,2118,Alprazolam,Benzodiazepines,chembl,EC50,37.0,nM,=,CHEMBL1962,"Effective concentration against gamma-aminobutyric acid (GABA) A receptor, alpha 1"
cid:2118,2118,Alprazolam,Benzodiazepines,chembl,EC50,12.0,nM,=,CHEMBL4956,"Effective concentration against gamma-aminobutyric acid (GABA) A receptor, alpha 2"
cid:2118,2118,Alprazolam,Benzodiazepines,chembl,EC50,69.0,nM,=,CHEMBL3026,"Effective concentration against gamma-aminobutyric acid (GABA) A receptor, alpha 3"
cid:2118,2118,Alprazolam,Benzodiazepines,chembl,EC50,10.0,nM,=,CHEMBL5112,"Effective concentration against Gamma-aminobutyric acid A receptor, alpha 5"
cid:2118,2118,Alprazolam,Benzodiazepines,chembl,Kd,2460.0,nM,=,CHEMBL1163125,Binding affinity to BRD4-BD1 by isothermal titration calorimetry
cid:3007,3007,Amphetamine,Substituted_phenethylamines,chembl,IC50,1288249.55,nM,=,CHEMBL612545,Inhibition of PNMT in rabbit adrenal gland using norepinephrine as substrate
cid:3007,3007,Amphetamine,Substituted_phenethylamines,chembl,IC50,1000.0,nM,=,CHEMBL2370,Inhibition of noradrenaline transporter in NMRI albino mouse brain assessed as [3H]NA accumulation in hypothalamus after
cid:3007,3007,Amphetamine,Substituted_phenethylamines,chembl,IC50,45000.0,nM,=,CHEMBL4642,Inhibition of 5-HT transporter in NMRI albino mouse brain assessed as [3H]5-HT accumulation in hypothalamus after 5 mins
cid:3007,3007,Amphetamine,Substituted_phenethylamines,chembl,IC50,200.0,nM,=,CHEMBL6184,Inhibition of [3H]norepinephrine uptake at NET expressed in rat hypothalamic homogenate containing synaptosomes after 5 
cid:3007,3007,Amphetamine,Substituted_phenethylamines,chembl,IC50,960.0,nM,=,CHEMBL338,Inhibition of [3H]dopamine uptake at dopamine transporter expressed in rat striatal homogenate after 5 mins by scintilla
cid:3007,3007,Amphetamine,Substituted_phenethylamines,chembl,Ki,7660.0,nM,=,CHEMBL2095159,Evaluated for binding affinity towards rat cortical membranes at 5-hydroxytryptamine 1 receptor binding site by using [3
cid:3007,3007,Amphetamine,Substituted_phenethylamines,chembl,Ki,43000.0,nM,=,CHEMBL2093870,Binding affinity to rat cortical membranes at 5-hydroxytryptamine 2 (5-HT2) receptor using [3H]KET as a radioligand
cid:3007,3007,Amphetamine,Substituted_phenethylamines,chembl,Ki,740000.0,nM,=,CHEMBL2331,Inhibitory activity against bovine adrenal norepinephrine N-methyl-transferase was determined
cid:3007,3007,Amphetamine,Substituted_phenethylamines,chembl,Ki,10000.0,nM,>,CHEMBL322,Displacement of [3H]ketanserin from NIH3T3 cells stably expressing rat 5-hydroxytryptamine 2A receptor
cid:3007,3007,Amphetamine,Substituted_phenethylamines,chembl,Ki,10000.0,nM,>,CHEMBL324,Displacement of [3H]mesulergine from A9 cells stably expressing rat 5-hydroxytryptamine 2C receptor
cid:3007,3007,Amphetamine,Substituted_phenethylamines,chembl,Ki,740000.0,nM,=,CHEMBL2331,The inhibitory constant(Ki) value for Norepinephrine N-methyl-transferase was calculated
cid:3007,3007,Amphetamine,Substituted_phenethylamines,chembl,Ki,10000.0,nM,>,CHEMBL324,Compound was tested for binding affinity towards 5-hydroxytryptamine 1C receptor from frontal cortical regions of male S
cid:3007,3007,Amphetamine,Substituted_phenethylamines,chembl,Ki,10000.0,nM,>,CHEMBL2093870,Compound was tested for binding affinity towards 5-hydroxytryptamine 2 (5-hydroxytryptamine-2) receptor from frontal cor
cid:3007,3007,Amphetamine,Substituted_phenethylamines,chembl,Ki,50000.0,nM,>,CHEMBL3602,Binding affinity towards sigma opioid receptor was determined in rat cerebral homogenate using [3H]haloperidol as radiol
cid:3007,3007,Amphetamine,Substituted_phenethylamines,chembl,Ki,740000.0,nM,=,CHEMBL2331,Inhibitory activity against Norepinephrine N-methyl-transferase of bovine adrenal glands
cid:3007,3007,Amphetamine,Substituted_phenethylamines,chembl,Ki,7660.0,nM,=,CHEMBL2095159,Binding affinity for 5-hydroxytryptamine 1 receptor of rat prefrontal cortex
cid:3007,3007,Amphetamine,Substituted_phenethylamines,chembl,Ki,43000.0,nM,=,CHEMBL2093870,Displacement of [3H]ketanserin from rat prefrontal cortex 5-hydroxytryptamine 2 receptor
cid:3007,3007,Amphetamine,Substituted_phenethylamines,chembl,Ki,10000.0,nM,>,CHEMBL322,Displacement of [3H]ketanserin from rat 5HT2A expressed in mouse NIH/3T3 cell membranes after 30 mins by scintillation c
cid:3007,3007,Amphetamine,Substituted_phenethylamines,chembl,Kd,5370.32,nM,=,CHEMBL2094123,Affinity against 5-hydroxytryptamine receptors in rat fundus model
cid:3007,3007,Amphetamine,Substituted_phenethylamines,chembl,Kd,5370.32,nM,=,CHEMBL2094123,5-hydroxytryptamine receptor binding affinity was determined in rats
cid:3007,3007,Amphetamine,Substituted_phenethylamines,chembl,Kd,5370.32,nM,=,CHEMBL323,Affinity against serotonergic receptor in the isolated rat stomach fundus
cid:3007,3007,Amphetamine,Substituted_phenethylamines,chembl,Kd,5370.32,nM,=,CHEMBL2094123,Affinity for 5-hydroxytryptamine receptor was determined using male Dawley rat fundus preparation
cid:2196,2196,Aniracetam,Racetams,chembl,IC50,,,,CHEMBL220,DRUGMATRIX: Acetylcholinesterase enzyme inhibition (substrate: acetylthiocholine)
cid:2196,2196,Aniracetam,Racetams,chembl,IC50,,,,CHEMBL226,DRUGMATRIX: Adenosine A1 radioligand binding (ligand: DPCPX)
cid:2196,2196,Aniracetam,Racetams,chembl,IC50,,,,CHEMBL251,DRUGMATRIX: Adenosine A2A radioligand binding (ligand: AB-MECA)
cid:2196,2196,Aniracetam,Racetams,chembl,IC50,,,,CHEMBL256,DRUGMATRIX: Adenosine A3 radioligand binding (ligand: AB-MECA)
cid:2196,2196,Aniracetam,Racetams,chembl,IC50,,,,CHEMBL612545,DRUGMATRIX: Sodium/nucleoside co-transporter radioligand binding (ligand: nitrobenzylthioinosine)
cid:2196,2196,Aniracetam,Racetams,chembl,IC50,,,,CHEMBL319,DRUGMATRIX: Alpha-1A adrenergic receptor radioligand binding (ligand: prazosin)
cid:2196,2196,Aniracetam,Racetams,chembl,IC50,,,,CHEMBL315,DRUGMATRIX: Alpha-1B adrenergic receptor radioligand binding (ligand: prazosin)
cid:2196,2196,Aniracetam,Racetams,chembl,IC50,,,,CHEMBL223,DRUGMATRIX: Alpha-1D adrenergic receptor radioligand binding (ligand: prazosin)
cid:2196,2196,Aniracetam,Racetams,chembl,IC50,,,,CHEMBL1867,DRUGMATRIX: Alpha-2A adrenergic receptor radioligand binding (ligand: MK-912)
cid:2196,2196,Aniracetam,Racetams,chembl,IC50,,,,CHEMBL1942,DRUGMATRIX: Alpha-2B adrenergic receptor radioligand binding (ligand: Rauwolscine)
cid:2196,2196,Aniracetam,Racetams,chembl,IC50,,,,CHEMBL1916,DRUGMATRIX: Adrenergic Alpha-2C radioligand binding (ligand: [3H] MK-912)
cid:2196,2196,Aniracetam,Racetams,chembl,IC50,,,,CHEMBL213,DRUGMATRIX: Adrenergic beta1 radioligand binding (ligand: [125I] Cyanopindolol)
cid:2196,2196,Aniracetam,Racetams,chembl,IC50,,,,CHEMBL210,DRUGMATRIX: Adrenergic beta2 radioligand binding (ligand: [3H] CGP-12177)
cid:2196,2196,Aniracetam,Racetams,chembl,IC50,,,,CHEMBL246,DRUGMATRIX: Adrenergic beta3 radioligand binding (ligand: [125I] Cyanopindolol)
cid:2196,2196,Aniracetam,Racetams,chembl,IC50,,,,CHEMBL222,DRUGMATRIX: Norepinephrine Transporter radioligand binding (ligand: [125I] RTI-55)
cid:2196,2196,Aniracetam,Racetams,chembl,Ki,,,,CHEMBL220,DRUGMATRIX: Acetylcholinesterase enzyme inhibition (substrate: acetylthiocholine)
cid:2196,2196,Aniracetam,Racetams,chembl,Ki,,,,CHEMBL226,DRUGMATRIX: Adenosine A1 radioligand binding (ligand: DPCPX)
cid:2196,2196,Aniracetam,Racetams,chembl,Ki,,,,CHEMBL251,DRUGMATRIX: Adenosine A2A radioligand binding (ligand: AB-MECA)
cid:2196,2196,Aniracetam,Racetams,chembl,Ki,,,,CHEMBL256,DRUGMATRIX: Adenosine A3 radioligand binding (ligand: AB-MECA)
cid:2196,2196,Aniracetam,Racetams,chembl,Ki,,,,CHEMBL612545,DRUGMATRIX: Sodium/nucleoside co-transporter radioligand binding (ligand: nitrobenzylthioinosine)
cid:2196,2196,Aniracetam,Racetams,chembl,Ki,,,,CHEMBL319,DRUGMATRIX: Alpha-1A adrenergic receptor radioligand binding (ligand: prazosin)
cid:2196,2196,Aniracetam,Racetams,chembl,Ki,,,,CHEMBL315,DRUGMATRIX: Alpha-1B adrenergic receptor radioligand binding (ligand: prazosin)
cid:2196,2196,Aniracetam,Racetams,chembl,Ki,,,,CHEMBL223,DRUGMATRIX: Alpha-1D adrenergic receptor radioligand binding (ligand: prazosin)
cid:2196,2196,Aniracetam,Racetams,chembl,Ki,,,,CHEMBL1867,DRUGMATRIX: Alpha-2A adrenergic receptor radioligand binding (ligand: MK-912)
cid:2196,2196,Aniracetam,Racetams,chembl,Ki,,,,CHEMBL1942,DRUGMATRIX: Alpha-2B adrenergic receptor radioligand binding (ligand: Rauwolscine)
cid:2196,2196,Aniracetam,Racetams,chembl,Ki,,,,CHEMBL1916,DRUGMATRIX: Adrenergic Alpha-2C radioligand binding (ligand: [3H] MK-912)
cid:2196,2196,Aniracetam,Racetams,chembl,Ki,,,,CHEMBL213,DRUGMATRIX: Adrenergic beta1 radioligand binding (ligand: [125I] Cyanopindolol)
cid:2196,2196,Aniracetam,Racetams,chembl,Ki,,,,CHEMBL210,DRUGMATRIX: Adrenergic beta2 radioligand binding (ligand: [3H] CGP-12177)
cid:2196,2196,Aniracetam,Racetams,chembl,Ki,,,,CHEMBL246,DRUGMATRIX: Adrenergic beta3 radioligand binding (ligand: [125I] Cyanopindolol)
cid:2196,2196,Aniracetam,Racetams,chembl,Ki,,,,CHEMBL222,DRUGMATRIX: Norepinephrine Transporter radioligand binding (ligand: [125I] RTI-55)
cid:2196,2196,Aniracetam,Racetams,chembl,EC50,1000000.0,nM,>,CHEMBL3885581,Inhibition of GluR3/4 expressed in Xenopus oocyte
cid:2196,2196,Aniracetam,Racetams,chembl,EC50,100000.0,nM,>,CHEMBL612545,Agonist activity at rat AMPA receptor assessed as AMPA-induced calcium uptake
cid:9690109,9690109,Armodafinil,Benzhydryl,chembl,IC50,2.1,nM,=,CHEMBL217,Antagonist activity at DRD2 (unknown origin) expressed in HEK293T cells transfected with Galphai1-RLuc8 and gamma2-GFP10
cid:9690109,9690109,Armodafinil,Benzhydryl,chembl,IC50,6600.0,nM,=,CHEMBL238,Inhibition of wild type human dopamine transporter expressed in HEK293 cells assessed as inhibition of [3H]dopamine reup
cid:9690109,9690109,Armodafinil,Benzhydryl,chembl,IC50,170000.0,nM,=,CHEMBL222,Inhibition of wild type human NET expressed in HEK293 cells assessed as inhibition of [3H]-MPP+ reuptake preincubated fo
cid:9690109,9690109,Armodafinil,Benzhydryl,chembl,IC50,232000.0,nM,=,CHEMBL228,Inhibition of wild type human SERT expressed in HEK293 cells assessed as inhibition of [3H]-5HT reuptake preincubated fo
cid:9690109,9690109,Armodafinil,Benzhydryl,chembl,Ki,3260.0,nM,=,CHEMBL338,Displacement of [3H]WIN35428 from DAT in Sprague-Dawley rat brain membranes
cid:9690109,9690109,Armodafinil,Benzhydryl,chembl,Ki,3050.0,nM,=,CHEMBL338,"Displacement of [3H]WIN35,428 from DAT in Sprague-Dawley rat brain membranes incubated for 120 mins by radioligand bindi"
cid:9690109,9690109,Armodafinil,Benzhydryl,chembl,Ki,100000.0,nM,>,CHEMBL217,Displacement of [3H]N-methylspiperone from human D2R expressed in HEK293 cell membranes incubated for 1 hr by radioligan
cid:9690109,9690109,Armodafinil,Benzhydryl,chembl,Ki,39000.0,nM,=,CHEMBL234,Displacement of [3H]N-methylspiperone from human D3R expressed in HEK293 cell membranes incubated for 1 hr by radioligan
cid:9690109,9690109,Armodafinil,Benzhydryl,chembl,Ki,100000.0,nM,>,CHEMBL219,Displacement of [3H]N-methylspiperone from human D4R expressed in HEK293 cell membranes incubated for 1 hr by radioligan
cid:9690109,9690109,Armodafinil,Benzhydryl,chembl,Ki,100000.0,nM,>,CHEMBL4153,Displacement of [3H](+)-pentazocine from sigma1 receptor in whole-guinea pig brain minus cerebellum homogenates incubate
cid:9690109,9690109,Armodafinil,Benzhydryl,chembl,Ki,647.0,nM,=,CHEMBL238,"Displacement of [3H]WIN35,428 from wild type human DAT expressed in COS7 cell membranes incubated for >90 mins by radiol"
cid:9690109,9690109,Armodafinil,Benzhydryl,chembl,Ki,8920.0,nM,=,CHEMBL612545,"Displacement of [3H]WIN35,428 from human DAT Y156F mutant expressed in COS7 cell membranes incubated for >90 mins by rad"
cid:2284,2284,Baclofen,"Butyric_acid, Gabapentinoids",chembl,IC50,35.0,nM,=,CHEMBL2111463,Inhibition of [3H]-baclofen binding to Gamma-aminobutyric acid type B receptor of cat cerebellum
cid:2284,2284,Baclofen,"Butyric_acid, Gabapentinoids",chembl,IC50,1047000.0,nM,=,CHEMBL1907607,Inhibition of [3H]muscimol binding to GABA-A receptor of rat cortex
cid:2284,2284,Baclofen,"Butyric_acid, Gabapentinoids",chembl,IC50,107.0,nM,=,CHEMBL2111474,Inhibition of [3H]CGP-27492 binding to Gamma-aminobutyric acid type B receptor of rat cortex
cid:2284,2284,Baclofen,"Butyric_acid, Gabapentinoids",chembl,IC50,30.0,nM,=,CHEMBL1907607,Displacement of [3H]GABA from Gamma-aminobutyric acid A (GABA-A) receptor in rat brain membranes
cid:2284,2284,Baclofen,"Butyric_acid, Gabapentinoids",chembl,IC50,60.0,nM,=,CHEMBL2111474,Displacement of [3H]baclofen from Gamma-aminobutyric acid type B receptor in rat brain membranes
cid:2284,2284,Baclofen,"Butyric_acid, Gabapentinoids",chembl,IC50,1800.0,nM,=,CHEMBL376,The inhibitory concentration of compound against sodium dependent [3H]GABA synaptosomal uptake in rats
cid:2284,2284,Baclofen,"Butyric_acid, Gabapentinoids",chembl,IC50,30.0,nM,=,CHEMBL2111474,In vitro displacement of [3H]GABA from Gamma-aminobutyric acid type B receptor sites in rat brain membranes
cid:2284,2284,Baclofen,"Butyric_acid, Gabapentinoids",chembl,IC50,200.0,nM,=,CHEMBL2111474,Displacement of [3H]baclofen from Gamma-aminobutyric acid type B receptor of rat brain membranes
cid:2284,2284,Baclofen,"Butyric_acid, Gabapentinoids",chembl,IC50,420.0,nM,=,CHEMBL2111474,Displacement of [3H]baclofen from gamma-aminobutyric-acid B receptor
cid:2284,2284,Baclofen,"Butyric_acid, Gabapentinoids",chembl,IC50,330.0,nM,=,CHEMBL2111474,Inhibition of [3H]baclofen binding to rat gamma-aminobutyric acid type B receptor.
cid:2284,2284,Baclofen,"Butyric_acid, Gabapentinoids",chembl,IC50,180.0,nM,=,CHEMBL2111474,Inhibition of [3H]baclofen binding to rat gamma-aminobutyric acid type B receptor.
cid:2284,2284,Baclofen,"Butyric_acid, Gabapentinoids",chembl,IC50,200.0,nM,=,CHEMBL2111474,Binding affinity against Gamma-aminobutyric acid type B receptor in rat brain synaptosomes after 30 minutes
cid:2284,2284,Baclofen,"Butyric_acid, Gabapentinoids",chembl,IC50,6400.0,nM,=,CHEMBL369,Compound was tested for its effect on EFS stimulated neuronal cholinergic contractions of guinea pig tracheal rings afte
cid:2284,2284,Baclofen,"Butyric_acid, Gabapentinoids",chembl,IC50,,nM,,CHEMBL1907607,Binding affinity against Gamma-aminobutyric acid A receptor in rat brain synaptosomes after 30 minutes (inactive)
cid:2284,2284,Baclofen,"Butyric_acid, Gabapentinoids",chembl,IC50,50.0,nM,=,CHEMBL2111463,Percent inhibition against GABA-B receptor at 1 uM
cid:2284,2284,Baclofen,"Butyric_acid, Gabapentinoids",chembl,Ki,220.0,nM,=,CHEMBL612545,Displacement of [3H]GABA from GABABreceptor in rat brain synaptic membranes
cid:2284,2284,Baclofen,"Butyric_acid, Gabapentinoids",chembl,Ki,,,,CHEMBL220,DRUGMATRIX: Acetylcholinesterase enzyme inhibition (substrate: acetylthiocholine)
cid:2284,2284,Baclofen,"Butyric_acid, Gabapentinoids",chembl,Ki,,,,CHEMBL226,DRUGMATRIX: Adenosine A1 radioligand binding (ligand: DPCPX)
cid:2284,2284,Baclofen,"Butyric_acid, Gabapentinoids",chembl,Ki,,,,CHEMBL251,DRUGMATRIX: Adenosine A2A radioligand binding (ligand: AB-MECA)
cid:2284,2284,Baclofen,"Butyric_acid, Gabapentinoids",chembl,Ki,,,,CHEMBL256,DRUGMATRIX: Adenosine A3 radioligand binding (ligand: AB-MECA)
cid:2284,2284,Baclofen,"Butyric_acid, Gabapentinoids",chembl,Ki,,,,CHEMBL612545,DRUGMATRIX: Sodium/nucleoside co-transporter radioligand binding (ligand: nitrobenzylthioinosine)
cid:2284,2284,Baclofen,"Butyric_acid, Gabapentinoids",chembl,Ki,,,,CHEMBL319,DRUGMATRIX: Alpha-1A adrenergic receptor radioligand binding (ligand: prazosin)
cid:2284,2284,Baclofen,"Butyric_acid, Gabapentinoids",chembl,Ki,,,,CHEMBL315,DRUGMATRIX: Alpha-1B adrenergic receptor radioligand binding (ligand: prazosin)
cid:2284,2284,Baclofen,"Butyric_acid, Gabapentinoids",chembl,Ki,,,,CHEMBL223,DRUGMATRIX: Alpha-1D adrenergic receptor radioligand binding (ligand: prazosin)
cid:2284,2284,Baclofen,"Butyric_acid, Gabapentinoids",chembl,Ki,,,,CHEMBL1867,DRUGMATRIX: Alpha-2A adrenergic receptor radioligand binding (ligand: MK-912)
cid:2284,2284,Baclofen,"Butyric_acid, Gabapentinoids",chembl,Ki,,,,CHEMBL1942,DRUGMATRIX: Alpha-2B adrenergic receptor radioligand binding (ligand: Rauwolscine)
cid:2284,2284,Baclofen,"Butyric_acid, Gabapentinoids",chembl,Ki,,,,CHEMBL1916,DRUGMATRIX: Adrenergic Alpha-2C radioligand binding (ligand: [3H] MK-912)
cid:2284,2284,Baclofen,"Butyric_acid, Gabapentinoids",chembl,Ki,,,,CHEMBL213,DRUGMATRIX: Adrenergic beta1 radioligand binding (ligand: [125I] Cyanopindolol)
cid:2284,2284,Baclofen,"Butyric_acid, Gabapentinoids",chembl,Ki,,,,CHEMBL210,DRUGMATRIX: Adrenergic beta2 radioligand binding (ligand: [3H] CGP-12177)
cid:2284,2284,Baclofen,"Butyric_acid, Gabapentinoids",chembl,Ki,,,,CHEMBL246,DRUGMATRIX: Adrenergic beta3 radioligand binding (ligand: [125I] Cyanopindolol)
cid:2284,2284,Baclofen,"Butyric_acid, Gabapentinoids",chembl,EC50,24.0,uM kg-1,=,CHEMBL376,Deterioration of rotarod performance of rats 0.5-1 hour after subcutaneous administration of compound
cid:2284,2284,Baclofen,"Butyric_acid, Gabapentinoids",chembl,EC50,52.0,uM kg-1,=,CHEMBL376,Deterioration of rotarod performance of rats 1-2 hour after subcutaneous administration of compound
cid:2284,2284,Baclofen,"Butyric_acid, Gabapentinoids",chembl,EC50,750.0,nM,=,CHEMBL612545,Agonist activity at human recombinant GABABreceptor expressed in CHO-K1 cells assessed as inhibition of intracellular ca
cid:2284,2284,Baclofen,"Butyric_acid, Gabapentinoids",chembl,EC50,100000.0,nM,>,CHEMBL2095167,Agonist activity at rat GABA-A alpha1beta2gamma2 receptor expressed in human TSA201 cells by whole cell voltage-clamp me
cid:2284,2284,Baclofen,"Butyric_acid, Gabapentinoids",chembl,EC50,1700.0,nM,=,CHEMBL2111463,Agonist activity at human GABA-B B1/B2 receptor expressed in HEK293 cells assessed as inhibition of forskolin-stimulated
cid:12555,12555,Benzydamine,Indazole,chembl,IC50,6670.0,nM,=,CHEMBL372,Concentration required to inhibit collagen-induced platelet aggregation by 50%
cid:12555,12555,Benzydamine,Indazole,chembl,IC50,50000.0,nM,>,CHEMBL3491,Inhibition of human recombinant CYP2J2 assessed as reduction in astemizole O-demethylation by LC-MS/MS method
cid:12555,12555,Benzydamine,Indazole,chembl,IC50,20000.0,nM,>,CHEMBL4303835,Antiviral activity determined as inhibition of SARS-CoV-2 induced cytotoxicity of VERO-6 cells at 10 uM after 48 hours e
cid:12555,12555,Benzydamine,Indazole,chembl,IC50,19952.62,nM,>,CHEMBL4303835,Antiviral activity determined as inhibition of SARS-CoV-2 induced cytotoxicity of VERO-6 cells at 10 uM after 48 hours e
cid:12555,12555,Benzydamine,Indazole,chembl,EC50,1020.0,nM,=,CHEMBL2111348,The cGMP produced by compound was expressed as a ratio between the percentage of the DEA/NO response for the compound
cid:12555,12555,Benzydamine,Indazole,chembl,EC50,1020.0,nM,=,CHEMBL612545,Activation of bovine sGC Enzyme (soluble Guanylate Cyclase) in Sf21 cells infected with baculo virus in the presence of 
cid:2441,2441,Bromazepam,benzodiazepine,chembl,IC50,20000.0,nM,>,CHEMBL4303835,Antiviral activity determined as inhibition of SARS-CoV-2 induced cytotoxicity of VERO-6 cells at 10 uM after 48 hours e
cid:2441,2441,Bromazepam,benzodiazepine,chembl,IC50,19952.62,nM,>,CHEMBL4303835,Antiviral activity determined as inhibition of SARS-CoV-2 induced cytotoxicity of VERO-6 cells at 10 uM after 48 hours e
cid:10257,10257,Bufotenin,Substituted_tryptamines,chembl,IC50,11400.0,nM,=,CHEMBL4078,Inhibition of Electric eel AChE assessed as amount of thiocholine released using acetylthiocholine iodide as substrate a
cid:10257,10257,Bufotenin,Substituted_tryptamines,chembl,Ki,259.0,nM,=,CHEMBL273,Evaluated for the binding affinity to hippocampus striatal membranes at 5-hydroxytryptamine 1A receptor binding site by 
cid:10257,10257,Bufotenin,Substituted_tryptamines,chembl,Ki,910.0,nM,=,CHEMBL3459,Binding affinity (Ki) to rat cortical membranes at 5-HT1B binding site by using [125 I] ICYP as a radioligand.
cid:10257,10257,Bufotenin,Substituted_tryptamines,chembl,Ki,70.0,nM,=,CHEMBL225,Evaluated for the binding affinity to porcine choroid plexus at 5-hydroxytryptamine 2C receptor binding site by using [3
cid:10257,10257,Bufotenin,Substituted_tryptamines,chembl,Ki,380.0,nM,=,CHEMBL2093870,Binding affinity to rat cortical membranes at 5-hydroxytryptamine 2 (5-HT2) receptor using [3H]KET as a radioligand
cid:10257,10257,Bufotenin,Substituted_tryptamines,chembl,Ki,100000.0,nM,>,CHEMBL1907607,In vitro inhibition of [3H]diazepam binding to benzodiazepine receptor in rat cerebral cortical membrane
cid:10257,10257,Bufotenin,Substituted_tryptamines,chembl,Ki,25.12,nM,=,CHEMBL273,Binding affinity of a compound to rat brain 5-hydroxytryptamine 1A (serotonin) receptor assayed by radiolabeled [3H]-8-O
cid:10257,10257,Bufotenin,Substituted_tryptamines,chembl,Ki,7.943,nM,=,CHEMBL3223,Binding affinity at rat 5-hydroxytryptamine 7 receptor.
cid:10257,10257,Bufotenin,Substituted_tryptamines,chembl,Kd,3.162,nM,=,CHEMBL214,Binding affinity to 5HT1A receptor
cid:10257,10257,Bufotenin,Substituted_tryptamines,chembl,Kd,38.9,nM,=,CHEMBL2095159,Antagonist activity at 5-HT1 receptor in Sprague-Dawley rat assessed as inhibition of 5-HT-induced stomach fundus contra
cid:2477,2477,Buspirone,,chembl,IC50,12.8,nM,=,CHEMBL273,In vitro ability to inhibit binding of radioligand [3H]8-OH-DPAT to 5-hydroxytryptamine 1A receptor in rat cerebral cort
cid:2477,2477,Buspirone,,chembl,IC50,10000.0,nM,>,CHEMBL2093870,Inhibition of binding of radioligand [3H]ketanserin to 5-hydroxytryptamine 2 receptor in rat cerebral cortex
cid:2477,2477,Buspirone,,chembl,IC50,222.0,nM,=,CHEMBL339,Inhibition of binding of radioligand [3H]spiroperidol to dopamine D2 receptor in rat striatal membranes
cid:2477,2477,Buspirone,,chembl,IC50,21.88,nM,=,CHEMBL273,Binding affinity towards 5-hydroxytryptamine 1A receptor in rat brain membrane using [3H]8-OH-DPAT as a selective ligand
cid:2477,2477,Buspirone,,chembl,IC50,12589.25,nM,=,CHEMBL3459,Binding affinity against 5-HT1B receptor in rat frontal cortex using [3H]-5-HT in presence of 0.1 uM [3H]-8-OH-DPAT as a
cid:2477,2477,Buspirone,,chembl,IC50,3388.44,nM,=,CHEMBL2093870,Binding affinity towards 5-hydroxytryptamine 2 receptor in rat frontal cortex
cid:2477,2477,Buspirone,,chembl,IC50,11.0,nM,=,CHEMBL273,Binding affinity to 5-hydroxytryptamine 1A receptor of rat hippocampus with [3H]8-OH-DPAT as radioligand
cid:2477,2477,Buspirone,,chembl,IC50,55.0,nM,=,CHEMBL339,Binding affinity to Dopamine receptor D2 in of rat striatum membrane with [3H]- raclopride as radioligand
cid:2477,2477,Buspirone,,chembl,IC50,26000.0,nM,=,CHEMBL3459,Binding affinity towards 5-HT1B was determined
cid:2477,2477,Buspirone,,chembl,IC50,2100.0,nM,=,CHEMBL2093870,Binding affinity towards 5-hydroxytryptamine 2 receptor was determined
cid:2477,2477,Buspirone,,chembl,IC50,30.0,nM,=,CHEMBL273,Binding affinity against 5-hydroxytryptamine 1A receptor in rat hippocampus membranes using [3H]8-OH-DPAT as radioligand
cid:2477,2477,Buspirone,,chembl,IC50,10000.0,nM,>,CHEMBL2093870,Binding affinity against 5-hydroxytryptamine 2 receptor in rat brain using [3H]ketanserin as radioligand
cid:2477,2477,Buspirone,,chembl,IC50,280.0,nM,=,CHEMBL339,Binding affinity against Dopamine receptor D2 in rat striatal membrane using [3H]spiroperidol as radioligand
cid:2477,2477,Buspirone,,chembl,IC50,10000.0,nM,>,CHEMBL1907610,Binding affinity against Alpha-1 adrenergic receptor in rat brain membrane using [3H]prazosin as radioligand
cid:2477,2477,Buspirone,,chembl,IC50,10000.0,nM,=,CHEMBL2093864,Binding affinity against Alpha-2 adrenergic receptor in rat brain membrane using [3H]yohimbine as radioligand
cid:2477,2477,Buspirone,,chembl,Ki,14.79,nM,=,CHEMBL273,In vitro ability to inhibit binding of radioligand [3H]8-OH-DPAT to 5-hydroxytryptamine 1A receptor in rat cerebral cort
cid:2477,2477,Buspirone,,chembl,Ki,41.69,nM,=,CHEMBL339,In vitro ability to inhibit binding of radioligand [3H]spiroperidol to dopamine D2 receptor in rat striatal membrane
cid:2477,2477,Buspirone,,chembl,Ki,15.0,nM,=,CHEMBL273,Evaluated for binding affinity towards 5-hydroxytryptamine 1A receptor in rat brain
cid:2477,2477,Buspirone,,chembl,Ki,3.1,nM,=,CHEMBL214,Displacement of [3H]8-OH-DPAT from 5-hydroxytryptamine 1A receptor of bovine hippocampus.
cid:2477,2477,Buspirone,,chembl,Ki,13.0,nM,=,CHEMBL217,Displacement of [3H]U-86170 from human D2-dopamine receptor expressed in CHO K1 cells
cid:2477,2477,Buspirone,,chembl,Ki,367.0,nM,=,CHEMBL339,Binding affinity was determined against Dopamine receptor D2 using [3H]spiperone
cid:2477,2477,Buspirone,,chembl,Ki,5.0,nM,=,CHEMBL273,Binding affinity was determined against 5-hydroxytryptamine 1A receptor using [3H]WB-4101
cid:2477,2477,Buspirone,,chembl,Ki,6.6,nM,=,CHEMBL214,Ability to displace [3H]-DPAT from 5-hydroxytryptamine 1A receptor in homogenates of bovine hippocampus.
cid:2477,2477,Buspirone,,chembl,Ki,367.0,nM,=,CHEMBL339,Binding affinity towards dopamine receptor D2 by displacing [3H]spiperone radioligand in rat striatum
cid:2477,2477,Buspirone,,chembl,Ki,5.0,nM,=,CHEMBL273,Binding affinity towards 5-hydroxytryptamine 1A receptor by displacing [3H]WB-4101 from rat hippocampus
cid:2477,2477,Buspirone,,chembl,Ki,174.0,nM,=,CHEMBL2093870,The compound was tested for its binding affinity towards 5-hydroxytryptamine 2 receptor by displacing [3H]ketanserin rad
cid:2477,2477,Buspirone,,chembl,Ki,138.0,nM,=,CHEMBL1907610,The compound was tested for its binding affinity towards Alpha-1 adrenergic receptor by displacing [3H]WB-4101 radioliga
cid:2477,2477,Buspirone,,chembl,Ki,20.5,nM,=,CHEMBL273,Binding affinity at 5-hydroxytryptamine 1A receptor in rat cerebral cortex membranes by [3H]8-OH-DPAT displacement.
cid:2477,2477,Buspirone,,chembl,Ki,367.0,nM,=,CHEMBL1907610,Binding affinity at Alpha-1 adrenergic receptor in rat cerebral cortex membranes by [3H]prazosin displacement.
cid:2477,2477,Buspirone,,chembl,Ki,852.0,nM,=,CHEMBL339,Compound was evaluated for binding affinity against Dopamine receptor D2 using [3H]raclopride as a radioligand
cid:2477,2477,Buspirone,,chembl,EC50,80.0,nM,=,CHEMBL214,Activity against 5HT1A receptor by Gi-[35S]GTP-gamma-S binding assay
cid:2477,2477,Buspirone,,chembl,EC50,41.0,nM,=,CHEMBL214,Agonist activity at human 5HT1A receptor expressed in CHO cells by FLIPR
cid:2477,2477,Buspirone,,chembl,EC50,15.14,nM,=,CHEMBL214,Biased agonist activity at human 5-HT1A receptor stably expressed in CHO-K1 cells assessed as increase in ERK1/2 phospho
cid:2477,2477,Buspirone,,chembl,EC50,72.44,nM,=,CHEMBL214,Biased agonist activity at human 5-HT1A receptor stably expressed in CHO-K1 cells assessed as inhibition of forskolin-in
cid:2477,2477,Buspirone,,chembl,EC50,186.21,nM,=,CHEMBL214,Biased agonist activity at Gal4-VP16 transcription factor linked human 5-HT1A receptor expressed in human U2OS cells ass
cid:2477,2477,Buspirone,,chembl,EC50,38.02,nM,=,CHEMBL214,Biased agonist activity at human 5-HT1A receptor stably expressed in CHO-K1 cells co-expressing Galpha16/GPCR assessed a
cid:2477,2477,Buspirone,,chembl,EC50,15.14,nM,=,CHEMBL214,Biased agonist activity at human recombinant 5-HT1A receptor stably expressed in CHO-K1 cells assessed as increase in ER
cid:2477,2477,Buspirone,,chembl,EC50,72.44,nM,=,CHEMBL214,Biased agonist activity at human recombinant 5-HT1A receptor stably expressed in CHO-K1 cells assessed as inhibition of 
cid:2477,2477,Buspirone,,chembl,EC50,186.21,nM,=,CHEMBL214,Biased agonist activity at Gal4-VP16 transcription factor linked human 5-HT1A receptor expressed in human U2OS cells ass
cid:2477,2477,Buspirone,,chembl,Kd,575.44,nM,=,CHEMBL2094251,Antagonistic activity at Alpha-1 adrenergic receptor was performed on ring segments of rabbit thoracic aorta contracted 
cid:2477,2477,Buspirone,,chembl,Kd,10.0,nM,=,CHEMBL214,Binding affinity to 5HT1A receptor
cid:2519,2519,Caffeine,Xanthines,chembl,IC50,660000.0,nM,=,CHEMBL2096682,Inhibition of binding of Batrachotoxinin [3H]BTX-B to high affinity sites on voltage dependent sodium channels in a vesi
cid:2519,2519,Caffeine,Xanthines,chembl,IC50,110000.0,nM,=,CHEMBL318,Antagonism of adenosine A1 receptor assessed from the ability to inhibit binding of [3H]cyclohexyladenosine to rat cereb
cid:2519,2519,Caffeine,Xanthines,chembl,IC50,150000.0,nM,=,CHEMBL369,Ability to inhibit 2-chloroadenosine (15 uM)-elicited accumulations of cyclic AMP in guinea pig cerebral cortical membra
cid:2519,2519,Caffeine,Xanthines,chembl,IC50,117000.0,nM,=,CHEMBL318,Binding affinity towards the adenosine A1 receptor in cerebral cortices of Sprague-Dawley male rats using [3H]CHA as rad
cid:2519,2519,Caffeine,Xanthines,chembl,IC50,63000.0,nM,=,CHEMBL2094117,Evaluated for the binding affinity towards the Adenosine A2 receptor in corpora striata of rats using [3H]NECA as radiol
cid:2519,2519,Caffeine,Xanthines,chembl,IC50,70000.0,nM,=,CHEMBL2111322,Evaluated for Ca++ dependent phosphodiesterase activity. 
cid:2519,2519,Caffeine,Xanthines,chembl,IC50,170000.0,nM,=,CHEMBL376,Evaluated for Ca++ independent phosphodiesterase activity. 
cid:2519,2519,Caffeine,Xanthines,chembl,IC50,114000.0,nM,=,CHEMBL3526,Inhibitory concentration against rabbit muscle glycogen phosphorylase
cid:2519,2519,Caffeine,Xanthines,chembl,IC50,648000.0,nM,=,CHEMBL3239,Inhibitory concentration against rat liver glycogen phosphorylase
cid:2519,2519,Caffeine,Xanthines,chembl,IC50,114000.0,nM,=,CHEMBL4696,Inhibitory activity against rabbit muscle GPa
cid:2519,2519,Caffeine,Xanthines,chembl,IC50,114000.0,nM,=,CHEMBL4696,Inhibition of rabbit muscle GPa
cid:2519,2519,Caffeine,Xanthines,chembl,IC50,114000.0,nM,=,CHEMBL612545,Inhibition of rabbit muscle glycogen phosphorylase a
cid:2519,2519,Caffeine,Xanthines,chembl,IC50,520000.0,nM,=,CHEMBL613694,Antioxidant activity in rat liver microsomes assessed as inhibition of ethoxyresorufin O-deethylase activity
cid:2519,2519,Caffeine,Xanthines,chembl,IC50,114000.0,nM,=,CHEMBL4696,Inhibition of rabbit muscle glycogen phosphorylase A assessed as phosphate release from glucose-1-phosphate
cid:2519,2519,Caffeine,Xanthines,chembl,IC50,283000.0,nM,=,CHEMBL4696,Inhibition of rabbit muscle glycogen phosphorylase
cid:2519,2519,Caffeine,Xanthines,chembl,Ki,100000.0,nM,=,CHEMBL2304404,Binding affinity against adenosine A1 receptor in guinea pig forebrain membranes using N6-[3H]cyclohexyladenosine as rad
cid:2519,2519,Caffeine,Xanthines,chembl,Ki,27000.0,nM,=,CHEMBL2094117,Binding affinity against adenosine A2 receptor in rat striatal membranes using N-[3H]-ethyladenosin-5''-uronamide as rad
cid:2519,2519,Caffeine,Xanthines,chembl,Ki,41000.0,nM,=,CHEMBL318,Ability to inhibit binding of [3H]R-PIA to Adenosine A1 receptor in rat brain cortical membranes
cid:2519,2519,Caffeine,Xanthines,chembl,Ki,26000.0,nM,=,CHEMBL318,Ability to inhibit binding of [3H]CHA to adenosine A1 receptor in rat brain cortical membranes.
cid:2519,2519,Caffeine,Xanthines,chembl,Ki,16000.0,nM,=,CHEMBL302,Ability to inhibit binding of [3H]NECA to Adenosine A2A receptor in rat brain striatal membranes
cid:2519,2519,Caffeine,Xanthines,chembl,Ki,22000.0,nM,=,CHEMBL302,Ability to inhibit binding of [3H]-CGS- 21680 to adenosine A2A receptor in rat brain striatal membranes.
cid:2519,2519,Caffeine,Xanthines,chembl,Ki,29000.0,nM,=,CHEMBL318,"Binding affinity against Adenosine A1 receptor in rat brain membrane, using [3H]N6-cyclohexyladenosine as the radioligan"
cid:2519,2519,Caffeine,Xanthines,chembl,Ki,48000.0,nM,=,CHEMBL2094117,"Binding affinity against Adenosine A2 receptor in rat brain membrane, using [3H]-NECA as the radioligand."
cid:2519,2519,Caffeine,Xanthines,chembl,Ki,100000.0,nM,>,CHEMBL2304404,Inhibition of [3H]cyclohexyladenosine binding to guinea pig forebrain membranes Adenosine A1 receptor
cid:2519,2519,Caffeine,Xanthines,chembl,Ki,27000.0,nM,=,CHEMBL2094117,Inhibition of [3H]5'-(N-ethylcarbamoyl)-adenosine binding to Adenosine A2 receptor in rat striatal membranes in the pres
cid:2519,2519,Caffeine,Xanthines,chembl,Ki,80000.0,nM,=,CHEMBL2605,Antagonist binding of N6-cyclohexyl-[3H]-adenosine to guinea pig brain
cid:2519,2519,Caffeine,Xanthines,chembl,Ki,40000.0,nM,=,CHEMBL2111386,Antagonist binding of N6-cyclohexyl-[3H]-adenosine to rat brain
cid:2519,2519,Caffeine,Xanthines,chembl,Ki,130000.0,nM,=,CHEMBL4975,Antagonist binding of N6-cyclohexyl-[3H]-adenosine to bovine brain
cid:2519,2519,Caffeine,Xanthines,chembl,Ki,60000.0,nM,=,CHEMBL2111386,Antagonist binding of N6-cyclohexyl-[3H]-adenosine to rat testes
cid:2519,2519,Caffeine,Xanthines,chembl,Ki,25000.0,nM,=,CHEMBL2111386,Antagonist binding of L-N6-phenyl-isopropyl)-[3H]adenosine to rat brain
cid:2519,2519,Caffeine,Xanthines,chembl,EC50,45800.0,nM,=,CHEMBL3714531,Inhibition of human Notum (S81 to T451 residues) Cys330Ser mutant in human HEK293 cells expressing Renilla and STF repor
cid:2519,2519,Caffeine,Xanthines,chembl,EC50,100000.0,nM,>,CHEMBL612545,Inhibition of ryanodine receptor (unknown origin)
cid:2519,2519,Caffeine,Xanthines,chembl,EC50,46000.0,nM,=,CHEMBL3714531,Inhibition of human notum transfected with HEK293 cell incubated for 16 hrs by luciferase assay
cid:2519,2519,Caffeine,Xanthines,chembl,EC50,95900.0,nM,=,CHEMBL5160,Agonist activity at full length rat TRPA1 transfected in HEK293F cells assessed as increase in Ca2+ influx by FLIPR calc
cid:2519,2519,Caffeine,Xanthines,chembl,EC50,61800.0,nM,=,CHEMBL1075310,Agonist activity at full length mouse TRPA1 transfected in HEK293F cells assessed as increase in Ca2+ influx by FLIPR ca
cid:2519,2519,Caffeine,Xanthines,chembl,Kd,45000.0,nM,=,CHEMBL226,Dissociation constant against Adenosine A1 receptor
cid:2519,2519,Caffeine,Xanthines,chembl,Kd,25118.86,nM,=,CHEMBL251,Displacement of [3H]ZM241385 from stabilized human adenosine receptor A2a expressed in HEK293 cells followed by receptor
cid:2519,2519,Caffeine,Xanthines,chembl,Kd,5510.0,nM,=,CHEMBL251,Binding affinity to human wild type adenosine A2A receptor expressed in Expi293F cells assessed as dissociation constant
cid:2519,2519,Caffeine,Xanthines,chembl,Kd,85000.0,nM,=,CHEMBL3714531,Binding affinity to human Notum (S81 to T451 residues) Cys330Ser mutant expressed in human HEK293T cells by SPR analysis
cid:2519,2519,Caffeine,Xanthines,chembl,Kd,690.0,nM,=,CHEMBL4461,Binding affinity to human SIRT3 assessed as dissociation constant by SPR analysis
cid:644019,644019,Cannabidiol,Cannabinoid,chembl,IC50,53200.0,nM,=,CHEMBL3229,Inhibition of FAAH in rat brain membranes using [14C]-AEA as substrate measured after 30 mins by scintillation counting 
cid:644019,644019,Cannabidiol,Cannabinoid,chembl,IC50,100000.0,nM,>,CHEMBL612545,Inhibition of MAGL in African green monkey COS cell homogenates using [3H]-arachidonoylglycerol as substrate measured af
cid:644019,644019,Cannabidiol,Cannabinoid,chembl,IC50,100000.0,nM,>,CHEMBL5545,Inhibition of recombinant human DAGLalpha expressed in COS7 cells using [14C]-oleoyl-2-arachidonoyl-glycerol as substrat
cid:644019,644019,Cannabidiol,Cannabinoid,chembl,IC50,100000.0,nM,>,CHEMBL4349,Inhibition of recombinant human NAAA expressed in HEK293 cells using [14C]-N-palmitoylethanolamine as substrate measured
cid:644019,644019,Cannabidiol,Cannabinoid,chembl,IC50,2800.0,nM,=,CHEMBL5011,Antagonist activity at rat TRPM8 expressed in HEK293 cells assessed as inhibition of icilin-induced Ca2+ response preinc
cid:644019,644019,Cannabidiol,Cannabinoid,chembl,IC50,450.0,nM,=,CHEMBL5160,Antagonist activity at rat TRPA1 expressed in HEK293 cells assessed as inhibition of allylisothiocyanate-induced Ca2+ re
cid:644019,644019,Cannabidiol,Cannabinoid,chembl,IC50,5900.0,nM,=,CHEMBL2775,Antagonist activity at rat TRPV4 expressed in HEK293 cells assessed as inhibition of GSK1016790A-induced Ca2+ response p
cid:644019,644019,Cannabidiol,Cannabinoid,chembl,IC50,750.0,nM,=,CHEMBL3879847,Antagonist activity at rat TRPV3 expressed in HEK293 cells assessed as inhibition of thymol-induced Ca2+ response preinc
cid:644019,644019,Cannabidiol,Cannabinoid,chembl,IC50,1100.0,nM,=,CHEMBL2863,Antagonist activity at rat TRPV2 expressed in HEK293 cells assessed as inhibition of LPC-induced Ca2+ response preincuba
cid:644019,644019,Cannabidiol,Cannabinoid,chembl,IC50,3700.0,nM,=,CHEMBL4794,Antagonist activity at human TRPV1 expressed in HEK293 cells assessed as inhibition of capsaicin-induced Ca2+ response p
cid:644019,644019,Cannabidiol,Cannabinoid,chembl,IC50,670.0,nM,=,CHEMBL5763,Inhibition of equine serum BuChE using butyrylthiocholine iodide as substrate preincubated with enzyme for 20 mins follo
cid:644019,644019,Cannabidiol,Cannabinoid,chembl,IC50,17070.0,nM,=,CHEMBL4078,Inhibition of electric eel AChE using acetylthiocholine iodide as substrate preincubated with enzyme for 20 mins followe
cid:644019,644019,Cannabidiol,Cannabinoid,chembl,IC50,51100.0,nM,=,CHEMBL613898,Inhibition of Beta-hematin in Plasmodium falciparum cells assessed as hemozoin formation after 32 hrs by NP40 detergent-
cid:644019,644019,Cannabidiol,Cannabinoid,chembl,IC50,60.0,nM,=,CHEMBL1075319,Antagonist activity at TRPM8 (unknown origin)
cid:644019,644019,Cannabidiol,Cannabinoid,chembl,IC50,2700.0,nM,=,CHEMBL5871,Inhibition of human strychnine-insensitive glycine receptor alpha 2 expressed in HEK293 cells
cid:644019,644019,Cannabidiol,Cannabinoid,chembl,IC50,130.0,nM,=,CHEMBL1920,Inhibition of Glycine receptor beta 2 (unknown origin)
cid:644019,644019,Cannabidiol,Cannabinoid,chembl,IC50,30000.0,nM,>,CHEMBL3736,Inhibition of human ACE2 using Mca-APK(Dnp) as substrate incubated for 30 mins by fluorometer analysis
cid:644019,644019,Cannabidiol,Cannabinoid,chembl,IC50,110.0,nM,=,CHEMBL3535,Inhibition of PDE9A (unknown origin)
cid:644019,644019,Cannabidiol,Cannabinoid,chembl,IC50,280.0,nM,=,CHEMBL4304,Inhibition of human KCNMA1 expressed in HEK293 cells assessed as reduction in 100+ mV pulse elicited current by inside-o
cid:644019,644019,Cannabidiol,Cannabinoid,chembl,IC50,1820.0,nM,=,CHEMBL4296,Inhibition of human Nav1.7 expressed in HEK293 cells by whole cell electrophysiology recording
cid:644019,644019,Cannabidiol,Cannabinoid,chembl,Ki,1265.0,nM,=,CHEMBL3571,Binding affinity for Cannabinoid receptor 1 by the ability to displace radiolabeled CP-55940 from purified rat forebrain
cid:644019,644019,Cannabidiol,Cannabinoid,chembl,Ki,230.0,nM,=,CHEMBL5373,Binding affinity for Cannabinoid receptor 2 by the ability to displace radiolabeled CP-55940 from mouse spleen synaptoso
cid:644019,644019,Cannabidiol,Cannabinoid,chembl,Ki,10000.0,nM,>,CHEMBL3571,Displacement of [3H]HU243 from CB1 receptor in Sabra rat brain
cid:644019,644019,Cannabidiol,Cannabinoid,chembl,Ki,10000.0,nM,=,CHEMBL253,Displacement of [3H]CP-55940 from human cannabinoid CB2 receptor expressed in CHO cells
cid:644019,644019,Cannabidiol,Cannabinoid,chembl,Ki,2400.0,nM,=,CHEMBL218,Displacement of [3H]CP-55940 from human cannabinoid CB1 receptor expressed in CHO cells
cid:644019,644019,Cannabidiol,Cannabinoid,chembl,Ki,2860.0,nM,=,CHEMBL253,Binding affinity to human CB2 receptor
cid:644019,644019,Cannabidiol,Cannabinoid,chembl,Ki,4350.0,nM,=,CHEMBL218,Binding affinity to human CB1 receptor
cid:644019,644019,Cannabidiol,Cannabinoid,chembl,Ki,10000.0,nM,>,CHEMBL3571,Displacement of [3H]-HU-243 from CB1 receptor in Sabra rat brain synaptosomes after 90 mins
cid:644019,644019,Cannabidiol,Cannabinoid,chembl,Ki,372.0,nM,=,CHEMBL253,Displacement of [3H]-CP55940 from recombinant human CB2 receptor expressed in Sf9 cell membranes co-expressing Galphai3b
cid:644019,644019,Cannabidiol,Cannabinoid,chembl,Ki,1459.0,nM,=,CHEMBL218,Displacement of [3H]-CP55940 from recombinant human CB1 receptor expressed in Sf9 cell membranes co-expressing Galphai3b
cid:644019,644019,Cannabidiol,Cannabinoid,chembl,Ki,4350.0,nM,=,CHEMBL218,"Displacement of [3H]CP-55,940 from human CB1 receptor expressed in CHO cells incubated for 1 hr by liquid scintillation "
cid:644019,644019,Cannabidiol,Cannabinoid,chembl,Ki,2860.0,nM,=,CHEMBL253,"Displacement of [3H]CP-55,940 from human CB2 receptor expressed in CHO cells incubated for 1 hr by liquid scintillation "
cid:644019,644019,Cannabidiol,Cannabinoid,chembl,Ki,1100.0,nM,=,CHEMBL225,Inhibition of 5-HT2C (unknown origin)
cid:644019,644019,Cannabidiol,Cannabinoid,chembl,Ki,1300.0,nM,=,CHEMBL233,Inhibition of mu-type opioid receptor (unknown origin)
cid:644019,644019,Cannabidiol,Cannabinoid,chembl,Ki,2300.0,nM,=,CHEMBL237,Inhibition of kappa-type opioid receptor (unknown origin)
cid:644019,644019,Cannabidiol,Cannabinoid,chembl,Ki,2700.0,nM,=,CHEMBL2056,Inhibition of D1 dopamine receptor (unknown origin)
cid:644019,644019,Cannabidiol,Cannabinoid,chembl,Ki,3100.0,nM,=,CHEMBL264,Inhibition of histamine H3 receptor (unknown origin)
cid:644019,644019,Cannabidiol,Cannabinoid,chembl,Ki,3200.0,nM,=,CHEMBL1942,Inhibition of alpha2B receptor (unknown origin)
cid:644019,644019,Cannabidiol,Cannabinoid,chembl,Ki,3400.0,nM,=,CHEMBL4105907,Inhibition of sigma2 receptor (unknown origin)
cid:644019,644019,Cannabidiol,Cannabinoid,chembl,Ki,3700.0,nM,=,CHEMBL1916,Inhibition of alpha2C receptor (unknown origin)
cid:644019,644019,Cannabidiol,Cannabinoid,chembl,EC50,445.0,nM,=,CHEMBL1075322,Binding affinity to GPR55
cid:644019,644019,Cannabidiol,Cannabinoid,chembl,EC50,3700.0,nM,=,CHEMBL612545,Induction of rat TRPV3 expressed in HEK293 cells assessed as increase of Ca2+ level
cid:644019,644019,Cannabidiol,Cannabinoid,chembl,EC50,25000.0,nM,>,CHEMBL235,Agonist activity at GAL4-tagged PPARgamma (unknown origin) transiently expressed in HEK293T cells co-transfected with GA
cid:644019,644019,Cannabidiol,Cannabinoid,chembl,EC50,480.0,nM,=,CHEMBL5160,Agonist activity at rat TRPA1 stably transfected in HEK293 cells assessed as increase in calcium influx in presence of a
cid:644019,644019,Cannabidiol,Cannabinoid,chembl,EC50,900.0,nM,=,CHEMBL2775,Agonist activity at rat TRPV4 stably transfected in HEK293 cells assessed as increase in calcium influx in presence of i
cid:644019,644019,Cannabidiol,Cannabinoid,chembl,EC50,510.0,nM,=,CHEMBL3879847,Agonist activity at rat TRPV3 stably transfected in HEK293 cells assessed as increase in calcium influx in presence of i
cid:644019,644019,Cannabidiol,Cannabinoid,chembl,EC50,1200.0,nM,=,CHEMBL2863,Agonist activity at rat TRPV2 stably transfected in HEK293 cells assessed as increase in calcium influx in presence of i
cid:644019,644019,Cannabidiol,Cannabinoid,chembl,EC50,4100.0,nM,=,CHEMBL4794,Agonist activity at human TRPV1 stably transfected in HEK293 cells assessed as increase in calcium influx in presence of
cid:644019,644019,Cannabidiol,Cannabinoid,chembl,EC50,8000.0,nM,=,CHEMBL214,Displacement of [3H]8-OH-DPAT from human 5-HT1a receptor expressed in CHO cells incubated for 30 mins by liquid scintill
cid:644019,644019,Cannabidiol,Cannabinoid,chembl,EC50,32000.0,nM,=,CHEMBL322,Displacement of [3H] ketanserin from rat 5-HT2aR expressed in mouse NIH/3T3 cells incubated for 30 mins by liquid scinti
cid:644019,644019,Cannabidiol,Cannabinoid,chembl,EC50,38530.0,nM,=,CHEMBL4794,Agonist activity at human TRPV1 overexpressed in HEK293 cells incubated for 1 hr by Fluo-4 AM dye based microscopic anal
cid:644019,644019,Cannabidiol,Cannabinoid,chembl,EC50,41700.0,nM,=,CHEMBL233,Negative allosteric modulation of mu opioid receptor (unknown origin)
cid:644019,644019,Cannabidiol,Cannabinoid,chembl,EC50,3200.0,nM,=,CHEMBL4794,Agonist activity at human TRPV1 receptor expressed in HEK293 cells assessed as effect on [Ca2+]i preincubated with capsa
cid:644019,644019,Cannabidiol,Cannabinoid,chembl,EC50,1250.0,nM,=,CHEMBL2863,Agonist activity at recombinant rat TRPV2 expressed in HEK293 cells assessed as increase in [Ca2+]i by Fluo-4AM based ca
cid:644019,644019,Cannabidiol,Cannabinoid,chembl,EC50,110.0,nM,=,CHEMBL5160,Agonist activity at recombinant rat TRPA1 expressed in HEK293 cells assessed as increase in [Ca2+]i by Fluo-4AM based ca
cid:644019,644019,Cannabidiol,Cannabinoid,chembl,EC50,1000.0,nM,=,CHEMBL4794,Agonist activity at recombinant human TRPV1 expressed in HEK293 cells assessed as increase in [Ca2+]i level by Fluo-4AM 
cid:644019,644019,Cannabidiol,Cannabinoid,chembl,Kd,18.8,nM,=,CHEMBL4801,Binding affinity to recombinant human caspase-1 assessed as dissociation constant measured after 90 sec by SPR method
cid:644019,644019,Cannabidiol,Cannabinoid,chembl,Kd,0.078,1/s,=,CHEMBL4801,Binding affinity to recombinant human caspase-1 assessed as dissociation constant at equilibrium measured after 30 sec b
cid:644019,644019,Cannabidiol,Cannabinoid,chembl,Kd,110400.0,nM,=,CHEMBL4794,Binding affinity to human TRPV1 assessed as dissociation constant by SPR analysis
cid:5281515,5281515,Cannabinoid,,chembl,IC50,1490.0,nM,=,CHEMBL613680,Inhibition of spontaneous contraction in guinea pig ileum
cid:5281515,5281515,Cannabinoid,,chembl,IC50,78400.0,nM,=,CHEMBL368,Antitrypanosomal activity against Trypanosoma cruzi Y epimastigotes after 96 hrs by neubauer chamber
cid:5281515,5281515,Cannabinoid,,chembl,IC50,63700.0,nM,=,CHEMBL368,Antitrypanosomal activity against Trypanosoma cruzi Y amastigotes infected in monkey LLC-MK2 cells after 96 hrs by Geims
cid:5281515,5281515,Cannabinoid,,chembl,IC50,22000.0,nM,=,CHEMBL613966,Antiviral activity against DENV2
cid:5281515,5281515,Cannabinoid,,chembl,Ki,150.0,nM,=,CHEMBL253,Displacement of [3H]CP55940 from human CB2 expressed in CHOK1 cell membranes after 2 hrs by liquid scintillation countin
cid:5281515,5281515,Cannabinoid,,chembl,EC50,1593000.0,nM,=,CHEMBL368,Antitrypanosomal activity against Trypanosoma cruzi Y trymastigotes infected in monkey LLC-MK2 cells after 24 hrs by Bre
cid:5281515,5281515,Cannabinoid,,chembl,EC50,307.0,ug.mL-1,=,CHEMBL613453,Nematicidal activity against Meloidogyne incognita J2 (root-knot nematode) larvae immersed in compound solution for 96 h
cid:5281515,5281515,Cannabinoid,,chembl,EC50,433.0,ug.mL-1,=,CHEMBL613453,Nematicidal activity against Meloidogyne incognita J2 (root-knot nematode) larvae immersed in compound solution for 48 h
cid:5281515,5281515,Cannabinoid,,chembl,EC50,1804.0,ug.mL-1,>,CHEMBL613453,Nematicidal activity against Meloidogyne incognita J2 (root-knot nematode) larvae immersed in compound solution for 24 h
cid:5281515,5281515,Cannabinoid,,chembl,EC50,1900.0,nM,=,CHEMBL253,Agonist activity at recombinant human Cb2 receptor expressed in CHOK1 cells assessed as inhibition of forskolin-stimulat
cid:5281515,5281515,Cannabinoid,,chembl,EC50,9580.0,nM,=,CHEMBL239,Agonist activity at PPARalpha (unknown origin)
cid:2576,2576,Carisoprodol,"1,3-Propanediol_dicarbamate",chembl,IC50,20000.0,nM,>,CHEMBL4303835,Antiviral activity determined as inhibition of SARS-CoV-2 induced cytotoxicity of VERO-6 cells at 10 uM after 48 hours e
cid:2576,2576,Carisoprodol,"1,3-Propanediol_dicarbamate",chembl,IC50,19952.62,nM,>,CHEMBL4303835,Antiviral activity determined as inhibition of SARS-CoV-2 induced cytotoxicity of VERO-6 cells at 10 uM after 48 hours e
cid:62258,62258,Cathinone,,chembl,Kd,3019.95,nM,=,CHEMBL2094123,Affinity against 5-hydroxytryptamine receptors in rat fundus model
cid:2802,2802,Clonazepam,Benzodiazepines,chembl,IC50,555904257.27,nM,=,CHEMBL5742,Binding affinity of compound towards Benzodiazepine receptor in a competition assay
cid:2802,2802,Clonazepam,Benzodiazepines,chembl,IC50,555904257.27,nM,=,CHEMBL2093872,Binding affinity towards benzodiazepine/GABA A receptor.
cid:2802,2802,Clonazepam,Benzodiazepines,chembl,IC50,100000.0,nM,>,CHEMBL2096986,Half-maximal inhibition of [125I]-CCK-33 binding to rat pancreas cholecystokinin receptor
cid:2802,2802,Clonazepam,Benzodiazepines,chembl,IC50,100000.0,nM,>,CHEMBL3501,Half-maximal inhibition of [125I]CCK-33 binding to guinea pig brain(cortex) cholecystokinin receptor
cid:2802,2802,Clonazepam,Benzodiazepines,chembl,IC50,1.7,nM,=,CHEMBL1907607,Displacement of [3H]diazepam from rat brain GABA-A benzodiazepine receptor
cid:2802,2802,Clonazepam,Benzodiazepines,chembl,IC50,100000.0,nM,>,CHEMBL2871,Half-maximal inhibition of [125I]CCK-33 binding to cholecystokinin A receptor from rat pancreatic tissue
cid:2802,2802,Clonazepam,Benzodiazepines,chembl,IC50,100000.0,nM,>,CHEMBL2095185,Half-maximal inhibition of [125I]-CCK-8(+) binding to cholecystokinin receptor from guinea pig brain tissue
cid:2802,2802,Clonazepam,Benzodiazepines,chembl,IC50,1.7,nM,=,CHEMBL1907607,Inhibition of [3H]diazepam binding to GABA-A benzodiazepine receptor of rat brain
cid:2802,2802,Clonazepam,Benzodiazepines,chembl,IC50,,,,CHEMBL1941,DRUGMATRIX: Histamine H2 radioligand binding (ligand: [125I] Aminopotentidine)
cid:2802,2802,Clonazepam,Benzodiazepines,chembl,IC50,,,,CHEMBL402,DRUGMATRIX: HMG-CoA Reductase enzyme inhibition (substrate: [14C]HMG-CoA)
cid:2802,2802,Clonazepam,Benzodiazepines,chembl,IC50,,,,CHEMBL612545,"DRUGMATRIX: Imidazoline I2, Central radioligand binding (ligand: [3H] Idazoxan)"
cid:2802,2802,Clonazepam,Benzodiazepines,chembl,IC50,,,,CHEMBL5486,DRUGMATRIX: Insulin radioligand binding (ligand: [125I] Insulin)
cid:2802,2802,Clonazepam,Benzodiazepines,chembl,IC50,,,,CHEMBL612545,DRUGMATRIX: Interleukin IL-1 radioligand binding (ligand: [125I] interleukin 1beta)
cid:2802,2802,Clonazepam,Benzodiazepines,chembl,IC50,,,,CHEMBL612545,"DRUGMATRIX: Leukotriene, BLT (LTB4) radioligand binding (ligand: [3H]LTB4)"
cid:2802,2802,Clonazepam,Benzodiazepines,chembl,IC50,,,,CHEMBL1909043,DRUGMATRIX: Leukotriene LTC4 Synthase enzyme inhibition (substrate: LTA4)
cid:2802,2802,Clonazepam,Benzodiazepines,chembl,IC50,,,,CHEMBL1798,DRUGMATRIX: Cysteinyl leukotriene receptor 1 radioligand binding (ligand: [3H]LTD4)
cid:2802,2802,Clonazepam,Benzodiazepines,chembl,IC50,,,,CHEMBL4358,DRUGMATRIX: Lipoxygenase 15-LO enzyme inhibition (substrate: Linoleic acid)
cid:2802,2802,Clonazepam,Benzodiazepines,chembl,IC50,,,,CHEMBL4644,DRUGMATRIX: Melanocortin MC3 radioligand binding (ligand: [125I] NDP-alpha-MSH)
cid:2802,2802,Clonazepam,Benzodiazepines,chembl,IC50,,,,CHEMBL259,DRUGMATRIX: Melanocortin MC4 radioligand binding (ligand: [125I] NDP-alpha-MSH)
cid:2802,2802,Clonazepam,Benzodiazepines,chembl,IC50,,,,CHEMBL4608,DRUGMATRIX: Melanocortin MC5 radioligand binding (ligand: [125I] NDP-alpha-MSH)
cid:2802,2802,Clonazepam,Benzodiazepines,chembl,Ki,0.85,nM,=,CHEMBL2094107,In vitro inhibition of [3H]-Ro- 15-1788 binding to GABA-A Benzodiazepine receptor of bovine brain membranes
cid:2802,2802,Clonazepam,Benzodiazepines,chembl,Ki,0.85,nM,=,CHEMBL2094107,Inhibition of [3H]- flumazenil binding to benzodiazepine receptor in bovine brain membranes
cid:2802,2802,Clonazepam,Benzodiazepines,chembl,Ki,0.85,nM,=,CHEMBL2094107,Displacement of [3H]- Ro.15-1788 from GABA-A central Benzodiazepine receptor (BzR) of Bovine cerebral cortex membrane
cid:2802,2802,Clonazepam,Benzodiazepines,chembl,Ki,0.85,nM,=,CHEMBL2093872,Displacement of [3H]flumazenil from bovine benzodiazepine receptor GABA-A channel of brain membranes
cid:2802,2802,Clonazepam,Benzodiazepines,chembl,Ki,0.85,nM,=,CHEMBL612545,Displacement of [3H]flumazenil from benzodiazepine receptor in bovine brain membranes
cid:2802,2802,Clonazepam,Benzodiazepines,chembl,Ki,2.0,nM,=,CHEMBL612545,Displacement of [3H]flunitrazepam from benzodiazepine receptor
cid:2802,2802,Clonazepam,Benzodiazepines,chembl,Ki,,,,CHEMBL1941,DRUGMATRIX: Histamine H2 radioligand binding (ligand: [125I] Aminopotentidine)
cid:2802,2802,Clonazepam,Benzodiazepines,chembl,Ki,,,,CHEMBL402,DRUGMATRIX: HMG-CoA Reductase enzyme inhibition (substrate: [14C]HMG-CoA)
cid:2802,2802,Clonazepam,Benzodiazepines,chembl,Ki,,,,CHEMBL612545,"DRUGMATRIX: Imidazoline I2, Central radioligand binding (ligand: [3H] Idazoxan)"
cid:2802,2802,Clonazepam,Benzodiazepines,chembl,Ki,,,,CHEMBL5486,DRUGMATRIX: Insulin radioligand binding (ligand: [125I] Insulin)
cid:2802,2802,Clonazepam,Benzodiazepines,chembl,Ki,,,,CHEMBL612545,DRUGMATRIX: Interleukin IL-1 radioligand binding (ligand: [125I] interleukin 1beta)
cid:2802,2802,Clonazepam,Benzodiazepines,chembl,Ki,,,,CHEMBL612545,"DRUGMATRIX: Leukotriene, BLT (LTB4) radioligand binding (ligand: [3H]LTB4)"
cid:2802,2802,Clonazepam,Benzodiazepines,chembl,Ki,,,,CHEMBL1909043,DRUGMATRIX: Leukotriene LTC4 Synthase enzyme inhibition (substrate: LTA4)
cid:2802,2802,Clonazepam,Benzodiazepines,chembl,Ki,,,,CHEMBL1798,DRUGMATRIX: Cysteinyl leukotriene receptor 1 radioligand binding (ligand: [3H]LTD4)
cid:2802,2802,Clonazepam,Benzodiazepines,chembl,Ki,,,,CHEMBL4358,DRUGMATRIX: Lipoxygenase 15-LO enzyme inhibition (substrate: Linoleic acid)
cid:2802,2802,Clonazepam,Benzodiazepines,chembl,Ki,,,,CHEMBL4644,DRUGMATRIX: Melanocortin MC3 radioligand binding (ligand: [125I] NDP-alpha-MSH)
cid:2802,2802,Clonazepam,Benzodiazepines,chembl,Ki,,,,CHEMBL259,DRUGMATRIX: Melanocortin MC4 radioligand binding (ligand: [125I] NDP-alpha-MSH)
cid:2802,2802,Clonazepam,Benzodiazepines,chembl,Ki,,,,CHEMBL4608,DRUGMATRIX: Melanocortin MC5 radioligand binding (ligand: [125I] NDP-alpha-MSH)
cid:2802,2802,Clonazepam,Benzodiazepines,chembl,Ki,,,,CHEMBL1951,DRUGMATRIX: Monoamine Oxidase MAO-A enzyme inhibition (substrate: Kynuramine)
cid:2802,2802,Clonazepam,Benzodiazepines,chembl,Ki,,,,CHEMBL216,DRUGMATRIX: Muscarinic M1 radioligand binding (ligand: [3H] N-Methylscopolamine)
cid:2802,2802,Clonazepam,Benzodiazepines,chembl,EC50,240000.0,nM,=,CHEMBL612545,Inhibition of F1F0-ATPase hydrolysis activity in bovine submitochondrial particles
cid:2802,2802,Clonazepam,Benzodiazepines,chembl,EC50,120000.0,nM,=,CHEMBL612545,Inhibition of F1F0-ATPase synthesis activity in bovine submitochondrial particles
cid:2803,2803,Clonidine,"Imidazoline, Arylaminoimidazoline",chembl,IC50,17.3,nM,=,CHEMBL2093864,Compound was tested for its ability to inhibit specific binding of [3H]-clonidine to alpha-2-adrenoceptor.
cid:2803,2803,Clonidine,"Imidazoline, Arylaminoimidazoline",chembl,IC50,1200.0,nM,=,CHEMBL1907610,Binding affinity against alpha-1 adrenergic receptor is the ability to inhibit the specific [3H]prazosin binding (0.4 nM
cid:2803,2803,Clonidine,"Imidazoline, Arylaminoimidazoline",chembl,IC50,3.1,nM,=,CHEMBL2093864,50% inhibition of specific [3H]clonidine binding (0.4 nM) to Alpha-2 adrenergic receptors in rat isolated brain membrane
cid:2803,2803,Clonidine,"Imidazoline, Arylaminoimidazoline",chembl,IC50,21.0,nM,=,CHEMBL2095158,Inhibition of [3H]p-aminoclonidine (PAC) binding to alpha-2 adrenergic receptor of purified human platelet plasma membra
cid:2803,2803,Clonidine,"Imidazoline, Arylaminoimidazoline",chembl,IC50,,nM,,CHEMBL3199,Inhibitory activity against acetylcholinesterase in rat striatal preparation
cid:2803,2803,Clonidine,"Imidazoline, Arylaminoimidazoline",chembl,IC50,,nM,,CHEMBL1907609,Inhibition of [3H]quinuclidinyl benzilate (QNB) binding from rat forebrain membranes in the absence of Zn; Not tested
cid:2803,2803,Clonidine,"Imidazoline, Arylaminoimidazoline",chembl,IC50,,nM,,CHEMBL1907609,Inhibition of [3H]quinuclidinyl benzilate (QNB) binding from rat forebrain membranes in the presence of Zn; Not tested
cid:2803,2803,Clonidine,"Imidazoline, Arylaminoimidazoline",chembl,IC50,2.0,nM,=,CHEMBL4744,Concentration necessary to achieve half maximal inhibition of [3H]clonidine binding to Alpha-2 adrenergic receptor at 1 
cid:2803,2803,Clonidine,"Imidazoline, Arylaminoimidazoline",chembl,IC50,22600.0,nM,=,CHEMBL5685,Inhibition of 4-(4-(dimethylamino)styryl)-N-methylpyridinium uptake at human OCT1 expressed in HEK293 cells by confocal 
cid:2803,2803,Clonidine,"Imidazoline, Arylaminoimidazoline",chembl,IC50,366.2,nM,=,CHEMBL5221,Displacement of [3H]clonidine from imidazoline I1 receptor in Sprague-Dawley rat kidney by liquid scintillation counting
cid:2803,2803,Clonidine,"Imidazoline, Arylaminoimidazoline",chembl,IC50,366.2,nM,=,CHEMBL5221,Inhibition of Sprague-Dawley rat imidazoline I1 receptor
cid:2803,2803,Clonidine,"Imidazoline, Arylaminoimidazoline",chembl,IC50,,,,CHEMBL220,DRUGMATRIX: Acetylcholinesterase enzyme inhibition (substrate: acetylthiocholine)
cid:2803,2803,Clonidine,"Imidazoline, Arylaminoimidazoline",chembl,IC50,,,,CHEMBL226,DRUGMATRIX: Adenosine A1 radioligand binding (ligand: DPCPX)
cid:2803,2803,Clonidine,"Imidazoline, Arylaminoimidazoline",chembl,IC50,,,,CHEMBL251,DRUGMATRIX: Adenosine A2A radioligand binding (ligand: AB-MECA)
cid:2803,2803,Clonidine,"Imidazoline, Arylaminoimidazoline",chembl,IC50,,,,CHEMBL256,DRUGMATRIX: Adenosine A3 radioligand binding (ligand: AB-MECA)
cid:2803,2803,Clonidine,"Imidazoline, Arylaminoimidazoline",chembl,IC50,,,,CHEMBL612545,DRUGMATRIX: Sodium/nucleoside co-transporter radioligand binding (ligand: nitrobenzylthioinosine)
cid:2803,2803,Clonidine,"Imidazoline, Arylaminoimidazoline",chembl,IC50,372.0,nM,=,CHEMBL319,DRUGMATRIX: Alpha-1A adrenergic receptor radioligand binding (ligand: prazosin)
cid:2803,2803,Clonidine,"Imidazoline, Arylaminoimidazoline",chembl,IC50,1848.0,nM,=,CHEMBL315,DRUGMATRIX: Alpha-1B adrenergic receptor radioligand binding (ligand: prazosin)
cid:2803,2803,Clonidine,"Imidazoline, Arylaminoimidazoline",chembl,IC50,1210.0,nM,=,CHEMBL223,DRUGMATRIX: Alpha-1D adrenergic receptor radioligand binding (ligand: prazosin)
cid:2803,2803,Clonidine,"Imidazoline, Arylaminoimidazoline",chembl,IC50,280.0,nM,=,CHEMBL1867,DRUGMATRIX: Alpha-2A adrenergic receptor radioligand binding (ligand: MK-912)
cid:2803,2803,Clonidine,"Imidazoline, Arylaminoimidazoline",chembl,Ki,510.0,nM,=,CHEMBL2094251,Compound was tested for binding affinity based on dissociation constant of Alpha-1 adrenergic receptor
cid:2803,2803,Clonidine,"Imidazoline, Arylaminoimidazoline",chembl,Ki,3.8,nM,=,CHEMBL1867,Compound was tested in vitro for binding affinity against Alpha-2A adrenergic receptor from cloned human C-10 receptor t
cid:2803,2803,Clonidine,"Imidazoline, Arylaminoimidazoline",chembl,Ki,8.3,nM,=,CHEMBL266,Compound was tested in vitro for binding affinity against Alpha-2B adrenergic receptor from cloned rat RNG receptor tran
cid:2803,2803,Clonidine,"Imidazoline, Arylaminoimidazoline",chembl,Ki,30.0,nM,=,CHEMBL1916,Compound was tested in vitro for binding affinity against Alpha-2C adrenergic receptor from cloned human C-2 receptor tr
cid:2803,2803,Clonidine,"Imidazoline, Arylaminoimidazoline",chembl,Ki,520.0,nM,=,CHEMBL1907610,Binding affinity for alpha-1 adrenergic receptor in rat liver using [3H]prazosin.
cid:2803,2803,Clonidine,"Imidazoline, Arylaminoimidazoline",chembl,Ki,30.0,nM,=,CHEMBL2093864,Binding affinity for alpha-2 adrenergic receptor in rat cortex using [3H]rauwolscine.
cid:2803,2803,Clonidine,"Imidazoline, Arylaminoimidazoline",chembl,Ki,0.39,nM,=,CHEMBL327,Binding affinity towards alpha-2D adrenergic receptor
cid:2803,2803,Clonidine,"Imidazoline, Arylaminoimidazoline",chembl,Ki,853.0,nM,=,CHEMBL1867,Binding affinity towards Alpha-2A adrenergic receptor
cid:2803,2803,Clonidine,"Imidazoline, Arylaminoimidazoline",chembl,Ki,160.0,nM,=,CHEMBL1916,Binding affinity towards alpha-2C adrenergic receptor
cid:2803,2803,Clonidine,"Imidazoline, Arylaminoimidazoline",chembl,Ki,116.0,nM,=,CHEMBL1907610,Tested for Binding affinity towards alpha-1 adrenergic receptor
cid:2803,2803,Clonidine,"Imidazoline, Arylaminoimidazoline",chembl,Ki,10.0,nM,<,CHEMBL3923,Binding affinity for imidazoline receptor I-1
cid:2803,2803,Clonidine,"Imidazoline, Arylaminoimidazoline",chembl,Ki,100.0,nM,>,CHEMBL2095205,Binding affinity for imidazoline receptor I-2
cid:2803,2803,Clonidine,"Imidazoline, Arylaminoimidazoline",chembl,Ki,5.7,nM,=,CHEMBL2093864,Displacement of [3H]clonidine from Alpha-2 adrenergic receptor of rat brain membranes
cid:2803,2803,Clonidine,"Imidazoline, Arylaminoimidazoline",chembl,Ki,4000.0,nM,>,CHEMBL2093868,In vitro binding affinity to Dopamine receptors of rat striatal membranes by [3H]spiroperidol displacement.
cid:2803,2803,Clonidine,"Imidazoline, Arylaminoimidazoline",chembl,Ki,310.0,nM,=,CHEMBL1907610,In vitro binding affinity was measured as the inhibition of [3H]WB-4101 binding to alpha-1 adrenergic receptor of rat co
cid:2803,2803,Clonidine,"Imidazoline, Arylaminoimidazoline",chembl,Ki,1.5,nM,=,CHEMBL2093864,In vitro binding affinity was measured as the inhibition of [3H]clonidine binding to alpha-2 adrenergic receptor of rat 
cid:2803,2803,Clonidine,"Imidazoline, Arylaminoimidazoline",chembl,Ki,510.0,nM,=,CHEMBL2094251,Binding affinity for human brain Alpha-1 adrenergic receptor
cid:2803,2803,Clonidine,"Imidazoline, Arylaminoimidazoline",chembl,Ki,3.8,nM,=,CHEMBL1867,Binding affinity for human Alpha-2A adrenergic receptor
cid:2803,2803,Clonidine,"Imidazoline, Arylaminoimidazoline",chembl,Ki,8.3,nM,=,CHEMBL266,Binding affinity for rat Alpha-2B adrenergic receptor
cid:2803,2803,Clonidine,"Imidazoline, Arylaminoimidazoline",chembl,Ki,30.0,nM,=,CHEMBL1916,Binding affinity for human Alpha-2C adrenergic receptor
cid:2803,2803,Clonidine,"Imidazoline, Arylaminoimidazoline",chembl,Kd,257.04,nM,=,CHEMBL319,The compound was tested for alpha-adrenergic activity against Alpha-1 adrenergic receptor from rat aorta.
cid:2803,2803,Clonidine,"Imidazoline, Arylaminoimidazoline",chembl,Kd,39810.72,nM,=,CHEMBL5471,The compound was tested for beta-adrenergic activity against Beta-1 adrenergic receptor from guinea pig right atria
cid:2803,2803,Clonidine,"Imidazoline, Arylaminoimidazoline",chembl,Kd,63095.73,nM,=,CHEMBL5471,The compound was tested for beta-adrenergic activity against Beta-1 adrenergic receptor from guinea pig left atria
cid:2803,2803,Clonidine,"Imidazoline, Arylaminoimidazoline",chembl,Kd,,,,CHEMBL4822,Binding affinity to BACE1 (unknown origin) by SPR method
cid:446220,446220,Cocaine,Substituted_tropanes,chembl,IC50,89.0,nM,=,CHEMBL338,Ability to inhibit binding of [3H]WIN-35428 to dopamine transporter in rat caudate putamen
cid:446220,446220,Cocaine,Substituted_tropanes,chembl,IC50,208.0,nM,=,CHEMBL376,Ability to inhibit high-affinity uptake of [3H]DA into striatal nerve endings (synaptosomes)
cid:446220,446220,Cocaine,Substituted_tropanes,chembl,IC50,580.0,nM,=,CHEMBL338,Compound was evaluated for its ability to displace [3H]mazindol binding from rat striatal membranes
cid:446220,446220,Cocaine,Substituted_tropanes,chembl,IC50,570.0,nM,=,CHEMBL376,Compound was evaluated for its ability to inhibit high-affinity uptake of [3H]dopamine into striatal nerve endings of ra
cid:446220,446220,Cocaine,Substituted_tropanes,chembl,IC50,405.0,nM,=,CHEMBL238,Inhibitory activity against [3H]-Dopamine uptake from Dopamine transporter in rat caudate putamen tissue
cid:446220,446220,Cocaine,Substituted_tropanes,chembl,IC50,101.0,nM,=,CHEMBL338,Inhibition of [3H]cocaine binding to Cocaine receptor in rat striatal membranes
cid:446220,446220,Cocaine,Substituted_tropanes,chembl,IC50,209.0,nM,=,CHEMBL338,Inhibition [3H]DA uptake in rat striatal synaptosomes.
cid:446220,446220,Cocaine,Substituted_tropanes,chembl,IC50,221.0,nM,=,CHEMBL338,Compound was tested for binding affinity to dopamine reuptake sites in the tissue homogenates prepared from primate rat 
cid:446220,446220,Cocaine,Substituted_tropanes,chembl,IC50,207.0,nM,=,CHEMBL313,Compound was tested for binding affinity to Serotonin transporter sites in homogenates prepared from rat cortical membra
cid:446220,446220,Cocaine,Substituted_tropanes,chembl,IC50,297.0,nM,=,CHEMBL338,Functional cocaine antagonism was evaluated by inhibition of [3H]dopamine reuptake
cid:446220,446220,Cocaine,Substituted_tropanes,chembl,IC50,95.6,nM,=,CHEMBL5032,Inhibition of [3H]WIN-35428 binding to dopamine transporter (DAT) of cynomolgus monkey caudate-putamen
cid:446220,446220,Cocaine,Substituted_tropanes,chembl,IC50,270.0,nM,=,CHEMBL228,Inhibition of [3H]citalopram binding to serotonin transporter (SERT) of cynomolgus monkey caudate-putamen
cid:446220,446220,Cocaine,Substituted_tropanes,chembl,IC50,82.0,nM,=,CHEMBL338,Tested for radioligand [3H]cocaine displacement from dopamine transporter in rat forebrain
cid:446220,446220,Cocaine,Substituted_tropanes,chembl,IC50,179.0,nM,=,CHEMBL338,Tested for radioligand [3H]BTCP displacement from dopamine transporter in rat forebrain
cid:446220,446220,Cocaine,Substituted_tropanes,chembl,IC50,296.0,nM,=,CHEMBL338,Tested for inhibition of radioligand [3H]dopamine (DA) uptake in rat synaptosomes
cid:446220,446220,Cocaine,Substituted_tropanes,chembl,Ki,32.0,nM,=,CHEMBL238,Binding affinity towards dopamine transporter using [3H]WIN-35428 as radioligand from rat caudate putamen tissue (high a
cid:446220,446220,Cocaine,Substituted_tropanes,chembl,Ki,388.0,nM,=,CHEMBL238,Binding affinity towards dopamine transporter using [3H]WIN-35428 as radioligand from rat caudate putamen tissue (low af
cid:446220,446220,Cocaine,Substituted_tropanes,chembl,Ki,187.0,nM,=,CHEMBL338,Binding affinity against dopamine transporter was determined by the displacement of [3H]WIN-35428 radioligand in rat bra
cid:446220,446220,Cocaine,Substituted_tropanes,chembl,Ki,8830.0,nM,=,CHEMBL287,Binding affinity against Sigma receptor type 1 was determined by the displacement of [3H]pentazocine radioligand
cid:446220,446220,Cocaine,Substituted_tropanes,chembl,Ki,259.0,nM,=,CHEMBL338,Inhibition of high affinity uptake of [3H]-DA by dopamine transporter in nerve endings obtained from rat brain.
cid:446220,446220,Cocaine,Substituted_tropanes,chembl,Ki,155.0,nM,=,CHEMBL313,Inhibition of high affinity uptake of [3H]5-HT by serotonin transporter in nerve endings obtained from rat brain.
cid:446220,446220,Cocaine,Substituted_tropanes,chembl,Ki,108.0,nM,=,CHEMBL304,Inhibition of high affinity uptake of [3H]NE by norepinephrine transporter in nerve endings obtained from rat brain.
cid:446220,446220,Cocaine,Substituted_tropanes,chembl,Ki,231.0,nM,=,CHEMBL238,Binding Affinity to Dopamine transporter in caudate nuclei which was homogenized and incubated with [3H]mazindol. 
cid:446220,446220,Cocaine,Substituted_tropanes,chembl,Ki,274.0,nM,=,CHEMBL338,Inhibition of [3H]DA Uptake was measured by liquid scintillation spectrometry
cid:446220,446220,Cocaine,Substituted_tropanes,chembl,Ki,155.0,nM,=,CHEMBL313,Inhibition of [3H]5-HT Uptake in rat mid brain.
cid:446220,446220,Cocaine,Substituted_tropanes,chembl,Ki,108.0,nM,=,CHEMBL304,Inhibition of [3H]NE Uptake in rat parietal/occipital cortex
cid:446220,446220,Cocaine,Substituted_tropanes,chembl,Ki,230.0,nM,=,CHEMBL612545,In vitro Ki against [3H]mazindol binding.
cid:446220,446220,Cocaine,Substituted_tropanes,chembl,Ki,270.0,nM,=,CHEMBL338,Inhibition of [3H]DA uptake at Dopamine transporter in rat cortex.
cid:446220,446220,Cocaine,Substituted_tropanes,chembl,Ki,160.0,nM,=,CHEMBL313,Inhibition of [3H]5-HT uptake at Serotonin transporter in rat mid brain
cid:446220,446220,Cocaine,Substituted_tropanes,chembl,Ki,190.0,nM,=,CHEMBL304,Inhibition of [3H]NE uptake at Norepinephrine transporter in rat parietal/occipital cortex was determined
cid:446220,446220,Cocaine,Substituted_tropanes,chembl,EC50,,,,CHEMBL238,Enhancing of [125I]RTI-55 binding to recombinant human DAT expressed in HEK293 cell membranes preincubated for 10 mins f
cid:446220,446220,Cocaine,Substituted_tropanes,chembl,EC50,,,,CHEMBL238,Enhancing of [3H]mazindol binding to recombinant human DAT expressed in HEK293 cell membranes preincubated for 10 mins f
cid:446220,446220,Cocaine,Substituted_tropanes,chembl,EC50,,,,CHEMBL222,Enhancing of [125I]RTI-55 binding to recombinant human NET expressed in HEK293 cell membranes preincubated for 10 mins f
cid:446220,446220,Cocaine,Substituted_tropanes,chembl,EC50,,,,CHEMBL228,Enhancing of [125I]RTI-55 binding to recombinant human SERT expressed in HEK293 cell membranes preincubated for 10 mins 
cid:446220,446220,Cocaine,Substituted_tropanes,chembl,Kd,4.4,nM,=,CHEMBL612442,Dissociation Constant for human monoclonal antibody 2E2 with [3H]cocaine
cid:446220,446220,Cocaine,Substituted_tropanes,chembl,Kd,1750000.0,nM,=,CHEMBL612545,Binding constant towards Beta-cyclodextrin at pH 7.4 in unbuffered water at 25 C in a one-to-one complex
cid:5284371,5284371,Codeine,Substituted_morphinans,chembl,IC50,9300.0,nM,>,CHEMBL236,In vitro binding affinity against cloned human Opioid receptor delta 1 expressed in HEK 293S cells
cid:5284371,5284371,Codeine,Substituted_morphinans,chembl,IC50,15000.0,nM,=,CHEMBL237,In vitro binding affinity against cloned human Opioid receptor kappa 1 expressed in HEK 293S cells
cid:5284371,5284371,Codeine,Substituted_morphinans,chembl,IC50,105.0,nM,=,CHEMBL233,In vitro binding affinity against cloned human Opioid receptor mu 1 expressed in HEK 293S cells
cid:5284371,5284371,Codeine,Substituted_morphinans,chembl,IC50,10000.0,nM,=,CHEMBL2095192,Concentration required to inhibit [3H]naltrexone binding to Opioid receptors
cid:5284371,5284371,Codeine,Substituted_morphinans,chembl,IC50,301995.17,nM,=,CHEMBL240,Inhibitory concentration against potassium channel HERG
cid:5284371,5284371,Codeine,Substituted_morphinans,chembl,IC50,20910.0,nM,=,CHEMBL612545,Inhibition of UDP-glucuronosyltransferase in Sprague-Dawley rat hepatocytes assessed as morphine conversion to M3G incub
cid:5284371,5284371,Codeine,Substituted_morphinans,chembl,IC50,4320.0,nM,=,CHEMBL612545,Inhibition of UDP-glucuronosyltransferase in Sprague-Dawley rat liver microsomes assessed as morphine conversion to M3G 
cid:5284371,5284371,Codeine,Substituted_morphinans,chembl,IC50,235500.0,nM,=,CHEMBL5685,Inhibition of human OCT1 expressed in HEK293 cells assessed as reduction in ASP+ substrate uptake by microplate reader b
cid:5284371,5284371,Codeine,Substituted_morphinans,chembl,Ki,6300.0,nM,=,CHEMBL233,Displacement of [3H]naloxone from human mu poioid receptor expressed in HEK293 cells
cid:5284371,5284371,Codeine,Substituted_morphinans,chembl,Ki,25411.0,nM,=,CHEMBL237,Displacement of [3H]diprenorphine from recombinant kappa opioid receptor expressed in CHO cells
cid:5284371,5284371,Codeine,Substituted_morphinans,chembl,Ki,52207.0,nM,=,CHEMBL236,Displacement of [3H]diprenorphine from recombinant delta opioid receptor expressed in C6 cells
cid:5284371,5284371,Codeine,Substituted_morphinans,chembl,Ki,727.0,nM,=,CHEMBL233,Displacement of [3H]diprenorphine from recombinant mu opioid receptor expressed in C6 cells
cid:5284371,5284371,Codeine,Substituted_morphinans,chembl,Ki,6900.0,nM,=,CHEMBL612545,Inhibition of UDP-glucuronosyltransferase in Sprague-Dawley rat liver microsomes assessed as morphine conversion to M3G 
cid:5284371,5284371,Codeine,Substituted_morphinans,chembl,EC50,34700.0,nM,=,CHEMBL612545,Displacement of 3.0 nM [3H]etorphine from opioid receptor in rat cerebrum
cid:5284371,5284371,Codeine,Substituted_morphinans,chembl,EC50,6100.0,nM,=,CHEMBL233,Activation of human mu opioid receptor expressed in HEK293a cells co-expressing YFP-labelled alphai1 and CFP-labelled be
cid:5754,5754,Cortisol,,chembl,IC50,181970.09,nM,=,CHEMBL3072,Inhibitory concentration against recombinant rat androgen receptor expressed in Escherichia coli using [3H]methyltrienol
cid:5754,5754,Cortisol,,chembl,IC50,,,,CHEMBL319,DRUGMATRIX: Alpha-1A adrenergic receptor radioligand binding (ligand: prazosin)
cid:5754,5754,Cortisol,,chembl,IC50,,,,CHEMBL315,DRUGMATRIX: Alpha-1B adrenergic receptor radioligand binding (ligand: prazosin)
cid:5754,5754,Cortisol,,chembl,IC50,,,,CHEMBL223,DRUGMATRIX: Alpha-1D adrenergic receptor radioligand binding (ligand: prazosin)
cid:5754,5754,Cortisol,,chembl,IC50,,,,CHEMBL1867,DRUGMATRIX: Alpha-2A adrenergic receptor radioligand binding (ligand: MK-912)
cid:5754,5754,Cortisol,,chembl,IC50,,,,CHEMBL1942,DRUGMATRIX: Alpha-2B adrenergic receptor radioligand binding (ligand: Rauwolscine)
cid:5754,5754,Cortisol,,chembl,IC50,,,,CHEMBL1916,DRUGMATRIX: Adrenergic Alpha-2C radioligand binding (ligand: [3H] MK-912)
cid:5754,5754,Cortisol,,chembl,IC50,,,,CHEMBL213,DRUGMATRIX: Adrenergic beta1 radioligand binding (ligand: [125I] Cyanopindolol)
cid:5754,5754,Cortisol,,chembl,IC50,,,,CHEMBL210,DRUGMATRIX: Adrenergic beta2 radioligand binding (ligand: [3H] CGP-12177)
cid:5754,5754,Cortisol,,chembl,IC50,,,,CHEMBL246,DRUGMATRIX: Adrenergic beta3 radioligand binding (ligand: [125I] Cyanopindolol)
cid:5754,5754,Cortisol,,chembl,IC50,,,,CHEMBL222,DRUGMATRIX: Norepinephrine Transporter radioligand binding (ligand: [125I] RTI-55)
cid:5754,5754,Cortisol,,chembl,IC50,,,,CHEMBL2622,DRUGMATRIX: Aldose Reductase enzyme inhibition (substrate: DL-Glyceraldehyde)
cid:5754,5754,Cortisol,,chembl,IC50,,,,CHEMBL4607,DRUGMATRIX: Angiotensin AT2 radioligand binding (ligand: [125I] CGP-42112A)
cid:5754,5754,Cortisol,,chembl,IC50,,,,CHEMBL612545,"DRUGMATRIX: ATPase, Na+/K+ enzyme inhibition (substrate: ATP)"
cid:5754,5754,Cortisol,,chembl,IC50,,,,CHEMBL612545,DRUGMATRIX: Atrial Natriuretic Factor (ANF) radioligand binding (ligand: [125I] ANF (rat))
cid:5754,5754,Cortisol,,chembl,IC50,,,,CHEMBL612545,DRUGMATRIX: beta-Lactamase enzyme inhibition (substrate: Nitrocefin)
cid:5754,5754,Cortisol,,chembl,IC50,,,,CHEMBL3157,DRUGMATRIX: Bradykinin B2 radioligand binding (ligand: [3H] Bradykinin)
cid:5754,5754,Cortisol,,chembl,IC50,,,,CHEMBL1832,DRUGMATRIX: Calcitonin radioligand binding (ligand: [125I] Calcitonin (salmon))
cid:5754,5754,Cortisol,,chembl,IC50,,,,CHEMBL612545,"DRUGMATRIX: Calcium Channel Type L, Benzothiazepine radioligand binding (ligand: [3H] Diltiazem)"
cid:5754,5754,Cortisol,,chembl,IC50,,,,CHEMBL612545,"DRUGMATRIX: Calcium Channel Type L, Dihydropyridine radioligand binding (ligand: [3H] Nitrendipine)"
cid:5754,5754,Cortisol,,chembl,Ki,13.18,nM,=,CHEMBL2421,Binding affinity to human CBG receptor (corticosteroid-binding globulins)
cid:5754,5754,Cortisol,,chembl,Ki,,,,CHEMBL612545,DRUGMATRIX: Sodium/nucleoside co-transporter radioligand binding (ligand: nitrobenzylthioinosine)
cid:5754,5754,Cortisol,,chembl,Ki,,,,CHEMBL319,DRUGMATRIX: Alpha-1A adrenergic receptor radioligand binding (ligand: prazosin)
cid:5754,5754,Cortisol,,chembl,Ki,,,,CHEMBL315,DRUGMATRIX: Alpha-1B adrenergic receptor radioligand binding (ligand: prazosin)
cid:5754,5754,Cortisol,,chembl,Ki,,,,CHEMBL223,DRUGMATRIX: Alpha-1D adrenergic receptor radioligand binding (ligand: prazosin)
cid:5754,5754,Cortisol,,chembl,Ki,,,,CHEMBL1867,DRUGMATRIX: Alpha-2A adrenergic receptor radioligand binding (ligand: MK-912)
cid:5754,5754,Cortisol,,chembl,Ki,,,,CHEMBL1942,DRUGMATRIX: Alpha-2B adrenergic receptor radioligand binding (ligand: Rauwolscine)
cid:5754,5754,Cortisol,,chembl,Ki,,,,CHEMBL1916,DRUGMATRIX: Adrenergic Alpha-2C radioligand binding (ligand: [3H] MK-912)
cid:5754,5754,Cortisol,,chembl,Ki,,,,CHEMBL213,DRUGMATRIX: Adrenergic beta1 radioligand binding (ligand: [125I] Cyanopindolol)
cid:5754,5754,Cortisol,,chembl,Ki,,,,CHEMBL210,DRUGMATRIX: Adrenergic beta2 radioligand binding (ligand: [3H] CGP-12177)
cid:5754,5754,Cortisol,,chembl,Ki,,,,CHEMBL246,DRUGMATRIX: Adrenergic beta3 radioligand binding (ligand: [125I] Cyanopindolol)
cid:5754,5754,Cortisol,,chembl,Ki,,,,CHEMBL222,DRUGMATRIX: Norepinephrine Transporter radioligand binding (ligand: [125I] RTI-55)
cid:5754,5754,Cortisol,,chembl,Ki,,,,CHEMBL2622,DRUGMATRIX: Aldose Reductase enzyme inhibition (substrate: DL-Glyceraldehyde)
cid:5754,5754,Cortisol,,chembl,Ki,,,,CHEMBL4607,DRUGMATRIX: Angiotensin AT2 radioligand binding (ligand: [125I] CGP-42112A)
cid:5754,5754,Cortisol,,chembl,Ki,,,,CHEMBL612545,"DRUGMATRIX: ATPase, Na+/K+ enzyme inhibition (substrate: ATP)"
cid:5754,5754,Cortisol,,chembl,Ki,,,,CHEMBL612545,DRUGMATRIX: Atrial Natriuretic Factor (ANF) radioligand binding (ligand: [125I] ANF (rat))
cid:5754,5754,Cortisol,,chembl,Ki,,,,CHEMBL612545,DRUGMATRIX: beta-Lactamase enzyme inhibition (substrate: Nitrocefin)
cid:5754,5754,Cortisol,,chembl,Ki,,,,CHEMBL3157,DRUGMATRIX: Bradykinin B2 radioligand binding (ligand: [3H] Bradykinin)
cid:5754,5754,Cortisol,,chembl,Ki,,,,CHEMBL1832,DRUGMATRIX: Calcitonin radioligand binding (ligand: [125I] Calcitonin (salmon))
cid:5754,5754,Cortisol,,chembl,Ki,,,,CHEMBL612545,"DRUGMATRIX: Calcium Channel Type L, Benzothiazepine radioligand binding (ligand: [3H] Diltiazem)"
cid:5754,5754,Cortisol,,chembl,EC50,2511.89,nM,=,CHEMBL3368,Agonist activity at glucocorticoid receptor in rat INS-1 832/13 cells transfected with 3XGRE-promoter luciferase plasmid
cid:5754,5754,Cortisol,,chembl,EC50,100.0,nM,=,CHEMBL3368,Agonist activity at glucocorticoid receptor in rat INS-1 832/13 cells transfected with 3XGRE-promoter luciferase plasmid
cid:5754,5754,Cortisol,,chembl,EC50,41.6,nM,=,CHEMBL612545,Glucocorticoid Receptor Transactivation Potencies for Cortisol and 17-ester Derivatives: Glucocorticoid receptor (GR) ac
cid:5754,5754,Cortisol,,chembl,EC50,2.9,nM,=,CHEMBL1994,Mineralocorticoid Receptor Transactivation Potencies for Cortisol and 17-ester Derivatives: Mineralocorticoid receptor (
cid:5754,5754,Cortisol,,chembl,Kd,630.96,nM,=,CHEMBL3305,Displacement of [3H]5alpha dihydrotestosterone from human sex hormone binding globulin
cid:5754,5754,Cortisol,,chembl,Kd,43.0,nM,=,CHEMBL3144,"Displacement of 1 x 10'-8 M of [1,2,3-3H]-triamcinolone acetonide from glucocorticoid receptor in soluble fraction of mo"
cid:5754,5754,Cortisol,,chembl,Kd,0.5,nM,=,CHEMBL1994,Binding affinity to MR (unknown origin)
cid:5754,5754,Cortisol,,chembl,Kd,,,,CHEMBL4822,Binding affinity to BACE1 (unknown origin) by SPR method
cid:586,586,Creatine,Nootropic,chembl,IC50,20000.0,nM,>,CHEMBL4303835,Antiviral activity determined as inhibition of SARS-CoV-2 induced cytotoxicity of VERO-6 cells at 10 uM after 48 hours e
cid:586,586,Creatine,Nootropic,chembl,IC50,19952.62,nM,>,CHEMBL4303835,Antiviral activity determined as inhibition of SARS-CoV-2 induced cytotoxicity of VERO-6 cells at 10 uM after 48 hours e
cid:586,586,Creatine,Nootropic,chembl,Ki,3200000.0,nM,=,CHEMBL1914279,Inhibition of human PAT1-mediated L-[3H]proline uptake in human Caco2 cells after 10 mins by liquid scintillation counti
cid:586,586,Creatine,Nootropic,chembl,EC50,5000.0,nM,=,CHEMBL5209634,"Substrate uptake by the Sodium- and Chloride-Dependent Creatine Transporter 1 (CRTR, SLC6A8) as assessed by the fluoresc"
cid:6090,6090,DET,Substituted_tryptamines,chembl,IC50,100000.0,nM,>,CHEMBL613497,Antiviral activity against Hepatitis B virus infected in human HepG2(2.2.15) cells assessed as inhibition of viral DNA r
cid:6090,6090,DET,Substituted_tryptamines,chembl,Ki,133.0,nM,=,CHEMBL322,Evaluated for the binding constant at [125I]-DOI-labeled rat 5-hydroxytryptamine 2A receptor
cid:6090,6090,DET,Substituted_tryptamines,chembl,Ki,104.0,nM,=,CHEMBL324,Evaluated for the binding constant at [125I]-DOI-labeled rat 5-hydroxytryptamine 2C receptor
cid:6090,6090,DET,Substituted_tryptamines,chembl,Ki,47.0,nM,=,CHEMBL214,Evaluated for the binding constant at [3H]8-OH-DPAT-labeled human 5-hydroxytryptamine 1A receptor
cid:6090,6090,DET,Substituted_tryptamines,chembl,Ki,575.0,nM,=,CHEMBL3371,Displacement of [3H]LSD from human 5HT6 receptor expressed in HEK293 cells
cid:6090,6090,DET,Substituted_tryptamines,chembl,EC50,5370.0,nM,=,CHEMBL322,Evaluated for the effective concentration at [125I]-DOI-labeled rat 5-hydroxytryptamine 2A receptor
cid:6090,6090,DET,Substituted_tryptamines,chembl,EC50,680.0,nM,=,CHEMBL214,EC50 for inhibition of 50 uM forskolin-stimulated cAMP accumulation against 5-hydroxytryptamine 1A receptor
cid:6089,6089,DMT,Substituted_tryptamines,chembl,IC50,100000.0,nM,>,CHEMBL613497,Antiviral activity against Hepatitis B virus infected in human HepG2(2.2.15) cells assessed as inhibition of viral DNA r
cid:6089,6089,DMT,Substituted_tryptamines,chembl,IC50,20000.0,nM,>,CHEMBL4303835,Antiviral activity determined as inhibition of SARS-CoV-2 induced cytotoxicity of VERO-6 cells at 10 uM after 48 hours e
cid:6089,6089,DMT,Substituted_tryptamines,chembl,IC50,19952.62,nM,>,CHEMBL4303835,Antiviral activity determined as inhibition of SARS-CoV-2 induced cytotoxicity of VERO-6 cells at 10 uM after 48 hours e
cid:6089,6089,DMT,Substituted_tryptamines,chembl,IC50,500.0,nM,<,CHEMBL224,Displacement of [3H]-ketanserin from human 5-HT2A receptor incubated for 90 mins by microbeta2 microplate counter assay
cid:6089,6089,DMT,Substituted_tryptamines,chembl,Ki,100000.0,nM,>,CHEMBL1907607,In vitro inhibition of [3H]diazepam binding to benzodiazepine receptor in rat cerebral cortical membrane
cid:6089,6089,DMT,Substituted_tryptamines,chembl,Ki,259.0,nM,=,CHEMBL273,Compound was tested for the displacement of [3H]-8-OH- DPAT from rat brain 5-hydroxytryptamine 1A receptor
cid:6089,6089,DMT,Substituted_tryptamines,chembl,Ki,65.0,nM,=,CHEMBL224,Compound was tested for the displacement of [125I]DOI from clone human 5-hydroxytryptamine 2A receptor
cid:6089,6089,DMT,Substituted_tryptamines,chembl,Ki,101.0,nM,=,CHEMBL1833,Compound was tested for the displacement of [3H]5-HT from clone human 5-hydroxytryptamine 2B receptor
cid:6089,6089,DMT,Substituted_tryptamines,chembl,Ki,33.0,nM,=,CHEMBL225,Compound was tested for the displacement of [125I]DOI from cloned human 5-hydroxytryptamine 2C receptor
cid:6089,6089,DMT,Substituted_tryptamines,chembl,Ki,1636.0,nM,=,CHEMBL322,Displacement of [3H]MDL100907 from 5HT2A receptor in Sprague-Dawley rat brain by liquid scintillation spectroscopy
cid:6089,6089,DMT,Substituted_tryptamines,chembl,Ki,410.0,nM,=,CHEMBL214,Displacement of [3H]8-OH-DPAT from 5HT1A receptor by vacuum filtration
cid:6089,6089,DMT,Substituted_tryptamines,chembl,Ki,15000.0,nM,=,CHEMBL4153,Displacement of [3H](+)-pentazocine from sigma 1 receptor in guinea pig brain by scintillation analyzer
cid:6089,6089,DMT,Substituted_tryptamines,chembl,Ki,15400.0,nM,=,CHEMBL3602,Displacement of [3H]-(+)-pentazocine from sigma 1 receptor in rat liver homogenates
cid:6089,6089,DMT,Substituted_tryptamines,chembl,Ki,10000.0,nM,>,CHEMBL214,Binding affinity to 5HT1A receptor (unknown origin) assessed as inhibition constant by radioligand binding assay
cid:6089,6089,DMT,Substituted_tryptamines,chembl,Ki,185.91,nM,=,CHEMBL224,Binding affinity to 5-HT2A receptor (unknown origin) assessed as inhibition constant by radioligand binding assay
cid:6089,6089,DMT,Substituted_tryptamines,chembl,Ki,44.47,nM,=,CHEMBL1833,Binding affinity to 5-HT2B receptor (unknown origin) assessed as inhibition constant by radioligand binding assay
cid:6089,6089,DMT,Substituted_tryptamines,chembl,EC50,22.2,nM,=,CHEMBL224,Agonist activity at 5HT2A receptor (unknown origin) expressed in HEK293 cells by FLIPR calcium flux assay
cid:6089,6089,DMT,Substituted_tryptamines,chembl,EC50,22.2,nM,=,CHEMBL224,Agonist activity at 5-HT2A receptor (unknown origin) by calcium flux assay
cid:6089,6089,DMT,Substituted_tryptamines,chembl,EC50,22.2,nM,=,CHEMBL224,Agonist activity at 5-HT2A receptor (unknown origin) stably transfected in HEK293 cells assessed as increase in calcium 
cid:6089,6089,DMT,Substituted_tryptamines,chembl,Kd,1000.0,nM,=,CHEMBL376,The ability to inhibit the 5-HT-induced contraction of isolated rat fundus muscle was determined
cid:6089,6089,DMT,Substituted_tryptamines,chembl,Kd,1000.0,nM,=,CHEMBL323,The binding affinity to 5-hydroxytryptamine 2B receptor of rat fundus
cid:6089,6089,DMT,Substituted_tryptamines,chembl,Kd,1000.0,nM,=,CHEMBL2094123,Compound was evaluated for binding affinity towards 5-hydroxytryptamine receptor in isolated rat fundus preparation meas
cid:6089,6089,DMT,Substituted_tryptamines,chembl,Kd,1000.0,nM,=,CHEMBL2095159,Antagonist activity at 5-HT1 receptor in Sprague-Dawley rat assessed as inhibition of 5-HT-induced stomach fundus contra
cid:6089,6089,DMT,Substituted_tryptamines,chembl,Kd,1000.0,nM,=,CHEMBL2094123,Competitive antagonist activity at 5-HT serotonin receptor in Sprague-Dawley rat stomach fundus model assessed as inhibi
cid:62065,62065,DOB,Substituted_amphetamines,chembl,IC50,100000.0,nM,=,CHEMBL3358,Inhibitory concentration against monoamine oxidase A in rat brain mitochondrial suspension
cid:62065,62065,DOB,Substituted_amphetamines,chembl,Ki,2.2,nM,=,CHEMBL322,Binding affinity at cloned rat 5-hydroxytryptamine 2A receptor using [3H]DOB as radioligand
cid:62065,62065,DOB,Substituted_amphetamines,chembl,Ki,2.8,nM,=,CHEMBL324,Binding affinity at cloned rat 5-hydroxytryptamine 2C receptor using [3H]DOI as radioligand
cid:62065,62065,DOB,Substituted_amphetamines,chembl,Ki,2.6,nM,=,CHEMBL2093870,Compound was evaluated for its ability to displace 0.25 nM [125I](R)-DOI from binding sites in rat frontal cortex.
cid:62065,62065,DOB,Substituted_amphetamines,chembl,Ki,2.2,nM,=,CHEMBL322,In vitro binding to 5-hydroxytryptamine 2A receptor using [125 I]-DOI
cid:62065,62065,DOB,Substituted_amphetamines,chembl,Ki,2.8,nM,=,CHEMBL324,In vitro binding to 5-hydroxytryptamine 2C receptor using [125 I]-DOI
cid:62065,62065,DOB,Substituted_amphetamines,chembl,Ki,3340.0,nM,=,CHEMBL2095159,Evaluated for binding affinity towards rat cortical membranes at 5-hydroxytryptamine 1 receptor binding site by using [3
cid:62065,62065,DOB,Substituted_amphetamines,chembl,Ki,41.0,nM,=,CHEMBL2093870,Binding affinity to rat cortical membranes at 5-hydroxytryptamine 2 (5-HT2) receptor using [3H]KET as a radioligand
cid:62065,62065,DOB,Substituted_amphetamines,chembl,Ki,41.0,nM,=,CHEMBL224,The compound evaluated for its affinity against 5-hydroxytryptamine 2A receptor
cid:62065,62065,DOB,Substituted_amphetamines,chembl,Ki,70.0,nM,=,CHEMBL324,The compound evaluated for its affinity against 5-hydroxytryptamine 2C receptor
cid:62065,62065,DOB,Substituted_amphetamines,chembl,Ki,32.0,nM,=,CHEMBL322,Displacement of [3H]ketanserin from NIH3T3 cells stably expressing rat 5-hydroxytryptamine 2A receptor
cid:62065,62065,DOB,Substituted_amphetamines,chembl,Ki,64.0,nM,=,CHEMBL324,Displacement of [3H]mesulergine from A9 cells stably expressing rat 5-hydroxytryptamine 2C receptor
cid:62065,62065,DOB,Substituted_amphetamines,chembl,Ki,41.0,nM,=,CHEMBL2093870,Binding affinity against 5-hydroxytryptamine 2 receptor of rat frontal cortex using [3H]ketanserin radioligand
cid:62065,62065,DOB,Substituted_amphetamines,chembl,Ki,70.0,nM,=,CHEMBL324,Binding affinity towards 5-hydroxytryptamine 1C receptor from frontal cortical regions of male Sprague-Dawley rat homoge
cid:62065,62065,DOB,Substituted_amphetamines,chembl,Ki,41.0,nM,=,CHEMBL2093870,Binding affinity towards 5-hydroxytryptamine 2 receptor from frontal cortical regions of male Sprague-Dawley rat homogen
cid:62065,62065,DOB,Substituted_amphetamines,chembl,Ki,22.0,nM,=,CHEMBL322,Binding affinity towards rat cortical 5-hydroxytryptamine 2A receptor using [3H]ketanserin as radioligand
cid:62065,62065,DOB,Substituted_amphetamines,chembl,EC50,72.0,nM,=,CHEMBL322,Ability to stimulate phosphoinositide hydrolysis in NIH3T3 cells expressing the 5-hydroxytryptamine 2A receptor
cid:62065,62065,DOB,Substituted_amphetamines,chembl,EC50,72.0,nM,=,CHEMBL322,Tested for its ability to activate phospholipase C by quantification of IP3 at cloned rat 5-hydroxytryptamine 2A recepto
cid:62065,62065,DOB,Substituted_amphetamines,chembl,EC50,60.0,nM,=,CHEMBL322,Serotonin 5-HT2A receptor-mediated intracellular calcium [Ca2+] mobilization in rat A7r5 cells
cid:62065,62065,DOB,Substituted_amphetamines,chembl,EC50,22.0,nM,=,CHEMBL322,Agonist activity at rat 5HT2A receptor expressed in mouse NIH3T3 cells assessed as stimulation of inositol phosphate acc
cid:62065,62065,DOB,Substituted_amphetamines,chembl,Kd,44.67,nM,=,CHEMBL2094123,Binding affinity at rat 5-hydroxytryptamine receptor.
cid:62065,62065,DOB,Substituted_amphetamines,chembl,Kd,44.67,nM,=,CHEMBL2094123,Affinity against 5-hydroxytryptamine receptors in rat fundus model
cid:62065,62065,DOB,Substituted_amphetamines,chembl,Kd,44.67,nM,=,CHEMBL323,Affinity against 5-hydroxytryptamine 2B receptor in the isolated rat stomach fundus
cid:62065,62065,DOB,Substituted_amphetamines,chembl,Kd,44.67,nM,=,CHEMBL2094123,Competitive antagonist activity at 5-HT serotonin receptor in Sprague-Dawley rat stomach fundus model assessed as inhibi
cid:31703,31703,DOx,,chembl,IC50,900.0,nM,=,CHEMBL3471,"Inhibition of HIV-1 integrase, under 1 uM for the 3''-preprocessing"
cid:31703,31703,DOx,,chembl,IC50,2400.0,nM,=,CHEMBL3471,"Tested for inhibition of HIV-1 integrase, under 1 uM for the strand transfer"
cid:31703,31703,DOx,,chembl,IC50,1100.0,nM,=,CHEMBL333,Inhibitory concentration against Clostridium histolyticum Collagenase
cid:31703,31703,DOx,,chembl,IC50,,,,CHEMBL2111354,Inhibition of tubulin polymerization in porcine brain
cid:31703,31703,DOx,,chembl,IC50,1380.0,nM,=,CHEMBL612545,Binding affinity to DNA by DNA-methyl green bioassay
cid:31703,31703,DOx,,chembl,IC50,2670.0,nM,=,CHEMBL612545,Inhibition of human topoisomerase 2 at 5 uM
cid:31703,31703,DOx,,chembl,IC50,200000.0,nM,>,CHEMBL612545,Inhibition of wheat germ topoisomerase 1 assessed as conversion of supercoiled pBR322 DNA to relaxed form
cid:31703,31703,DOx,,chembl,IC50,200000.0,nM,>,CHEMBL5300,Inhibition calf thymus gland topoisomerase 1 assessed as conversion of supercoiled pBR322 DNA to relaxed form
cid:31703,31703,DOx,,chembl,IC50,200000.0,nM,>,CHEMBL2814,Inhibition topoisomerase 1 in mouse NIH/3T3 cells assessed as conversion of supercoiled pBR322 DNA to relaxed form
cid:31703,31703,DOx,,chembl,IC50,200000.0,nM,>,CHEMBL5265,Inhibition topoisomerase 1 in african green monkey Vero cells assessed as conversion of supercoiled pBR322 DNA to relaxe
cid:31703,31703,DOx,,chembl,IC50,200000.0,nM,>,CHEMBL1781,Inhibition topoisomerase 1 in human A549 cells assessed as conversion of supercoiled pBR322 DNA to relaxed form
cid:31703,31703,DOx,,chembl,IC50,200000.0,nM,>,CHEMBL1781,Inhibition topoisomerase 1 in human COLO201 cells assessed as conversion of supercoiled pBR322 DNA to relaxed form
cid:31703,31703,DOx,,chembl,IC50,200000.0,nM,>,CHEMBL1781,Inhibition topoisomerase 1 in human HeLa cells assessed as conversion of supercoiled pBR322 DNA to relaxed form
cid:31703,31703,DOx,,chembl,IC50,1000.0,nM,=,CHEMBL1806,Inhibition human placenta topoisomerase 2 assessed as conversion of supercoiled pBR322 DNA to relaxed form
cid:31703,31703,DOx,,chembl,IC50,1000.0,nM,=,CHEMBL1806,Inhibition human placenta topoisomerase 2 assessed as conversion of catenated kinetoplast DNA to minicircle monomer
cid:31703,31703,DOx,,chembl,IC50,25000.0,nM,=,CHEMBL6091,Inhibition of bovine pancreas RNase A assessed as undigested supercoiled pBR322 DNA concentration
cid:31703,31703,DOx,,chembl,IC50,200000.0,nM,>,CHEMBL5712,Inhibition of bovine pancreas DNase 1 assessed as undigested supercoiled pBR322 DNA concentration
cid:31703,31703,DOx,,chembl,IC50,200000.0,nM,>,CHEMBL5894,Inhibition of porcine spleen DNase 2 assessed as undigested supercoiled pBR322 DNA concentration
cid:31703,31703,DOx,,chembl,IC50,200000.0,nM,>,CHEMBL5733,Inhibition of T4 ligase from bacteriophage infected Escherichia coli assessed as ligation of supercoiled pBR322 DNA
cid:31703,31703,DOx,,chembl,IC50,24000.0,nM,=,CHEMBL612545,Inhibition of Arthrobacter luteus AluI assessed as undigested supercoiled pBR322 DNA concentration
cid:31703,31703,DOx,,chembl,Ki,2000000.0,M-1,=,CHEMBL345,Binding affinity to Calf thymus DNA type XV; value ranges from 2E6 - 4E6 M-1
cid:31703,31703,DOx,,chembl,Ki,10000.0,nM,>,CHEMBL2001,Displacement of [3H]PSB0413 from human platelet P2Y12 receptor
cid:31703,31703,DOx,,chembl,Ki,,,,CHEMBL220,DRUGMATRIX: Acetylcholinesterase enzyme inhibition (substrate: acetylthiocholine)
cid:31703,31703,DOx,,chembl,Ki,,,,CHEMBL226,DRUGMATRIX: Adenosine A1 radioligand binding (ligand: DPCPX)
cid:31703,31703,DOx,,chembl,Ki,,,,CHEMBL251,DRUGMATRIX: Adenosine A2A radioligand binding (ligand: AB-MECA)
cid:31703,31703,DOx,,chembl,Ki,,,,CHEMBL256,DRUGMATRIX: Adenosine A3 radioligand binding (ligand: AB-MECA)
cid:31703,31703,DOx,,chembl,Ki,,,,CHEMBL612545,DRUGMATRIX: Sodium/nucleoside co-transporter radioligand binding (ligand: nitrobenzylthioinosine)
cid:31703,31703,DOx,,chembl,Ki,,,,CHEMBL319,DRUGMATRIX: Alpha-1A adrenergic receptor radioligand binding (ligand: prazosin)
cid:31703,31703,DOx,,chembl,Ki,,,,CHEMBL315,DRUGMATRIX: Alpha-1B adrenergic receptor radioligand binding (ligand: prazosin)
cid:31703,31703,DOx,,chembl,Ki,,,,CHEMBL223,DRUGMATRIX: Alpha-1D adrenergic receptor radioligand binding (ligand: prazosin)
cid:31703,31703,DOx,,chembl,Ki,,,,CHEMBL1867,DRUGMATRIX: Alpha-2A adrenergic receptor radioligand binding (ligand: MK-912)
cid:31703,31703,DOx,,chembl,Ki,,,,CHEMBL1942,DRUGMATRIX: Alpha-2B adrenergic receptor radioligand binding (ligand: Rauwolscine)
cid:31703,31703,DOx,,chembl,Ki,,,,CHEMBL1916,DRUGMATRIX: Adrenergic Alpha-2C radioligand binding (ligand: [3H] MK-912)
cid:31703,31703,DOx,,chembl,Ki,,,,CHEMBL213,DRUGMATRIX: Adrenergic beta1 radioligand binding (ligand: [125I] Cyanopindolol)
cid:31703,31703,DOx,,chembl,Ki,,,,CHEMBL210,DRUGMATRIX: Adrenergic beta2 radioligand binding (ligand: [3H] CGP-12177)
cid:31703,31703,DOx,,chembl,Ki,,,,CHEMBL246,DRUGMATRIX: Adrenergic beta3 radioligand binding (ligand: [125I] Cyanopindolol)
cid:31703,31703,DOx,,chembl,Ki,,,,CHEMBL222,DRUGMATRIX: Norepinephrine Transporter radioligand binding (ligand: [125I] RTI-55)
cid:31703,31703,DOx,,chembl,Ki,,,,CHEMBL2622,DRUGMATRIX: Aldose Reductase enzyme inhibition (substrate: DL-Glyceraldehyde)
cid:31703,31703,DOx,,chembl,Ki,,,,CHEMBL4607,DRUGMATRIX: Angiotensin AT2 radioligand binding (ligand: [125I] CGP-42112A)
cid:31703,31703,DOx,,chembl,Ki,,,,CHEMBL612545,"DRUGMATRIX: ATPase, Na+/K+ enzyme inhibition (substrate: ATP)"
cid:31703,31703,DOx,,chembl,EC50,,nM,,CHEMBL2094255,Inhibition of topoisomerase II purified from HeLa cells
cid:31703,31703,DOx,,chembl,EC50,,nM,,CHEMBL345,Compound was evaluated for DNA intercalation potency using ethidium bromide displacement assay in calf thymus; Not deter
cid:31703,31703,DOx,,chembl,EC50,120.0,nM,=,CHEMBL2221345,Inhibition of HIF1 activation in human U251 cells stably transfected in pGL2-TK-HRE plasmid under hypoxic condition afte
cid:31703,31703,DOx,,chembl,EC50,1160.0,nM,=,CHEMBL612545,Binding affinity to Cy5-labelled-36 base pair double stranded DNA (unknown origin) measured under infrared laser light b
cid:31703,31703,DOx,,chembl,EC50,,,,CHEMBL4005,Inhibition of PI3Kalpha H1047R mutant (unknown origin) by HTRF assay
cid:31703,31703,DOx,,chembl,EC50,,,,CHEMBL2111367,Inhibition of recombinant full length PI3K p85alpha/p110alpha H1047R mutant (unknown origin) expressed in baculovirus in
cid:31703,31703,DOx,,chembl,Kd,,,,CHEMBL4693,Binding affinity to rabbit skeletal muscle SERCA1a preincubated for 5 mins followed by Mg-ATP addition measured over 6 m
cid:31703,31703,DOx,,chembl,Kd,11000000.0,nM,=,CHEMBL1824,Binding affinity to HER2 domain-4 (unknown origin) by SPR assay
cid:31703,31703,DOx,,chembl,Kd,1130.0,nM,=,CHEMBL612545,Binding affinity to Cy5-labelled-36 base pair double stranded DNA (unknown origin) measured under infrared laser light b
cid:31703,31703,DOx,,chembl,Kd,58.0,nM,=,CHEMBL612545,Binding affinity to pre-miR-21 (unknown origin) at A bulge assessed as dissociation constant by dicer assay
cid:31703,31703,DOx,,chembl,Kd,700.0,nM,=,CHEMBL612514,Binding affinity to calf thymus DNA assessed as dissociation constant at 10 uM by fluorescence spectroscopy analysis
cid:6091,6091,DPT,Substituted_tryptamines,chembl,IC50,100000.0,nM,>,CHEMBL613497,Antiviral activity against Hepatitis B virus infected in human HepG2(2.2.15) cells assessed as inhibition of viral DNA r
cid:5826,5826,Dextroamphetamine,Substituted_phenethylamines,chembl,IC50,200.0,nM,=,CHEMBL376,Inhibitory concentration against uptake of [3H]NE into chopped cerebral cortical tissue from rat brain
cid:5826,5826,Dextroamphetamine,Substituted_phenethylamines,chembl,IC50,4900.0,nM,=,CHEMBL338,Inhibition of dopamine transporter-mediated [3H]dopamine uptake in Wistar rat striatal synaptosomes by liquid scintillat
cid:5826,5826,Dextroamphetamine,Substituted_phenethylamines,chembl,IC50,16595.87,nM,=,CHEMBL228,Inhibition of [3H]5-HT uptake at human SERT expressed in HEK293 cells preincubated for 10 mins prior to substrate additi
cid:5826,5826,Dextroamphetamine,Substituted_phenethylamines,chembl,IC50,630.96,nM,=,CHEMBL222,Inhibition of [3H]norepinephrine uptake at human NET expressed in HEK293 cells preincubated for 10 mins prior to substra
cid:5826,5826,Dextroamphetamine,Substituted_phenethylamines,chembl,IC50,288.4,nM,=,CHEMBL238,Inhibition of [3H]dopamine uptake at human DAT expressed in HEK293 cells preincubated for 10 mins prior to substrate add
cid:5826,5826,Dextroamphetamine,Substituted_phenethylamines,chembl,Ki,422000.0,nM,=,CHEMBL2331,In vitro binding affinity of compound towards bovine adrenal phenylethanolamine N-methyl-transferase (PNMT)
cid:5826,5826,Dextroamphetamine,Substituted_phenethylamines,chembl,Ki,442000.0,nM,=,CHEMBL2331,Inhibitory activity against bovine adrenal norepinephrine N-methyl-transferase was determined
cid:5826,5826,Dextroamphetamine,Substituted_phenethylamines,chembl,Ki,300000.0,nM,=,CHEMBL2756,Inhibitory activity against Monoamine Oxidase B of Bovine liver in competitive inhibition assay at 25 degree C (pH=7.4)
cid:5826,5826,Dextroamphetamine,Substituted_phenethylamines,chembl,Ki,160000.0,nM,=,CHEMBL2993,Competitive inhibition of Rat liver Monoamine Oxidase B at 37 degree C (pH= 7.4)
cid:5826,5826,Dextroamphetamine,Substituted_phenethylamines,chembl,Ki,580000.0,nM,=,CHEMBL2993,Competitive inhibition of Rat liver Monoamine Oxidase B at 30 degree C (pH= 7.2)
cid:5826,5826,Dextroamphetamine,Substituted_phenethylamines,chembl,Ki,1381000.0,nM,=,CHEMBL2331,Inhibitory activity against Norepinephrine N-methyl-transferase of bovine adrenal glands
cid:5826,5826,Dextroamphetamine,Substituted_phenethylamines,chembl,Ki,422000.0,nM,=,CHEMBL2331,Inhibitory activity against Norepinephrine N-methyl-transferase of bovine adrenal glands
cid:5826,5826,Dextroamphetamine,Substituted_phenethylamines,chembl,Ki,300000.0,nM,=,CHEMBL1907608,Displacement of [3H]MK801 from NMDA receptor in rat brain neuronal membrane
cid:5826,5826,Dextroamphetamine,Substituted_phenethylamines,chembl,Ki,14400.0,nM,=,CHEMBL1951,Inhibition of human recombinant MAOA by spectrophotometrically
cid:5826,5826,Dextroamphetamine,Substituted_phenethylamines,chembl,Ki,12200.0,nM,=,CHEMBL3358,Inhibition of MAOA in rat brain mitochondrial suspension
cid:5826,5826,Dextroamphetamine,Substituted_phenethylamines,chembl,Ki,280000.0,nM,=,CHEMBL2039,Inhibition of human recombinant MAOB by spectrophotometrically
cid:5826,5826,Dextroamphetamine,Substituted_phenethylamines,chembl,Ki,100000.0,nM,>,CHEMBL2993,Inhibition of MAOB in rat brain mitochondrial suspension
cid:5826,5826,Dextroamphetamine,Substituted_phenethylamines,chembl,Ki,1000.0,nM,=,CHEMBL612545,Binding affinity to rat alpha adrenergic receptor
cid:5826,5826,Dextroamphetamine,Substituted_phenethylamines,chembl,Ki,5728.0,nM,=,CHEMBL228,Inhibition of [3H]5-HT uptake at human SERT expressed in HEK293 cells preincubated for 10 mins prior to substrate additi
cid:5826,5826,Dextroamphetamine,Substituted_phenethylamines,chembl,Ki,101.0,nM,=,CHEMBL222,Inhibition of [3H]norepinephrine uptake at human NET expressed in HEK293 cells preincubated for 10 mins prior to substra
cid:5826,5826,Dextroamphetamine,Substituted_phenethylamines,chembl,EC50,800.0,nM,=,CHEMBL376,Effective concentration was measured for the release of accumulated [3H]NE from chopped cortex of rat
cid:5826,5826,Dextroamphetamine,Substituted_phenethylamines,chembl,EC50,11000.0,nM,=,CHEMBL376,Effective concentration was measured for the release of accumulated [3H]dopamine from chopped striatum of rat
cid:5826,5826,Dextroamphetamine,Substituted_phenethylamines,chembl,EC50,935.0,nM,=,CHEMBL5857,Agonist activity at human trace amine associated receptor 1 expressed in RD-HGA16 CHO-K1 cells coexpressed with Galpha16
cid:5826,5826,Dextroamphetamine,Substituted_phenethylamines,chembl,EC50,600.0,nM,=,CHEMBL5857,"Activation of C-terminal HA epitope tagged human TAAR1 expressed in RD-HGA16 cells co-expressing Gq protein, Galpha16 by"
cid:5826,5826,Dextroamphetamine,Substituted_phenethylamines,chembl,EC50,1010.0,nM,=,CHEMBL1926495,Activation of rhesus monkey TAAR1 expressed in RD-HGA16 cells co-expressing Gq protein assessed as cAMP accumulation by 
cid:5826,5826,Dextroamphetamine,Substituted_phenethylamines,chembl,EC50,810.0,nM,=,CHEMBL3833,Activation of rat TAAR1 expressed in HEK293 cells assessed as accumulation of [3H]cAMP after 1 hr by liquid scintillatio
cid:5826,5826,Dextroamphetamine,Substituted_phenethylamines,chembl,EC50,440.0,nM,=,CHEMBL3833,Activation of rat TAAR1 expressed in HEK293 cells assessed as accumulation of [3H]cAMP after 1 hr by competitive binding
cid:5826,5826,Dextroamphetamine,Substituted_phenethylamines,chembl,EC50,1200.0,nM,=,CHEMBL3833,Activation of rat TAAR1 expressed in Syrian hamster AV12-664 cells assessed as accumulation of cAMP after 30 mins using 
cid:5826,5826,Dextroamphetamine,Substituted_phenethylamines,chembl,EC50,210.0,nM,=,CHEMBL4908,Activation of mouse TAAR1 expressed in human HEK293 cells assessed as accumulation of [3H]cAMP after 1 hr by liquid scin
cid:5826,5826,Dextroamphetamine,Substituted_phenethylamines,chembl,EC50,2.0,nM,=,CHEMBL4908,Activation of mouse TAAR1 expressed in human HEK293 cells assessed as accumulation of cAMP after 15 mins
cid:5826,5826,Dextroamphetamine,Substituted_phenethylamines,chembl,EC50,1120.0,nM,=,CHEMBL612545,Activation of chimeric rat-human expressed in human HEK293 cells assessed as accumulation of [3H]cAMP after 1 hr by liqu
cid:5826,5826,Dextroamphetamine,Substituted_phenethylamines,chembl,EC50,990.0,nM,=,CHEMBL5857,Activation of human TAAR1 expressed in Syrian hamster AV12-664 cells co-expressing GalphaS protein assessed as accumulat
cid:5826,5826,Dextroamphetamine,Substituted_phenethylamines,chembl,EC50,140.0,nM,=,CHEMBL5857,Activation of human TAAR1 expressed in human HEK293T cells assessed as cAMP accumulation after 10 mins by BRET assay
cid:5826,5826,Dextroamphetamine,Substituted_phenethylamines,chembl,EC50,7.1,nM,=,CHEMBL222,Inhibition of [3H]norepinephrine reuptake at human NET cloned in rat brain synaptosome by scintillation counting
cid:5826,5826,Dextroamphetamine,Substituted_phenethylamines,chembl,EC50,24.8,nM,=,CHEMBL238,Inhibition of [3H]dopamine reuptake at human DAT cloned in rat brain synaptosome by scintillation counting
cid:5826,5826,Dextroamphetamine,Substituted_phenethylamines,chembl,Kd,4466.84,nM,=,CHEMBL2094123,Affinity against 5-hydroxytryptamine receptors in rat fundus model
cid:5360696,5360696,Dextromethorphan,Substituted_morphinans,chembl,IC50,264000.0,nM,=,CHEMBL2475,Inhibition of MAMC O-dealkylation mediated by rat Cytochrome P450 2D1 expressed in Saccharomyces cerevisiae
cid:5360696,5360696,Dextromethorphan,Substituted_morphinans,chembl,IC50,5600.0,nM,=,CHEMBL2483,Inhibition of MAMC O-dealkylation mediated by rat Cytochrome P450 2D2 expressed in Saccharomyces cerevisiae
cid:5360696,5360696,Dextromethorphan,Substituted_morphinans,chembl,IC50,18600.0,nM,=,CHEMBL3057,Inhibition of MAMC O-dealkylation mediated by rat Cytochrome P450 2D3 expressed in Saccharomyces cerevisiae
cid:5360696,5360696,Dextromethorphan,Substituted_morphinans,chembl,IC50,136000.0,nM,=,CHEMBL4982,Inhibition of MAMC O-dealkylation mediated by rat Cytochrome P450 2D4 expressed in Saccharomyces cerevisiae
cid:5360696,5360696,Dextromethorphan,Substituted_morphinans,chembl,IC50,1800.0,nM,=,CHEMBL289,Inhibition of MAMC O-dealkylation mediated by human Cytochrome P450 2D6 expressed in human lymphoblastoid cell line
cid:5360696,5360696,Dextromethorphan,Substituted_morphinans,chembl,IC50,10000.0,nM,>,CHEMBL2095171,Inhibitory effect against veratridine-induced glutamate release from rat brain slices
cid:5360696,5360696,Dextromethorphan,Substituted_morphinans,chembl,IC50,1300.0,nM,=,CHEMBL2095171,Inhibition of [3H]batrachotoxin binding to rat brain sodium channel
cid:5360696,5360696,Dextromethorphan,Substituted_morphinans,chembl,IC50,100000.0,nM,>,CHEMBL2095171,Inhibition of [3H]saxitoxin binding to rat brain sodium channel
cid:5360696,5360696,Dextromethorphan,Substituted_morphinans,chembl,IC50,3400.0,nM,=,CHEMBL289,Inhibition of human CYP2D6 expressed in Escherichia coli JM109
cid:5360696,5360696,Dextromethorphan,Substituted_morphinans,chembl,IC50,15.2,nM,=,CHEMBL4153,Displacement of [3H]pentazocine from sigma1 receptor in guinea pig membrane in presence of phenytoin
cid:5360696,5360696,Dextromethorphan,Substituted_morphinans,chembl,IC50,232.0,nM,=,CHEMBL4153,Displacement of [3H]pentazocine from sigma1 receptor in guinea pig membrane
cid:5360696,5360696,Dextromethorphan,Substituted_morphinans,chembl,IC50,,,,CHEMBL220,DRUGMATRIX: Acetylcholinesterase enzyme inhibition (substrate: acetylthiocholine)
cid:5360696,5360696,Dextromethorphan,Substituted_morphinans,chembl,IC50,,,,CHEMBL226,DRUGMATRIX: Adenosine A1 radioligand binding (ligand: DPCPX)
cid:5360696,5360696,Dextromethorphan,Substituted_morphinans,chembl,IC50,,,,CHEMBL251,DRUGMATRIX: Adenosine A2A radioligand binding (ligand: AB-MECA)
cid:5360696,5360696,Dextromethorphan,Substituted_morphinans,chembl,IC50,,,,CHEMBL256,DRUGMATRIX: Adenosine A3 radioligand binding (ligand: AB-MECA)
cid:5360696,5360696,Dextromethorphan,Substituted_morphinans,chembl,Ki,348.0,nM,=,CHEMBL287,Inhibition of [3H](+)-pentazocine binding to Sigma receptor type 1
cid:5360696,5360696,Dextromethorphan,Substituted_morphinans,chembl,Ki,5070.0,nM,=,CHEMBL3602,Binding affinity was measured as selectivity for sigma-1 site over muscarinic (M1) receptor in rat
cid:5360696,5360696,Dextromethorphan,Substituted_morphinans,chembl,Ki,10000.0,nM,>,CHEMBL309,Binding affinity was measured against muscarinic (M2) receptor at 10 uM in rat using [3H]QN as radioligand
cid:5360696,5360696,Dextromethorphan,Substituted_morphinans,chembl,Ki,2246.0,nM,=,CHEMBL1907608,Binding affinity was measured against phencyclidine (PCP) receptor in rat using [3H]TCP as radioligand
cid:5360696,5360696,Dextromethorphan,Substituted_morphinans,chembl,Ki,1680.0,nM,=,CHEMBL2094124,The compound was tested for its ability to block PCP N-methyl-D-aspartate glutamate receptor at the PCP (phencyclidine) 
cid:5360696,5360696,Dextromethorphan,Substituted_morphinans,chembl,Ki,4800.0,nM l-1 hr-1,=,CHEMBL2095171,Displacement of [3H]BTX from sodium channel of rat cerebral cortex synaptosomes
cid:5360696,5360696,Dextromethorphan,Substituted_morphinans,chembl,Ki,4540.0,nM,=,CHEMBL1907608,Displacement of [3H]MK801 from NMDA receptor in rat brain neuronal membrane
cid:5360696,5360696,Dextromethorphan,Substituted_morphinans,chembl,Ki,,,,CHEMBL220,DRUGMATRIX: Acetylcholinesterase enzyme inhibition (substrate: acetylthiocholine)
cid:5360696,5360696,Dextromethorphan,Substituted_morphinans,chembl,Ki,,,,CHEMBL226,DRUGMATRIX: Adenosine A1 radioligand binding (ligand: DPCPX)
cid:5360696,5360696,Dextromethorphan,Substituted_morphinans,chembl,Ki,,,,CHEMBL251,DRUGMATRIX: Adenosine A2A radioligand binding (ligand: AB-MECA)
cid:5360696,5360696,Dextromethorphan,Substituted_morphinans,chembl,Ki,,,,CHEMBL256,DRUGMATRIX: Adenosine A3 radioligand binding (ligand: AB-MECA)
cid:5360696,5360696,Dextromethorphan,Substituted_morphinans,chembl,Ki,,,,CHEMBL612545,DRUGMATRIX: Sodium/nucleoside co-transporter radioligand binding (ligand: nitrobenzylthioinosine)
cid:5360696,5360696,Dextromethorphan,Substituted_morphinans,chembl,Ki,,,,CHEMBL319,DRUGMATRIX: Alpha-1A adrenergic receptor radioligand binding (ligand: prazosin)
cid:5360696,5360696,Dextromethorphan,Substituted_morphinans,chembl,Ki,,,,CHEMBL315,DRUGMATRIX: Alpha-1B adrenergic receptor radioligand binding (ligand: prazosin)
cid:5360696,5360696,Dextromethorphan,Substituted_morphinans,chembl,Ki,,,,CHEMBL223,DRUGMATRIX: Alpha-1D adrenergic receptor radioligand binding (ligand: prazosin)
cid:5360696,5360696,Dextromethorphan,Substituted_morphinans,chembl,EC50,31000.0,nM,=,CHEMBL4523253,Agonist activity at human TAS2R46 stably expressed in HEK293T/Galpha16-gustducin 44 cells assessed as effect on calcium 
cid:5360696,5360696,Dextromethorphan,Substituted_morphinans,chembl,EC50,5888.44,nM,=,CHEMBL5849,Agonist activity at N-terminal Flag-tagged human MRGPRX2 receptor expressed in tetracycline-induced FLP-IN/T-REX 293 cel
cid:5360696,5360696,Dextromethorphan,Substituted_morphinans,chembl,EC50,3235.94,nM,=,CHEMBL5849,Agonist activity at MRGPRX2 (unknown origin) expressed in HTLA cells assessed as induction of beta-arrestin 2 recruitmen
cid:10100,10100,Dextropropoxyphene,Phenylpropylamine,chembl,IC50,,,,CHEMBL368,Antimicrobial activity against Trypanosoma cruzi
cid:10100,10100,Dextropropoxyphene,Phenylpropylamine,chembl,IC50,,,,CHEMBL612348,Antimicrobial activity against Trypanosoma brucei rhodesiense
cid:10100,10100,Dextropropoxyphene,Phenylpropylamine,chembl,IC50,,,,CHEMBL612851,Antimicrobial activity against Trypanosoma brucei brucei
cid:10100,10100,Dextropropoxyphene,Phenylpropylamine,chembl,IC50,,,,CHEMBL612849,Antimicrobial activity against Trypanosoma brucei
cid:10100,10100,Dextropropoxyphene,Phenylpropylamine,chembl,IC50,,,,CHEMBL612884,Antimicrobial activity against Trichomonas vaginalis
cid:10100,10100,Dextropropoxyphene,Phenylpropylamine,chembl,IC50,,,,CHEMBL612888,Antimicrobial activity against Toxoplasma gondii
cid:10100,10100,Dextropropoxyphene,Phenylpropylamine,chembl,IC50,,,,CHEMBL613064,Antimicrobial activity against Pneumocystis carinii
cid:10100,10100,Dextropropoxyphene,Phenylpropylamine,chembl,IC50,,,,CHEMBL364,Antimicrobial activity against Plasmodium falciparum
cid:10100,10100,Dextropropoxyphene,Phenylpropylamine,chembl,IC50,,,,CHEMBL2366686,Antimicrobial activity against Leishmania
cid:10100,10100,Dextropropoxyphene,Phenylpropylamine,chembl,IC50,,,,CHEMBL612880,Antimicrobial activity against Leishmania mexicana
cid:10100,10100,Dextropropoxyphene,Phenylpropylamine,chembl,IC50,,,,CHEMBL612879,Antimicrobial activity against Leishmania major
cid:10100,10100,Dextropropoxyphene,Phenylpropylamine,chembl,IC50,,,,CHEMBL612848,Antimicrobial activity against Leishmania infantum
cid:10100,10100,Dextropropoxyphene,Phenylpropylamine,chembl,IC50,,,,CHEMBL367,Antimicrobial activity against Leishmania donovani
cid:10100,10100,Dextropropoxyphene,Phenylpropylamine,chembl,IC50,,,,CHEMBL612877,Antimicrobial activity against Leishmania amazonensis
cid:10100,10100,Dextropropoxyphene,Phenylpropylamine,chembl,IC50,,,,CHEMBL612853,Antimicrobial activity against Entamoeba histolytica
cid:3016,3016,Diazepam,Benzodiazepines,chembl,IC50,12.0,nM,=,CHEMBL1907607,In vitro binding affinity for GABA-A receptor in rat cortical or hippocampal membranes using [3H]flunitrazepam
cid:3016,3016,Diazepam,Benzodiazepines,chembl,IC50,6.0,nM,=,CHEMBL1907607,Effect on [3H]flunitrazepam binding to Benzodiazepine receptor
cid:3016,3016,Diazepam,Benzodiazepines,chembl,IC50,25.0,nM,=,CHEMBL2094107,Inhibition of [3H]flunitrazepam binding to benzodiazepine receptor in bovine brain membrane
cid:3016,3016,Diazepam,Benzodiazepines,chembl,IC50,123594743.34,nM,=,CHEMBL5742,Binding affinity of compound towards Benzodiazepine receptor in a competition assay
cid:3016,3016,Diazepam,Benzodiazepines,chembl,IC50,74000.0,nM,=,CHEMBL2093872,Displacement of [35S]TBPS from GABA-A receptor complex at low umolar concentration
cid:3016,3016,Diazepam,Benzodiazepines,chembl,IC50,12.0,nM,=,CHEMBL2094133,Displacement of [3H]flunitrazepam from GABA-A central benzodiazepine receptor of mouse brain
cid:3016,3016,Diazepam,Benzodiazepines,chembl,IC50,28.0,nM,=,CHEMBL1907607,Binding affinity against benzodiazepine site of gamma-aminobutyric-acid A receptor of rat cerebral cortex by using [3H]f
cid:3016,3016,Diazepam,Benzodiazepines,chembl,IC50,13.0,nM,=,CHEMBL1907607,Binding affinity against benzodiazepine site of gamma-aminobutyric-acid A receptor of rat cerebral cortex by using [3H]f
cid:3016,3016,Diazepam,Benzodiazepines,chembl,IC50,1000.0,nM,>,CHEMBL1907607,Inhibition of Diazepam-Insensitive fraction of GABA-A benzodiazepine receptors
cid:3016,3016,Diazepam,Benzodiazepines,chembl,IC50,123594743.34,nM,=,CHEMBL2093872,Binding affinity towards benzodiazepine/GABA A receptor.
cid:3016,3016,Diazepam,Benzodiazepines,chembl,IC50,6.0,nM,=,CHEMBL1907607,Inhibitory concentration against specific binding of [3H]diazepam to Benzodiazepine receptor in rat brain
cid:3016,3016,Diazepam,Benzodiazepines,chembl,IC50,5.4,nM,=,CHEMBL1907607,Binding affinity measured by [3H]diazepam binding assay in rat
cid:3016,3016,Diazepam,Benzodiazepines,chembl,IC50,20.0,nM,=,CHEMBL1907607,Displacement of [3H]flunitrazepam from GABA-A receptor of rat cerebellar tissue
cid:3016,3016,Diazepam,Benzodiazepines,chembl,IC50,20.0,nM,=,CHEMBL1907607,Displacement of [3H]flunitrazepam from GABA-A receptor of rat forebrain tissue
cid:3016,3016,Diazepam,Benzodiazepines,chembl,IC50,5.4,nM,=,CHEMBL1907607,Displacement of [3H]diazepam binding in rat brain membranes
cid:3016,3016,Diazepam,Benzodiazepines,chembl,Ki,5.02,nM,=,CHEMBL1907607,Displacing potential to [3H]diazepam binding to benzodiazepine receptor in Wistar rat cerebral cortex
cid:3016,3016,Diazepam,Benzodiazepines,chembl,Ki,14.0,nM,=,CHEMBL1907607,Displacement of [3H]flunitrazepam from GABA-A Benzodiazepine receptor of rat brain membranes
cid:3016,3016,Diazepam,Benzodiazepines,chembl,Ki,6.6,nM,=,CHEMBL1907607,Binding affinity for Diazepam-Sensitive fraction of GABA-A benzodiazepine receptors
cid:3016,3016,Diazepam,Benzodiazepines,chembl,Ki,16.0,nM,=,CHEMBL2095167,Binding affinity for rat GABA-A receptor alpha-1-beta-2-gamma-2 subunits expressed in HEK293 cells
cid:3016,3016,Diazepam,Benzodiazepines,chembl,Ki,17.0,nM,=,CHEMBL2111343,Binding affinity for rat GABA-A receptor alpha-3-beta-2-gamma-2 subunits expressed in HEK293 cells
cid:3016,3016,Diazepam,Benzodiazepines,chembl,Ki,10000.0,nM,>,CHEMBL612545,Binding affinity for rat GABA-A receptor alpha-4-beta-2-gamma-2 subunits expressed in HEK293 cells
cid:3016,3016,Diazepam,Benzodiazepines,chembl,Ki,15.0,nM,=,CHEMBL612545,Binding affinity for rat GABA-A receptor alpha-5--beta-2-gamma-2 subunits expressed in HEK293 cells
cid:3016,3016,Diazepam,Benzodiazepines,chembl,Ki,10000.0,nM,>,CHEMBL2111365,Binding affinity for rat GABA-A receptor alpha-6-beta-2-gamma-2 subunits expressed in HEK293 cells
cid:3016,3016,Diazepam,Benzodiazepines,chembl,Ki,10000.0,nM,>,CHEMBL2095167,Binding affinity for mutant rat GABA-A receptor alpha-1-(arg)-beta-2-gamma-2 subunits expressed in HEK293 cells
cid:3016,3016,Diazepam,Benzodiazepines,chembl,Ki,23.0,nM,=,CHEMBL612545,Binding affinity for mutant rat GABA-A receptor alpha-4-(his)-beta-2-gamma-2 subunits expressed in HEK293 cells
cid:3016,3016,Diazepam,Benzodiazepines,chembl,Ki,98.0,nM,=,CHEMBL2111365,Binding affinity for mutant rat GABA-A receptor alpha-6-(his)-beta-2-gamma-2 subunits expressed in HEK293 cells
cid:3016,3016,Diazepam,Benzodiazepines,chembl,Ki,20.0,nM,=,CHEMBL2111365,"Binding affinity for mutant rat GABA-A receptor alpha-6-(his,thr)beta2gamma2 subunits expressed in HEK293 cells"
cid:3016,3016,Diazepam,Benzodiazepines,chembl,Ki,9.0,nM,=,CHEMBL2111365,"Binding affinity for mutant rat GABA-A receptor alpha-6-(his,thr,gly)beta2gamma2 subunits expressed in HEK293 cells"
cid:3016,3016,Diazepam,Benzodiazepines,chembl,Ki,2.1,nM,=,CHEMBL2111365,"Binding affinity for mutant rat GABA-A receptor alpha-6-(his,thr,gly,val)beta2gamma2 subunits expressed in HEK293 cells"
cid:3016,3016,Diazepam,Benzodiazepines,chembl,Ki,20.0,nM,=,CHEMBL612545,"Binding affinity to rat chimeric GABA-A receptor C6, alpha1-alpha6 chimeric subunit co-expressed with beta-2 gamma2 subu"
cid:3016,3016,Diazepam,Benzodiazepines,chembl,EC50,80000.0,nM,>,CHEMBL614629,Lymphotoxic activity against immortalized Ramos B cells in culture
cid:3016,3016,Diazepam,Benzodiazepines,chembl,EC50,,nM,,CHEMBL214,Compound was tested for the inhibition of forskolin-stimulated adenylate cyclase at 5-hydroxytryptamine 1A receptor in g
cid:3016,3016,Diazepam,Benzodiazepines,chembl,EC50,,nM,,CHEMBL2304407,Compound was tested for the inhibition of forskolin-stimulated adenylate cyclase at 5-hydroxytryptamine 1D receptor in g
cid:3016,3016,Diazepam,Benzodiazepines,chembl,EC50,300000.0,nM,>,CHEMBL612545,Inhibition of F1F0-ATPase hydrolysis activity in bovine submitochondrial particles
cid:3016,3016,Diazepam,Benzodiazepines,chembl,EC50,210000.0,nM,=,CHEMBL612545,Inhibition of F1F0-ATPase synthesis activity in bovine submitochondrial particles
cid:3016,3016,Diazepam,Benzodiazepines,chembl,EC50,170000.0,nM,=,CHEMBL614629,Induction of reactive oxygen species response in Ramos cells after 1 hr
cid:3016,3016,Diazepam,Benzodiazepines,chembl,EC50,200000.0,nM,=,CHEMBL397,Induction of reactive oxygen species response in Jurkat cells after 1 hr
cid:3016,3016,Diazepam,Benzodiazepines,chembl,EC50,250000.0,nM,=,CHEMBL614629,Induction of cell death in Ramos cells after 24 hrs
cid:3016,3016,Diazepam,Benzodiazepines,chembl,EC50,170000.0,nM,=,CHEMBL397,Induction of cell death in Jurkat cells after 24 hrs
cid:3016,3016,Diazepam,Benzodiazepines,chembl,EC50,700.0,nM,=,CHEMBL612545,Displacement of [3H]flunitrazepam from benzodiazepine receptor in rat brain cortex by scintillation counting
cid:3016,3016,Diazepam,Benzodiazepines,chembl,EC50,35.0,nM,=,CHEMBL2094130,Binding affinity to human alpha2beta3gamma2 GABA receptor expressed in Xenopus laevis oocytes
cid:3016,3016,Diazepam,Benzodiazepines,chembl,EC50,85.0,nM,=,CHEMBL2095172,Binding affinity to human alpha1beta2gamma2 GABA receptor expressed in Xenopus laevis oocytes
cid:3016,3016,Diazepam,Benzodiazepines,chembl,EC50,45.0,nM,=,CHEMBL2094122,Binding affinity to human alpha5beta3gamma2 GABA receptor expressed in Xenopus laevis oocytes
cid:3016,3016,Diazepam,Benzodiazepines,chembl,EC50,131.0,nM,=,CHEMBL2094120,Binding affinity to human alpha3beta3gamma2 GABA receptor expressed in Xenopus laevis oocytes
cid:3016,3016,Diazepam,Benzodiazepines,chembl,EC50,69000.0,nM,=,CHEMBL613606,Vasorelaxant activity in Wistar rat endothelium-intact thoracic aortic rings assessed as inhibition of phenylephrine-ind
cid:3016,3016,Diazepam,Benzodiazepines,chembl,Kd,213.0,nM,=,CHEMBL4552,Binding affinity constant for peripheral (mitochondrial) Benzodiazepine receptor
cid:3016,3016,Diazepam,Benzodiazepines,chembl,Kd,5600.0,nM,=,CHEMBL612545,In vitro binding to GABA-A benzodiazepine receptor of rat cerebral cortical membranes
cid:3016,3016,Diazepam,Benzodiazepines,chembl,Kd,24547.09,nM,=,CHEMBL3253,Binding affinity to human serum albumin by PAMPA method
cid:3016,3016,Diazepam,Benzodiazepines,chembl,Kd,36.0,nM,=,CHEMBL1962,Binding affinity to GABAA alpha-1-beta-2-gamma-2 receptor
cid:3016,3016,Diazepam,Benzodiazepines,chembl,Kd,23.0,nM,=,CHEMBL5112,Binding affinity to GABAA alpha-5-beta-2-gamma-2 receptor
cid:3016,3016,Diazepam,Benzodiazepines,chembl,Kd,1.75,nM,=,CHEMBL612545,Displacement of [3H]flumazenil from GABAA/BZD receptor in Sprague-Dawley rat cortical membrane after 35 mins by competit
cid:3016,3016,Diazepam,Benzodiazepines,chembl,Kd,3240.0,nM,=,CHEMBL612558,Binding affinity to Wistar rat brain lipid by TRANSIL assay
cid:3016,3016,Diazepam,Benzodiazepines,chembl,Kd,15100.0,nM,=,CHEMBL4817,Binding affinity to Wistar rat serum albumin
cid:3100,3100,Diphenhydramine,Ethanolamine,chembl,IC50,6000.0,nM,=,CHEMBL2096682,Inhibition of binding of Batrachotoxinin [3H]BTX-B to high affinity sites on voltage dependent sodium channels in a vesi
cid:3100,3100,Diphenhydramine,Ethanolamine,chembl,IC50,1.0,nM,=,CHEMBL3943,Antihistaminic activity against Histamine H1 receptor was measured on isolated terminal part of guinea pig ileum
cid:3100,3100,Diphenhydramine,Ethanolamine,chembl,IC50,0.001,ug.mL-1,=,CHEMBL3943,Antihistaminic activity against Histamine H1 receptor was measured on isolated terminal part of guinea pig ileum
cid:3100,3100,Diphenhydramine,Ethanolamine,chembl,IC50,26915.35,nM,=,CHEMBL240,Inhibition of human Potassium channel HERG expressed in mammalian cells
cid:3100,3100,Diphenhydramine,Ethanolamine,chembl,IC50,26915.35,nM,=,CHEMBL240,Inhibitory concentration against potassium channel HERG
cid:3100,3100,Diphenhydramine,Ethanolamine,chembl,IC50,26915.35,nM,=,CHEMBL240,Inhibition of human ERG expressed in CHO cells by whole cell patch clamp technique
cid:3100,3100,Diphenhydramine,Ethanolamine,chembl,IC50,2570.4,nM,=,CHEMBL240,Inhibition of human ERG
cid:3100,3100,Diphenhydramine,Ethanolamine,chembl,IC50,,,,CHEMBL220,DRUGMATRIX: Acetylcholinesterase enzyme inhibition (substrate: acetylthiocholine)
cid:3100,3100,Diphenhydramine,Ethanolamine,chembl,IC50,,,,CHEMBL226,DRUGMATRIX: Adenosine A1 radioligand binding (ligand: DPCPX)
cid:3100,3100,Diphenhydramine,Ethanolamine,chembl,IC50,,,,CHEMBL251,DRUGMATRIX: Adenosine A2A radioligand binding (ligand: AB-MECA)
cid:3100,3100,Diphenhydramine,Ethanolamine,chembl,IC50,,,,CHEMBL256,DRUGMATRIX: Adenosine A3 radioligand binding (ligand: AB-MECA)
cid:3100,3100,Diphenhydramine,Ethanolamine,chembl,IC50,,,,CHEMBL612545,DRUGMATRIX: Sodium/nucleoside co-transporter radioligand binding (ligand: nitrobenzylthioinosine)
cid:3100,3100,Diphenhydramine,Ethanolamine,chembl,IC50,,,,CHEMBL319,DRUGMATRIX: Alpha-1A adrenergic receptor radioligand binding (ligand: prazosin)
cid:3100,3100,Diphenhydramine,Ethanolamine,chembl,IC50,,,,CHEMBL315,DRUGMATRIX: Alpha-1B adrenergic receptor radioligand binding (ligand: prazosin)
cid:3100,3100,Diphenhydramine,Ethanolamine,chembl,IC50,,,,CHEMBL223,DRUGMATRIX: Alpha-1D adrenergic receptor radioligand binding (ligand: prazosin)
cid:3100,3100,Diphenhydramine,Ethanolamine,chembl,Ki,,,,CHEMBL220,DRUGMATRIX: Acetylcholinesterase enzyme inhibition (substrate: acetylthiocholine)
cid:3100,3100,Diphenhydramine,Ethanolamine,chembl,Ki,,,,CHEMBL226,DRUGMATRIX: Adenosine A1 radioligand binding (ligand: DPCPX)
cid:3100,3100,Diphenhydramine,Ethanolamine,chembl,Ki,,,,CHEMBL251,DRUGMATRIX: Adenosine A2A radioligand binding (ligand: AB-MECA)
cid:3100,3100,Diphenhydramine,Ethanolamine,chembl,Ki,,,,CHEMBL256,DRUGMATRIX: Adenosine A3 radioligand binding (ligand: AB-MECA)
cid:3100,3100,Diphenhydramine,Ethanolamine,chembl,Ki,,,,CHEMBL612545,DRUGMATRIX: Sodium/nucleoside co-transporter radioligand binding (ligand: nitrobenzylthioinosine)
cid:3100,3100,Diphenhydramine,Ethanolamine,chembl,Ki,,,,CHEMBL319,DRUGMATRIX: Alpha-1A adrenergic receptor radioligand binding (ligand: prazosin)
cid:3100,3100,Diphenhydramine,Ethanolamine,chembl,Ki,,,,CHEMBL315,DRUGMATRIX: Alpha-1B adrenergic receptor radioligand binding (ligand: prazosin)
cid:3100,3100,Diphenhydramine,Ethanolamine,chembl,Ki,,,,CHEMBL223,DRUGMATRIX: Alpha-1D adrenergic receptor radioligand binding (ligand: prazosin)
cid:3100,3100,Diphenhydramine,Ethanolamine,chembl,Ki,,,,CHEMBL1867,DRUGMATRIX: Alpha-2A adrenergic receptor radioligand binding (ligand: MK-912)
cid:3100,3100,Diphenhydramine,Ethanolamine,chembl,Ki,,,,CHEMBL1942,DRUGMATRIX: Alpha-2B adrenergic receptor radioligand binding (ligand: Rauwolscine)
cid:3100,3100,Diphenhydramine,Ethanolamine,chembl,Ki,,,,CHEMBL1916,DRUGMATRIX: Adrenergic Alpha-2C radioligand binding (ligand: [3H] MK-912)
cid:3100,3100,Diphenhydramine,Ethanolamine,chembl,Ki,,,,CHEMBL213,DRUGMATRIX: Adrenergic beta1 radioligand binding (ligand: [125I] Cyanopindolol)
cid:3100,3100,Diphenhydramine,Ethanolamine,chembl,Ki,,,,CHEMBL210,DRUGMATRIX: Adrenergic beta2 radioligand binding (ligand: [3H] CGP-12177)
cid:3100,3100,Diphenhydramine,Ethanolamine,chembl,Ki,,,,CHEMBL246,DRUGMATRIX: Adrenergic beta3 radioligand binding (ligand: [125I] Cyanopindolol)
cid:3100,3100,Diphenhydramine,Ethanolamine,chembl,Ki,3513.0,nM,=,CHEMBL222,DRUGMATRIX: Norepinephrine Transporter radioligand binding (ligand: [125I] RTI-55)
cid:3100,3100,Diphenhydramine,Ethanolamine,chembl,Kd,11.75,nM,=,CHEMBL3943,Antagonist activity at H1R in guinea pig ileum assessed as inhibition of histamine-induced muscle contraction after 15 m
cid:681,681,Dopamine,,chembl,IC50,29.0,nM,=,CHEMBL376,Compound concentration required to reduce specific binding of tritiated dopamine to rat brain striatal membrane by 50 % 
cid:681,681,Dopamine,,chembl,IC50,1860.0,nM,=,CHEMBL339,Inhibition of 0.1 nM of [125I]- (S)-N-(1-Ethyl-pyrrolidin-2-ylmethyl)-5-iodo-2-methoxy-benzamide binding in striatal hom
cid:681,681,Dopamine,,chembl,IC50,1700.0,nM,=,CHEMBL339,Inhibition of [3H](S)-sulpiride binding in striatal homogenates of rat brain
cid:681,681,Dopamine,,chembl,IC50,3045.0,nM,=,CHEMBL2094129,Ability to inhibit the specific binding of [3H]- dihydromorphine to opiate receptors in rat brain membrane preparation b
cid:681,681,Dopamine,,chembl,IC50,1200.0,nM,=,CHEMBL339,Compound was for its ability to displace [3H]haloperidol binding to rat striatal Dopamine receptor D2
cid:681,681,Dopamine,,chembl,IC50,90000.0,nM,=,CHEMBL1907610,Ability to displace [3H]WB-4101 from rat brain alpha-1 adrenergic receptor
cid:681,681,Dopamine,,chembl,IC50,460.0,nM,=,CHEMBL238,Inhibition of [3H]dopamine uptake in HEK cells expressing human DAT
cid:681,681,Dopamine,,chembl,IC50,30000.0,nM,>,CHEMBL228,Inhibition of [3H]5-HT uptake in HEK cells expressing human SERT
cid:681,681,Dopamine,,chembl,IC50,6.63,nM,=,CHEMBL222,Inhibition of [3H]norepinephrine uptake in HEK cells expressing human NET
cid:681,681,Dopamine,,chembl,IC50,64.0,nM,=,CHEMBL2096970,Inhibition of [3H]dopamine binding to Dopamine receptor in calf caudate nuclei.
cid:681,681,Dopamine,,chembl,IC50,1700.0,nM,=,CHEMBL2096970,Inhibition of [3H]haloperidol binding to Dopamine receptor in calf caudate nuclei.
cid:681,681,Dopamine,,chembl,IC50,200.0,nM,=,CHEMBL2967,In vitro binding affinity towards Dopamine D1 receptor using [3H]-SCH- 23390 as radioligand
cid:681,681,Dopamine,,chembl,IC50,8000.0,nM,=,CHEMBL3998,In vitro binding affinity towards Dopamine D2 receptor using [3H]spiperone as radioligand
cid:681,681,Dopamine,,chembl,IC50,2.0,nM,=,CHEMBL2093868,Inhibitory concentration half-maximal displacement of 1.0 nM [3H]NPA specific binding from rat striatal membranes using 
cid:681,681,Dopamine,,chembl,IC50,2.1,nM,=,CHEMBL2093868,Inhibitory concentration for half-maximal displacement of 1.0 nM [3H]ADTN specific binding from rat striatal membranes u
cid:681,681,Dopamine,,chembl,Ki,192.0,nM,=,CHEMBL2056,Binding affinity to displace [3H]- SCH 23390 against Dopamine receptor D1
cid:681,681,Dopamine,,chembl,Ki,10000.0,nM,>,CHEMBL273,Binding affinity towards 5-hydroxytryptamine 1A receptor by the displacement of [125I]trans-8-OH-PIPAT in membrane homog
cid:681,681,Dopamine,,chembl,Ki,4300.0,nM,=,CHEMBL2967,Binding affinity for dopamine D1-like receptor labelled with [3H]SCH-23390 in retina
cid:681,681,Dopamine,,chembl,Ki,130.0,nM,=,CHEMBL612545,Binding affinity for dopamine D2-D3 like receptor labelled with [3H]YM-09151-2 in striatum
cid:681,681,Dopamine,,chembl,Ki,15.0,nM,=,CHEMBL612545,Binding affinity for dopamine D4-like receptor labelled with [3H]YM-09151-2 in retina
cid:681,681,Dopamine,,chembl,Ki,1.89,nM,=,CHEMBL217,Displacement of [3H]quinpirole from human dopamine D2A receptors expressed in LtK cells
cid:681,681,Dopamine,,chembl,Ki,759.0,nM,=,CHEMBL217,Displacement of [3H]raclopride from human dopamine D2A receptors expressed in LtK cells
cid:681,681,Dopamine,,chembl,Ki,416.87,nM,=,CHEMBL265,Binding Affinity was determined against Dopamine receptor D1 in rat striatal membranes using [3H]- SCH 23390 radioligand
cid:681,681,Dopamine,,chembl,Ki,724.44,nM,=,CHEMBL339,Binding Affinity was determined against Dopamine receptor D2 in rat striatal membranes using [3H]- spiperone radioligand
cid:681,681,Dopamine,,chembl,Ki,1.89,nM,=,CHEMBL217,Displacement of [3H]quinpirole from Dopamine receptor D2
cid:681,681,Dopamine,,chembl,Ki,572.0,nM,=,CHEMBL217,Inhibition of [3H]raclopride binding to Dopamine receptor D2
cid:681,681,Dopamine,,chembl,Ki,13.2,nM,=,CHEMBL234,Displacement of [3H]raclopride from Dopamine receptor D3
cid:681,681,Dopamine,,chembl,Ki,6400.0,nM,=,CHEMBL238,Displacement of [125I]RT155 binding in HEK cells expressing human DAT
cid:681,681,Dopamine,,chembl,Ki,1100000.0,nM,>,CHEMBL228,Displacement of [125I]RT155 binding in HEK cells expressing human SERT
cid:681,681,Dopamine,,chembl,Ki,28000.0,nM,>,CHEMBL222,Displacement of [125I]RT155 binding in HEK cells expressing human NET
cid:681,681,Dopamine,,chembl,EC50,3.5,,=,CHEMBL265,Tested for its ability to stimulate rat caudate adenylate cyclase (Dopamine receptor D1) at 10 uM
cid:681,681,Dopamine,,chembl,EC50,1500.0,nM,=,CHEMBL369,Effective concentration for increasing potency rate in guinea pig isolated right atria
cid:681,681,Dopamine,,chembl,EC50,1700.0,nM,=,CHEMBL369,Effective concentration for increasing potency force in guinea pig isolated left atria
cid:681,681,Dopamine,,chembl,EC50,3500.0,nM,=,CHEMBL376,Adenylase cyclase activity in rat striatal membranes
cid:681,681,Dopamine,,chembl,EC50,38.0,nM,=,CHEMBL374,Inhibition of the constrictor response to electrical stimulation in rabbit ear artery.
cid:681,681,Dopamine,,chembl,EC50,3500.0,nM,=,CHEMBL2170,Effective concentration that gives maximal stimulation of cyclic AMP production over the concentration range tested.
cid:681,681,Dopamine,,chembl,EC50,100.0,nM,=,CHEMBL2056,Adenylate cyclase assay carried out in LTK cells transfected with human Dopamine receptor D1
cid:681,681,Dopamine,,chembl,EC50,170.0,nM,=,CHEMBL217,Adenylate cyclase assay carried out in LTK cells transfected with human Dopamine receptor D2
cid:681,681,Dopamine,,chembl,EC50,73.0,nM,=,CHEMBL374,Ability to stimulate peripheral prejunctional dopaminergic receptors by 50% inhibition of vasoconstrictor response to fi
cid:681,681,Dopamine,,chembl,EC50,76.0,nM,=,CHEMBL374,Ability to relax the electrically stimulated rabbit ear artery was determined
cid:681,681,Dopamine,,chembl,EC50,3500.0,nM,=,CHEMBL265,Dopamine receptor D1 agonist efficacy was measured with stimulation of dopamine-sensitive rat adenylate cyclase in cauda
cid:681,681,Dopamine,,chembl,EC50,2.2,nM,=,CHEMBL219,In vitro effective concentration tested on HEK293 cells co-transfected with human Dopamine receptor D4 using FLIPR assay
cid:681,681,Dopamine,,chembl,EC50,2.7,nM,=,CHEMBL3361,In vitro effective concentration tested on HEK293 cells co-transfected with ferret Dopamine receptor D4 using FLIPR assa
cid:681,681,Dopamine,,chembl,EC50,2.4,nM,=,CHEMBL3361,In vitro effective concentration tested on HEK293 cells co-transfected with rat Dopamine receptor D4 using FLIPR assay
cid:681,681,Dopamine,,chembl,EC50,18.0,nM,=,CHEMBL217,In vitro effective concentration tested on HEK293 cells co-transfected with human Dopamine receptor D2 using FLIPR assay
cid:681,681,Dopamine,,chembl,Kd,6200.0,nM,=,CHEMBL339,In vitro affinity at wild type Dopamine receptor D2 on C6 (glioma) cell membranes.
cid:681,681,Dopamine,,chembl,Kd,267000.0,nM,=,CHEMBL339,In vitro affinity at mutant D2 receptor (S194A) in C6 (glioma) cell membranes.
cid:681,681,Dopamine,,chembl,Kd,37000.0,nM,=,CHEMBL339,In vitro affinity at mutant D2 receptor (S194A) in C6 (glioma) cell membranes.
cid:681,681,Dopamine,,chembl,Kd,49000.0,nM,=,CHEMBL339,In vitro affinity at mutant D2 receptor (S197A) in C6 (glioma) cell membranes.
cid:681,681,Dopamine,,chembl,Kd,2500.0,nM,=,CHEMBL2056,Equilibrium dissociation constant against recombinant Dopamine receptor D1A expressed in COS7 cells
cid:681,681,Dopamine,,chembl,Kd,17000.0,nM,=,CHEMBL339,Equilibrium dissociation constant against recombinant Dopamine receptor D2A expressed in COS7 cells
cid:681,681,Dopamine,,chembl,Kd,64560.0,nM,=,CHEMBL210,Binding affinity to human adrenergic beta2 receptor
cid:681,681,Dopamine,,chembl,Kd,1.33,nM,=,CHEMBL612545,Displacement of [3H]SCH23390 from dopamine D1-like receptor pig striatal membrane
cid:458519,458519,ETH-CAT,Cathinone,chembl,Ki,1014.0,nM,=,CHEMBL238,Inhibition of DAT (unknown origin)-mediated dopamine reuptake
cid:458519,458519,ETH-CAT,Cathinone,chembl,EC50,2118.0,nM,=,CHEMBL228,Induction of SERT (unknown origin)-mediated serotonin release
cid:64139,64139,Efavirenz,Benzoxazine,chembl,IC50,0.75,nM,=,CHEMBL247,Inhibitory concentration against wild-type reverse transcriptase of HIV-1
cid:64139,64139,Efavirenz,Benzoxazine,chembl,IC50,47.0,nM,=,CHEMBL247,Inhibition of the NNRTI HIV-1 enzyme by 50% using enzyme assay.
cid:64139,64139,Efavirenz,Benzoxazine,chembl,IC50,47.0,nM,=,CHEMBL247,Tested for inhibitory concentration against HIV-1 non-nucleoside reverse transcriptase
cid:64139,64139,Efavirenz,Benzoxazine,chembl,IC50,4.0,nM,=,CHEMBL247,HIV-1 reverse transcriptase inhibitory activity against Wild Type Reverse transcriptase using (poly)rC600*(oligo)dGT as 
cid:64139,64139,Efavirenz,Benzoxazine,chembl,IC50,50.0,nM,=,CHEMBL247,HIV-1 reverse transcriptase inhibitory activity against Ile 100 mutant using (poly)rC600*(oligo)dGT as template primer.
cid:64139,64139,Efavirenz,Benzoxazine,chembl,IC50,6.0,nM,=,CHEMBL247,HIV-1 reverse transcriptase inhibitory activity against Cys181 mutant using (poly)rC600*(oligo)dGT as template primer.
cid:64139,64139,Efavirenz,Benzoxazine,chembl,IC50,61.0,nM,=,CHEMBL247,HIV-1 reverse transcriptase inhibitory activity against Asn103 mutant using (poly)rC600*(oligo)dGT as template primer.
cid:64139,64139,Efavirenz,Benzoxazine,chembl,IC50,48.0,nM,=,CHEMBL247,Inhibitory activity against HIV-1 reverse transcriptase
cid:64139,64139,Efavirenz,Benzoxazine,chembl,IC50,0.007,ug.mL-1,=,CHEMBL247,Inhibitory activity against wild-type HIV-1 reverse transcriptase
cid:64139,64139,Efavirenz,Benzoxazine,chembl,IC50,0.007,ug.mL-1,=,CHEMBL247,Inhibitory activity against E138K mutant reverse transcriptase
cid:64139,64139,Efavirenz,Benzoxazine,chembl,IC50,0.003,ug.mL-1,=,CHEMBL247,Inhibitory activity against R172A mutant reverse transcriptase
cid:64139,64139,Efavirenz,Benzoxazine,chembl,IC50,47.0,nM,=,CHEMBL247,The compound was evaluated for the inhibition of HIV-1 reverse transcriptase
cid:64139,64139,Efavirenz,Benzoxazine,chembl,IC50,48.0,nM,=,CHEMBL247,Inhibitory activity against HIV-1 reverse transcriptase enzyme
cid:64139,64139,Efavirenz,Benzoxazine,chembl,IC50,47.0,nM,=,CHEMBL247,Inhibitory activity against HIV-1 reverse transcriptase
cid:64139,64139,Efavirenz,Benzoxazine,chembl,IC50,48.0,nM,=,CHEMBL247,Inhibition of HIV-1 reverse transcriptase.
cid:64139,64139,Efavirenz,Benzoxazine,chembl,IC50,48.0,nM,=,CHEMBL247,Inhibitory concentration for 50% inhibition of HIV-1 reverse transcriptase
cid:64139,64139,Efavirenz,Benzoxazine,chembl,IC50,38.0,nM,=,CHEMBL247,Compound was evaluated for its ability to inhibit HIV-1 Reverse Transcriptase in an in vitro enzyme assay
cid:64139,64139,Efavirenz,Benzoxazine,chembl,IC50,14.0,nM,=,CHEMBL247,Inhibitory concentration against HIV-1 wild type reverse transcriptase (IIIB)
cid:64139,64139,Efavirenz,Benzoxazine,chembl,IC50,2100.0,nM,=,CHEMBL247,Inhibitory concentration against HIV-1 mutant reverse transcriptase (K103R)
cid:64139,64139,Efavirenz,Benzoxazine,chembl,IC50,20.0,nM,=,CHEMBL247,Inhibitory concentration against HIV-1 mutant reverse transcriptase (Y181C)
cid:64139,64139,Efavirenz,Benzoxazine,chembl,Ki,30.0,nM,=,CHEMBL247,Inhibition of HIV-1 wild-type RT
cid:64139,64139,Efavirenz,Benzoxazine,chembl,Ki,120.0,nM,=,CHEMBL247,Inhibition of HIV-1 Mutant HIV-1 RT enzymes containing the single amino acid substitution L1001
cid:64139,64139,Efavirenz,Benzoxazine,chembl,Ki,160.0,nM,=,CHEMBL247,Inhibition of HIV-1 Mutant HIV-1 RT enzymes containing the single amino acid substitution K103N
cid:64139,64139,Efavirenz,Benzoxazine,chembl,Ki,40.0,nM,=,CHEMBL247,Inhibition of HIV-1 Mutant HIV-1 RT enzymes containing the single amino acid substitution V106A
cid:64139,64139,Efavirenz,Benzoxazine,chembl,Ki,150.0,nM,=,CHEMBL247,Inhibition of HIV-1 Mutant HIV-1 RT enzymes containing the single amino acid substitution Y181I
cid:64139,64139,Efavirenz,Benzoxazine,chembl,Ki,300.0,nM,=,CHEMBL247,Inhibition of HIV-1 Mutant HIV-1 RT enzymes containing the single amino acid substitution Y188L
cid:64139,64139,Efavirenz,Benzoxazine,chembl,Ki,3.0,nM,=,CHEMBL247,Binding affinity towards wild type HIV-1 reverse transcriptase (as per ref 10 in the article)
cid:64139,64139,Efavirenz,Benzoxazine,chembl,Ki,17.0,nM,=,CHEMBL247,Binding affinity towards L100I mutant HIV-1 reverse transcriptase (as per ref 10 in the article)
cid:64139,64139,Efavirenz,Benzoxazine,chembl,Ki,3.0,nM,=,CHEMBL247,Binding affinity towards wild type HIV-1 reverse transcriptase (as per ref 10 in the article)
cid:64139,64139,Efavirenz,Benzoxazine,chembl,Ki,25.0,nM,=,CHEMBL247,Binding affinity towards L100I mutant HIV-1 reverse transcriptase (as per ref 10 in the article)
cid:64139,64139,Efavirenz,Benzoxazine,chembl,Ki,,,,CHEMBL247,Inhibition of HIV1 reverse transcriptase L100I mutant
cid:64139,64139,Efavirenz,Benzoxazine,chembl,Ki,30.0,nM,=,CHEMBL247,Inhibition of wild type HIV1 3B reverse transcriptase
cid:64139,64139,Efavirenz,Benzoxazine,chembl,Ki,3000.0,nM,=,CHEMBL247,Inhibition of HIV1 reverse transcriptase K103N mutant
cid:64139,64139,Efavirenz,Benzoxazine,chembl,Ki,,,,CHEMBL247,Inhibition of HIV1 reverse transcriptase V106A mutant
cid:64139,64139,Efavirenz,Benzoxazine,chembl,Ki,,,,CHEMBL247,Inhibition of HIV1 reverse transcriptase V179D mutant
cid:64139,64139,Efavirenz,Benzoxazine,chembl,Ki,80.0,nM,=,CHEMBL612545,Inhibition of HIV1 reverse transcriptase Y1811 mutant
cid:64139,64139,Efavirenz,Benzoxazine,chembl,Ki,,,,CHEMBL247,Inhibition of HIV1 reverse transcriptase Y188L mutant
cid:64139,64139,Efavirenz,Benzoxazine,chembl,Ki,30.0,nM,=,CHEMBL247,Inhibition of RNA dependent DNA polymerase activity of HIV1 recombinant reverse transcriptase p66/p51 expressed in Esche
cid:64139,64139,Efavirenz,Benzoxazine,chembl,Ki,40.0,nM,=,CHEMBL612545,Inhibition of RNA dependent DNA polymerase activity of HIV1 recombinant reverse transcriptase p66/p51 V106A mutant expre
cid:64139,64139,Efavirenz,Benzoxazine,chembl,Ki,100.0,nM,=,CHEMBL612545,Inhibition of RNA dependent DNA polymerase activity of HIV1 recombinant reverse transcriptase p66/p51 V179D mutant expre
cid:64139,64139,Efavirenz,Benzoxazine,chembl,EC50,4.0,nM,=,CHEMBL247,Concentration required to inhibit HIV-1 reverse transcriptase activity (wild-type) by 50%
cid:64139,64139,Efavirenz,Benzoxazine,chembl,EC50,1.0,nM,=,CHEMBL247,Inhibition of HIV1 wild-type reverse transcriptase by scintillation counting assay
cid:64139,64139,Efavirenz,Benzoxazine,chembl,EC50,34.0,nM,=,CHEMBL247,Inhibition of HIV1 reverse transcriptase K103N mutant by scintillation counting assay
cid:64139,64139,Efavirenz,Benzoxazine,chembl,EC50,2.0,nM,=,CHEMBL247,Inhibition of HIV1 reverse transcriptase Y181C mutant by scintillation counting assay
cid:64139,64139,Efavirenz,Benzoxazine,chembl,EC50,1.0,nM,=,CHEMBL612545,Inhibition of wild type HIV-1 3B reverse transcriptase infected in human MT4 cells assessed as inhibition of viral repli
cid:64139,64139,Efavirenz,Benzoxazine,chembl,EC50,101.0,nM,=,CHEMBL247,Inhibition of HIV-1 3B reverse transcriptase K103N mutant infected in human MT4 cells assessed as inhibition of viral re
cid:64139,64139,Efavirenz,Benzoxazine,chembl,EC50,5.0,nM,=,CHEMBL247,Inhibition of reverse transcriptase Y181C mutant in HIV-1 3B infected in human MT4 cells assessed as inhibition of viral
cid:64139,64139,Efavirenz,Benzoxazine,chembl,EC50,7.3,nM,=,CHEMBL612545,Inhibition of HIV-1 3B wild type reverse transcriptase infected in human MT4 cells assessed as protection against virus-
cid:64139,64139,Efavirenz,Benzoxazine,chembl,EC50,5.2,nM,=,CHEMBL247,Inhibition of HIV-1 reverse transcriptase E138K mutant infected in human MT4 cells assessed as protection against virus-
cid:64139,64139,Efavirenz,Benzoxazine,chembl,EC50,160.0,nM,=,CHEMBL247,Inhibition of HIV1 RES056 reverse transcriptase K103N/Y181C double mutant infected in human MT4 cells assessed as protec
cid:64139,64139,Efavirenz,Benzoxazine,chembl,EC50,115.0,nM,=,CHEMBL247,Inhibition of HIV1 3B reverse transcriptase L100I mutant infected in human MT4 cells assessed as protection against viru
cid:64139,64139,Efavirenz,Benzoxazine,chembl,EC50,80.1,nM,=,CHEMBL247,Inhibition of HIV1 3B reverse transcriptase K103N mutant infected in human MT4 cells assessed as protection against viru
cid:64139,64139,Efavirenz,Benzoxazine,chembl,EC50,8.2,nM,=,CHEMBL247,Inhibition of HIV1 3B reverse transcriptase Y181C mutant infected in human MT4 cells assessed as protection against viru
cid:64139,64139,Efavirenz,Benzoxazine,chembl,EC50,514.0,nM,=,CHEMBL247,Inhibition of HIV1 3B reverse transcriptase Y188L mutant infected in human MT4 cells assessed as protection against viru
cid:64139,64139,Efavirenz,Benzoxazine,chembl,EC50,5.19,nM,=,CHEMBL247,Inhibition of HIV1 3B reverse transcriptase E138K mutant infected in human MT4 cells assessed as protection against viru
cid:64139,64139,Efavirenz,Benzoxazine,chembl,EC50,348.0,nM,=,CHEMBL247,Inhibition of HIV1 3B reverse transcriptase F227L/V106A double mutant infected in human MT4 cells assessed as protection
cid:64139,64139,Efavirenz,Benzoxazine,chembl,EC50,308.0,nM,=,CHEMBL247,Inhibition of HIV1 RES056 reverse transcriptase K103N/Y181C double mutant infected in human MT4 cells assessed as protec
cid:64139,64139,Efavirenz,Benzoxazine,chembl,EC50,16.0,nM,=,CHEMBL247,Inhibition of reverse transcriptase L100I mutant in HIV1 infected in human MT4 cells assessed as protection against viru
cid:64139,64139,Efavirenz,Benzoxazine,chembl,EC50,29.0,nM,=,CHEMBL247,Inhibition of reverse transcriptase K103N mutant in HIV1 infected in human MT4 cells assessed as protection against viru
cid:64139,64139,Efavirenz,Benzoxazine,chembl,EC50,5.0,nM,=,CHEMBL247,Inhibition of reverse transcriptase Y181C mutant in HIV1 infected in human MT4 cells assessed as protection against viru
cid:64139,64139,Efavirenz,Benzoxazine,chembl,Kd,800.0,nM,=,CHEMBL4523510,Binding affinity to recombinant human C-terminal 4His-tagged CYP46A1 delta(2 to 50) mutant expressed in Escherichia coli
cid:64139,64139,Efavirenz,Benzoxazine,chembl,Kd,10200.0,nM,=,CHEMBL4523510,Binding affinity to recombinant human C-terminal 4His-tagged CYP46A1 delta(2 to 50) mutant expressed in Escherichia coli
cid:64139,64139,Efavirenz,Benzoxazine,chembl,Kd,5000.0,nM,=,CHEMBL4523510,Binding affinity to recombinant human C-terminal 4His-tagged CYP46A1 delta(2 to 50) mutant expressed in Escherichia coli
cid:9294,9294,Ephedrine,Amphetamine,chembl,IC50,20000.0,nM,>,CHEMBL4303835,Antiviral activity determined as inhibition of SARS-CoV-2 induced cytotoxicity of VERO-6 cells at 10 uM after 48 hours e
cid:9294,9294,Ephedrine,Amphetamine,chembl,IC50,19952.62,nM,>,CHEMBL4303835,Antiviral activity determined as inhibition of SARS-CoV-2 induced cytotoxicity of VERO-6 cells at 10 uM after 48 hours e
cid:9294,9294,Ephedrine,Amphetamine,chembl,IC50,20000.0,nM,>,CHEMBL4303835,Antiviral activity determined as inhibition of SARS-CoV-2 induced cytotoxicity of VERO-6 cells at 10 uM after 48 hours e
cid:9294,9294,Ephedrine,Amphetamine,chembl,IC50,19952.62,nM,>,CHEMBL4303835,Antiviral activity determined as inhibition of SARS-CoV-2 induced cytotoxicity of VERO-6 cells at 10 uM after 48 hours e
cid:38240,38240,Escaline,Substituted_phenethylamines,chembl,IC50,10000.0,nM,>,CHEMBL376,Ability to inhibit accumulation [3H]DA in rat whole brain synaptosomes
cid:38240,38240,Escaline,Substituted_phenethylamines,chembl,IC50,10000.0,nM,>,CHEMBL376,Ability to inhibit accumulation [3H]5-HT in rat whole brain synaptosomes
cid:38240,38240,Escaline,Substituted_phenethylamines,chembl,Ki,2100.0,nM,=,CHEMBL322,Ability to displace [3H]ketanserin from rat cortical homogenate 5-hydroxytryptamine 2A receptor
cid:38240,38240,Escaline,Substituted_phenethylamines,chembl,Ki,6900.0,nM,=,CHEMBL273,Ability to displace [3H]-8-OH-DPAT from rat hippocampal homogenate 5-hydroxytryptamine 1A receptor
cid:38240,38240,Escaline,Substituted_phenethylamines,chembl,Ki,215.6,nM,=,CHEMBL224,Agonist activity at cloned human 5-hydroxytryptamine 2A receptor using [125I]DOI radioligand
cid:38240,38240,Escaline,Substituted_phenethylamines,chembl,Ki,177.2,nM,=,CHEMBL225,Agonist activity at cloned human 5-hydroxytryptamine 2C receptor using [125I]DOI radioligand
cid:38240,38240,Escaline,Substituted_phenethylamines,chembl,Ki,555.1,nM,=,CHEMBL1833,Agonist activity at cloned human 5-hydroxytryptamine 2B receptor using [3H]5-HT radioligand
cid:38240,38240,Escaline,Substituted_phenethylamines,chembl,Ki,,nM,,CHEMBL224,Antagonist activity at cloned human 5-hydroxytryptamine 2A receptor using [3H]ketanserin radioligand; Not tested
cid:38240,38240,Escaline,Substituted_phenethylamines,chembl,Ki,,nM,,CHEMBL1833,Antagonist activity at cloned human 5-hydroxytryptamine 2B receptor using [3H]- rauwolscine radioligand; Not tested
cid:38240,38240,Escaline,Substituted_phenethylamines,chembl,Ki,,nM,,CHEMBL225,Antagonist activity at cloned human 5-hydroxytryptamine 2C receptor using [3H]mesulergine radioligand; Not tested
cid:38240,38240,Escaline,Substituted_phenethylamines,chembl,EC50,4000.0,nM,=,CHEMBL322,Effect on phosphoinositide hydrolysis in NIH 3T3 fibroblast 5-hydroxytryptamine 2A receptor
cid:38240,38240,Escaline,Substituted_phenethylamines,chembl,EC50,2000.0,nM,=,CHEMBL324,Effect on phosphoinositide hydrolysis in NIH 3T3 fibroblast 5-hydroxytryptamine 2C receptor
cid:969472,969472,Eszopiclone,Cyclopyrrolone,chembl,IC50,133000.0,nM,>,CHEMBL6020,Inhibition of human BSEP overexpressed in Sf9 cell membrane vesicles assessed as uptake of [3H]-taurocholate in presence
cid:969472,969472,Eszopiclone,Cyclopyrrolone,chembl,IC50,133000.0,nM,>,CHEMBL5748,Inhibition of human MRP2 overexpressed in Sf9 cell membrane vesicles assessed as uptake of [3H]-estradiol-17beta-D-glucu
cid:969472,969472,Eszopiclone,Cyclopyrrolone,chembl,IC50,133000.0,nM,>,CHEMBL5918,Inhibition of human MRP3 overexpressed in Sf9 insect cell membrane vesicles assessed as uptake of [3H]-estradiol-17beta-
cid:969472,969472,Eszopiclone,Cyclopyrrolone,chembl,IC50,133000.0,nM,>,CHEMBL1743128,Inhibition of human MRP4 overexpressed in Sf9 cell membrane vesicles assessed as uptake of [3H]-estradiol-17beta-D-glucu
cid:969472,969472,Eszopiclone,Cyclopyrrolone,chembl,Ki,0.83,nM,=,CHEMBL612545,Displacement of [3H]Ro15-1788 from benzodiazepine binding site of GABAA alpha-1 T206C beta2gamma2 receptor mutant expres
cid:969472,969472,Eszopiclone,Cyclopyrrolone,chembl,Ki,22.4,nM,=,CHEMBL612545,Displacement of [3H]Ro-151788 from benzodiazepine binding site of GABAA alpha-1-beta-2-gamma-2 X161 receptor mutant expr
cid:969472,969472,Eszopiclone,Cyclopyrrolone,chembl,Ki,33.8,nM,=,CHEMBL612545,Displacement of [3H]Ro15-1788 from benzodiazepine binding site of GABAA alpha1 T162C beta-2-gamma-2 receptor mutant expr
cid:969472,969472,Eszopiclone,Cyclopyrrolone,chembl,Ki,34.9,nM,=,CHEMBL612545,Displacement of [3H]Ro-151788 from benzodiazepine binding site of GABAA alpha1 S205C beta2gamma2 receptor mutant express
cid:969472,969472,Eszopiclone,Cyclopyrrolone,chembl,Ki,46.3,nM,=,CHEMBL612545,Displacement of [3H]Ro-151788 from benzodiazepine binding site of GABAA alpha-1-beta-2-gamma-2 L140C receptor mutant exp
cid:969472,969472,Eszopiclone,Cyclopyrrolone,chembl,Ki,57.9,nM,=,CHEMBL612545,Displacement of [3H]Ro-151788 from benzodiazepine binding site of GABAA alpha1 S204C beta2gamma2 receptor mutant express
cid:969472,969472,Eszopiclone,Cyclopyrrolone,chembl,Ki,60.4,nM,=,CHEMBL612545,Displacement of [3H]Ro-151788 from benzodiazepine binding site of GABAA alpha1 A160C beta2gamma2 receptor mutant express
cid:969472,969472,Eszopiclone,Cyclopyrrolone,chembl,Ki,62.4,nM,=,CHEMBL612545,Displacement of [3H]Ro15-1788 from benzodiazepine binding site of GABAA alpha-1 V211C beta2gamma2 receptor mutant expres
cid:969472,969472,Eszopiclone,Cyclopyrrolone,chembl,Ki,67.0,nM,=,CHEMBL612545,Displacement of [3H]Ro-151788 from benzodiazepine binding site of GABAA alpha-1-beta-2-gamma-2 R194C receptor mutant exp
cid:969472,969472,Eszopiclone,Cyclopyrrolone,chembl,Ki,70.9,nM,=,CHEMBL612545,Displacement of [3H]Ro-151788 from benzodiazepine binding site of GABAA alpha-1-beta-2-gamma-2 R185C receptor mutant exp
cid:969472,969472,Eszopiclone,Cyclopyrrolone,chembl,Ki,71.9,nM,=,CHEMBL612545,Displacement of [3H]Ro-151788 from benzodiazepine binding site of GABAA alpha-1-beta-2-gamma-2 T126C receptor mutant exp
cid:969472,969472,Eszopiclone,Cyclopyrrolone,chembl,Ki,75.2,nM,=,CHEMBL612545,Displacement of [3H]Ro-151788 from benzodiazepine binding site of GABAA alpha-1-beta-2-gamma-2 T81C receptor mutant expr
cid:969472,969472,Eszopiclone,Cyclopyrrolone,chembl,Ki,82.4,nM,=,CHEMBL612545,Displacement of [3H]Ro-151788 from benzodiazepine binding site of GABAA alpha-1-beta-2-gamma-2 D56C receptor mutant expr
cid:969472,969472,Eszopiclone,Cyclopyrrolone,chembl,Ki,102.0,nM,=,CHEMBL612545,Displacement of [3H]Ro-151788 from benzodiazepine binding site of GABAA alpha-1-beta-2-gamma-2 M130C receptor mutant exp
cid:969472,969472,Eszopiclone,Cyclopyrrolone,chembl,Ki,110.0,nM,=,CHEMBL612545,Displacement of [3H]Ro-151788 from benzodiazepine binding site of GABAA alpha-1-beta-2-gamma-2 R132C receptor mutant exp
cid:5359271,5359271,Ethylmorphine,Substituted_morphinans,chembl,IC50,20000.0,nM,>,CHEMBL4303835,Antiviral activity determined as inhibition of SARS-CoV-2 induced cytotoxicity of VERO-6 cells at 10 uM after 48 hours e
cid:5359271,5359271,Ethylmorphine,Substituted_morphinans,chembl,IC50,19952.62,nM,>,CHEMBL4303835,Antiviral activity determined as inhibition of SARS-CoV-2 induced cytotoxicity of VERO-6 cells at 10 uM after 48 hours e
cid:3307,3307,Etizolam,Thienodiazepines,chembl,IC50,4.5,nM,=,CHEMBL612545,Displacement of [3H]flunitrazepam from Benzodiazepine receptor in Sprague-Dawley rat cerebral cortex membrane preincubat
cid:3345,3345,Fentanyl,"Anilidopiperidine, Substituted_piperidines",chembl,IC50,1.6,nM,=,CHEMBL2094129,Displacement [3H]naloxone from rat-brain Opioid receptors
cid:3345,3345,Fentanyl,"Anilidopiperidine, Substituted_piperidines",chembl,IC50,25.0,nM,=,CHEMBL2094129,Displacement of [3H]nalotrexone from rat-brain Opioid receptors
cid:3345,3345,Fentanyl,"Anilidopiperidine, Substituted_piperidines",chembl,IC50,1.3,nM,=,CHEMBL233,Binding affinity against mu-opiate receptor (human) using [3H]DAMGO radioligand
cid:3345,3345,Fentanyl,"Anilidopiperidine, Substituted_piperidines",chembl,IC50,1580.0,nM,=,CHEMBL237,"Binding affinity against opioid receptor kappa 1 using [3H]- U-69,593 radioligand"
cid:3345,3345,Fentanyl,"Anilidopiperidine, Substituted_piperidines",chembl,IC50,431.0,nM,=,CHEMBL236,Binding affinity against delta-opiate receptor (human) using [3H]-DPDPE radioligand
cid:3345,3345,Fentanyl,"Anilidopiperidine, Substituted_piperidines",chembl,IC50,3.1,nM,=,CHEMBL4354,In vitro binding activity against opioid receptor mu using [3H]-DAGO as radioligand
cid:3345,3345,Fentanyl,"Anilidopiperidine, Substituted_piperidines",chembl,IC50,5893.0,nM,=,CHEMBL3952,In vitro binding activity against opioid receptor kappa using [3H]EKC as radioligand
cid:3345,3345,Fentanyl,"Anilidopiperidine, Substituted_piperidines",chembl,IC50,187.4,nM,=,CHEMBL236,In vitro binding activity against opioid receptor delta using [3DPDPE] as radioligand
cid:3345,3345,Fentanyl,"Anilidopiperidine, Substituted_piperidines",chembl,IC50,25.0,nM,=,CHEMBL2094129,In vivo binding affinity to opioid receptor preparations from rat brain
cid:3345,3345,Fentanyl,"Anilidopiperidine, Substituted_piperidines",chembl,IC50,8.0,nM,=,CHEMBL2094129,Displacement of [3H]naloxone from rat brain Opioid receptors
cid:3345,3345,Fentanyl,"Anilidopiperidine, Substituted_piperidines",chembl,IC50,3.45,nM,=,CHEMBL369,Inhibition of opioid activity in electricaly stimulated myenteric plexus longitudinal muscle of guinea pig ileum(GPI) pr
cid:3345,3345,Fentanyl,"Anilidopiperidine, Substituted_piperidines",chembl,IC50,9.45,nM,=,CHEMBL375,Inhibition of opioid activity in electricaly stimulated myenteric plexus longitudinal muscle of mouse vas deferens(MVD) 
cid:3345,3345,Fentanyl,"Anilidopiperidine, Substituted_piperidines",chembl,IC50,1.14,nM,=,CHEMBL2094129,Binding affinity to opioid receptors by the displacement of [3H]fentanyl in rat brain homogenates
cid:3345,3345,Fentanyl,"Anilidopiperidine, Substituted_piperidines",chembl,IC50,3.1,nM,=,CHEMBL4354,Compound was tested in vitro for binding affinity towards mu opioid receptor by measuring displacement of [3H]DAGO from 
cid:3345,3345,Fentanyl,"Anilidopiperidine, Substituted_piperidines",chembl,IC50,5893.0,nM,=,CHEMBL3952,Compound was tested in vitro for binding affinity towards kappa opioid receptor by measuring displacement of [3H]EKC fro
cid:3345,3345,Fentanyl,"Anilidopiperidine, Substituted_piperidines",chembl,Ki,2.16,nM,=,CHEMBL270,Displacement [3H]-naloxone from the Opioid receptor mu 1 isolated from rat brain membrane.
cid:3345,3345,Fentanyl,"Anilidopiperidine, Substituted_piperidines",chembl,Ki,2.16,nM,=,CHEMBL270,Ability to displace [3H]naloxone from the Opioid receptor mu 1 isolated from the rat brain membranes.
cid:3345,3345,Fentanyl,"Anilidopiperidine, Substituted_piperidines",chembl,Ki,2.16,nM,=,CHEMBL2094129,In vitro affinity to displace [3H]naloxone from opiate receptor in freshly prepared rat brain homogenates
cid:3345,3345,Fentanyl,"Anilidopiperidine, Substituted_piperidines",chembl,Ki,400.0,nM,=,CHEMBL269,Binding affinity of compound evaluated for Opioid receptor delta 1 isolated from rat brain
cid:3345,3345,Fentanyl,"Anilidopiperidine, Substituted_piperidines",chembl,Ki,1.5,nM,=,CHEMBL270,Inhibition of [3H]DAMGO binding to mu opioid receptor of rat brain membranes
cid:3345,3345,Fentanyl,"Anilidopiperidine, Substituted_piperidines",chembl,Ki,3.97,nM,=,CHEMBL270,Binding affinity towards Opioid receptor mu 1 using [3H]DAMGO as radioligand.
cid:3345,3345,Fentanyl,"Anilidopiperidine, Substituted_piperidines",chembl,Ki,1035.0,nM,=,CHEMBL269,Binding affinity towards Opioid receptor delta 1 using [3H]DADLE as radioligand.
cid:3345,3345,Fentanyl,"Anilidopiperidine, Substituted_piperidines",chembl,Ki,196.5,nM,=,CHEMBL3952,Binding affinity towards Opioid receptor kappa 1 using [3H]U-69593 as radioligand.
cid:3345,3345,Fentanyl,"Anilidopiperidine, Substituted_piperidines",chembl,Ki,3.97,nM,=,CHEMBL233,Binding affinity against Opioid receptor mu 1
cid:3345,3345,Fentanyl,"Anilidopiperidine, Substituted_piperidines",chembl,Ki,1035.0,nM,=,CHEMBL236,Binding affinity against Opioid receptor delta 1
cid:3345,3345,Fentanyl,"Anilidopiperidine, Substituted_piperidines",chembl,Ki,196.5,nM,=,CHEMBL237,Binding affinity against Opioid receptor kappa 1
cid:3345,3345,Fentanyl,"Anilidopiperidine, Substituted_piperidines",chembl,Ki,679.0,nM,=,CHEMBL236,Binding affinity against Opioid receptor delta 1 in guinea pig brain membranes
cid:3345,3345,Fentanyl,"Anilidopiperidine, Substituted_piperidines",chembl,Ki,8.45,nM,=,CHEMBL4354,Binding affinity against mu opioid receptor in guinea pig brain membranes
cid:3345,3345,Fentanyl,"Anilidopiperidine, Substituted_piperidines",chembl,Ki,1130.0,nM,=,CHEMBL3952,Binding affinity against Opioid receptor kappa 1 in guinea pig brain membranes
cid:3345,3345,Fentanyl,"Anilidopiperidine, Substituted_piperidines",chembl,Ki,5462.0,nM,=,CHEMBL2095205,Displacement of [3H]2-BFI (1 nM) from imidazoline receptor I-2 in human brain
cid:3345,3345,Fentanyl,"Anilidopiperidine, Substituted_piperidines",chembl,EC50,490.0,nM,=,CHEMBL375,Inhibition of the electrically induced muscle contractions was determined using the mouse vas deferens
cid:3345,3345,Fentanyl,"Anilidopiperidine, Substituted_piperidines",chembl,EC50,4.5,nM,=,CHEMBL369,Inhibition of the electrically induced muscle contractions was determined using the guinea pig ileum
cid:3345,3345,Fentanyl,"Anilidopiperidine, Substituted_piperidines",chembl,EC50,1.76,nM,=,CHEMBL369,Inhibition of electrically evoked contraction in guinea pig ileum determined in vitro
cid:3345,3345,Fentanyl,"Anilidopiperidine, Substituted_piperidines",chembl,EC50,32.4,nM,=,CHEMBL270,"Compound was tested for its ability to stimulate [35S]GTP-gamma-S, binding to membranes from C6 glioma cells stably expr"
cid:3345,3345,Fentanyl,"Anilidopiperidine, Substituted_piperidines",chembl,EC50,31600.0,nM,=,CHEMBL3401,Activation of human PXR expressed in human HepG2 (DPX-2) cells after 24 hrs by luciferase reporter gene based luminescen
cid:3345,3345,Fentanyl,"Anilidopiperidine, Substituted_piperidines",chembl,EC50,31600.0,nM,=,CHEMBL3401,Activation of human PXR expressed in human HepG2 (DPX-2) cells assessed as induction of CYP3A4 after 24 hrs by luminesce
cid:3345,3345,Fentanyl,"Anilidopiperidine, Substituted_piperidines",chembl,EC50,31600.0,nM,=,CHEMBL3401,Competitive binding affinity to human PXR LBD (111 to 434) by TR-FRET assay
cid:3345,3345,Fentanyl,"Anilidopiperidine, Substituted_piperidines",chembl,EC50,43.0,nM,=,CHEMBL233,Agonist activity at human mu opioid receptor expressed in CHO cell membranes after 1 hr by [35S]-GTPgammaS binding assay
cid:3345,3345,Fentanyl,"Anilidopiperidine, Substituted_piperidines",chembl,EC50,53.0,nM,=,CHEMBL233,Agonist activity at human mu opioid receptor expressed in human U2OS cells co-transfected with beta-arrestin-2 assessed 
cid:3345,3345,Fentanyl,"Anilidopiperidine, Substituted_piperidines",chembl,EC50,0.51,nM,=,CHEMBL233,Agonist activity at human MOR expressed in CHO-K1 cells assessed as cAMP accumulation incubated for 30 mins and measured
cid:3345,3345,Fentanyl,"Anilidopiperidine, Substituted_piperidines",chembl,EC50,17.2,nM,=,CHEMBL233,Agonist activity at mu opioid receptor (unknown origin) expressed in HEK293-A cells assessed as inhibition of forskolin-
cid:3345,3345,Fentanyl,"Anilidopiperidine, Substituted_piperidines",chembl,EC50,17.38,nM,=,CHEMBL233,Agonist activity at mu opioid receptor (unknown origin) expressed in HEK293-A cells assessed as inhibition of forskolin-
cid:3345,3345,Fentanyl,"Anilidopiperidine, Substituted_piperidines",chembl,EC50,,,,CHEMBL237,Agonist activity at kappa opioid receptor (unknown origin) expressed in HEK293-A cells assessed as inhibition of forskol
cid:3345,3345,Fentanyl,"Anilidopiperidine, Substituted_piperidines",chembl,EC50,,,,CHEMBL236,Agonist activity at delta opioid receptor (unknown origin) expressed in HEK293-A cells assessed as inhibition of forskol
cid:3345,3345,Fentanyl,"Anilidopiperidine, Substituted_piperidines",chembl,EC50,1.9,nM,=,CHEMBL233,Agonist activity at mu-opioid receptor (unknown origin) expressed in CHO cells assessed as inhibition of intracellular c
cid:12947024,12947024,Flubromazepam,Benzodiazepines,chembl,Ki,0.26,nM,=,CHEMBL2095172,Displacement of [3H]flunitrazepam from human recombinant alpha1beta2gamma2 GABAA receptor expressed in HEK cell membrane
cid:12947024,12947024,Flubromazepam,Benzodiazepines,chembl,Ki,0.15,nM,=,CHEMBL2111413,Displacement of [3H]flunitrazepam from human recombinant alpha2beta2gamma2 GABAA receptor expressed in HEK cell membrane
cid:12947024,12947024,Flubromazepam,Benzodiazepines,chembl,Ki,0.28,nM,=,CHEMBL2111339,Displacement of [3H]flunitrazepam from human recombinant alpha3beta2gamma2 GABAA receptor expressed in HEK cell membrane
cid:12947024,12947024,Flubromazepam,Benzodiazepines,chembl,Ki,0.26,nM,=,CHEMBL4523641,Displacement of [3H]flunitrazepam from human recombinant alpha5beta2gamma2 GABAA receptor expressed in HEK cell membrane
cid:3380,3380,Flunitrazepam,Benzodiazepines,chembl,IC50,263026799.19,nM,=,CHEMBL5742,Binding affinity of compound towards Benzodiazepine receptor in a competition assay
cid:3380,3380,Flunitrazepam,Benzodiazepines,chembl,IC50,263026799.19,nM,=,CHEMBL2093872,Binding affinity towards benzodiazepine/GABA A receptor.
cid:3380,3380,Flunitrazepam,Benzodiazepines,chembl,IC50,3.0,nM,=,CHEMBL1907607,Displacement of [3H]flunitrazepam from GABA-A benzodiazepine receptor of rat cerebral cortex membrane
cid:3380,3380,Flunitrazepam,Benzodiazepines,chembl,IC50,8.0,nM,=,CHEMBL1907607,Displacement of [3H]beta-CCE from GABA-A benzodiazepine receptor of rat cerebral cortex membranes
cid:3380,3380,Flunitrazepam,Benzodiazepines,chembl,IC50,100000.0,nM,>,CHEMBL2871,Half-maximal inhibition of [125I]CCK-33 binding to cholecystokinin A receptor from rat pancreatic tissue
cid:3380,3380,Flunitrazepam,Benzodiazepines,chembl,IC50,100000.0,nM,>,CHEMBL2095185,Half-maximal inhibition of [125I]-CCK-8(+) binding to cholecystokinin receptor from guinea pig brain tissue
cid:3380,3380,Flunitrazepam,Benzodiazepines,chembl,IC50,1.7,nM,=,CHEMBL1907607,Inhibition of [3H]diazepam binding to GABA-A benzodiazepine receptor of rat brain
cid:3380,3380,Flunitrazepam,Benzodiazepines,chembl,IC50,100000.0,nM,>,CHEMBL2096986,Half-maximal inhibition of [125I]-CCK-33 binding to rat pancreas cholecystokinin receptor
cid:3380,3380,Flunitrazepam,Benzodiazepines,chembl,IC50,100000.0,nM,>,CHEMBL3501,Half-maximal inhibition of [125I]CCK-33 binding to guinea pig brain(cortex) cholecystokinin receptor
cid:3380,3380,Flunitrazepam,Benzodiazepines,chembl,IC50,1.7,nM,=,CHEMBL1907607,Displacement of [3H]diazepam from rat brain GABA-A benzodiazepine receptor
cid:3380,3380,Flunitrazepam,Benzodiazepines,chembl,IC50,1.5,nM,=,CHEMBL1907607,Displacement of [3H]diazepam from GABA-A Benzodiazepine receptor of rat forebrain
cid:3380,3380,Flunitrazepam,Benzodiazepines,chembl,IC50,20000.0,nM,>,CHEMBL4303835,Antiviral activity determined as inhibition of SARS-CoV-2 induced cytotoxicity of VERO-6 cells at 10 uM after 48 hours e
cid:3380,3380,Flunitrazepam,Benzodiazepines,chembl,IC50,19952.62,nM,>,CHEMBL4303835,Antiviral activity determined as inhibition of SARS-CoV-2 induced cytotoxicity of VERO-6 cells at 10 uM after 48 hours e
cid:3380,3380,Flunitrazepam,Benzodiazepines,chembl,Ki,3.9,nM,=,CHEMBL2095172,Binding affinity evaluated by ability to displace [3H]Ro-151788 from recombinant human Gamma-aminobutyric acid A recepto
cid:3380,3380,Flunitrazepam,Benzodiazepines,chembl,Ki,1.1,nM,=,CHEMBL2094130,Binding affinity evaluated by ability to displace [3H]-Ro-15-1788 from recombinant human Gamma-aminobutyric acid A recep
cid:3380,3380,Flunitrazepam,Benzodiazepines,chembl,Ki,5.9,nM,=,CHEMBL2094120,Binding affinity evaluated by ability to displace [3H]Ro-151788 from recombinant human Gamma-aminobutyric acid A recepto
cid:3380,3380,Flunitrazepam,Benzodiazepines,chembl,Ki,2.2,nM,=,CHEMBL2094121,Binding affinity for human recombinant gamma-aminobutyric-acid (GABA) A receptor alpha-1-beta-3-gamma-2
cid:3380,3380,Flunitrazepam,Benzodiazepines,chembl,Ki,2.5,nM,=,CHEMBL2094130,Binding affinity to human recombinant gamma-aminobutyric-acid (GABA) A receptor alpha-2-beta-3-gamma-2
cid:3380,3380,Flunitrazepam,Benzodiazepines,chembl,Ki,4.5,nM,=,CHEMBL2094120,Binding affinity for human recombinant gamma-aminobutyric-acid (GABA) A receptor alpha-3-beta-3-gamma-2
cid:3380,3380,Flunitrazepam,Benzodiazepines,chembl,Ki,2.1,nM,=,CHEMBL2094122,Binding affinity for human recombinant gamma-aminobutyric-acid (GABA) A receptor alpha-5-beta-3-gamma-2
cid:3380,3380,Flunitrazepam,Benzodiazepines,chembl,Ki,2000.0,nM,>,CHEMBL2095190,Binding affinity for human recombinant gamma-aminobutyric-acid (GABA) A receptor alpha-6-beta-3-gamma-2
cid:3380,3380,Flunitrazepam,Benzodiazepines,chembl,Ki,2.2,nM,=,CHEMBL2094121,Binding affinity measured using LtK- cell membranes expressing GABA alpha-1-beta-3-gamma-2 receptor
cid:3380,3380,Flunitrazepam,Benzodiazepines,chembl,Ki,2.5,nM,=,CHEMBL2094130,Binding affinity measured using LtK- cell membranes expressing GABA alpha-2-beta-3-gamma-2 receptor
cid:3380,3380,Flunitrazepam,Benzodiazepines,chembl,Ki,4.5,nM,=,CHEMBL2094120,Binding affinity measured using LtK- cell membranes expressing GABA alpha-3-beta-3-gamma-2 receptor
cid:3380,3380,Flunitrazepam,Benzodiazepines,chembl,Ki,2.1,nM,=,CHEMBL2094122,Binding affinity measured using LtK- cell membranes expressing Gamma-aminobutyric acid A receptor alpha-5-beta-3-gamma-2
cid:3380,3380,Flunitrazepam,Benzodiazepines,chembl,Ki,2000.0,nM,>,CHEMBL2095190,Binding affinity measured using LtK- cell membranes expressing Gamma-aminobutyric acid A receptor alpha-6-beta-3-gamma-2
cid:3380,3380,Flunitrazepam,Benzodiazepines,chembl,Ki,5.17,nM,=,CHEMBL612545,Displacement of [3H]flumazenil from CBR in bovine cortical membrane
cid:3380,3380,Flunitrazepam,Benzodiazepines,chembl,Ki,6.5,nM,=,CHEMBL612545,Displacement of [3H]flumazenil from CBR in human cortical membrane
cid:3380,3380,Flunitrazepam,Benzodiazepines,chembl,EC50,1.4,nM,=,CHEMBL2095172,Activity at human GABAA alpha-1-beta-2-gamma-2S327 receptor in HEK293 cells expressing as-PKCepsilon cells assessed as e
cid:3380,3380,Flunitrazepam,Benzodiazepines,chembl,Kd,4.5,nM,=,CHEMBL1962,Binding affinity to GABAA alpha-1-beta-2-gamma-2 receptor
cid:3380,3380,Flunitrazepam,Benzodiazepines,chembl,Kd,3.0,nM,=,CHEMBL5112,Binding affinity to GABAA alpha-5-beta-2-gamma-2 receptor
cid:119,119,GABA,depressant,chembl,IC50,25.0,nM,=,CHEMBL2111463,Inhibition of [3H]-baclofen binding to Gamma-aminobutyric acid type B receptor of cat cerebellum
cid:119,119,GABA,depressant,chembl,IC50,128.0,nM,=,CHEMBL1907607,Inhibition of [3H]muscimol binding to GABA-A receptor from rat cortex
cid:119,119,GABA,depressant,chembl,IC50,17.0,nM,=,CHEMBL2111474,Inhibition of [3H]CGP-27492 binding to Gamma-aminobutyric acid type B receptor of rat cortex
cid:119,119,GABA,depressant,chembl,IC50,60.0,nM,=,CHEMBL2111474,In vitro displacement of [3H]GABA from Gamma-aminobutyric acid type B receptor sites in rat brain membranes
cid:119,119,GABA,depressant,chembl,IC50,50000.0,nM,=,CHEMBL1907607,Inhibition of 2 nM [3H]muscimol binding to Gamma-aminobutyric acid (GABA-A) receptor in rat brain crude synaptic membran
cid:119,119,GABA,depressant,chembl,IC50,70.0,nM,=,CHEMBL376,Inhibition of [3H]GABA Binding to synaptic membranes from rat cerebellum in receptor binding assay
cid:119,119,GABA,depressant,chembl,IC50,33.0,nM,=,CHEMBL1907607,Inhibition of [3H]GABA binding to Gamma-aminobutyric acid receptor of rat brain synaptosomal membranes
cid:119,119,GABA,depressant,chembl,IC50,2000.0,nM,=,CHEMBL2111478,Inhibition of high affinity neuronal GABA uptake by synaptosomes of rat brain membrane
cid:119,119,GABA,depressant,chembl,IC50,30.0,nM,=,CHEMBL1907607,Displacement of [3H]GABA from Gamma-aminobutyric acid A receptor ofrat brain membranes
cid:119,119,GABA,depressant,chembl,IC50,30.0,nM,=,CHEMBL2111474,Displacement of [3H]baclofen from Gamma-aminobutyric acid type B receptor of rat brain membranes
cid:119,119,GABA,depressant,chembl,IC50,22.0,nM,=,CHEMBL341,Inhibitory effect was measured for [3H]GABA-uptake from rat synaptosomal membrane
cid:119,119,GABA,depressant,chembl,IC50,2600.0,nM,=,CHEMBL376,"Inhibition of GABA uptake from rat diencephalon-midbrain,"
cid:119,119,GABA,depressant,chembl,IC50,29.0,nM,=,CHEMBL1907607,Displacement of [3H]- muscimol from GABA-A receptor from rat cerebellum membrane at 0.022-0.039 uM
cid:119,119,GABA,depressant,chembl,IC50,33.0,nM,=,CHEMBL1907607,In vitro binding affinity against Gamma-aminobutyric acid A receptor in rat brain synaptic membranes at pH 7.1
cid:119,119,GABA,depressant,chembl,IC50,30.0,nM,=,CHEMBL2111474,In vitro binding affinity against Gamma-aminobutyric acid type B receptor in rat brain synaptic membranes at pH 7.4
cid:119,119,GABA,depressant,chembl,Ki,36500000.0,nM,=,CHEMBL612545,In vitro inhibition of N8-Acetylspermidine deacetylase from rat liver cytosol(apparent Ki)
cid:119,119,GABA,depressant,chembl,Ki,25.0,nM,=,CHEMBL1907607,Displacement of [3H]gamma-amino butyric acid from Gamma-aminobutyric acid (GABA-A) receptor of rat ganglion neurons
cid:119,119,GABA,depressant,chembl,Ki,200.0,nM,=,CHEMBL2093872,Displacement of [3H]gamma-amino butyric acid from Gamma-aminobutyric acid (GABA-A) receptor of human cerebellar cortex p
cid:119,119,GABA,depressant,chembl,Ki,49.0,nM,=,CHEMBL1907607,Displacement of [3H]muscimol from GABAA receptor in rat brain synaptic membranes
cid:119,119,GABA,depressant,chembl,Ki,41.0,nM,=,CHEMBL612545,Displacement of radiolabeled GABA from GABA receptor
cid:119,119,GABA,depressant,chembl,Ki,176.0,nM,=,CHEMBL612545,Displacement of [3H]GABA from GABAB receptor in presence of isoguvacine
cid:119,119,GABA,depressant,chembl,Ki,8190.0,nM,=,CHEMBL2093865,Inhibition of HDAC in human Hela cells nuclear extracts by fluorimetric assay
cid:119,119,GABA,depressant,chembl,Ki,4000000.0,nM,=,CHEMBL1914279,Inhibition of human PAT1-mediated L-[3H]proline uptake in human Caco2 cells after 10 mins by liquid scintillation counti
cid:119,119,GABA,depressant,chembl,Ki,26.0,nM,=,CHEMBL612545,Displacement of [3H]Muscimol from central-type GABAA receptor muscimol binding site in Wistar rat brain after 10 mins
cid:119,119,GABA,depressant,chembl,Ki,33.0,nM,=,CHEMBL612545,Binding affinity to GABA receptor (unknown origin) by radioligand displacement assay
cid:119,119,GABA,depressant,chembl,Ki,33.0,nM,=,CHEMBL2093872,Displacement of [3H]muscimol from GABAA receptor in SPRD rat brain synaptic membranes by scintillation counting method
cid:119,119,GABA,depressant,chembl,Ki,49.0,nM,=,CHEMBL1907607,Displacement of [3H]muscimol from orthosteric binding site of GABA(A) receptor in Sprague-Dawley rat cortical synaptic m
cid:119,119,GABA,depressant,chembl,Ki,2100000.0,nM,=,CHEMBL1907607,Displacement of [3H]NCS-382 from high-affinity GHB binding site of GABA(A) receptor in Sprague-Dawley rat cortical synap
cid:119,119,GABA,depressant,chembl,Ki,2100000.0,nM,=,CHEMBL612545,Displacement of [3H]NCS382 from high-affinity GHB binding site of alpha4betadelta receptor in mouse brain membranes
cid:119,119,GABA,depressant,chembl,Ki,98.0,nM,=,CHEMBL1907607,Displacement of [3H]-muscimol from GABA-A receptor in rat brain homogenate incubated for 10 mins by microbeta liquid sci
cid:119,119,GABA,depressant,chembl,EC50,14300.0,nM,=,CHEMBL2094133,Activation of chloride ion uptake into mouse brain synaptoneurosomes
cid:119,119,GABA,depressant,chembl,EC50,80000.0,nM,=,CHEMBL2094121,Effective agonist dose for human Gamma-aminobutyric acid A receptor alpha-1-beta-3-gamma-2 expressed in Xenopus oocytes
cid:119,119,GABA,depressant,chembl,EC50,40000.0,nM,=,CHEMBL2094130,Agonist activity on human Gamma-aminobutyric acid A receptor alpha-2-beta-3-gamma-2 expressed in Xenopus oocytes
cid:119,119,GABA,depressant,chembl,EC50,28000.0,nM,=,CHEMBL2094120,Agonist activity on human Gamma-aminobutyric acid A receptor alpha-3-beta-3-gamma-2 expressed in Xenopus oocytes
cid:119,119,GABA,depressant,chembl,EC50,50000.0,nM,=,CHEMBL2111366,Effective agonist dose for human Gamma-aminobutyric acid A receptor alpha-4-beta-3-gamma-2
cid:119,119,GABA,depressant,chembl,EC50,3000.0,nM,=,CHEMBL2094122,Effective agonist dose for human Gamma-aminobutyric acid A receptor alpha-5-beta-3-gamma-2 expressed in Xenopus oocytes
cid:119,119,GABA,depressant,chembl,EC50,1500.0,nM,=,CHEMBL2095190,Effective agonist dose for human Gamma-aminobutyric acid A receptor alpha-6-beta-3-gamma-2
cid:119,119,GABA,depressant,chembl,EC50,12882.5,nM,=,CHEMBL612545,Agonist activity at rat GABA alpha-1-T129S-beta-2-gamma-2 receptor mutant expressed in HEK293 cells by Whole-cell patch-
cid:119,119,GABA,depressant,chembl,EC50,12800.0,nM,=,CHEMBL612545,Agonist activity at rat GABA alpha-1-T129S-beta-2-gamma-2 receptor mutant expressed in HEK293 cells by Whole-cell patch-
cid:119,119,GABA,depressant,chembl,EC50,6025.6,nM,=,CHEMBL612545,Agonist activity at human GABAC rho 1 receptor expressed in HEK293 cells by Whole-cell patch-clamp technique
cid:119,119,GABA,depressant,chembl,EC50,550.0,nM,=,CHEMBL612545,Agonist activity at human GABAC rho 1 receptor expressed in HEK293 cells by FMP assay
cid:119,119,GABA,depressant,chembl,EC50,1995262314968882.8,nM,=,CHEMBL612545,Agonist activity at human GABAC rho 1 receptor expressed in HEK293 cells by FMP assay
cid:119,119,GABA,depressant,chembl,EC50,22000.0,nM,=,CHEMBL612545,Agonist activity at GABAC rho 1 receptor S168T mutant expressed in tsA-201 cells by FMP assay
cid:119,119,GABA,depressant,chembl,EC50,430.0,nM,=,CHEMBL612545,Agonist activity at GABAC rho 1 receptor expressed in tsA-201 cells by FMP assay
cid:119,119,GABA,depressant,chembl,EC50,398.11,nM,=,CHEMBL612545,Agonist activity at GABAC rho 1 receptor expressed in tsA-201 cells by FMP assay
cid:119,119,GABA,depressant,chembl,Kd,1700.0,nM,=,CHEMBL2109242,Agonist activity against Gamma-aminobutyric acid type C (GABA-C) receptor derived from bovine retinal RNA expressed in X
cid:119,119,GABA,depressant,chembl,Kd,41.1,nM,=,CHEMBL3308912,Binding affinity to human platelet lysate GP6 at 0.1 uM by surface plasmon resonance analysis
cid:10413,10413,GHB,Γ-Hydroxy_acid,chembl,IC50,6600.0,nM,=,CHEMBL3558,Binding affinity towards [3H]GHB binding site
cid:10413,10413,GHB,Γ-Hydroxy_acid,chembl,IC50,25000.0,nM,=,CHEMBL3558,Displacement of [3H]NCS-382 (16 nM) from GHB receptor of rat cerebrocortical membranes
cid:10413,10413,GHB,Γ-Hydroxy_acid,chembl,IC50,1148.15,nM,=,CHEMBL612545,Displacement of [3H]-3-hydroxycyclopent-1-enecarboxylic acid from GHB binding site in Sprague-Dawley rat cerebral cortex
cid:10413,10413,GHB,Γ-Hydroxy_acid,chembl,IC50,1140.0,nM,=,CHEMBL612545,Displacement of [3H]-3-hydroxycyclopent-1-enecarboxylic acid from GHB binding site in Sprague-Dawley rat cerebral cortex
cid:10413,10413,GHB,Γ-Hydroxy_acid,chembl,Ki,4300.0,nM,=,CHEMBL612545,Displacement of [3H]NCS-382 from GABAB receptor in rat brain homogenate
cid:10413,10413,GHB,Γ-Hydroxy_acid,chembl,Ki,3981.07,nM,=,CHEMBL612545,Displacement of [3H]NCS-382 from GABAB receptor in rat brain homogenate
cid:10413,10413,GHB,Γ-Hydroxy_acid,chembl,Ki,4300.0,nM,=,CHEMBL612545,Displacement of [3H]NCS-382 from GABAB receptor gamma-hydroxybutyric acid binding site in rat cerebral cortex synaptic m
cid:10413,10413,GHB,Γ-Hydroxy_acid,chembl,Ki,65000000.0,nM,=,CHEMBL1914279,Inhibition of human PAT1-mediated L-[3H]proline uptake in human Caco2 cells after 10 mins by liquid scintillation counti
cid:10413,10413,GHB,Γ-Hydroxy_acid,chembl,Ki,4300.0,nM,=,CHEMBL612545,Displacement of [3H]NCS-382 from GHB binding site in Sprague-Dawley rat brain synaptic membranes after 1 hr by scintilla
cid:10413,10413,GHB,Γ-Hydroxy_acid,chembl,Ki,3600.0,nM,=,CHEMBL612545,Displacement of [3H]NCS-382 from GHB binding site in Sprague-Dawley rat brain synaptosomal membranes after 1 hr by scint
cid:10413,10413,GHB,Γ-Hydroxy_acid,chembl,Ki,3630.78,nM,=,CHEMBL612545,Displacement of [3H]NCS-382 from GHB binding site in Sprague-Dawley rat brain synaptosomal membranes after 1 hr by scint
cid:10413,10413,GHB,Γ-Hydroxy_acid,chembl,Ki,1000000.0,nM,>,CHEMBL1907607,Displacement of [3H]muscimol from orthosteric binding site of GABA(A) receptor in Sprague-Dawley rat cortical synaptic m
cid:10413,10413,GHB,Γ-Hydroxy_acid,chembl,Ki,4300.0,nM,=,CHEMBL1907607,Displacement of [3H]NCS-382 from high-affinity GHB binding site of GABA(A) receptor in Sprague-Dawley rat cortical synap
cid:10413,10413,GHB,Γ-Hydroxy_acid,chembl,Ki,4300.0,nM,=,CHEMBL2359,Displacement of [3H]NCS-382 from CaMK2alpha in rat brain cortical membrane homogenates measured after 1 hr by TopCount s
cid:10413,10413,GHB,Γ-Hydroxy_acid,chembl,Ki,3000.0,nM,=,CHEMBL2359,Displacement of [3H]HOCPCA from native CaMK2alpha in rat brain cortical membrane homogenates measured after 1 hr by TopC
cid:10413,10413,GHB,Γ-Hydroxy_acid,chembl,Ki,51000.0,nM,=,CHEMBL2359,Displacement of [3H]HOCPCA from recombinant rat CaMK2alpha expressed in HEK293T cells measured after 1 hr by liquid scin
cid:10413,10413,GHB,Γ-Hydroxy_acid,chembl,Ki,4300.0,nM,=,CHEMBL4147,Inhibition of [3H]NCS-382 binding to CaMK2alpha (unknown origin)
cid:10413,10413,GHB,Γ-Hydroxy_acid,chembl,Ki,3000.0,nM,=,CHEMBL2359,Inhibition of [3H]HOPCA binding to CaMKIIalpha in rat brain cortical membrane assessed as inhibition constant incubated 
cid:10413,10413,GHB,Γ-Hydroxy_acid,chembl,EC50,5000000.0,nM,=,CHEMBL612545,Agonist activity at GABA(B) receptor (unknown origin)
cid:3446,3446,Gabapentin,Gabapentinoids,chembl,IC50,27.0,nM,=,CHEMBL1919,Binding affinity towards alpha2-delta subunit of a voltage gated calcium channel using [3H]gabapentin in human brain mem
cid:3446,3446,Gabapentin,Gabapentinoids,chembl,IC50,140.0,nM,=,CHEMBL612545,Binding affinity against alpha2-delta subunit of rat calcium channel
cid:3446,3446,Gabapentin,Gabapentinoids,chembl,IC50,80.0,nM,=,CHEMBL612545,In vitro inhibition of [3H]-gabapentin binding to partially purified rat neocortex synaptic plasma membranes
cid:3446,3446,Gabapentin,Gabapentinoids,chembl,IC50,140.0,nM,=,CHEMBL612545,Displacement of [3H]gabapentin from alpha2-delta subunit of calcium channel
cid:3446,3446,Gabapentin,Gabapentinoids,chembl,IC50,140.0,nM,=,CHEMBL612545,Inhibition of specific binding of [3H]gabapentin to Gabapentin binding sites located on the alpha-2-delta subunit of cal
cid:3446,3446,Gabapentin,Gabapentinoids,chembl,IC50,70.0,nM,=,CHEMBL612545,Inhibition of [3H]gabapentin binding to pig brain membranes
cid:3446,3446,Gabapentin,Gabapentinoids,chembl,IC50,30000.0,nM,=,CHEMBL612545,Inhibition of [3H]leucine uptake into CHO cells by L-amino acid transporters
cid:3446,3446,Gabapentin,Gabapentinoids,chembl,IC50,70.0,nM,=,CHEMBL3985,Displacement of [3H]gabapentin from alpha-2delta calcium channel in pig brain membrane
cid:3446,3446,Gabapentin,Gabapentinoids,chembl,IC50,8900.0,nM,=,CHEMBL3420,Inhibition of potassium-evoked [3H]norepinephrine release from rat neocortex
cid:3446,3446,Gabapentin,Gabapentinoids,chembl,IC50,87.0,nM,=,CHEMBL612545,Displacement of [3H]gabapentin from alpha2-delta calcium channel in pig brain
cid:3446,3446,Gabapentin,Gabapentinoids,chembl,IC50,70.0,nM,=,CHEMBL612545,Displacement of [3H]gabapentin from alpha2-delta subunit of voltage gated calcium channel in pig brain membrane
cid:3446,3446,Gabapentin,Gabapentinoids,chembl,IC50,30000.0,nM,=,CHEMBL612545,Displacement of [3H]leucine from Large neutral amino acids transporter system L in CHO cells
cid:3446,3446,Gabapentin,Gabapentinoids,chembl,IC50,140.0,nM,=,CHEMBL3985,Displacement of [3H]gabapentin from calcium channel alpha2delta in pig cerebral cortex membrane after 30 mins
cid:3446,3446,Gabapentin,Gabapentinoids,chembl,IC50,140.0,nM,=,CHEMBL612545,Displacement of [3H]gabapentin from Voltage-dependent calcium channel subunit alpha-2/delta in pig cerebral cortex by sc
cid:3446,3446,Gabapentin,Gabapentinoids,chembl,IC50,43000.0,nM,=,CHEMBL612545,Displacement of [3H]gabapentin binding to voltage gated calcium channel alpha2delta from rat cerebral cortex by scintill
cid:3446,3446,Gabapentin,Gabapentinoids,chembl,Ki,120.0,nM,=,CHEMBL4676,Displacement of [3H]L-leucine from alpha-2delta containing calcium channel in murine brain
cid:3446,3446,Gabapentin,Gabapentinoids,chembl,Ki,120.23,nM,=,CHEMBL4676,Displacement of [3H]L-leucine from alpha-2delta containing calcium channel in murine brain
cid:3446,3446,Gabapentin,Gabapentinoids,chembl,Ki,35000.0,nM,=,CHEMBL612545,Displacement of [3H]gabapentin binding to voltage gated calcium channel alpha2delta from rat cerebral cortex by scintill
cid:3446,3446,Gabapentin,Gabapentinoids,chembl,Ki,,,,CHEMBL220,DRUGMATRIX: Acetylcholinesterase enzyme inhibition (substrate: acetylthiocholine)
cid:3446,3446,Gabapentin,Gabapentinoids,chembl,Ki,,,,CHEMBL226,DRUGMATRIX: Adenosine A1 radioligand binding (ligand: DPCPX)
cid:3446,3446,Gabapentin,Gabapentinoids,chembl,Ki,,,,CHEMBL251,DRUGMATRIX: Adenosine A2A radioligand binding (ligand: AB-MECA)
cid:3446,3446,Gabapentin,Gabapentinoids,chembl,Ki,,,,CHEMBL256,DRUGMATRIX: Adenosine A3 radioligand binding (ligand: AB-MECA)
cid:3446,3446,Gabapentin,Gabapentinoids,chembl,Ki,,,,CHEMBL612545,DRUGMATRIX: Sodium/nucleoside co-transporter radioligand binding (ligand: nitrobenzylthioinosine)
cid:3446,3446,Gabapentin,Gabapentinoids,chembl,Ki,,,,CHEMBL319,DRUGMATRIX: Alpha-1A adrenergic receptor radioligand binding (ligand: prazosin)
cid:3446,3446,Gabapentin,Gabapentinoids,chembl,Ki,,,,CHEMBL315,DRUGMATRIX: Alpha-1B adrenergic receptor radioligand binding (ligand: prazosin)
cid:3446,3446,Gabapentin,Gabapentinoids,chembl,Ki,,,,CHEMBL223,DRUGMATRIX: Alpha-1D adrenergic receptor radioligand binding (ligand: prazosin)
cid:3446,3446,Gabapentin,Gabapentinoids,chembl,Ki,,,,CHEMBL1867,DRUGMATRIX: Alpha-2A adrenergic receptor radioligand binding (ligand: MK-912)
cid:3446,3446,Gabapentin,Gabapentinoids,chembl,Ki,,,,CHEMBL1942,DRUGMATRIX: Alpha-2B adrenergic receptor radioligand binding (ligand: Rauwolscine)
cid:3446,3446,Gabapentin,Gabapentinoids,chembl,Ki,,,,CHEMBL1916,DRUGMATRIX: Adrenergic Alpha-2C radioligand binding (ligand: [3H] MK-912)
cid:3446,3446,Gabapentin,Gabapentinoids,chembl,Ki,,,,CHEMBL213,DRUGMATRIX: Adrenergic beta1 radioligand binding (ligand: [125I] Cyanopindolol)
cid:3448,3448,Gaboxadol,"3-hydroxyisoxazole, 3-Hydroxyisoxazole",chembl,IC50,92.0,nM,=,CHEMBL1907607,Binding affinity against Gamma-aminobutyric acid A receptor in rat cerebral cortex
cid:3448,3448,Gaboxadol,"3-hydroxyisoxazole, 3-Hydroxyisoxazole",chembl,IC50,100000.0,nM,>,CHEMBL2111474,Inhibition of Gamma-aminobutyric acid type B receptor of rat cortex
cid:3448,3448,Gaboxadol,"3-hydroxyisoxazole, 3-Hydroxyisoxazole",chembl,IC50,300000.0,nM,>,CHEMBL376,Concentration inhibiting GABA uptake rat brain synaptosomes.
cid:3448,3448,Gaboxadol,"3-hydroxyisoxazole, 3-Hydroxyisoxazole",chembl,IC50,130.0,nM,=,CHEMBL1907607,Inhibition against Gamma-aminobutyric acid A (GABA-A) receptor
cid:3448,3448,Gaboxadol,"3-hydroxyisoxazole, 3-Hydroxyisoxazole",chembl,IC50,130.0,nM,=,CHEMBL1907607,In vitro affinity for GABA binding sites on purified synaptic membranes from rat brain.
cid:3448,3448,Gaboxadol,"3-hydroxyisoxazole, 3-Hydroxyisoxazole",chembl,IC50,500000.0,nM,>,CHEMBL2111478,In vitro effect on GABA uptake in a crude preparation of synaptosomes from rat brain.
cid:3448,3448,Gaboxadol,"3-hydroxyisoxazole, 3-Hydroxyisoxazole",chembl,IC50,100.0,nM,=,CHEMBL1907607,Inhibition of [3H]-GABA binding to GABA-A receptor in rat cerebral cortex homogenates
cid:3448,3448,Gaboxadol,"3-hydroxyisoxazole, 3-Hydroxyisoxazole",chembl,IC50,31.5,nM,=,CHEMBL1907607,Displacement of [3H]- muscimol in cerebral tissue of male rats
cid:3448,3448,Gaboxadol,"3-hydroxyisoxazole, 3-Hydroxyisoxazole",chembl,IC50,,,,CHEMBL1907607,Inhibition of [3H]GABA binding in GABAA receptor in rat brain synaptic membranes
cid:3448,3448,Gaboxadol,"3-hydroxyisoxazole, 3-Hydroxyisoxazole",chembl,IC50,20000.0,nM,>,CHEMBL4303835,Antiviral activity determined as inhibition of SARS-CoV-2 induced cytotoxicity of VERO-6 cells at 10 uM after 48 hours e
cid:3448,3448,Gaboxadol,"3-hydroxyisoxazole, 3-Hydroxyisoxazole",chembl,IC50,19952.62,nM,>,CHEMBL4303835,Antiviral activity determined as inhibition of SARS-CoV-2 induced cytotoxicity of VERO-6 cells at 10 uM after 48 hours e
cid:3448,3448,Gaboxadol,"3-hydroxyisoxazole, 3-Hydroxyisoxazole",chembl,Ki,160.0,nM,=,CHEMBL1907607,Displacement of [3H]muscimol from GABAA receptor in rat brain synaptic membranes
cid:3448,3448,Gaboxadol,"3-hydroxyisoxazole, 3-Hydroxyisoxazole",chembl,Ki,100000.0,nM,=,CHEMBL612545,Antagonist activity at human GABAc rho 1 receptor expressed in HEK293 cells by FMP assay
cid:3448,3448,Gaboxadol,"3-hydroxyisoxazole, 3-Hydroxyisoxazole",chembl,Ki,100000.0,nM,=,CHEMBL612545,Antagonist activity at human GABAc rho 1 receptor expressed in HEK293 cells by FMP assay
cid:3448,3448,Gaboxadol,"3-hydroxyisoxazole, 3-Hydroxyisoxazole",chembl,Ki,160.0,nM,=,CHEMBL612545,Displacement of [3H]muscimol from GABAA receptor in rat synaptic membrane after 60 mins by scintillation counting analys
cid:3448,3448,Gaboxadol,"3-hydroxyisoxazole, 3-Hydroxyisoxazole",chembl,EC50,335000.0,nM,=,CHEMBL2094133,Activation of chloride ion uptake into mouse brain synaptoneurosomes
cid:3448,3448,Gaboxadol,"3-hydroxyisoxazole, 3-Hydroxyisoxazole",chembl,EC50,55000.0,nM,=,CHEMBL376,Tested for inhibition of CA1 population spike in rat hippocampal slice by electrophysiological experiment
cid:3448,3448,Gaboxadol,"3-hydroxyisoxazole, 3-Hydroxyisoxazole",chembl,EC50,14125.38,nM,=,CHEMBL2095172,Agonist activity at human GABAA alpha1beta2gamma2S receptor expressed in TSA201 cells after 1 min by FLIPR assay
cid:3448,3448,Gaboxadol,"3-hydroxyisoxazole, 3-Hydroxyisoxazole",chembl,EC50,14000.0,nM,=,CHEMBL2095172,Agonist activity at human GABAA alpha1beta2gamma2S receptor expressed in TSA201 cells after 1 min by FLIPR assay
cid:9651,9651,Galantamine,Benzazepine,chembl,IC50,35000.0,nM,=,CHEMBL4078,In vitro inhibitory activity against acetylcholinesterase (AChE) in Electrophorus electricus
cid:9651,9651,Galantamine,Benzazepine,chembl,IC50,18000.0,nM,=,CHEMBL1914,In vitro inhibitory activity against Butyrylcholinesterase (BChE) in human serum
cid:9651,9651,Galantamine,Benzazepine,chembl,IC50,1030000.0,nM,=,CHEMBL3199,Inhibitory activity against acetylcholinesterase (AChE) in rat brain homogenates
cid:9651,9651,Galantamine,Benzazepine,chembl,IC50,538.0,nM,=,CHEMBL3199,In vitro inhibitory effect on rat Acetylcholinesterase
cid:9651,9651,Galantamine,Benzazepine,chembl,IC50,750.0,nM,=,CHEMBL3199,Inhibition against acetylcholinesterase (AChE)
cid:9651,9651,Galantamine,Benzazepine,chembl,IC50,360.0,nM,=,CHEMBL4780,Inhibitory activity against acetylcholinesterase (AChE) from Torpedo californica (Reversible type of inhibition)
cid:9651,9651,Galantamine,Benzazepine,chembl,IC50,360.0,nM,=,CHEMBL4078,Compound was assessed for in vitro inhibition of Acetylcholinesterase isolated from Electrophorus electricus
cid:9651,9651,Galantamine,Benzazepine,chembl,IC50,630.0,nM,=,CHEMBL3199,Acetylcholinesterase inhibitory activity in rat striatal homogenates
cid:9651,9651,Galantamine,Benzazepine,chembl,IC50,800.0,nM,=,CHEMBL220,Ex vivo inhibition of human erythrocyte Acetylcholinesterase.
cid:9651,9651,Galantamine,Benzazepine,chembl,IC50,7300.0,nM,=,CHEMBL1914,Ex vivo inhibition of human plasma Butyrylcholinesterase.
cid:9651,9651,Galantamine,Benzazepine,chembl,IC50,1760.0,nM,=,CHEMBL3199,Inhibitory activity against acetylcholinesterase in rat brain
cid:9651,9651,Galantamine,Benzazepine,chembl,IC50,100.0,nM,=,CHEMBL220,Inhibitory activity against acetylcholinesterase in human RBC
cid:9651,9651,Galantamine,Benzazepine,chembl,IC50,500.0,nM,~,CHEMBL220,In vitro inhibition of human recombinant AChE.
cid:9651,9651,Galantamine,Benzazepine,chembl,IC50,800.0,nM,=,CHEMBL220,Inhibitory concentration against human erythrocyte Acetylcholinesterase
cid:9651,9651,Galantamine,Benzazepine,chembl,IC50,7300.0,nM,=,CHEMBL1914,Inhibitory concentration against human plasma Butyrylcholinesterase
cid:9651,9651,Galantamine,Benzazepine,chembl,Ki,1560.0,nM,=,CHEMBL4078,Inhibitory activity AChE from Electrophorus electricus using ATCh substrate and DTNB by spectrophotometry
cid:9651,9651,Galantamine,Benzazepine,chembl,Ki,440.0,nM,=,CHEMBL4078,Inhibitory activity against AChE from electric eel
cid:9651,9651,Galantamine,Benzazepine,chembl,Ki,8000.0,nM,=,CHEMBL5077,Inhibitory activity against BuChE from horse serum
cid:9651,9651,Galantamine,Benzazepine,chembl,Ki,,,,CHEMBL340,Inhibition of human CYP3A4 assessed as biotransformation of 7-benzyloxyquinoline
cid:9651,9651,Galantamine,Benzazepine,chembl,Ki,428.0,nM,=,CHEMBL4078,Competitive inhibition of Electrophorus electricus AChE by Lineweaver-Burke plot analysis
cid:9651,9651,Galantamine,Benzazepine,chembl,Ki,300.0,nM,=,CHEMBL220,Inhibition of AChE by Ellman's assay
cid:9651,9651,Galantamine,Benzazepine,chembl,Ki,,,,CHEMBL245,DRUGMATRIX: Muscarinic M3 radioligand binding (ligand: [3H] N-Methylscopolamine)
cid:9651,9651,Galantamine,Benzazepine,chembl,Ki,,,,CHEMBL1821,DRUGMATRIX: Muscarinic M4 radioligand binding (ligand: [3H] N-Methylscopolamine)
cid:9651,9651,Galantamine,Benzazepine,chembl,Ki,,,,CHEMBL2035,DRUGMATRIX: Muscarinic M5 radioligand binding (ligand: [3H] N-Methylscopolamine)
cid:9651,9651,Galantamine,Benzazepine,chembl,Ki,,,,CHEMBL4777,DRUGMATRIX: Neuropeptide Y Y1 radioligand binding (ligand: [125I] Peptide YY)
cid:9651,9651,Galantamine,Benzazepine,chembl,Ki,,,,CHEMBL4018,DRUGMATRIX: Neuropeptide Y Y2 radioligand binding (ligand: [125I] Peptide YY)
cid:9651,9651,Galantamine,Benzazepine,chembl,Ki,,,,CHEMBL612545,DRUGMATRIX: Nicotinic Acetylcholine radioligand binding (ligand: [125I] Epibatidine)
cid:9651,9651,Galantamine,Benzazepine,chembl,Ki,,,,CHEMBL3048,"DRUGMATRIX: Nitric Oxide Synthase, Neuronal (nNOS) radioligand binding (ligand: [3H]L-Arginine)"
cid:9651,9651,Galantamine,Benzazepine,chembl,Ki,,,,CHEMBL3464,"DRUGMATRIX: Nitric Oxide Synthase, Inducible (iNOS) enzyme inhibition (substrate: L-Arginine)"
cid:9651,9651,Galantamine,Benzazepine,chembl,Ki,,,,CHEMBL236,"DRUGMATRIX: Opiate delta1 (OP1, DOP) radioligand binding (ligand: [3H] Naltrindole)"
cid:9651,9651,Galantamine,Benzazepine,chembl,EC50,1100.0,nM,=,CHEMBL220,In vitro reversal of vecuronium-induced neuromuscular block in guinea pig hemi-diaphragm.
cid:9651,9651,Galantamine,Benzazepine,chembl,EC50,4.93,ug.mL-1,=,CHEMBL613617,Antioxidant activity in Wistar rat brain assessed as inhibition of lipid peroxidation
cid:9651,9651,Galantamine,Benzazepine,chembl,EC50,4.21,ug.mL-1,=,CHEMBL613617,Antioxidant activity in Wistar rat brain assessed as reduction in glutathione content
cid:9651,9651,Galantamine,Benzazepine,chembl,EC50,3.84,ug.mL-1,=,CHEMBL612545,Inhibition of superoxide dismutase in Wistar rat brain
cid:9651,9651,Galantamine,Benzazepine,chembl,EC50,5.06,ug.mL-1,=,CHEMBL1075216,Inhibition of catalase in Wistar rat brain
cid:9651,9651,Galantamine,Benzazepine,chembl,EC50,2810.0,nM,=,CHEMBL3879801,Neuroprotective activity against oligomycine/rotenone-induced oxidative stress-mediated cell death in human SH-SY5Y cell
cid:9651,9651,Galantamine,Benzazepine,chembl,EC50,1940.0,nM,=,CHEMBL3879801,Neuroprotective activity against okadaic acid-induced tau phosphorylation-mediated cell death in human SH-SY5Y cells ass
cid:9651,9651,Galantamine,Benzazepine,chembl,EC50,1480.0,nM,=,CHEMBL3879801,Neuroprotective activity against NMDA-induced excitotoxicity in Sprague-Dawley rat primary cortical neurons assessed as 
cid:33032,33032,Glutamate,,chembl,IC50,171.0,nM,=,CHEMBL1907608,Inhibition of N-methyl-D-aspartate glutamate receptor by using [3H]CPP as a radioligand from the rat cortical membranes.
cid:33032,33032,Glutamate,,chembl,IC50,70.0,nM,=,CHEMBL1907608,Inhibition of [3H]CPP binding to rat N-methyl-D-aspartate glutamate receptor
cid:33032,33032,Glutamate,,chembl,IC50,1200.0,nM,=,CHEMBL2093871,Inhibition of specific binding of [3H]AMPA to Ionotropic glutamate receptor AMPA in rat brain membranes
cid:33032,33032,Glutamate,,chembl,IC50,700.0,nM,=,CHEMBL2094119,Inhibition of specific binding of [3H]kainate to Ionotropic glutamate receptor kainate in rat brain membranes
cid:33032,33032,Glutamate,,chembl,IC50,120.0,nM,=,CHEMBL2094119,Compound was evaluated for the inhibition of [3H]-KA binding to Ionotropic glutamate receptor kainate from rat brain syn
cid:33032,33032,Glutamate,,chembl,IC50,150.0,nM,=,CHEMBL2093871,Compound was evaluated for the inhibition of [3H]AMPA binding to Ionotropic glutamate receptor AMPA from rat brain synap
cid:33032,33032,Glutamate,,chembl,IC50,80.0,nM,=,CHEMBL1907608,"Compound was evaluated for the inhibition of [3H]CGS-19,755 binding to NMDA receptor from rat brain synaptic membrane."
cid:33032,33032,Glutamate,,chembl,IC50,500.0,nM,=,CHEMBL612545,In vitro binding affinity against synaptic membrane from rat brain using [3H]-AMPA as the radioligand
cid:33032,33032,Glutamate,,chembl,IC50,270.0,nM,=,CHEMBL2094119,In vitro binding affinity against synaptic membrane from rat brain using [3H]KAIN as the radioligand
cid:33032,33032,Glutamate,,chembl,IC50,170.0,nM,=,CHEMBL376,In vitro binding affinity against synaptic membrane from rat brain using [3H](S)-Glu as the radioligand
cid:33032,33032,Glutamate,,chembl,IC50,7500.0,nM,=,CHEMBL612545,In vitro binding affinity against synaptic membrane from rat brain using [3H](R)-Asp as the radioligand
cid:33032,33032,Glutamate,,chembl,IC50,500.0,nM,=,CHEMBL2093871,Binding affinity was measured by [3H]- Ionotropic glutamate receptor AMPA binding assay.
cid:33032,33032,Glutamate,,chembl,IC50,400.0,nM,=,CHEMBL2094119,Binding affinity was measured by [3H]- KAIN receptor binding assay.
cid:33032,33032,Glutamate,,chembl,IC50,200.0,nM,=,CHEMBL612545,Binding affinity was measured by NMDA sensitive [3H]- glutamic acid receptor binding assay.
cid:33032,33032,Glutamate,,chembl,IC50,400.0,nM,=,CHEMBL2094119,Compound tested for binding affinity towards Ionotropic glutamate receptor kainate
cid:33032,33032,Glutamate,,chembl,Ki,1362.0,nM,=,CHEMBL2009,Compound was tested for binding affinity against human Ionotropic glutamate receptor AMPA 1 in HEK293 cells using [3H]-A
cid:33032,33032,Glutamate,,chembl,Ki,940.0,nM,=,CHEMBL4016,Compound was tested for binding affinity against human Ionotropic glutamate receptor AMPA 2 in HK293 cells using [3H]AMP
cid:33032,33032,Glutamate,,chembl,Ki,868.0,nM,=,CHEMBL3190,Compound was tested for binding affinity against human Ionotropic glutamate receptor AMPA 4 in HEK293 cells using [3H]AM
cid:33032,33032,Glutamate,,chembl,Ki,701.0,nM,=,CHEMBL1918,Binding affinity against human ionotropic glutamate receptor kainate 1 in HK293 cells using [3H]kainate as radioligand
cid:33032,33032,Glutamate,,chembl,Ki,1106.0,nM,=,CHEMBL3683,Binding affinity against human GluR6
cid:33032,33032,Glutamate,,chembl,Ki,750.0,nM,=,CHEMBL2675,Ability to bind to Ionotropic glutamate receptor kainate (kainate 2) was evaluated.
cid:33032,33032,Glutamate,,chembl,Ki,789.0,nM,=,CHEMBL3684,Ability to bind to Ionotropic glutamate receptor ionotropic kainate 3 was evaluated
cid:33032,33032,Glutamate,,chembl,Ki,10000.0,nM,=,CHEMBL3772,Agonist potency against cloned human metabotropic glutamate receptor 1
cid:33032,33032,Glutamate,,chembl,Ki,12000.0,nM,=,CHEMBL5137,Potency against cloned Metabotropic glutamate receptor 2 agonist
cid:33032,33032,Glutamate,,chembl,Ki,9000.0,nM,=,CHEMBL2888,Agonist potency against cloned Metabotropic glutamate receptor 3 (mGluR-3).
cid:33032,33032,Glutamate,,chembl,Ki,17000.0,nM,=,CHEMBL2736,Agonist potency against cloned human Metabotropic glutamate receptor 4 (mGluR-4)
cid:33032,33032,Glutamate,,chembl,Ki,11400.0,nM,=,CHEMBL3227,Agonist potency against cloned metabotropic glutamate receptor 5
cid:33032,33032,Glutamate,,chembl,Ki,38000.0,nM,=,CHEMBL4573,Agonist potency against cloned Metabotropic glutamate receptor 6 (mGluR-6).
cid:33032,33032,Glutamate,,chembl,Ki,5400000.0,nM,=,CHEMBL3777,Agonist potency against cloned Metabotropic glutamate receptor 7 (mGluR-7).
cid:33032,33032,Glutamate,,chembl,Ki,9500.0,nM,=,CHEMBL3228,Agonist potency against cloned Metabotropic glutamate receptor 8 (mGluR-8).
cid:33032,33032,Glutamate,,chembl,EC50,610.0,nM,=,CHEMBL2851,Agonistic activity evaluated in CHO(Chinese hamster ovary) cells expressing mGluR2 receptor
cid:33032,33032,Glutamate,,chembl,EC50,2500.0,nM,=,CHEMBL2888,Agonistic activity evaluated in CHO(Chinese hamster ovary) cells expressing chimeric mGluR3/1a receptor
cid:33032,33032,Glutamate,,chembl,EC50,7400.0,nM,=,CHEMBL5137,Antagonistic activity against stimulation of GTP (gamma) 35 S binding by glutamate in membranes from CHO cells expressin
cid:33032,33032,Glutamate,,chembl,EC50,75000.0,nM,=,CHEMBL1918,Effective concentration against GluR5 expressed in HEK293 cells
cid:33032,33032,Glutamate,,chembl,EC50,25000.0,nM,=,CHEMBL3683,Effective concentration against human GluR6 expressed in HEK293 cells
cid:33032,33032,Glutamate,,chembl,EC50,35200.0,nM,=,CHEMBL613705,Effective concentration against Dorsal root ganglia (DRG) neurones
cid:33032,33032,Glutamate,,chembl,EC50,1050.0,nM,=,CHEMBL3772,Effect of compound on Metabotropic glutamate receptor 1 expressed in HEK 293 cells was determined by measuring IP produc
cid:33032,33032,Glutamate,,chembl,EC50,1700.0,nM,=,CHEMBL612545,Effective concentration against NR1/NR2A receptor
cid:33032,33032,Glutamate,,chembl,EC50,800.0,nM,=,CHEMBL612545,Effective concentration against NR1/NR2B receptor
cid:33032,33032,Glutamate,,chembl,EC50,700.0,nM,=,CHEMBL612545,Effective concentration against NR1/NR2C receptor
cid:33032,33032,Glutamate,,chembl,EC50,400.0,nM,=,CHEMBL612545,Effective concentration against NR1/NR2D receptor
cid:33032,33032,Glutamate,,chembl,EC50,19000.0,nM,=,CHEMBL3772,Agonistic activity at mGlu1-alpha receptor expressed in CHO cells
cid:33032,33032,Glutamate,,chembl,EC50,8500.0,nM,=,CHEMBL5137,Agonistic activity at mGlu2 receptor expressed in CHO cells
cid:33032,33032,Glutamate,,chembl,EC50,15000.0,nM,=,CHEMBL2736,Agonistic activity at mGlu4a receptor expressed in CHO cells
cid:33032,33032,Glutamate,,chembl,EC50,20000.0,nM,=,CHEMBL4573,Agonistic activity at mGlu6 receptor expressed in CHO cells
cid:33032,33032,Glutamate,,chembl,Kd,122000.0,nM,=,CHEMBL612545,Binding affinity to Pyrococcus horikoshii sodium-coupled aspartate transporter
cid:3559,3559,Haloperidol,"Substituted_piperidines, Butyrophenone",chembl,IC50,3.1,nM,=,CHEMBL339,Compound was evaluated In vitro for its activity by binding to Dopamine receptor D2 in the rat brain using [3H]NPA as ra
cid:3559,3559,Haloperidol,"Substituted_piperidines, Butyrophenone",chembl,IC50,19.0,nM,=,CHEMBL2094111,Compound was evaluated In vitro for its activity by binding to Alpha adrenergic receptor in the rat brain using [3H]praz
cid:3559,3559,Haloperidol,"Substituted_piperidines, Butyrophenone",chembl,IC50,1000.0,nM,>,CHEMBL273,Binding affinity to 5-hydroxytryptamine 1A receptor in the rat brain using [3H]8-hydroxy-2-(di-n-propylamine)tetralin as
cid:3559,3559,Haloperidol,"Substituted_piperidines, Butyrophenone",chembl,IC50,56.0,nM,=,CHEMBL2093870,Compound was evaluated In vitro for its activity by binding to 5-hydroxytryptamine 2 receptor in the rat brain using [3H
cid:3559,3559,Haloperidol,"Substituted_piperidines, Butyrophenone",chembl,IC50,12.0,nM,=,CHEMBL339,In vitro binding affinity at Dopamine receptor D2 in rat by displacing [3H]- spiperone from rat striatal membrane
cid:3559,3559,Haloperidol,"Substituted_piperidines, Butyrophenone",chembl,IC50,40.0,nM,=,CHEMBL339,Inhibition of [3H]raclopride binding at Dopamine receptor D2 from rat striata.
cid:3559,3559,Haloperidol,"Substituted_piperidines, Butyrophenone",chembl,IC50,7000.0,nM,=,CHEMBL273,Inhibition of [3H]8-OH-DPAT binding at serotonin 5-hydroxytryptamine 1A receptor from rat hippocampus tissue.
cid:3559,3559,Haloperidol,"Substituted_piperidines, Butyrophenone",chembl,IC50,360.0,nM,=,CHEMBL2093870,Inhibition of [3H]ketanserin binding at 5-hydroxytryptamine 2 receptor from rat frontal cortex.
cid:3559,3559,Haloperidol,"Substituted_piperidines, Butyrophenone",chembl,IC50,1.2,nM,=,CHEMBL339,Inhibition of 0.1 nM of [125I]- (S)-N-(1-Ethyl-pyrrolidin-2-ylmethyl)-5-iodo-2-methoxy-benzamide binding in striatal hom
cid:3559,3559,Haloperidol,"Substituted_piperidines, Butyrophenone",chembl,IC50,6.0,nM,=,CHEMBL339,Inhibition of [3H](S)-sulpiride binding in striatal homogenates of rat brain
cid:3559,3559,Haloperidol,"Substituted_piperidines, Butyrophenone",chembl,IC50,0.65,nM,=,CHEMBL3602,Compound was evaluated for the binding affinity towards Sigma receptor type 1 using radioligand ([3H]-(+)- Pentazocine) 
cid:3559,3559,Haloperidol,"Substituted_piperidines, Butyrophenone",chembl,IC50,17.0,nM,=,CHEMBL3602,Binding affinity towards Sigma receptor type 2 in whole rat brain homogenates except cerebellum using radioligand ([3H]D
cid:3559,3559,Haloperidol,"Substituted_piperidines, Butyrophenone",chembl,IC50,17.0,nM,=,CHEMBL3602,"Binding effinity for sigma receptor using 2 nM of [3H]-DTG as radioligand, in membranes from brain minus cerebellum"
cid:3559,3559,Haloperidol,"Substituted_piperidines, Butyrophenone",chembl,IC50,1000.0,nM,>,CHEMBL273,Inhibitory concentration against binding of 5-hydroxytryptamine 1A receptor from striata of male Wistar rats by displace
cid:3559,3559,Haloperidol,"Substituted_piperidines, Butyrophenone",chembl,IC50,9.0,nM,=,CHEMBL2093868,compound was tested for inhibition of 0.5 nM [3H]spiroperidol binding to dopamine receptor from rat striatal membrane.
cid:3559,3559,Haloperidol,"Substituted_piperidines, Butyrophenone",chembl,Ki,3.2,nM,=,CHEMBL287,Compound was tested for its binding affinity towards sigma 1 receptor using [3H](+)-pentazocine from guinea pig brain
cid:3559,3559,Haloperidol,"Substituted_piperidines, Butyrophenone",chembl,Ki,11.7,nM,=,CHEMBL613288,Binding affinity towards sigma 2 receptor using [3H]DTG in the presence of 200 nM (+)-NANM from guinea pig brain
cid:3559,3559,Haloperidol,"Substituted_piperidines, Butyrophenone",chembl,Ki,16.0,nM,=,CHEMBL2095200,Compound was tested for its binding affinity towards 5-hydroxytryptamine 2 receptor using [3H]ketanserin from guinea pig
cid:3559,3559,Haloperidol,"Substituted_piperidines, Butyrophenone",chembl,Ki,4.8,nM,=,CHEMBL339,Compound was tested for its binding affinity towards Dopamine receptor D2 using [3H]spiperone from rat striatum
cid:3559,3559,Haloperidol,"Substituted_piperidines, Butyrophenone",chembl,Ki,5.0,nM,=,CHEMBL5456,Displacement of [3H]-YM 09151 from african green monkey Dopamine receptor D2
cid:3559,3559,Haloperidol,"Substituted_piperidines, Butyrophenone",chembl,Ki,3.0,nM,=,CHEMBL2304406,Displacement of [3H]-YM 09151 from african monkey Dopamine receptor D3
cid:3559,3559,Haloperidol,"Substituted_piperidines, Butyrophenone",chembl,Ki,7.0,nM,=,CHEMBL219,Displacement of [3H]-YM 09151 from human Dopamine receptor D4
cid:3559,3559,Haloperidol,"Substituted_piperidines, Butyrophenone",chembl,Ki,2.2,nM,=,CHEMBL287,Ability to displace [3H](+)-pentazocine from Sigma opioid receptor type 1 of guinea pig brain
cid:3559,3559,Haloperidol,"Substituted_piperidines, Butyrophenone",chembl,Ki,34.2,nM,=,CHEMBL3602,Ability to displace [3H]ditolylguanidine in the presence of 100 nM (+)-pentazocine from Sigma opioid receptor type 2 of 
cid:3559,3559,Haloperidol,"Substituted_piperidines, Butyrophenone",chembl,Ki,97.72,nM,=,CHEMBL265,Inhibition constant for in vitro inhibition of [3H]-SCH- 23390 binding to striatal membranes Dopamine receptor D1
cid:3559,3559,Haloperidol,"Substituted_piperidines, Butyrophenone",chembl,Ki,5.012,nM,=,CHEMBL339,Inhibition constant for in vitro inhibition of [3H]spiperone binding to striatal membranes Dopamine receptor D2
cid:3559,3559,Haloperidol,"Substituted_piperidines, Butyrophenone",chembl,Ki,19.95,nM,=,CHEMBL322,Inhibition constant for in vitro inhibition of [3H]ketanserin binding to rat frontal cortex membranes 5-hydroxytryptamin
cid:3559,3559,Haloperidol,"Substituted_piperidines, Butyrophenone",chembl,Ki,3.6,nM,=,CHEMBL219,Displacement of [3H]YM-09151-2 from human Dopamine receptor D4.2 expressed in baculovirus Sf9 cells
cid:3559,3559,Haloperidol,"Substituted_piperidines, Butyrophenone",chembl,Ki,1.7,nM,=,CHEMBL339,Displacement of [3H]spiperone from Dopamine receptor D2 of rat corpora striata synaptic membranes
cid:3559,3559,Haloperidol,"Substituted_piperidines, Butyrophenone",chembl,Ki,5000.0,nM,>,CHEMBL3371,Binding affinity towards human 5-hydroxytryptamine 6 receptor
cid:3559,3559,Haloperidol,"Substituted_piperidines, Butyrophenone",chembl,EC50,17.0,nM,=,CHEMBL219,Agonistic activity against human Dopamine receptor D4.2 using [35S]GTP-gamma-S binding assay
cid:3559,3559,Haloperidol,"Substituted_piperidines, Butyrophenone",chembl,EC50,10000.0,nM,>,CHEMBL4869,Half maximal inhibition of Prion protein PrPsc formation was assayed in ScN2a cells
cid:3559,3559,Haloperidol,"Substituted_piperidines, Butyrophenone",chembl,EC50,10000.0,nM,>,CHEMBL219,Agonist activity was calculated in calcium flux assay using HEK293 cells co-transfected with human Dopamine receptor D4.
cid:3559,3559,Haloperidol,"Substituted_piperidines, Butyrophenone",chembl,EC50,0.88,umol/Kg,=,CHEMBL369,Cardiotoxicity in iv dosed Dunkin-Hartley guinea pig assessed as drug level required to evoke 50 ms QTc prolongation adm
cid:3559,3559,Haloperidol,"Substituted_piperidines, Butyrophenone",chembl,EC50,331131.12,nM,=,CHEMBL369,Cardiotoxicity in iv dosed Dunkin-Hartley guinea pig assessed as drug level required to evoke 50 ms QTc prolongation adm
cid:3559,3559,Haloperidol,"Substituted_piperidines, Butyrophenone",chembl,EC50,33000.0,nM,=,CHEMBL612558,Cytotoxicity against BESM cells after 88 hrs by HTS assay
cid:3559,3559,Haloperidol,"Substituted_piperidines, Butyrophenone",chembl,EC50,7000.0,nM,=,CHEMBL368,Antitrypanosomal activity against Trypanosoma cruzi amastigotes infected in BESM cells measured after 88 hrs postinfecti
cid:3559,3559,Haloperidol,"Substituted_piperidines, Butyrophenone",chembl,EC50,,,,CHEMBL216,Agonist activity at human M1 receptor expressed in CHO-K1 cells assessed as calcium mobilization for 6 mins by Calcium4-
cid:3559,3559,Haloperidol,"Substituted_piperidines, Butyrophenone",chembl,EC50,,,,CHEMBL214,Agonist activity at 5-HT1A receptor (unknown origin) expressed in HEK293 cells assessed as inhibition of [35S]GTPgammaS 
cid:3559,3559,Haloperidol,"Substituted_piperidines, Butyrophenone",chembl,EC50,,,,CHEMBL2056,Agonist activity at dopamine D1 receptor (unknown origin) expressed in HEK293 cells assessed as stimulation of [35S]GTPg
cid:3559,3559,Haloperidol,"Substituted_piperidines, Butyrophenone",chembl,EC50,10000.0,nM,>,CHEMBL233,Agonist activity at human MOR expressed in CHOK1 cells assessed as stimulation of cAMP accumulation incubated for 45 min
cid:3559,3559,Haloperidol,"Substituted_piperidines, Butyrophenone",chembl,EC50,0.2,mg kg-1,=,CHEMBL376,Inhibition of apomorphine-induced stereotyped behavior rat model
cid:3559,3559,Haloperidol,"Substituted_piperidines, Butyrophenone",chembl,EC50,,,,CHEMBL214,Agonist activity at human 5HT1A expressed in HEK293 cells assessed as inhibition of forskolin stimulated cAMP production
cid:3559,3559,Haloperidol,"Substituted_piperidines, Butyrophenone",chembl,EC50,2.76,nM,=,CHEMBL234,"Antagonist activity at SNAP-tagged human D3R receptor transfected in HEK293T cells coexpressing wild type Galpha-oA, ven"
cid:3559,3559,Haloperidol,"Substituted_piperidines, Butyrophenone",chembl,Kd,102.33,nM,=,CHEMBL376,Compound was evaluated for the pA2 values against Norepinephrine (NE)-induced contraction of isolated rat vas deferens
cid:3559,3559,Haloperidol,"Substituted_piperidines, Butyrophenone",chembl,Kd,39.81,nM,=,CHEMBL376,Compound was evaluated for the pA2 values against Dopamine (DA)-induced contraction of isolated rat vas deferens.
cid:3559,3559,Haloperidol,"Substituted_piperidines, Butyrophenone",chembl,Kd,17.38,nM,=,CHEMBL319,Binding affinity towards Alpha-1A adrenergic receptor in rat denuded thoracic aorta
cid:3559,3559,Haloperidol,"Substituted_piperidines, Butyrophenone",chembl,Kd,316.23,nM,=,CHEMBL234,Intrinsic activity against dopamine receptor D3 by Eu-GTP binding assay
cid:3559,3559,Haloperidol,"Substituted_piperidines, Butyrophenone",chembl,Kd,1560.0,nM,=,CHEMBL612558,Binding affinity to Wistar rat brain lipid by TRANSIL assay
cid:3559,3559,Haloperidol,"Substituted_piperidines, Butyrophenone",chembl,Kd,96900.0,nM,=,CHEMBL4817,Binding affinity to Wistar rat serum albumin
cid:3559,3559,Haloperidol,"Substituted_piperidines, Butyrophenone",chembl,Kd,10000.0,nM,<,CHEMBL2632,Binding affinity to human biotinylated HLA-A2 by surface plasmon resonance assay
cid:3559,3559,Haloperidol,"Substituted_piperidines, Butyrophenone",chembl,Kd,0.4898,nM,=,CHEMBL217,Displacement of PPHT-red from SNAP-tagged human D2LR expressed in CHOK1 cell membranes by TR-FRET assay
cid:3559,3559,Haloperidol,"Substituted_piperidines, Butyrophenone",chembl,Kd,41200.0,nM,=,CHEMBL4883,Binding affinity to uPAR H47C/N259C (unknown origin) mutant assessed as equilibrium dissociation constant by surface pla
cid:774,774,Histamine,,chembl,IC50,158.49,nM,=,CHEMBL231,Inhibitory activity against human Histamine H1 receptor
cid:774,774,Histamine,,chembl,IC50,1000.0,nM,~,CHEMBL231,Antagonism of the human histamine H1 receptor
cid:774,774,Histamine,,chembl,IC50,,,,CHEMBL612794,Cytotoxicity against human U937 cells after 3 days by trypan blue exclusion assay
cid:774,774,Histamine,,chembl,IC50,,,,CHEMBL614064,Cytotoxicity against mouse P19 cells after 3 days by trypan blue exclusion assay
cid:774,774,Histamine,,chembl,IC50,660.0,nM,=,CHEMBL364,Antiplasmodial activity against Plasmodium falciparum 3D7 infected in RBCs by firefly luciferase reporter gene assay
cid:774,774,Histamine,,chembl,IC50,1000000.0,nM,>,CHEMBL6020,Inhibition of human BSEP expressed in baculovirus transfected fall armyworm Sf21 cell membranes vesicles assessed as red
cid:774,774,Histamine,,chembl,IC50,20000.0,nM,>,CHEMBL4303835,Antiviral activity determined as inhibition of SARS-CoV-2 induced cytotoxicity of VERO-6 cells at 10 uM after 48 hours e
cid:774,774,Histamine,,chembl,IC50,19952.62,nM,>,CHEMBL4303835,Antiviral activity determined as inhibition of SARS-CoV-2 induced cytotoxicity of VERO-6 cells at 10 uM after 48 hours e
cid:774,774,Histamine,,chembl,IC50,73600.0,nM,=,CHEMBL2085,Inhibition of MIF tautomerase (unknown origin) using 4-HPP as substrate preincubated for 1 hr followed by substrate addi
cid:774,774,Histamine,,chembl,IC50,,,,CHEMBL4078,Inhibition of electric eel AChE by microplate reader based analysis
cid:774,774,Histamine,,chembl,IC50,,,,CHEMBL5763,Inhibition of equine serum BuChE by microplate reader based analysis
cid:774,774,Histamine,,chembl,Ki,15848931924611.11,nM,=,CHEMBL231,Inhibitory activity against human Histamine H1 receptor
cid:774,774,Histamine,,chembl,Ki,9.333,nM,=,CHEMBL264,Inhibitory activity measured by [3H]- N alpha- methyl-histamine binding to membranes of SK-N-MC cells expressing the hum
cid:774,774,Histamine,,chembl,Ki,14.45,nM,=,CHEMBL3759,Inhibition of [3H]-histamine binding to membranes of SK-N-MC cells expressing the human Histamine H4 receptor
cid:774,774,Histamine,,chembl,Ki,6.31,nM,=,CHEMBL4124,In vitro binding affinity was measured against Histamine H3 receptor on rat cerebral cortex.
cid:774,774,Histamine,,chembl,Ki,0.1445,nM,=,CHEMBL5076,Binding affinity towards histamine H3 receptor using [3H](R)-alpha-methylhistamine as radioligand in guinea pig cortical
cid:774,774,Histamine,,chembl,Ki,10.47,nM,=,CHEMBL5076,Binding affinity towards histamine H3 receptor using [3H](R)-alpha-methylhistamine as radioligand in guinea pig ileum LM
cid:774,774,Histamine,,chembl,Ki,33.88,nM,=,CHEMBL264,Histamine H3 receptor competition binding using [3H]Na-methylhistamine
cid:774,774,Histamine,,chembl,Ki,12589.25,nM,=,CHEMBL3943,"Binding affinity against H1 receptor of guinea pig by the displacement of [3H]mepyramine, bound to membranes of CHO cell"
cid:774,774,Histamine,,chembl,Ki,39810.72,nM,=,CHEMBL1941,"Binding affinity against human H2 receptor by the displacement of [125I]iodoaminopotentidine, bound to membranes of CHO "
cid:774,774,Histamine,,chembl,Ki,7.943,nM,=,CHEMBL3759,Binding affinity towards human histamine H4 receptor was determined by [3H]Na-methylhistamine binding to SK-N-MC cell me
cid:774,774,Histamine,,chembl,Ki,12.02,nM,=,CHEMBL3759,Displacement of [3H]histamine from human histamine H4 receptor expressed in HEK293T cells
cid:774,774,Histamine,,chembl,Ki,13.4,nM,=,CHEMBL3759,Displacement of [3H]histamine from human histamine H4 receptor expressed in SK-NM-C cells
cid:774,774,Histamine,,chembl,Ki,68.0,nM,=,CHEMBL3263,"Displacement of 3-([1,1,1-3H]methyl)-2-(4-{[3-(1-pyrrolidinyl)propyl]oxy}phenyl)-4(3H)-quinazolinone from mouse histamin"
cid:774,774,Histamine,,chembl,Ki,12.02,nM,=,CHEMBL3759,Displacement of [3H]histamine from human histamine H4 receptor expressed in HEK293T cells
cid:774,774,Histamine,,chembl,Ki,5.2,nM,=,CHEMBL264,Displacement of [3H[N-alpha-methylhistamine form human recombinant histamine H3 receptor expressed in CHO cells after 1 
cid:774,774,Histamine,,chembl,EC50,13.0,nM,=,CHEMBL231,Inhibition of human Histamine H1 receptor using [3H]pyrilamine
cid:774,774,Histamine,,chembl,EC50,463.0,nM,=,CHEMBL1941,Inhibition of human Histamine H2 receptor using [3H]tiotidine
cid:774,774,Histamine,,chembl,EC50,77.0,nM,=,CHEMBL264,Inhibition of human Histamine H3 receptor using [3H]N-alpha-methyl histamine
cid:774,774,Histamine,,chembl,EC50,75.0,nM,=,CHEMBL3759,Inhibition of human Histamine H4 receptor
cid:774,774,Histamine,,chembl,EC50,870963589956083.2,nM,=,CHEMBL3943,H1-Histamine receptor agonism on Guinea pig aorta was evaluated (SEM 0.03-0.18)
cid:774,774,Histamine,,chembl,EC50,980.0,nM,=,CHEMBL369,In vitro chronotropic effect of histamine at 5 ug/mL in guinea pig atrium
cid:774,774,Histamine,,chembl,EC50,240.0,nM,=,CHEMBL369,In vitro contractile response of histamine at 0.5 ug/mL in guinea pig ileum
cid:774,774,Histamine,,chembl,EC50,9.772,nM,=,CHEMBL264,Inhibitory activity determined by the inhibition of cAMP- stimulated beta-galactosidase transcription in SK-N-MC cells e
cid:774,774,Histamine,,chembl,EC50,54.95,nM,=,CHEMBL3759,Inhibitory activity determined by the inhibition of cAMP- stimulated beta-galactosidase transcription in SK-N-MC cells e
cid:774,774,Histamine,,chembl,EC50,62.0,nM,=,CHEMBL376,In vitro H3 agonistic activity against K+ induced histamine in slices of rat brain cortex.
cid:774,774,Histamine,,chembl,EC50,1000.0,nM,=,CHEMBL369,In vitro H2 agonistic activity by taking spontaneously beating guinea pig right atrium
cid:774,774,Histamine,,chembl,EC50,140.0,nM,=,CHEMBL369,In vitro H1 agonistic activity by taking guinea pig ileum contraction
cid:774,774,Histamine,,chembl,EC50,199.53,nM,=,CHEMBL369,Effective concentration for agonism activity in guinea pig ileal whole segment
cid:774,774,Histamine,,chembl,EC50,2238.72,nM,=,CHEMBL369,Effective concentration for agonism activity in endothelium-denuded guinea pig aortic segment
cid:774,774,Histamine,,chembl,EC50,316.23,nM,=,CHEMBL369,Effective concentration for agonism activity in Endothelium-Denuded guinea pig aortic segment
cid:774,774,Histamine,,chembl,Kd,0.8511,nM,=,CHEMBL3943,Contractile effects antagonized by mepyramine (0.3-100 nM) against Histamine H1 receptor in guinea pig ileum
cid:774,774,Histamine,,chembl,Kd,0.7762,nM,=,CHEMBL3943,Compound was tested for the contractile effects antagonized by mepyramine (1-1000 nM) against Histamine H1 receptor of g
cid:774,774,Histamine,,chembl,Kd,117489.76,nM,=,CHEMBL4654,Affinity to the Histamine H2 receptor was determined expressed in CHO cell using [125I]iodoaminopotentidine as radioliga
cid:774,774,Histamine,,chembl,Kd,0.8511,nM,=,CHEMBL3943,Compound was evaluated for mepyramine antagonism effects in guinea pig ileum (contraction) at a mepyramine concentration
cid:774,774,Histamine,,chembl,Kd,0.7762,nM,=,CHEMBL3943,Compound was evaluated for mepyramine antagonism effects in guinea pig ileum (contraction) at a mepyramine concentration
cid:774,774,Histamine,,chembl,Kd,1.0,nM,=,CHEMBL3943,Compound was evaluated for mepyramine antagonism effects in guinea pig aorta (contraction) at a mepyramine concentration
cid:774,774,Histamine,,chembl,Kd,10.0,nM,=,CHEMBL3943,Compound was evaluated for mepyramine antagonism effects in guinea pig aorta (relaxation) at a mepyramine concentration 
cid:774,774,Histamine,,chembl,Kd,69183.1,nM,=,CHEMBL2882,Compound is evaluated for histamine H2 receptor agonistic activity in guinea pig cerebral cortex using [3H]tiotidine as 
cid:774,774,Histamine,,chembl,Kd,0.8511,nM,=,CHEMBL369,Full pA2 value of compound at 0.3-100 nM concentration of mepyramine in guinea pig ileum
cid:774,774,Histamine,,chembl,Kd,1.0,nM,=,CHEMBL3943,Relative potency against Histamine H1 receptor in endothelium-Denuded rings of guinea pig Aorta
cid:774,774,Histamine,,chembl,Kd,10.0,nM,=,CHEMBL4701,Relative potency against Histamine H1 receptor in rat aorta
cid:774,774,Histamine,,chembl,Kd,5.0,nM,=,CHEMBL3759,Binding affinity to human H4R
cid:774,774,Histamine,,chembl,Kd,42.0,nM,=,CHEMBL5657,Binding affinity to mouse H4R
cid:774,774,Histamine,,chembl,Kd,134.0,nM,=,CHEMBL4468,Binding affinity to rat H4R
cid:774,774,Histamine,,chembl,Kd,4.5,nM,=,CHEMBL231,Displacement of [3H] mepyramine from human histamine H1 receptor stably expressed in baculovirus infected Sf9 cell membr
cid:5284569,5284569,Hydrocodone,Substituted_morphinans,chembl,IC50,536960.0,nM,=,CHEMBL5685,Inhibition of human OCT1 expressed in HEK293 cells assessed as reduction in ASP+ substrate uptake by microplate reader b
cid:5284569,5284569,Hydrocodone,Substituted_morphinans,chembl,IC50,20000.0,nM,>,CHEMBL4303835,Antiviral activity determined as inhibition of SARS-CoV-2 induced cytotoxicity of VERO-6 cells at 10 uM after 48 hours e
cid:5284569,5284569,Hydrocodone,Substituted_morphinans,chembl,IC50,19952.62,nM,>,CHEMBL4303835,Antiviral activity determined as inhibition of SARS-CoV-2 induced cytotoxicity of VERO-6 cells at 10 uM after 48 hours e
cid:5284569,5284569,Hydrocodone,Substituted_morphinans,chembl,Ki,260.0,nM,=,CHEMBL237,"Displacement of [3H]-U69,593 from human kappa opioid receptor expressed in CHO cells after 60 mins by scintillation coun"
cid:5284569,5284569,Hydrocodone,Substituted_morphinans,chembl,Ki,9.5,nM,=,CHEMBL233,Displacement of [3H]-DAMGO from human mu opioid receptor expressed in CHO cells after 60 mins by scintillation counting
cid:5284569,5284569,Hydrocodone,Substituted_morphinans,chembl,EC50,10964.78,nM,=,CHEMBL5849,Agonist activity at N-terminal Flag-tagged human MRGPRX2 receptor expressed in tetracycline-induced FLP-IN/T-REX 293 cel
cid:5284569,5284569,Hydrocodone,Substituted_morphinans,chembl,EC50,18620.87,nM,=,CHEMBL5849,Agonist activity at MRGPRX2 (unknown origin) expressed in HTLA cells assessed as induction of beta-arrestin 2 recruitmen
cid:5284570,5284570,Hydromorphone,Substituted_morphinans,chembl,IC50,,,,CHEMBL233,Antagonist activity against human mu opioid receptor expressed in CHO cells assessed as inhibition of DAMGO-stimulated [
cid:5284570,5284570,Hydromorphone,Substituted_morphinans,chembl,IC50,,,,CHEMBL237,Antagonist activity against human kappa opioid receptor expressed in CHO cells assessed as inhibition of U50488-stimulat
cid:5284570,5284570,Hydromorphone,Substituted_morphinans,chembl,IC50,137970.0,nM,=,CHEMBL5685,Inhibition of human OCT1 expressed in HEK293 cells assessed as reduction in ASP+ substrate uptake by microplate reader b
cid:5284570,5284570,Hydromorphone,Substituted_morphinans,chembl,Ki,2.8,nM,=,CHEMBL237,"Displacement of [3H]U69,593 from human kappa opioid receptor expressed in CHO cells after 60 mins by scintillation count"
cid:5284570,5284570,Hydromorphone,Substituted_morphinans,chembl,Ki,38.0,nM,=,CHEMBL236,Displacement of [3H]naltrindole from human delta opioid receptor expressed in CHO cells after 3 hrs by scintillation cou
cid:5284570,5284570,Hydromorphone,Substituted_morphinans,chembl,Ki,0.28,nM,=,CHEMBL233,Displacement of [3H]DAMGO from human mu opioid receptor expressed in CHO cells after 60 mins by scintillation counting
cid:5284570,5284570,Hydromorphone,Substituted_morphinans,chembl,EC50,2.6,nM,=,CHEMBL233,Agonist activity at human mu opioid receptor expressed in CHO cells assessed as stimulation of [35S]GTPgammaS binding
cid:5284570,5284570,Hydromorphone,Substituted_morphinans,chembl,EC50,11.0,nM,=,CHEMBL237,Agonist activity at human kappa opioid receptor expressed in CHO cells assessed as stimulation of [35S]GTPgammaS binding
cid:197060,197060,Ibogaine,Substituted_tryptamines,chembl,IC50,500.0,nM,=,CHEMBL228,Inhibition of human SERT transfected in HEK cells using APP+ as fluorescent substrate preincubated for 1 hr followed by 
cid:197060,197060,Ibogaine,Substituted_tryptamines,chembl,IC50,4000.0,nM,=,CHEMBL4828,Inhibition of rat VMAT2 transfected in HEK cells using FFN206 as fluorescent substrate preincubated for 1 hr followed by
cid:197060,197060,Ibogaine,Substituted_tryptamines,chembl,IC50,220.0,nM,=,CHEMBL1907594,Antagonist activity at recombinant alpha3beta4 nAChR in HEK293 cells by voltage-clamp based electrophysiological method
cid:197060,197060,Ibogaine,Substituted_tryptamines,chembl,IC50,1000.0,nM,=,CHEMBL1907589,Antagonist activity at alpha4beta2 nAChR in HEK293 cells by voltage-clamp based electrophysiological method
cid:197060,197060,Ibogaine,Substituted_tryptamines,chembl,IC50,950.0,nM,=,CHEMBL1907594,Antagonist activity at human alpha3beta4 nAChRs expressed in HEK293 cells assessed as inhibition of (+/-)-epibatidine-in
cid:197060,197060,Ibogaine,Substituted_tryptamines,chembl,Ki,9310.0,nM,=,CHEMBL287,Binding affinity to sigma-1 receptor (unknown origin)
cid:197060,197060,Ibogaine,Substituted_tryptamines,chembl,Ki,90.4,nM,=,CHEMBL4105907,Binding affinity to sigma-2 receptor (unknown origin)
cid:197060,197060,Ibogaine,Substituted_tryptamines,chembl,Ki,2.2,nM,=,CHEMBL5465308,Displacement of [3H]-U69593 from calf cortex KOR receptor assessed as inhibition constant
cid:197060,197060,Ibogaine,Substituted_tryptamines,chembl,Ki,2.0,nM,=,CHEMBL3041,Displacement of [3H]-DAGO from calf cortex MOR receptor assessed as inhibition constant
cid:197060,197060,Ibogaine,Substituted_tryptamines,chembl,Ki,10.0,nM,>,CHEMBL612545,Displacement of [3H]-DPDPE from calf caudate nucleus DOR receptor assessed as inhibition constant
cid:197060,197060,Ibogaine,Substituted_tryptamines,chembl,Ki,2.6,nM,=,CHEMBL612545,"Displacement of [3H]-GR-65,630 from 5-HT3 receptor in mouse NG-108 cells assessed as inhibition constant"
cid:197060,197060,Ibogaine,Substituted_tryptamines,chembl,Ki,16.0,nM,=,CHEMBL2672,Displacement of [3H]-pirenzepine from calf cortex Muscarinic M1 receptor assessed as inhibition constant
cid:197060,197060,Ibogaine,Substituted_tryptamines,chembl,Ki,0.4,nM,=,CHEMBL5465309,Displacement of [3H]-DTG from calf hippocampus sigma 2 receptor assessed as inhibition constant
cid:197060,197060,Ibogaine,Substituted_tryptamines,chembl,Ki,3.6,nM,=,CHEMBL612545,Displacement of [3H]-BTX-B from bovine cortex sodium channel assessed as inhibition constant
cid:197060,197060,Ibogaine,Substituted_tryptamines,chembl,Ki,3.1,nM,=,CHEMBL612545,Displacement of [3H]-MK801 from bovine cortex NMDA receptor assessed as inhibition constant
cid:197060,197060,Ibogaine,Substituted_tryptamines,chembl,Ki,4.1,nM,=,CHEMBL612545,Displacement of [3H]-paroxetine from bovine brain stem 5-HT receptor assessed as inhibition constant
cid:197060,197060,Ibogaine,Substituted_tryptamines,chembl,Ki,1.05,nM,=,CHEMBL1907594,Displacement of [3H]Ibogaine from human alpha3beta4 nAChRs expressed in HEK293 cells assessed as inhibition constant inc
cid:1233,1233,Ibotenic acid,"3-Hydroxyisoxazole, Α-Amino_acid",chembl,IC50,100000.0,nM,>,CHEMBL1907608,Inhibitory activity against N-methyl-D-aspartate glutamate receptor using [3H]CPP as radioligand
cid:1233,1233,Ibotenic acid,"3-Hydroxyisoxazole, Α-Amino_acid",chembl,IC50,76000.0,nM,=,CHEMBL2093871,Inhibitory activity against Ionotropic glutamate receptor AMPA using [3H]AMPA as radioligand
cid:1233,1233,Ibotenic acid,"3-Hydroxyisoxazole, Α-Amino_acid",chembl,IC50,100000.0,nM,>,CHEMBL2094119,Inhibitory activity against Ionotropic glutamate receptor kainate using [3H]-kainic acid as radioligand
cid:1233,1233,Ibotenic acid,"3-Hydroxyisoxazole, Α-Amino_acid",chembl,IC50,10000.0,nM,=,CHEMBL1907608,Ability to displace [3H]CPP from NMDA receptor in rat brain membrane
cid:10382701,10382701,JWH-018,Naphthoylindole,chembl,IC50,280.0,nM,=,CHEMBL3571,Activation of CB1 receptor in Wistar rat prelimbic prefrontal cortex assessed as reduction of field excitatory postsynap
cid:10382701,10382701,JWH-018,Naphthoylindole,chembl,Ki,9.016,nM,=,CHEMBL3571,Displacement of [3H]CP-55940 from CB1 receptor in rat brain by filtration assay
cid:10382701,10382701,JWH-018,Naphthoylindole,chembl,Ki,2.897,nM,=,CHEMBL253,Displacement of [3H]CP-55940 from human cloned CB2 receptor by filtration assay
cid:10382701,10382701,JWH-018,Naphthoylindole,chembl,Ki,1.995,nM,=,CHEMBL218,Displacement of [3H]-CP55940 from human CB1 receptor expressed in CHO cells by liquid scintillation counting
cid:10382701,10382701,JWH-018,Naphthoylindole,chembl,Ki,6.31,nM,=,CHEMBL253,Displacement of [3H]-CP55940 from human CB2 receptor expressed in CHO cells by liquid scintillation counting
cid:10382701,10382701,JWH-018,Naphthoylindole,chembl,Ki,2.9,nM,=,CHEMBL253,Binding affinity to CB2 receptor (unknown origin)
cid:10382701,10382701,JWH-018,Naphthoylindole,chembl,Ki,9.5,nM,=,CHEMBL218,Binding affinity to CB1 receptor (unknown origin)
cid:10382701,10382701,JWH-018,Naphthoylindole,chembl,Ki,1.3,nM,=,CHEMBL3037,"Displacement of [3H]CP-55,940 from CB1 receptor in B6SJL mouse brain membrane after 90 mins by liquid scintillation spec"
cid:10382701,10382701,JWH-018,Naphthoylindole,chembl,Ki,3.4,nM,=,CHEMBL2111385,Displacement of [3H]JWH-018 from CB1R/CB2R in Wistar rat brain membranes after 60 mins by liquid scintillation analysis
cid:10382701,10382701,JWH-018,Naphthoylindole,chembl,Ki,10000.0,nM,>,CHEMBL270,Displacement of [3H]DAMGO from MOR in Wistar rat brain membranes after 60 mins by liquid scintillation analysis
cid:10382701,10382701,JWH-018,Naphthoylindole,chembl,Ki,10000.0,nM,>,CHEMBL269,"Displacement of [3H]Ile5,6-deltorphin-2 from DOR in Wistar rat brain membranes after 60 mins by liquid scintillation ana"
cid:10382701,10382701,JWH-018,Naphthoylindole,chembl,Ki,10000.0,nM,>,CHEMBL3952,Displacement of [3H]HS-665 from KOR in guinea pig brain membranes after 60 mins by liquid scintillation analysis
cid:10382701,10382701,JWH-018,Naphthoylindole,chembl,Ki,2.9,nM,=,CHEMBL2111385,"Displacement of [3H]WIN-55,212-2 from CB1R/CB2R in Wistar rat brain membranes after 60 mins by liquid scintillation anal"
cid:10382701,10382701,JWH-018,Naphthoylindole,chembl,Ki,4.3,nM,=,CHEMBL218,Displacement of [3H]-CP55940 from human CB1 receptor
cid:10382701,10382701,JWH-018,Naphthoylindole,chembl,Ki,9.0,nM,=,CHEMBL218,Displacement of [3H]-CP55940 from human CB1 receptor expressed in CHO cells incubated for 90 mins by liquid scintillatio
cid:10382701,10382701,JWH-018,Naphthoylindole,chembl,Ki,2.94,nM,=,CHEMBL253,Displacement of [3H]-CP55940 from human CB2 receptor expressed in CHO cells incubated for 90 mins by liquid scintillatio
cid:10382701,10382701,JWH-018,Naphthoylindole,chembl,EC50,5.012,nM,=,CHEMBL218,Agonist activity at human CB1 receptor expressed in CHO cells assessed as stimulation of [3H]-arachidonic acid release
cid:10382701,10382701,JWH-018,Naphthoylindole,chembl,EC50,5.012,nM,=,CHEMBL253,Agonist activity at human CB2 receptor expressed in CHO cells assessed as increase of forskolin-stimulated cAMP accumula
cid:10382701,10382701,JWH-018,Naphthoylindole,chembl,EC50,69.0,nM,=,CHEMBL612545,Agonist activity at MOR/CB1R/CB2R receptor in Wistar rat brain membranes after 60 mins by [35S]-GTPgammaS binding assay
cid:10382701,10382701,JWH-018,Naphthoylindole,chembl,EC50,36.0,nM,=,CHEMBL2111385,Agonist activity at CB1R/CB2R in Wistar rat brain membranes after 60 mins by [35S]-GTPgammaS binding assay
cid:10382701,10382701,JWH-018,Naphthoylindole,chembl,EC50,18.2,nM,=,CHEMBL218,Agonist activity at human CB1 receptor expressed in mouse AtT20 cells incubated for 60 mins by FLIPR membrane potential 
cid:10382701,10382701,JWH-018,Naphthoylindole,chembl,EC50,18.0,nM,=,CHEMBL218,Agonist activity at human CB1 receptor expressed in mouse AtT20 cells incubated for 60 mins by FLIPR membrane potential 
cid:10382701,10382701,JWH-018,Naphthoylindole,chembl,EC50,21.88,nM,=,CHEMBL253,Agonist activity at human CB2 receptor expressed in mouse AtT20 cells incubated for 60 mins by FLIPR membrane potential 
cid:10382701,10382701,JWH-018,Naphthoylindole,chembl,EC50,22.0,nM,=,CHEMBL253,Agonist activity at human CB2 receptor expressed in mouse AtT20 cells incubated for 60 mins by FLIPR membrane potential 
cid:10382701,10382701,JWH-018,Naphthoylindole,chembl,EC50,35.48,nM,=,CHEMBL218,Agonist activity at CB1 receptor (unknown origin) expressed in human HEK293T cells co-expressing beta-arrestin2 assessed
cid:10382701,10382701,JWH-018,Naphthoylindole,chembl,EC50,35.5,nM,=,CHEMBL218,Agonist activity at CB1 receptor (unknown origin) expressed in human HEK293T cells co-expressing beta-arrestin2 assessed
cid:10382701,10382701,JWH-018,Naphthoylindole,chembl,EC50,7.244,nM,=,CHEMBL253,Agonist activity at CB2 receptor (unknown origin) expressed in human HEK293T cells co-expressing beta-arrestin2 assessed
cid:10382701,10382701,JWH-018,Naphthoylindole,chembl,EC50,7.3,nM,=,CHEMBL253,Agonist activity at CB2 receptor (unknown origin) expressed in human HEK293T cells co-expressing beta-arrestin2 assessed
cid:10382701,10382701,JWH-018,Naphthoylindole,chembl,Kd,3.4,nM,=,CHEMBL2111385,Displacement of [3H]JWH-018 from CB1R/CB2R in Wistar rat brain membranes assessed as dissociation constant by liquid sci
cid:10382701,10382701,JWH-018,Naphthoylindole,chembl,Kd,6.5,nM,=,CHEMBL2111385,Displacement of [3H]JWH-018 from CB1R/CB2R in Wistar rat brain membranes assessed as dissociation rate constant at 10 uM
cid:10471670,10471670,JWH-073,Naphthoylindole,chembl,Ki,9.8,nM,=,CHEMBL253,Agonist activity at human CB2 receptor transfected in CHO cells assessed as inhibition of forskolin-stimulated adenylyl 
cid:10471670,10471670,JWH-073,Naphthoylindole,chembl,Ki,12.9,nM,=,CHEMBL3037,Agonist activity at CB1 receptor in mouse Neuro2a cells assessed as inhibition of forskolin-stimulated adenylyl cyclase 
cid:10471670,10471670,JWH-073,Naphthoylindole,chembl,Ki,12.9,nM,=,CHEMBL3037,Competition Receptor Binding Assay: Competition receptor binding was performed as previously described [Shoemaker et al.
cid:10471670,10471670,JWH-073,Naphthoylindole,chembl,Ki,12.9,nM,=,CHEMBL3037,Functional Assay: A functional assay screen for the inhibition of adenylate cyclase (AC) activity was chosen as the subs
cid:10471670,10471670,JWH-073,Naphthoylindole,chembl,Ki,9.8,nM,=,CHEMBL253,Functional Assay: A functional assay screen for the inhibition of adenylate cyclase (AC) activity was chosen as the subs
cid:10471670,10471670,JWH-073,Naphthoylindole,chembl,EC50,276.5,nM,=,CHEMBL3037,"[35S]GTPγS Binding Assay: [35S]GTPγS binding was performed as previously described [Brents et al., PLoS One, 6:e21917]. "
cid:3821,3821,Ketamine,Arylcyclohexylamines,chembl,IC50,860.0,nM,=,CHEMBL1907608,Binding affinity towards PCP site of the NMDA receptor was measured by displacement of [3H]TPC in whole rat brain homoge
cid:3821,3821,Ketamine,Arylcyclohexylamines,chembl,IC50,8860.0,nM,=,CHEMBL1907608,Ability to inhibit glutamate induced accumulation of [45 [Ca2+]] in cultured rat cortical neurons
cid:3821,3821,Ketamine,Arylcyclohexylamines,chembl,IC50,610.0,nM,=,CHEMBL1907608,Inhibition of [3H]-MK-801 binding to NMDA receptor from rat cerebral cortical synaptic membrane
cid:3821,3821,Ketamine,Arylcyclohexylamines,chembl,IC50,610.0,nM,=,CHEMBL1907608,Inhibition of [3H]MK-801 binding to N-methyl-D-aspartate glutamate receptor of rat cerebral cortical synaptic membrane
cid:3821,3821,Ketamine,Arylcyclohexylamines,chembl,IC50,800000.0,nM,=,CHEMBL2072,Inhibition of sodium channels through tonic blockade
cid:3821,3821,Ketamine,Arylcyclohexylamines,chembl,IC50,2300000.0,nM,=,CHEMBL2072,Inhibition of sodium channels through phasic blockade
cid:3821,3821,Ketamine,Arylcyclohexylamines,chembl,IC50,3200.0,nM,=,CHEMBL1907603,Inhibition of dexamethasone-induced human NR1-1a/NR2B receptor-mediated excitotoxicity in (S)-glutamate/glycine-stimulat
cid:3821,3821,Ketamine,Arylcyclohexylamines,chembl,IC50,6100.0,nM,=,CHEMBL1907604,Inhibition of dexamethasone-induced human NR1-1a/NR2A receptor-mediated excitotoxicity in (S)-glutamate/glycine-stimulat
cid:3821,3821,Ketamine,Arylcyclohexylamines,chembl,IC50,10000.0,nM,>,CHEMBL4078,Inhibition of electric eel AChE by modified Ellman's method
cid:3821,3821,Ketamine,Arylcyclohexylamines,chembl,IC50,10000.0,nM,>,CHEMBL5763,Inhibition of equine serum BChE by modified Ellman's method
cid:3821,3821,Ketamine,Arylcyclohexylamines,chembl,IC50,,,,CHEMBL368,Antimicrobial activity against Trypanosoma cruzi
cid:3821,3821,Ketamine,Arylcyclohexylamines,chembl,IC50,,,,CHEMBL612348,Antimicrobial activity against Trypanosoma brucei rhodesiense
cid:3821,3821,Ketamine,Arylcyclohexylamines,chembl,IC50,,,,CHEMBL612851,Antimicrobial activity against Trypanosoma brucei brucei
cid:3821,3821,Ketamine,Arylcyclohexylamines,chembl,IC50,,,,CHEMBL612849,Antimicrobial activity against Trypanosoma brucei
cid:3821,3821,Ketamine,Arylcyclohexylamines,chembl,IC50,,,,CHEMBL612884,Antimicrobial activity against Trichomonas vaginalis
cid:3821,3821,Ketamine,Arylcyclohexylamines,chembl,Ki,,nM,,CHEMBL313,Compound tested for inhibition uptake of Serotonin transporter with cerebral cortical synaptic membrane of rats using [3
cid:3821,3821,Ketamine,Arylcyclohexylamines,chembl,Ki,420.0,nM,=,CHEMBL2094124,The compound was tested for its ability to block PCP N-methyl-D-aspartate glutamate receptor at the PCP (phencyclidine) 
cid:3821,3821,Ketamine,Arylcyclohexylamines,chembl,Ki,,,,CHEMBL220,DRUGMATRIX: Acetylcholinesterase enzyme inhibition (substrate: acetylthiocholine)
cid:3821,3821,Ketamine,Arylcyclohexylamines,chembl,Ki,,,,CHEMBL226,DRUGMATRIX: Adenosine A1 radioligand binding (ligand: DPCPX)
cid:3821,3821,Ketamine,Arylcyclohexylamines,chembl,Ki,,,,CHEMBL251,DRUGMATRIX: Adenosine A2A radioligand binding (ligand: AB-MECA)
cid:3821,3821,Ketamine,Arylcyclohexylamines,chembl,Ki,,,,CHEMBL256,DRUGMATRIX: Adenosine A3 radioligand binding (ligand: AB-MECA)
cid:3821,3821,Ketamine,Arylcyclohexylamines,chembl,Ki,,,,CHEMBL612545,DRUGMATRIX: Sodium/nucleoside co-transporter radioligand binding (ligand: nitrobenzylthioinosine)
cid:3821,3821,Ketamine,Arylcyclohexylamines,chembl,Ki,,,,CHEMBL319,DRUGMATRIX: Alpha-1A adrenergic receptor radioligand binding (ligand: prazosin)
cid:3821,3821,Ketamine,Arylcyclohexylamines,chembl,Ki,,,,CHEMBL315,DRUGMATRIX: Alpha-1B adrenergic receptor radioligand binding (ligand: prazosin)
cid:3821,3821,Ketamine,Arylcyclohexylamines,chembl,Ki,,,,CHEMBL223,DRUGMATRIX: Alpha-1D adrenergic receptor radioligand binding (ligand: prazosin)
cid:3821,3821,Ketamine,Arylcyclohexylamines,chembl,Ki,,,,CHEMBL1867,DRUGMATRIX: Alpha-2A adrenergic receptor radioligand binding (ligand: MK-912)
cid:3821,3821,Ketamine,Arylcyclohexylamines,chembl,Ki,,,,CHEMBL1942,DRUGMATRIX: Alpha-2B adrenergic receptor radioligand binding (ligand: Rauwolscine)
cid:3821,3821,Ketamine,Arylcyclohexylamines,chembl,Ki,,,,CHEMBL1916,DRUGMATRIX: Adrenergic Alpha-2C radioligand binding (ligand: [3H] MK-912)
cid:3821,3821,Ketamine,Arylcyclohexylamines,chembl,Ki,,,,CHEMBL213,DRUGMATRIX: Adrenergic beta1 radioligand binding (ligand: [125I] Cyanopindolol)
cid:3821,3821,Ketamine,Arylcyclohexylamines,chembl,Ki,,,,CHEMBL210,DRUGMATRIX: Adrenergic beta2 radioligand binding (ligand: [3H] CGP-12177)
cid:5761,5761,LSD,Lysergamides,chembl,Ki,10.0,nM,<,CHEMBL3426,Binding affinity for rodent 5-hydroxytryptamine 5A receptor
cid:5761,5761,LSD,Lysergamides,chembl,Ki,2.0,nM,=,CHEMBL3223,Binding affinity towards rat 5-hydroxytryptamine 7 receptor
cid:5761,5761,LSD,Lysergamides,chembl,Ki,6.31,nM,=,CHEMBL2093870,Binding affinity against 5-hydroxytryptamine 2 receptor from rat frontal cortex using [125]-(R)-DOI as radioligand
cid:5761,5761,LSD,Lysergamides,chembl,Ki,3.5,nM,=,CHEMBL322,In vitro binding to 5-hydroxytryptamine 2A receptor using [125 I]-DOI
cid:5761,5761,LSD,Lysergamides,chembl,Ki,5.5,nM,=,CHEMBL324,In vitro binding to 5-hydroxytryptamine 2C receptor using [125 I]-DOI
cid:5761,5761,LSD,Lysergamides,chembl,Ki,1.1,nM,=,CHEMBL214,Tested in vitro for its ability to bind to 5-hydroxytryptamine 1A receptor using [3H]8-OH-DPAT as radioligand
cid:5761,5761,LSD,Lysergamides,chembl,Ki,6.31,nM,=,CHEMBL2111398,Affinity in displacing [125I](R)-DOI from rat cortical homogenate 5-HT2 receptor.
cid:5761,5761,LSD,Lysergamides,chembl,Ki,5.05,nM,=,CHEMBL273,Affinity in displacing [3H]8-OH-DPAT from rat hippocampal 5-HT1A receptor.
cid:5761,5761,LSD,Lysergamides,chembl,Ki,4.4,nM,=,CHEMBL322,Binding affinity was measured against 5-hydroxytryptamine 2A receptor by displacement of [3H]- ketanserin by lysergic ac
cid:5761,5761,LSD,Lysergamides,chembl,Ki,5.1,nM,=,CHEMBL273,Binding affinity was measured against 5-hydroxytryptamine 1A receptor by displacement of [3H]8-OH-DPAT by lysergic acid 
cid:5761,5761,LSD,Lysergamides,chembl,Ki,3.8,nM,=,CHEMBL324,Compound was tested for binding affinity towards 5-hydroxytryptamine 1C receptor from frontal cortical regions of male S
cid:5761,5761,LSD,Lysergamides,chembl,Ki,2.5,nM,=,CHEMBL2093870,Compound was tested for binding affinity towards 5-hydroxytryptamine 2 receptor from frontal cortical regions of male Sp
cid:5761,5761,LSD,Lysergamides,chembl,Ki,3.5,nM,=,CHEMBL322,Binding affinity towards 5-hydroxytryptamine 2A receptor using [125I]DOI as radioligand
cid:5761,5761,LSD,Lysergamides,chembl,Ki,5.5,nM,=,CHEMBL324,Binding affinity towards 5-hydroxytryptamine 2C receptor using [125I]DOI as radioligand
cid:5761,5761,LSD,Lysergamides,chembl,Ki,1.1,nM,=,CHEMBL214,Binding affinity towards 5-hydroxytryptamine 1A receptor using [3H]8-OH-DPAT as radioligand
cid:5761,5761,LSD,Lysergamides,chembl,Ki,30.0,nM,=,CHEMBL1833,Binding affinity towards 5-hydroxytryptamine 2B receptor using [125I]DOI as radioligand
cid:5761,5761,LSD,Lysergamides,chembl,Ki,93.0,nM,=,CHEMBL2182,Binding affinity towards 5-hydroxytryptamine 1E receptor
cid:5761,5761,LSD,Lysergamides,chembl,Ki,3.9,nM,=,CHEMBL1983,Binding affinity towards 5-hydroxytryptamine 1D receptor alpha using [3H]8-OH-DPAT as radioligand
cid:5761,5761,LSD,Lysergamides,chembl,Ki,9.0,nM,=,CHEMBL3426,Binding affinities towards 5-hydroxytryptamine 5A receptor
cid:5761,5761,LSD,Lysergamides,chembl,Ki,6.9,nM,=,CHEMBL3371,Binding affinities towards 5-hydroxytryptamine 6 receptor
cid:5761,5761,LSD,Lysergamides,chembl,EC50,9.8,nM,=,CHEMBL322,Tested for its ability to activate phospholipase C by quantification of IP3 at cloned rat 5-hydroxytryptamine 2A recepto
cid:5761,5761,LSD,Lysergamides,chembl,EC50,15.0,,=,CHEMBL322,Functional potency at the rat 5-hydroxytryptamine 2A receptor as effective concentration EC50 for stimulating Phosphoino
cid:5761,5761,LSD,Lysergamides,chembl,EC50,5.19,nM,=,CHEMBL224,Agonist activity at human 5HT2A S159A mutant transfected in HEK293T cells assessed as beta arrestin-2 recruitment measur
cid:5761,5761,LSD,Lysergamides,chembl,EC50,5.38,nM,=,CHEMBL224,Agonist activity at human 5HT2A S159A mutant transfected in HEK293T cells assessed as mini Galphaq recruitment measured 
cid:3958,3958,Lorazepam,Benzodiazepines,chembl,IC50,285759054.34,nM,=,CHEMBL5742,Binding affinity of compound towards Benzodiazepine receptor in a competition assay
cid:3958,3958,Lorazepam,Benzodiazepines,chembl,IC50,285759054.34,nM,=,CHEMBL612545,Binding affinity towards benzodiazepine/GABA A receptor.
cid:3958,3958,Lorazepam,Benzodiazepines,chembl,IC50,,,,CHEMBL368,Antimicrobial activity against Trypanosoma cruzi
cid:3958,3958,Lorazepam,Benzodiazepines,chembl,IC50,,,,CHEMBL612348,Antimicrobial activity against Trypanosoma brucei rhodesiense
cid:3958,3958,Lorazepam,Benzodiazepines,chembl,IC50,,,,CHEMBL612851,Antimicrobial activity against Trypanosoma brucei brucei
cid:3958,3958,Lorazepam,Benzodiazepines,chembl,IC50,,,,CHEMBL612849,Antimicrobial activity against Trypanosoma brucei
cid:3958,3958,Lorazepam,Benzodiazepines,chembl,IC50,,,,CHEMBL612884,Antimicrobial activity against Trichomonas vaginalis
cid:3958,3958,Lorazepam,Benzodiazepines,chembl,IC50,,,,CHEMBL612888,Antimicrobial activity against Toxoplasma gondii
cid:3958,3958,Lorazepam,Benzodiazepines,chembl,IC50,,,,CHEMBL613064,Antimicrobial activity against Pneumocystis carinii
cid:3958,3958,Lorazepam,Benzodiazepines,chembl,IC50,,,,CHEMBL364,Antimicrobial activity against Plasmodium falciparum
cid:3958,3958,Lorazepam,Benzodiazepines,chembl,IC50,,,,CHEMBL2366686,Antimicrobial activity against Leishmania
cid:3958,3958,Lorazepam,Benzodiazepines,chembl,IC50,,,,CHEMBL612880,Antimicrobial activity against Leishmania mexicana
cid:3958,3958,Lorazepam,Benzodiazepines,chembl,IC50,,,,CHEMBL612879,Antimicrobial activity against Leishmania major
cid:3958,3958,Lorazepam,Benzodiazepines,chembl,IC50,,,,CHEMBL612848,Antimicrobial activity against Leishmania infantum
cid:3958,3958,Lorazepam,Benzodiazepines,chembl,IC50,,,,CHEMBL367,Antimicrobial activity against Leishmania donovani
cid:3958,3958,Lorazepam,Benzodiazepines,chembl,Ki,12900.0,nM,=,CHEMBL5738,Displacement of 1-anilinonaphthalene-8-sulphonic acid from rat recombinant L-FABP high binding affinity site expressed i
cid:3958,3958,Lorazepam,Benzodiazepines,chembl,Ki,140000.0,nM,=,CHEMBL5738,Displacement of 1-anilinonaphthalene-8-sulphonic acid from rat recombinant L-FABP low binding affinity site expressed in
cid:3958,3958,Lorazepam,Benzodiazepines,chembl,Ki,140000.0,nM,=,CHEMBL612545,Inhibition of ciramadol glucuronidation by human UGT enzymes from liver microsomes
cid:3958,3958,Lorazepam,Benzodiazepines,chembl,Ki,160000.0,nM,=,CHEMBL612545,Inhibition of AZT glucuronidation by human UGT enzymes from liver microsomes
cid:3958,3958,Lorazepam,Benzodiazepines,chembl,Ki,160000.0,nM,=,CHEMBL612545,Inhibition of morphine glucuronidation by human UGT enzymes from liver microsomes
cid:3958,3958,Lorazepam,Benzodiazepines,chembl,Ki,,,,CHEMBL4018,DRUGMATRIX: Neuropeptide Y Y2 radioligand binding (ligand: [125I] Peptide YY)
cid:3958,3958,Lorazepam,Benzodiazepines,chembl,Ki,,,,CHEMBL612545,DRUGMATRIX: Nicotinic Acetylcholine radioligand binding (ligand: [125I] Epibatidine)
cid:3958,3958,Lorazepam,Benzodiazepines,chembl,Ki,,,,CHEMBL3048,"DRUGMATRIX: Nitric Oxide Synthase, Neuronal (nNOS) radioligand binding (ligand: [3H]L-Arginine)"
cid:3958,3958,Lorazepam,Benzodiazepines,chembl,Ki,,,,CHEMBL3464,"DRUGMATRIX: Nitric Oxide Synthase, Inducible (iNOS) enzyme inhibition (substrate: L-Arginine)"
cid:3958,3958,Lorazepam,Benzodiazepines,chembl,Ki,,,,CHEMBL236,"DRUGMATRIX: Opiate delta1 (OP1, DOP) radioligand binding (ligand: [3H] Naltrindole)"
cid:3958,3958,Lorazepam,Benzodiazepines,chembl,Ki,,,,CHEMBL237,"DRUGMATRIX: Opiate kappa (OP2, KOP) radioligand binding (ligand: [3H] Diprenorphine)"
cid:3958,3958,Lorazepam,Benzodiazepines,chembl,Ki,,,,CHEMBL233,"DRUGMATRIX: Opiate mu (OP3, MOP) radioligand binding (ligand: [3H] Diprenorphine)"
cid:3958,3958,Lorazepam,Benzodiazepines,chembl,Ki,,,,CHEMBL612545,DRUGMATRIX: Phorbol Ester radioligand binding (ligand: [3H] PDBu)
cid:3958,3958,Lorazepam,Benzodiazepines,chembl,Ki,,,,CHEMBL612545,DRUGMATRIX: Phosphodiesterase PDE3 enzyme inhibition (substrate: [3H]cAMP + cAMP)
cid:3958,3958,Lorazepam,Benzodiazepines,chembl,Ki,,,,CHEMBL612545,DRUGMATRIX: Phosphodiesterase PDE4 enzyme inhibition (substrate: [3H]cAMP + cAMP)
cid:7153,7153,MCPP,Substituted_piperazines,chembl,IC50,12000.0,nM,=,CHEMBL612545,Antagonist activity at human T1R2/T1R3 receptor expressed in HEK293E cells assessed as inhibition of sucralose-induced i
cid:7153,7153,MCPP,Substituted_piperazines,chembl,EC50,120.0,nM,=,CHEMBL225,Agonist activity at human cloned 5HT2C receptor expressed in CHO cells assessed as myo-[3H]inositol hydrolysis
cid:7153,7153,MCPP,Substituted_piperazines,chembl,EC50,150.0,nM,=,CHEMBL224,Agonist activity at human cloned 5HT2A receptor expressed in CHO cells assessed as myo-[3H]inositol hydrolysis
cid:7153,7153,MCPP,Substituted_piperazines,chembl,EC50,93.0,nM,=,CHEMBL1833,Agonist activity at human cloned 5HT2B receptor expressed in HEK293-EBNA cells assessed as myo-[3H]inositol hydrolysis
cid:1614,1614,MDA,Amphetamine,chembl,IC50,478.0,nM,=,CHEMBL313,Activity towards Serotonin transporter was determined by the ability to inhibit [3H]5-HT uptake in rat synaptosomes
cid:1614,1614,MDA,Amphetamine,chembl,IC50,890.0,nM,=,CHEMBL376,Compound was tested for its ability to inhibit [3H]dopamine uptake in rat synaptosomes
cid:1614,1614,MDA,Amphetamine,chembl,IC50,266.0,nM,=,CHEMBL304,Compound was tested for the ability to inhibit [3H]norepinephrine binding to Norepinephrine transporter in rat synaptoso
cid:1614,1614,MDA,Amphetamine,chembl,IC50,369.0,nM,=,CHEMBL376,Inhibitory concentration against [3H]- 5-HT uptake in crude rat synaptosomes
cid:1614,1614,MDA,Amphetamine,chembl,IC50,1356.0,nM,=,CHEMBL376,Inhibitory concentration against [3H]- DA uptake in crude rat synaptosomes
cid:1614,1614,MDA,Amphetamine,chembl,IC50,629.0,nM,=,CHEMBL376,Inhibitory concentration against [3H]- NE uptake in crude rat synaptosomes
cid:1614,1614,MDA,Amphetamine,chembl,IC50,996.0,nM,=,CHEMBL313,Inhibition of [3H]5-HT reuptake at rat SERT expressed in HEK293 cells after 2 mins by liquid scintillation counting
cid:1614,1614,MDA,Amphetamine,chembl,IC50,478.0,nM,=,CHEMBL313,Inhibition of [3H]5-HT uptake at SERT in rat brain synaptosome
cid:1614,1614,MDA,Amphetamine,chembl,IC50,266.0,nM,=,CHEMBL222,Inhibition of human noradrenaline transporter
cid:1614,1614,MDA,Amphetamine,chembl,IC50,890.0,nM,=,CHEMBL238,Inhibition of human dopamine transporter
cid:1614,1614,MDA,Amphetamine,chembl,IC50,478.0,nM,=,CHEMBL228,Binding affinity to human SERT
cid:1614,1614,MDA,Amphetamine,chembl,IC50,266.0,nM,=,CHEMBL222,Binding affinity to human NET
cid:1614,1614,MDA,Amphetamine,chembl,IC50,890.0,nM,=,CHEMBL238,Binding affinity to human DAT
cid:1614,1614,MDA,Amphetamine,chembl,IC50,900.0,nM,=,CHEMBL228,Inhibition of [3H]-serotonin reuptake at human SERT expressed in HEK293 cells after 15 to 20 mins by fluorescence neurot
cid:1614,1614,MDA,Amphetamine,chembl,IC50,6760.83,nM,=,CHEMBL228,Inhibition of [3H]5-HT uptake at human SERT expressed in HEK293 cells preincubated for 10 mins prior to substrate additi
cid:1614,1614,MDA,Amphetamine,chembl,Ki,2290.0,nM,=,CHEMBL324,Compound was tested for binding affinity towards 5-HT1C (5-HT1C) receptor from frontal cortical regions of male Sprague-
cid:1614,1614,MDA,Amphetamine,chembl,Ki,2190.0,nM,=,CHEMBL2093870,Binding affinity towards 5-hydroxytryptamine 2 receptor from frontal cortical regions of male Sprague-Dawley rat homogen
cid:1614,1614,MDA,Amphetamine,chembl,Ki,2100.0,nM,=,CHEMBL324,Binding affinity towards 5-hydroxytryptamine 1C receptor from frontal cortical regions of male Sprague-Dawley rat homoge
cid:1614,1614,MDA,Amphetamine,chembl,Ki,3425.0,nM,=,CHEMBL2093870,Binding affinity towards 5-hydroxytryptamine 2 receptor from frontal cortical regions of male Sprague-Dawley rat homogen
cid:1614,1614,MDA,Amphetamine,chembl,Ki,2306.0,nM,=,CHEMBL228,Inhibition of [3H]5-HT uptake at human SERT expressed in HEK293 cells preincubated for 10 mins prior to substrate additi
cid:1614,1614,MDA,Amphetamine,chembl,Ki,704.0,nM,=,CHEMBL222,Inhibition of [3H]norepinephrine uptake at human NET expressed in HEK293 cells preincubated for 10 mins prior to substra
cid:1614,1614,MDA,Amphetamine,chembl,Ki,2425.0,nM,=,CHEMBL238,Inhibition of [3H]dopamine uptake at human DAT expressed in HEK293 cells preincubated for 10 mins prior to substrate add
cid:1614,1614,MDA,Amphetamine,chembl,Ki,387.0,nM,=,CHEMBL322,Displacement of [3H]ketanserin from 5HT2A in Sprague-Dawley rat frontal cortex membranes measured after 15 mins by scint
cid:1614,1614,MDA,Amphetamine,chembl,EC50,323593.66,nM,=,CHEMBL614818,Cytotoxicity against human HEK293 cells after 48 hrs by neutral red assay
cid:1614,1614,MDA,Amphetamine,chembl,EC50,691830.97,nM,=,CHEMBL228,Induction of human SERT-dependent cytotoxicity in SERT expressing HEK293 cells after 48 hrs by neutral red assay
cid:1614,1614,MDA,Amphetamine,chembl,EC50,1905460.72,nM,=,CHEMBL228,Induction of human SERT-dependent cytotoxicity in SERT expressing human DG75 cells after 48 hrs by neutral red assay
cid:1614,1614,MDA,Amphetamine,chembl,EC50,10000000.0,nM,>,CHEMBL614910,Cytotoxicity against human SH-SY5Y cells after 48 hrs by neutral red assay
cid:1614,1614,MDA,Amphetamine,chembl,EC50,323593.66,nM,=,CHEMBL614818,Cytotoxicity against human HEK293 cells assessed as cell viability after 48 hrs by neutral red assay
cid:1614,1614,MDA,Amphetamine,chembl,EC50,691830.97,nM,=,CHEMBL614818,Cytotoxicity against human HEK293 cells over expressing human SERT assessed as cell viability after 48 hrs by neutral re
cid:1614,1614,MDA,Amphetamine,chembl,EC50,588843.66,nM,=,CHEMBL614818,Cytotoxicity against human HEK293 cells over expressing human NET assessed as cell viability after 48 hrs by neutral red
cid:1614,1614,MDA,Amphetamine,chembl,EC50,5888436.55,nM,=,CHEMBL614818,Cytotoxicity against human HEK293 cells over expressing human DAT assessed as cell viability after 48 hrs by neutral red
cid:1614,1614,MDA,Amphetamine,chembl,EC50,10000000.0,nM,>,CHEMBL614910,Cytotoxicity against human SH-SY5Y cells expressing human SERT assessed as decrease in cell viability after 48 hrs neutr
cid:1614,1614,MDA,Amphetamine,chembl,EC50,630957.34,nM,=,CHEMBL614818,Cytotoxicity against human HEK293 cells expressing human SERT assessed as decrease in cell viability after 48 hrs neutra
cid:1614,1614,MDA,Amphetamine,chembl,EC50,316227.77,nM,=,CHEMBL614818,Cytotoxicity against human HEK293 cells assessed as decrease in cell viability after 48 hrs neutral red dye assay
cid:1614,1614,MDA,Amphetamine,chembl,EC50,1995262.31,nM,=,CHEMBL2366199,Cytotoxicity against human chemoresistant DG75 cells expressing SERT assessed as decrease in cell viability 10 or 50 uM 
cid:1614,1614,MDA,Amphetamine,chembl,EC50,160.0,nM,=,CHEMBL313,Activity at SERT in rat synaptosomes assessed as release of [3H]HT after 5 mins by liquid scintillation counting method
cid:1614,1614,MDA,Amphetamine,chembl,EC50,190.0,nM,=,CHEMBL338,Activity at DAT in rat synaptosomes assessed as release of [3H]DA after 5 mins by liquid scintillation counting method
cid:1614,1614,MDA,Amphetamine,chembl,EC50,108.0,nM,=,CHEMBL612545,Activity at NET in rat synaptosomes assessed as release of [3H]NE after 30 mins by liquid scintillation counting method
cid:1614,1614,MDA,Amphetamine,chembl,Kd,354.81,nM,=,CHEMBL2094123,Affinity against 5-hydroxytryptamine receptors in rat fundus model
cid:1614,1614,MDA,Amphetamine,chembl,Kd,354.81,nM,=,CHEMBL323,Affinity against 5-hydroxytryptamine 2B receptor in the isolated rat stomach fundus
cid:1614,1614,MDA,Amphetamine,chembl,Kd,354.81,nM,=,CHEMBL2094123,Competitive antagonist activity at 5-HT serotonin receptor in Sprague-Dawley rat stomach fundus model assessed as inhibi
cid:125558,125558,MDAI,Aminoindane,chembl,Kd,0.104,nM,=,CHEMBL313,Binding affinity was determined towards serotonin uptake site in presence of [3H]paroxetine radioligand in rat brain cor
cid:125558,125558,MDAI,Aminoindane,chembl,Kd,0.127,nM,=,CHEMBL313,Binding affinity was determined towards serotonin uptake site in presence of [3H]paroxetine radioligand in rat hippocamp
cid:1615,1615,MDMA,"Amphetamine, MDxx, Substituted_amphetamines",chembl,IC50,1060.0,nM,=,CHEMBL313,Inhibition of [3H]5-HT reuptake at rat SERT expressed in HEK293 cells after 2 mins by liquid scintillation counting
cid:1615,1615,MDMA,"Amphetamine, MDxx, Substituted_amphetamines",chembl,IC50,425.0,nM,=,CHEMBL228,Inhibition of [3H]5-HT uptake at SERT
cid:1615,1615,MDMA,"Amphetamine, MDxx, Substituted_amphetamines",chembl,IC50,405.0,nM,=,CHEMBL222,Inhibition of human noradrenaline transporter
cid:1615,1615,MDMA,"Amphetamine, MDxx, Substituted_amphetamines",chembl,IC50,1442.0,nM,=,CHEMBL238,Inhibition of human dopamine transporter
cid:1615,1615,MDMA,"Amphetamine, MDxx, Substituted_amphetamines",chembl,IC50,425.0,nM,=,CHEMBL228,Binding affinity to human SERT
cid:1615,1615,MDMA,"Amphetamine, MDxx, Substituted_amphetamines",chembl,IC50,405.0,nM,=,CHEMBL222,Binding affinity to human NET
cid:1615,1615,MDMA,"Amphetamine, MDxx, Substituted_amphetamines",chembl,IC50,1442.0,nM,=,CHEMBL238,Binding affinity to human DAT
cid:1615,1615,MDMA,"Amphetamine, MDxx, Substituted_amphetamines",chembl,IC50,1100.0,nM,=,CHEMBL228,Inhibition of [3H]-serotonin reuptake at human SERT expressed in HEK293 cells after 15 to 20 mins by fluorescence neurot
cid:1615,1615,MDMA,"Amphetamine, MDxx, Substituted_amphetamines",chembl,IC50,2754.23,nM,=,CHEMBL228,Inhibition of [3H]5-HT uptake at human SERT expressed in HEK293 cells preincubated for 10 mins prior to substrate additi
cid:1615,1615,MDMA,"Amphetamine, MDxx, Substituted_amphetamines",chembl,IC50,1995.26,nM,=,CHEMBL222,Inhibition of [3H]norepinephrine uptake at human NET expressed in HEK293 cells preincubated for 10 mins prior to substra
cid:1615,1615,MDMA,"Amphetamine, MDxx, Substituted_amphetamines",chembl,IC50,2398.83,nM,=,CHEMBL238,Inhibition of [3H]dopamine uptake at human DAT expressed in HEK293 cells preincubated for 10 mins prior to substrate add
cid:1615,1615,MDMA,"Amphetamine, MDxx, Substituted_amphetamines",chembl,IC50,30400.0,nM,=,CHEMBL1907596,Displacement of [3H]epibatidine from alpha4beta2 nAChR in Sprague-Dawley rat brain cortical membrane after 3 hrs by liqu
cid:1615,1615,MDMA,"Amphetamine, MDxx, Substituted_amphetamines",chembl,Ki,0.73,nM,=,CHEMBL228,Displacement of [3H]citalopram from human SERT expressed in HEK293 cells
cid:1615,1615,MDMA,"Amphetamine, MDxx, Substituted_amphetamines",chembl,Ki,2.03,nM,=,CHEMBL228,Displacement of [3H]paroxetine from human SERT expressed in HEK293 cells
cid:1615,1615,MDMA,"Amphetamine, MDxx, Substituted_amphetamines",chembl,Ki,22800.0,nM,=,CHEMBL289,Mechanism based inhibition of human cytochrome P450 2D6 measured by dextromethorphan O-demethylation using human liver m
cid:1615,1615,MDMA,"Amphetamine, MDxx, Substituted_amphetamines",chembl,Ki,12900.0,nM,=,CHEMBL289,Mechanism based inhibition of human cytochrome P450 2D6 measured by dextromethorphan O-demethylation using recombinant C
cid:1615,1615,MDMA,"Amphetamine, MDxx, Substituted_amphetamines",chembl,Ki,948.0,nM,=,CHEMBL228,Inhibition of [3H]5-HT uptake at human SERT expressed in HEK293 cells preincubated for 10 mins prior to substrate additi
cid:1615,1615,MDMA,"Amphetamine, MDxx, Substituted_amphetamines",chembl,Ki,398.0,nM,=,CHEMBL222,Inhibition of [3H]norepinephrine uptake at human NET expressed in HEK293 cells preincubated for 10 mins prior to substra
cid:1615,1615,MDMA,"Amphetamine, MDxx, Substituted_amphetamines",chembl,Ki,897.0,nM,=,CHEMBL238,Inhibition of [3H]dopamine uptake at human DAT expressed in HEK293 cells preincubated for 10 mins prior to substrate add
cid:1615,1615,MDMA,"Amphetamine, MDxx, Substituted_amphetamines",chembl,Ki,1440.0,nM,=,CHEMBL1907596,Displacement of [3H]epibatidine from alpha4beta2 nAChR in Sprague-Dawley rat brain cortical membrane after 3 hrs
cid:1615,1615,MDMA,"Amphetamine, MDxx, Substituted_amphetamines",chembl,EC50,245470.89,nM,=,CHEMBL614818,Cytotoxicity against human HEK293 cells after 48 hrs by neutral red assay
cid:1615,1615,MDMA,"Amphetamine, MDxx, Substituted_amphetamines",chembl,EC50,489778.82,nM,=,CHEMBL228,Induction of human SERT-dependent cytotoxicity in SERT expressing HEK293 cells after 48 hrs by neutral red assay
cid:1615,1615,MDMA,"Amphetamine, MDxx, Substituted_amphetamines",chembl,EC50,32359.37,nM,=,CHEMBL228,Induction of human SERT-dependent cytotoxicity in SERT expressing human DG75 cells after 48 hrs by neutral red assay
cid:1615,1615,MDMA,"Amphetamine, MDxx, Substituted_amphetamines",chembl,EC50,10000000.0,nM,>,CHEMBL614910,Cytotoxicity against human SH-SY5Y cells after 48 hrs by neutral red assay
cid:1615,1615,MDMA,"Amphetamine, MDxx, Substituted_amphetamines",chembl,EC50,245470.89,nM,=,CHEMBL614818,Cytotoxicity against human HEK293 cells assessed as cell viability after 48 hrs by neutral red assay
cid:1615,1615,MDMA,"Amphetamine, MDxx, Substituted_amphetamines",chembl,EC50,489778.82,nM,=,CHEMBL614818,Cytotoxicity against human HEK293 cells over expressing human SERT assessed as cell viability after 48 hrs by neutral re
cid:1615,1615,MDMA,"Amphetamine, MDxx, Substituted_amphetamines",chembl,EC50,1548816.62,nM,=,CHEMBL614818,Cytotoxicity against human HEK293 cells over expressing human NET assessed as cell viability after 48 hrs by neutral red
cid:1615,1615,MDMA,"Amphetamine, MDxx, Substituted_amphetamines",chembl,EC50,1949844.6,nM,=,CHEMBL614818,Cytotoxicity against human HEK293 cells over expressing human DAT assessed as cell viability after 48 hrs by neutral red
cid:1615,1615,MDMA,"Amphetamine, MDxx, Substituted_amphetamines",chembl,EC50,10000000.0,nM,>,CHEMBL614910,Cytotoxicity against human SH-SY5Y cells expressing human SERT assessed as decrease in cell viability after 48 hrs neutr
cid:1615,1615,MDMA,"Amphetamine, MDxx, Substituted_amphetamines",chembl,EC50,501187.23,nM,=,CHEMBL614818,Cytotoxicity against human HEK293 cells expressing human SERT assessed as decrease in cell viability after 48 hrs neutra
cid:1615,1615,MDMA,"Amphetamine, MDxx, Substituted_amphetamines",chembl,EC50,31622.78,nM,=,CHEMBL2366199,Cytotoxicity against human chemoresistant DG75 cells expressing SERT assessed as decrease in cell viability 10 or 50 uM 
cid:1615,1615,MDMA,"Amphetamine, MDxx, Substituted_amphetamines",chembl,EC50,251188.64,nM,=,CHEMBL614818,Cytotoxicity against human HEK293 cells assessed as decrease in cell viability after 48 hrs neutral red dye assay
cid:1615,1615,MDMA,"Amphetamine, MDxx, Substituted_amphetamines",chembl,EC50,1700.0,nM,=,CHEMBL3833,Activation of rat TAAR1 expressed in HEK293 cells assessed as accumulation of [3H]cAMP after 1 hr by competitive binding
cid:1615,1615,MDMA,"Amphetamine, MDxx, Substituted_amphetamines",chembl,EC50,1000.0,nM,=,CHEMBL222,Binding affinity to human NET expressed in HEK293 cells assessed as induction of [3H]MPP+ release by liquid scintillatio
cid:1615,1615,MDMA,"Amphetamine, MDxx, Substituted_amphetamines",chembl,EC50,1000.0,nM,=,CHEMBL238,Binding affinity to human DAT expressed in HEK293 cells assessed as induction of [3H]MPP+ release by liquid scintillatio
cid:1615,1615,MDMA,"Amphetamine, MDxx, Substituted_amphetamines",chembl,Kd,0.123,nM,=,CHEMBL612545,Binding affinity was determined towards serotonin uptake site in presence of [3H]paroxetine radioligand in rat brain cor
cid:1615,1615,MDMA,"Amphetamine, MDxx, Substituted_amphetamines",chembl,Kd,0.195,nM,=,CHEMBL612545,Binding affinity was determined towards serotonin uptake site in presence of [3H]paroxetine radioligand in rat hippocamp
cid:6137,6137,MET,Substituted_tryptamines,chembl,IC50,170000.0,nM,=,CHEMBL4459,Cis-inhibition of human LAT1 expressed in TREx HEK293 cells at 200 uM assessed as inhibition of [3H]-gabapentin uptake p
cid:6137,6137,MET,Substituted_tryptamines,chembl,IC50,180000.0,nM,=,CHEMBL4459,Inhibition of human LAT1 expressed in HEK293-T-Rex cells assessed as inhibition of [3H]-gabapentin uptake by scintillati
cid:6137,6137,MET,Substituted_tryptamines,chembl,IC50,60000.0,nM,>,CHEMBL1929,Determination of Xanthine Oxidase Inhibitory Activity of Aryl Benzofuran Amidated Derivatives and Reagents (Amino Deriva
cid:6137,6137,MET,Substituted_tryptamines,chembl,Ki,26900000.0,nM,=,CHEMBL2943,Compound tested for the inhibition of Gamma-glutamyltranspeptidase in rat kidney at pH 8.0 at 37 degree C (Competitive i
cid:6137,6137,MET,Substituted_tryptamines,chembl,Ki,150000000.0,nM,>,CHEMBL4158,Inhibition constant against Escherichia coli cyclopropane fatty acid synthase
cid:6137,6137,MET,Substituted_tryptamines,chembl,Ki,61000.0,nM,=,CHEMBL5171,Inhibition of cobalt substituted Bacillus subtilis LuxS
cid:6137,6137,MET,Substituted_tryptamines,chembl,Ki,,,,CHEMBL3496,Inhibition of cobalt substituted Escherichia coli LuxS
cid:6137,6137,MET,Substituted_tryptamines,chembl,Ki,,,,CHEMBL4682,Inhibition of cobalt substituted Vibrio harveyi LuxS
cid:6137,6137,MET,Substituted_tryptamines,chembl,Ki,,,,CHEMBL5171,Inhibition of ferrous substituted Bacillus subtilis LuxS
cid:6137,6137,MET,Substituted_tryptamines,chembl,Ki,,,,CHEMBL5171,Inhibition of zinc substituted Bacillus subtilis LuxS
cid:6137,6137,MET,Substituted_tryptamines,chembl,EC50,800000.0,nM,=,CHEMBL612545,"Concentration required for obtaining 50% of the fluorescence intensity of copper-free calcein 1, in bovine serum albumin"
cid:896,896,Melatonin,Substituted_tryptamines,chembl,IC50,0.017,nM,=,CHEMBL2094268,Inhibition of 2-[125I]iodomelatonin stimulated calcium dependent dopamine release from the rabbit retina.
cid:896,896,Melatonin,Substituted_tryptamines,chembl,IC50,0.6,nM,=,CHEMBL1945,In vitro receptor binding at MT1 (Melatonin) receptor.
cid:896,896,Melatonin,Substituted_tryptamines,chembl,IC50,0.3,nM,=,CHEMBL1946,In vitro receptor binding at MT2 (Melatonin) receptor.
cid:896,896,Melatonin,Substituted_tryptamines,chembl,IC50,2.2,nM,=,CHEMBL2094268,Inhibitory activity against melatonin receptor in the quail optica tecta using 2-[125] iodomelatonin as labelled ligand
cid:896,896,Melatonin,Substituted_tryptamines,chembl,IC50,2.98,nM,=,CHEMBL2094268,Agonist activity against melatonin receptor was tested in the absence of iodomelatonin
cid:896,896,Melatonin,Substituted_tryptamines,chembl,IC50,13.1,nM,=,CHEMBL2094268,Agonist activity against melatonin receptor in the presence of iodomelatonin
cid:896,896,Melatonin,Substituted_tryptamines,chembl,IC50,0.157,nM,=,CHEMBL2094268,Monophasic inhibitory concentration against melatonin receptor was measured on ovine pars tuberalis membrane.
cid:896,896,Melatonin,Substituted_tryptamines,chembl,IC50,2.2,nM,=,CHEMBL2094268,inhibitory concentration against Melatonin receptor
cid:896,896,Melatonin,Substituted_tryptamines,chembl,IC50,2.2,nM,=,CHEMBL2094268,Inhibitory activity against melatonin receptor in the quail optica tecta using 2-[125] iodomelatonin as radiolabeled lig
cid:896,896,Melatonin,Substituted_tryptamines,chembl,IC50,3.11,nM,=,CHEMBL2094268,Inhibitory activity against melatonin receptor of quail optica tecta with 200 pM 2-[125] iodomelatonin
cid:896,896,Melatonin,Substituted_tryptamines,chembl,IC50,15.2,nM,=,CHEMBL2094268,Inhibitory activity against melatonin receptor of quail optica tecta with 200 pM 2-[125] iodomelatonin as gamma-S (10e-4
cid:896,896,Melatonin,Substituted_tryptamines,chembl,IC50,,nM,,CHEMBL614313,Inhibitory concentration against melatonin-induced pigment aggregation by 50% in Xenopus laevis dermal melanophore cell 
cid:896,896,Melatonin,Substituted_tryptamines,chembl,IC50,0.0798,nM,=,CHEMBL376,Inhibition of forskolin stimulated cAMP production in neonatal rat pituitary
cid:896,896,Melatonin,Substituted_tryptamines,chembl,IC50,1.0,nM,=,CHEMBL1945,Binding affinity for melatonin 1A receptor was measured using 2-[125I]iodomelatonin on ovine pars tuberalis membrane hom
cid:896,896,Melatonin,Substituted_tryptamines,chembl,IC50,100.0,nM,>,CHEMBL4768,Inhibition of AchE from bovine erythrocytes
cid:896,896,Melatonin,Substituted_tryptamines,chembl,Ki,0.4,nM,=,CHEMBL1945,Binding affinity against human Melatonin receptor type 1A by using 2-[125I]iodomelatonin as radioligand
cid:896,896,Melatonin,Substituted_tryptamines,chembl,Ki,0.3,nM,=,CHEMBL1946,Binding affinity against human Melatonin receptor type 1B by using 2-[125I]iodomelatonin as radioligand
cid:896,896,Melatonin,Substituted_tryptamines,chembl,Ki,0.14,nM,=,CHEMBL1945,Binding affinity for human Melatonin receptor type 1A stably transfected in human embryonic kidney cells (HEK 293) using
cid:896,896,Melatonin,Substituted_tryptamines,chembl,Ki,0.41,nM,=,CHEMBL1946,Binding affinity for human Melatonin receptor type 1B stably transfected in human embryonic kidney cells (HEK 293) using
cid:896,896,Melatonin,Substituted_tryptamines,chembl,Ki,0.08,nM,=,CHEMBL1945,Inhibition of the 2-[125I]- iodomelatonin binding to Melatonin receptor type 1A expressed in CHO cells
cid:896,896,Melatonin,Substituted_tryptamines,chembl,Ki,0.12,nM,=,CHEMBL1946,Inhibition of the 2-[125I]- iodomelatonin binding to Melatonin receptor type 1B expressed in CHO cells
cid:896,896,Melatonin,Substituted_tryptamines,chembl,Ki,0.67,nM,=,CHEMBL2095154,Competitive binding by the displacement of 2-[125I]- Iodomelatonin binding from melatonin receptors in chicken brain mem
cid:896,896,Melatonin,Substituted_tryptamines,chembl,Ki,1.08,nM,=,CHEMBL2095154,Effect of compound on Melatonin receptor in chicken brain in the presence of GTP-gamma-S
cid:896,896,Melatonin,Substituted_tryptamines,chembl,Ki,0.176,nM,=,CHEMBL2095154,Effect of compound on Melatonin receptor in chicken brain in the presence of MnCl2
cid:896,896,Melatonin,Substituted_tryptamines,chembl,Ki,0.57,nM,=,CHEMBL2095154,Binding affinity to compete for 2-[125I]iodomelatonin binding to chicken retinal membranes
cid:896,896,Melatonin,Substituted_tryptamines,chembl,Ki,0.7,nM,=,CHEMBL4466,Binding affinity measured against Chicken brain melatonin receptor by using 2-[125I]iodomelatonin as radioligand
cid:896,896,Melatonin,Substituted_tryptamines,chembl,Ki,0.59,nM,=,CHEMBL2095154,Binding affinity towards melatonin receptor using 2-[125I]iodomelatonin as radioligand in chick brain membranes
cid:896,896,Melatonin,Substituted_tryptamines,chembl,Ki,1.1,nM,=,CHEMBL2094268,Inhibition of 2-[125I]iodomelatonin binding to melatonin receptor in quail brain as 1/Ka
cid:896,896,Melatonin,Substituted_tryptamines,chembl,Ki,0.4,nM,=,CHEMBL1945,Binding affinity against human MT1 melatonin receptor expressed in NIH3T3 cells.
cid:896,896,Melatonin,Substituted_tryptamines,chembl,Ki,0.3,nM,=,CHEMBL1946,Binding affinity against human MT2 melatonin receptor expressed in NIH3T3 cells
cid:896,896,Melatonin,Substituted_tryptamines,chembl,EC50,2.24,nM,=,CHEMBL1945,Agonist potency determined by [35S]GTP gamma-S binding assay using CHO cell lines for Melatonin receptor type 1A
cid:896,896,Melatonin,Substituted_tryptamines,chembl,EC50,0.49,nM,=,CHEMBL1946,Agonist potency determined by [35S]GTP gamma-S binding assay using CHO cell lines for Melatonin receptor type 1B
cid:896,896,Melatonin,Substituted_tryptamines,chembl,EC50,1.92,nM,=,CHEMBL1945,"Intrinsic activity evaluated on [35S]GTP -gamma-S binding in hamster ovarian (CHO) cells, stably expressing human Melato"
cid:896,896,Melatonin,Substituted_tryptamines,chembl,EC50,0.47,nM,=,CHEMBL1946,"Intrinsic activity at human Melatonin receptor type 1B evaluated on [35S]GTP-gamma-S, binding in Chinese hamster ovarian"
cid:896,896,Melatonin,Substituted_tryptamines,chembl,EC50,0.23,nM,=,CHEMBL614313,Effective concentration required to produce 50% of the maximal pigment aggregation in Xenopus laevis dermal melanophore 
cid:896,896,Melatonin,Substituted_tryptamines,chembl,EC50,22.6,nM,=,CHEMBL2095154,Functional activity against melatonin receptor in lightening Xenopus laevis tadpole skin
cid:896,896,Melatonin,Substituted_tryptamines,chembl,EC50,0.08,nM,=,CHEMBL612545,Effective concentration for its agonist activity against melatonin of Xenopus melanophores
cid:896,896,Melatonin,Substituted_tryptamines,chembl,EC50,0.063,nM,=,CHEMBL614313,Agonist activity in Xenopus laevis melanophore assessed as potency for pigment aggregation
cid:896,896,Melatonin,Substituted_tryptamines,chembl,EC50,0.08511,nM,=,CHEMBL5495,Agonist activity in Xenopus laevis melanophores assessed as melatoninergic activity
cid:896,896,Melatonin,Substituted_tryptamines,chembl,EC50,0.07943,nM,=,CHEMBL5495,Effect on pigment aggregation in Xenopus laevis melanophores
cid:896,896,Melatonin,Substituted_tryptamines,chembl,EC50,0.08511,nM,=,CHEMBL612545,Agonist activity at melatonin receptor in Xenopus laevis melanophores assessed as effect on pigment granule distribution
cid:896,896,Melatonin,Substituted_tryptamines,chembl,EC50,2.24,nM,=,CHEMBL612545,Agonist activity at human MT1 receptor expressed in CHO cells assessed as stimulation of [35S]GTPgammaS binding
cid:896,896,Melatonin,Substituted_tryptamines,chembl,EC50,0.49,nM,=,CHEMBL612545,Agonist activity at human MT2 receptor expressed in CHO cells assessed as stimulation of [35S]GTPgammaS binding
cid:896,896,Melatonin,Substituted_tryptamines,chembl,EC50,0.49,nM,=,CHEMBL1946,Agonist activity at human MT2 receptor expressed in CHO cells by [35S]GTPgammaS binding assay
cid:896,896,Melatonin,Substituted_tryptamines,chembl,EC50,0.49,nM,=,CHEMBL1946,Agonist activity at human MT2 receptor expressed in CHO cells by [35S]GTPgamma binding assay
cid:896,896,Melatonin,Substituted_tryptamines,chembl,Kd,9.15,l M-1,=,CHEMBL2094268,Binding affinity against Melatonin receptor using ovine pars tuberalis membranes of the pituitary.
cid:896,896,Melatonin,Substituted_tryptamines,chembl,Kd,9.15E-11,,=,CHEMBL2094268,Binding affinity to melatonin receptor measured on ovine pars tuberalis membrane
cid:896,896,Melatonin,Substituted_tryptamines,chembl,Kd,0.15,nM,=,CHEMBL1945,Binding affinity to melatonin receptor MT1 (unknown origin)
cid:896,896,Melatonin,Substituted_tryptamines,chembl,Kd,0.15,nM,=,CHEMBL1946,Binding affinity to melatonin receptor MT2 (unknown origin)
cid:4054,4054,Memantine,Adamantanes,chembl,IC50,27200.0,nM,=,CHEMBL5685,Inhibition of 4-(4-(dimethylamino)styryl)-N-methylpyridinium uptake at human OCT1 expressed in HEK293 cells by confocal 
cid:4054,4054,Memantine,Adamantanes,chembl,IC50,9520.0,nM,=,CHEMBL1907603,Inhibition of NMDA NR1/NR2B receptor expressed in xenopus oocytes assessed as inhibition of NMDA and glycine-induced cur
cid:4054,4054,Memantine,Adamantanes,chembl,IC50,55400.0,nM,=,CHEMBL1907608,Inhibition of NMDA receptor in rat cerebellar granule neurons assessed as glutamate-induced intracellular calcium increa
cid:4054,4054,Memantine,Adamantanes,chembl,IC50,1500.0,nM,=,CHEMBL1907608,Inhibition of NMDA receptor in rat cerebellar granule neurons assessed as NMDA-induced intracellular calcium increase
cid:4054,4054,Memantine,Adamantanes,chembl,IC50,5500.0,nM,=,CHEMBL1907603,Inhibition of dexamethasone-induced human NR1-1a/NR2B receptor-mediated excitotoxicity in (S)-glutamate/glycine-stimulat
cid:4054,4054,Memantine,Adamantanes,chembl,IC50,5600.0,nM,=,CHEMBL1907604,Inhibition of dexamethasone-induced human NR1-1a/NR2A receptor-mediated excitotoxicity in (S)-glutamate/glycine-stimulat
cid:4054,4054,Memantine,Adamantanes,chembl,IC50,10000.0,nM,>,CHEMBL4078,Inhibition of electric eel AChE by modified Ellman's method
cid:4054,4054,Memantine,Adamantanes,chembl,IC50,10000.0,nM,>,CHEMBL5763,Inhibition of equine serum BChE by modified Ellman's method
cid:4054,4054,Memantine,Adamantanes,chembl,IC50,1560.0,nM,=,CHEMBL612545,Displacement of [3H](+)-MK-801 from N-methyl D-aspartate receptor in Rattus norvegicus (rat) forebrain membranes after 9
cid:4054,4054,Memantine,Adamantanes,chembl,IC50,0.95,nM,=,CHEMBL1907604,Antagonist activity at recombinant GluN1/GluN2A receptor (unknown origin) expressed in Xenopus laevis oocytes assessed a
cid:4054,4054,Memantine,Adamantanes,chembl,IC50,4360.0,nM,=,CHEMBL1907604,Antagonist activity at NR1/NR2A receptor (unknown origin) expressed in Xenopus laevis oocytes assessed as inhibition of 
cid:4054,4054,Memantine,Adamantanes,chembl,IC50,,,,CHEMBL4078,Inhibition of electric eel AChE using acetylthiocholine iodide substrate by Ellman assay
cid:4054,4054,Memantine,Adamantanes,chembl,IC50,,,,CHEMBL5763,Inhibition of BChE in equine serum using butyrylthiocholine iodide substrate by Ellman assay
cid:4054,4054,Memantine,Adamantanes,chembl,IC50,,,,CHEMBL1951,Inhibition of human recombinant MAOA
cid:4054,4054,Memantine,Adamantanes,chembl,IC50,,,,CHEMBL2039,Inhibition of human recombinant MAOB
cid:4054,4054,Memantine,Adamantanes,chembl,IC50,4400.0,nM,=,CHEMBL1907604,Inhibition of human NR1-1a/NR2A expressed in mouse L12-G10 cells assessed as inhibition of glutamate-induced excitotoxic
cid:4054,4054,Memantine,Adamantanes,chembl,IC50,5200.0,nM,=,CHEMBL1907603,Inhibition of human NR1-1a/NR2B expressed in mouse L13-E6 cells assessed as inhibition of glutamate-induced excitotoxici
cid:4054,4054,Memantine,Adamantanes,chembl,IC50,1090.0,nM,=,CHEMBL1907608,Displacement of [3H]MK-801 from NMDA receptor in Wistar rat brain membranes by scintillation counting analysis
cid:4054,4054,Memantine,Adamantanes,chembl,IC50,,,,CHEMBL220,Inhibition of human recombinant AChE expressed in HEK293 cells using acetylthiocholine iodide as substrate preincubated 
cid:4054,4054,Memantine,Adamantanes,chembl,IC50,1500.0,nM,=,CHEMBL1907608,Antagonist activity at NMDA receptor in rat CGN cells assessed as increase in intracellular calcium level incubated for 
cid:4054,4054,Memantine,Adamantanes,chembl,Ki,700.0,nM,=,CHEMBL401,Compound with the N-methyl-D-aspartate glutamate receptor blocking activity
cid:4054,4054,Memantine,Adamantanes,chembl,Ki,540.0,nM,=,CHEMBL2094124,The compound was tested for its ability to block PCP N-methyl-D-aspartate glutamate receptor at the PCP (phencyclidine) 
cid:4054,4054,Memantine,Adamantanes,chembl,Ki,1200.0,nM,=,CHEMBL612545,Displacement of [3H]-(+)-MK801 from PCP binding site of NMDA receptor from pig brain cortex after 150 mins by scintillat
cid:4054,4054,Memantine,Adamantanes,chembl,Ki,1200.0,nM,=,CHEMBL612545,Displacement of [3H]-(+)-MK-801 from NMDA receptor phencyclidine binding site in guinea pig brain cortex homogenates aft
cid:4054,4054,Memantine,Adamantanes,chembl,Ki,429.0,nM,=,CHEMBL612545,Displacement of [3H]-(+)-MK-801 from PCP binding site of NMDA receptor in pig brain cortex
cid:4054,4054,Memantine,Adamantanes,chembl,Ki,100000.0,nM,>,CHEMBL311,Displacement of [3H]Ifenprodil from NMDAR-2B in Sprague-Dawley rat frontal cortex homogenates after 2 hrs by liquid scin
cid:4054,4054,Memantine,Adamantanes,chembl,Ki,1160.0,nM,=,CHEMBL612545,Displacement of [3H]MK-801 from NMDAR in Sprague-Dawley rat cerebral cortex homogenates after 2 hrs by liquid scintillat
cid:4054,4054,Memantine,Adamantanes,chembl,Ki,1140.0,nM,=,CHEMBL612545,Displacement of [3H](+)-MK-801 from N-methyl D-aspartate receptor in Rattus norvegicus (rat) forebrain membranes after 9
cid:4054,4054,Memantine,Adamantanes,chembl,Ki,1200.0,nM,=,CHEMBL2094124,Binding affinity to NMDA receptor (unknown origin)
cid:4054,4054,Memantine,Adamantanes,chembl,Ki,9740.0,nM,=,CHEMBL612545,Displacement of [3H]-(+)-MK-801 from phencyclidine binding site of NMDA receptor in pig membranes after 150 mins by scin
cid:4054,4054,Memantine,Adamantanes,chembl,Ki,740.0,nM,=,CHEMBL612545,Displacement of [3H]-(+)-MK-801 from PCP binding site of NMDA receptor in pig brain cortex membranes after 150 mins by s
cid:4054,4054,Memantine,Adamantanes,chembl,Ki,1000.0,nM,=,CHEMBL1907603,Inhibition of recombinant GluN1/GluN2B receptor (unknown origin) expressed in HEK293 cells by patch-clamp method
cid:4054,4054,Memantine,Adamantanes,chembl,Ki,540.0,nM,=,CHEMBL2094124,Binding affinity to NMDAR (unknown origin)
cid:4054,4054,Memantine,Adamantanes,chembl,Ki,540.0,nM,=,CHEMBL612545,Displacement of [3H]MK801 from NMDA receptor in human brain by radioligand binding assay
cid:4054,4054,Memantine,Adamantanes,chembl,EC50,2720.0,nM,=,CHEMBL330,Protective Effects of Compounds on Primary Cerebellum Granule Cells of Rats: Isolated primary cerebellum granule cells o
cid:4076,4076,Mescaline,Substituted_phenethylamines,chembl,IC50,10000.0,nM,>,CHEMBL376,Ability to inhibit accumulation [3H]DA in rat whole brain synaptosomes
cid:4076,4076,Mescaline,Substituted_phenethylamines,chembl,IC50,10000.0,nM,>,CHEMBL376,Ability to inhibit accumulation [3H]5-HT in rat whole brain synaptosomes
cid:4076,4076,Mescaline,Substituted_phenethylamines,chembl,Ki,5500.0,nM,=,CHEMBL322,Ability to displace [3H]ketanserin from rat cortical homogenate 5-hydroxytryptamine 2A receptor
cid:4076,4076,Mescaline,Substituted_phenethylamines,chembl,Ki,6900.0,nM,=,CHEMBL273,Ability to displace [3H]-8-OH-DPAT from rat hippocampal homogenate 5-hydroxytryptamine 1A receptor
cid:4076,4076,Mescaline,Substituted_phenethylamines,chembl,Ki,551.0,nM,=,CHEMBL224,Agonist activity at cloned human 5-hydroxytryptamine 2A receptor using [125I]DOI radioligand
cid:4076,4076,Mescaline,Substituted_phenethylamines,chembl,Ki,302.8,nM,=,CHEMBL225,Agonist activity at cloned human 5-hydroxytryptamine 2C receptor using [125I]DOI radioligand
cid:4076,4076,Mescaline,Substituted_phenethylamines,chembl,Ki,795.1,nM,=,CHEMBL1833,Agonist activity at cloned human 5-hydroxytryptamine 2B receptor using [3H]5-HT radioligand
cid:4076,4076,Mescaline,Substituted_phenethylamines,chembl,Ki,,nM,,CHEMBL224,Antagonist activity at cloned human 5-hydroxytryptamine 2A receptor using [3H]ketanserin radioligand; Not tested
cid:4076,4076,Mescaline,Substituted_phenethylamines,chembl,Ki,,nM,,CHEMBL1833,Antagonist activity at cloned human 5-hydroxytryptamine 2B receptor using [3H]- rauwolscine radioligand; Not tested
cid:4076,4076,Mescaline,Substituted_phenethylamines,chembl,Ki,,nM,,CHEMBL225,Antagonist activity at cloned human 5-hydroxytryptamine 2C receptor using [3H]mesulergine radioligand; Not tested
cid:4076,4076,Mescaline,Substituted_phenethylamines,chembl,Ki,380.0,nM,=,CHEMBL324,Displacement of [125I]DOI from rat 5HT2C receptor
cid:4076,4076,Mescaline,Substituted_phenethylamines,chembl,Ki,360.0,nM,=,CHEMBL322,Displacement of [125I]DOI from rat 5HT2A receptor
cid:4076,4076,Mescaline,Substituted_phenethylamines,chembl,Ki,5500.0,nM,=,CHEMBL322,Displacement of [3H]ketanserin from 5HT2A receptor in Sprague-Dawley rat brain by liquid scintillation spectroscopy
cid:4076,4076,Mescaline,Substituted_phenethylamines,chembl,EC50,2600.0,nM,=,CHEMBL322,Tested for its ability to activate phospholipase c by quantification of IP3 at cloned rat 5-hydroxytryptamine 2A recepto
cid:4076,4076,Mescaline,Substituted_phenethylamines,chembl,EC50,4000.0,nM,=,CHEMBL322,Effect on phosphoinositide hydrolysis in NIH 3T3 fibroblast 5-hydroxytryptamine 2A receptor
cid:4076,4076,Mescaline,Substituted_phenethylamines,chembl,EC50,24000.0,nM,=,CHEMBL324,Effect on phosphoinositide hydrolysis in NIH 3T3 fibroblast 5-hydroxytryptamine 2C receptor
cid:4076,4076,Mescaline,Substituted_phenethylamines,chembl,EC50,11300.0,nM,=,CHEMBL322,Activity at rat 5HT2A receptor assessed as 5-HT-stimulated IP3 accumulation
cid:4076,4076,Mescaline,Substituted_phenethylamines,chembl,EC50,114.0,nM,=,CHEMBL224,Agonist activity at human 5-HT2A receptor expressed in HEK293 cells incubated for 50 min by FLIPR calcium flux assay
cid:4076,4076,Mescaline,Substituted_phenethylamines,chembl,Kd,2238.72,nM,=,CHEMBL2094123,Affinity against 5-hydroxytryptamine receptors in rat fundus model
cid:4076,4076,Mescaline,Substituted_phenethylamines,chembl,Kd,2238.72,nM,=,CHEMBL2094123,Competitive antagonist activity at 5-HT serotonin receptor in Sprague-Dawley rat stomach fundus model assessed as inhibi
cid:4095,4095,Methadone,Diphenylpropylamine,chembl,IC50,4.1,nM,=,CHEMBL233,Binding affinity against mu-opiate receptor (human) using [3H]DAMGO radioligand
cid:4095,4095,Methadone,Diphenylpropylamine,chembl,IC50,512.0,nM,=,CHEMBL237,"Binding affinity against opioid receptor kappa 1 using [3H]- U-69,593 radioligand"
cid:4095,4095,Methadone,Diphenylpropylamine,chembl,IC50,1090.0,nM,=,CHEMBL236,Binding affinity against delta-opiate receptor (human) using [3H]-DPDPE radioligand
cid:4095,4095,Methadone,Diphenylpropylamine,chembl,IC50,9772.37,nM,=,CHEMBL240,Inhibitory concentration against potassium channel HERG
cid:4095,4095,Methadone,Diphenylpropylamine,chembl,IC50,23000.0,nM,=,CHEMBL612545,Inhibition of AZT (0.02 mM) glucuronidation by human UGT enzymes from liver microsomes
cid:4095,4095,Methadone,Diphenylpropylamine,chembl,IC50,7500.0,nM,=,CHEMBL4302,TP_TRANSPORTER: inhibition of Rhodamine 123 transepithelial transport (basal to apical) (Rhodamine 123: 5 uM) in Caco-2 
cid:4095,4095,Methadone,Diphenylpropylamine,chembl,IC50,37400.0,nM,=,CHEMBL2095229,"Inhibition of Cav1.2 current measured using QPatch automatic path clamp system in CHO cells expressing Cav1.2, beta-2 an"
cid:4095,4095,Methadone,Diphenylpropylamine,chembl,IC50,25100.0,nM,>,CHEMBL4303835,Antiviral activity determined as inhibition of SARS-CoV-2 induced cytotoxicity of VERO-6 cells at 10 uM after 48 hours e
cid:4095,4095,Methadone,Diphenylpropylamine,chembl,IC50,25118.86,nM,>,CHEMBL4303835,Antiviral activity determined as inhibition of SARS-CoV-2 induced cytotoxicity of VERO-6 cells at 10 uM after 48 hours e
cid:4095,4095,Methadone,Diphenylpropylamine,chembl,IC50,25100.0,nM,>,CHEMBL4303835,Determination of IC50 values for inhibition of SARS-CoV-2 induced cytotoxicity of VERO-E6 cells after 48 hours exposure 
cid:4095,4095,Methadone,Diphenylpropylamine,chembl,IC50,25118.86,nM,>,CHEMBL4303835,Determination of IC50 values for inhibition of SARS-CoV-2 induced cytotoxicity of VERO-E6 cells after 48 hours exposure 
cid:4095,4095,Methadone,Diphenylpropylamine,chembl,Ki,30.0,nM,=,CHEMBL1641355,Inhibition of rat aldehyde oxidase
cid:4095,4095,Methadone,Diphenylpropylamine,chembl,Ki,10000.0,nM,=,CHEMBL4729,Inactivation of C-terminal His4-tagged human CYP2B6 lacking 21 N-terminal residues expressed in Escherichia coli C41 (DE
cid:4095,4095,Methadone,Diphenylpropylamine,chembl,Ki,100000.0,nM,>,CHEMBL217,Displacement of [3H]-N-methylspiperone from human dopamine D2 receptor expressed in HEK293 cell membranes incubated for 
cid:4095,4095,Methadone,Diphenylpropylamine,chembl,Ki,13.0,nM,=,CHEMBL233,Displacement of [3H]DAMGO from human mu opioid receptor expressed in HEK293 cell membrane incubated for 60 mins by radio
cid:4095,4095,Methadone,Diphenylpropylamine,chembl,Ki,2110.0,nM,=,CHEMBL234,Displacement of [3H]-N-methylspiperone from human dopamine D3 receptor expressed in HEK293 cell membranes incubated for 
cid:4095,4095,Methadone,Diphenylpropylamine,chembl,Ki,26200.0,nM,=,CHEMBL219,Displacement of [3H]-N-methylspiperone from human dopamine D4 receptor expressed in HEK293 cell membranes incubated for 
cid:4095,4095,Methadone,Diphenylpropylamine,chembl,EC50,43651.58,nM,=,CHEMBL5849,Agonist activity at MRGPRX2 (unknown origin) expressed in HTLA cells assessed as induction of beta-arrestin 2 recruitmen
cid:10836,10836,Methamphetamine,"Amphetamine, Substituted_amphetamines",chembl,IC50,248000.0,nM,=,CHEMBL1770033,TP_TRANSPORTER: inhibition of MPP+ uptake (MPP+: 1 uM) in OCT3-expressing HRPE cells
cid:10836,10836,Methamphetamine,"Amphetamine, Substituted_amphetamines",chembl,IC50,,,,CHEMBL1795168,Displacement of [3H]rosiglitazone from recombinant human C-terminal His-tagged MitoNEET cytosolic domain (32 to 108 resi
cid:10836,10836,Methamphetamine,"Amphetamine, Substituted_amphetamines",chembl,IC50,20000.0,nM,>,CHEMBL4303835,Antiviral activity determined as inhibition of SARS-CoV-2 induced cytotoxicity of VERO-6 cells at 10 uM after 48 hours e
cid:10836,10836,Methamphetamine,"Amphetamine, Substituted_amphetamines",chembl,IC50,19952.62,nM,>,CHEMBL4303835,Antiviral activity determined as inhibition of SARS-CoV-2 induced cytotoxicity of VERO-6 cells at 10 uM after 48 hours e
cid:10836,10836,Methamphetamine,"Amphetamine, Substituted_amphetamines",chembl,Ki,550000.0,nM,=,CHEMBL2756,Inhibitory activity against Monoamine Oxidase B of Bovine liver in competitive inhibition assay at 25 degree C (pH=7.4)
cid:10836,10836,Methamphetamine,"Amphetamine, Substituted_amphetamines",chembl,Ki,270000.0,nM,=,CHEMBL2993,Competitive inhibition of Rat liver Monoamine Oxidase B at 37 degree C (pH= 7.4)
cid:10836,10836,Methamphetamine,"Amphetamine, Substituted_amphetamines",chembl,Ki,8320.0,nM,=,CHEMBL287,Binding affinity towards sigma opioid receptor in guinea pig cerebral homogenate using [3H]DTG as radioligand
cid:10836,10836,Methamphetamine,"Amphetamine, Substituted_amphetamines",chembl,Ki,2460.0,nM,=,CHEMBL4828,Inhibition of VMAT2-mediated [3H]-dopamine uptake in rat striata isolated synaptic vesicles by liquid scintillation spec
cid:10836,10836,Methamphetamine,"Amphetamine, Substituted_amphetamines",chembl,Ki,2460.0,nM,=,CHEMBL4828,Inhibition of VMAT2-mediated [3H]DA uptake in rat brain synaptic vesicles by liquid scintillation spectrometry
cid:10836,10836,Methamphetamine,"Amphetamine, Substituted_amphetamines",chembl,Ki,80100.0,nM,=,CHEMBL4828,Displacement of [3H]DTBZ from VMAT2 in rat whole brain by liquid scintillation spectrometry
cid:10836,10836,Methamphetamine,"Amphetamine, Substituted_amphetamines",chembl,Ki,,,,CHEMBL1795168,Displacement of [3H]rosiglitazone from recombinant human C-terminal His-tagged MitoNEET cytosolic domain (32 to 108 resi
cid:10836,10836,Methamphetamine,"Amphetamine, Substituted_amphetamines",chembl,EC50,1500.0,nM,=,CHEMBL5857,"Activation of C-terminal HA epitope tagged human TAAR1 expressed in RD-HGA16 cells co-expressing Gq protein, Galpha16 by"
cid:10836,10836,Methamphetamine,"Amphetamine, Substituted_amphetamines",chembl,EC50,5300.0,nM,=,CHEMBL1926495,Activation of rhesus monkey TAAR1 expressed in RD-HGA16 cells co-expressing Gq protein assessed as cAMP accumulation by 
cid:10836,10836,Methamphetamine,"Amphetamine, Substituted_amphetamines",chembl,EC50,890.0,nM,=,CHEMBL3833,Activation of rat TAAR1 expressed in HEK293 cells assessed as accumulation of [3H]cAMP after 1 hr by liquid scintillatio
cid:10836,10836,Methamphetamine,"Amphetamine, Substituted_amphetamines",chembl,EC50,920.0,nM,=,CHEMBL4908,Activation of mouse TAAR1 expressed in human HEK293 cells assessed as accumulation of [3H]cAMP after 1 hr by liquid scin
cid:10836,10836,Methamphetamine,"Amphetamine, Substituted_amphetamines",chembl,EC50,70.0,nM,=,CHEMBL4908,Activation of mouse TAAR1 expressed in human HEK293 cells assessed as accumulation of cAMP after 15 mins
cid:10836,10836,Methamphetamine,"Amphetamine, Substituted_amphetamines",chembl,EC50,4440.0,nM,=,CHEMBL612545,Activation of chimeric rat-human expressed in human HEK293 cells assessed as accumulation of [3H]cAMP after 1 hr by liqu
cid:10836,10836,Methamphetamine,"Amphetamine, Substituted_amphetamines",chembl,EC50,1300.0,nM,=,CHEMBL5857,Activation of human TAAR1 expressed in human HEK293T cells assessed as cAMP accumulation after 10 mins by BRET assay
cid:10836,10836,Methamphetamine,"Amphetamine, Substituted_amphetamines",chembl,EC50,1822.0,nM,=,CHEMBL4908,Activation of mouse TAAR1 transmembrane domain 7 Tyr287(7.39)Asn mutant expressed in HEK293 cells assessed as stimulatio
cid:10836,10836,Methamphetamine,"Amphetamine, Substituted_amphetamines",chembl,EC50,201.8,nM,=,CHEMBL3833,Activation of rat TAAR1 transmembrane domain 7 Asn287(7.39)Tyr mutant expressed in HEK293 cells assessed as stimulation 
cid:10836,10836,Methamphetamine,"Amphetamine, Substituted_amphetamines",chembl,EC50,17.81,nM,=,CHEMBL4908,Activation of mouse TAAR1 transmembrane domain 6 Thr268(6.55)Met mutant expressed in HEK293 cells assessed as stimulatio
cid:10836,10836,Methamphetamine,"Amphetamine, Substituted_amphetamines",chembl,EC50,2044.0,nM,=,CHEMBL3833,Activation of rat TAAR1 transmembrane domain 6 Met268(6.55)Thr mutant expressed in HEK293 cells assessed as stimulation 
cid:10836,10836,Methamphetamine,"Amphetamine, Substituted_amphetamines",chembl,EC50,278.9,nM,=,CHEMBL4908,Activation of mouse wild type TAAR1 expressed in HEK293 cells assessed as stimulation of cAMP production after 1 hr by c
cid:10836,10836,Methamphetamine,"Amphetamine, Substituted_amphetamines",chembl,EC50,133.3,nM,=,CHEMBL3833,Activation of rat wild type TAAR1 expressed in HEK293 cells assessed as stimulation of cAMP production after 1 hr by che
cid:6292,6292,Methaqualone,Quinazolinone,chembl,IC50,10000.0,nM,>,CHEMBL2093871,Antagonist potency against functional AMPA receptor by kainate-induced Ca+2 in rat cerebellar granule neurons in primary
cid:6292,6292,Methaqualone,Quinazolinone,chembl,IC50,20000.0,nM,>,CHEMBL4303835,Antiviral activity determined as inhibition of SARS-CoV-2 induced cytotoxicity of VERO-6 cells at 10 uM after 48 hours e
cid:6292,6292,Methaqualone,Quinazolinone,chembl,IC50,19952.62,nM,>,CHEMBL4303835,Antiviral activity determined as inhibition of SARS-CoV-2 induced cytotoxicity of VERO-6 cells at 10 uM after 48 hours e
cid:9817261,9817261,Methylnaphthidate,Substituted_phenidates,chembl,IC50,11.0,nM,=,CHEMBL338,Displacement of [3H]WIN 35428 from Sprague-Dawley rat striatal tissue after 2 hrs by liquid scintillation counting
cid:9817261,9817261,Methylnaphthidate,Substituted_phenidates,chembl,IC50,10.96,nM,=,CHEMBL338,Displacement of [3H]WIN 35428 from Sprague-Dawley rat striatal tissue after 2 hrs by liquid scintillation counting
cid:45789647,45789647,Methylone,Cathinone,chembl,EC50,152.0,nM,=,CHEMBL612545,Binding affinity to NET in Sprague-Dawley rat brain synaptosomes assessed as induction of [3H]MPP+ release by liquid sci
cid:45789647,45789647,Methylone,Cathinone,chembl,EC50,133.0,nM,=,CHEMBL338,Binding affinity to DAT in Sprague-Dawley rat brain synaptosomes assessed as induction of [3H]MPP+ release by liquid sci
cid:45789647,45789647,Methylone,Cathinone,chembl,EC50,242.0,nM,=,CHEMBL313,Binding affinity to SERT in Sprague-Dawley rat brain synaptosomes assessed as induction of [3H]5-HT release by liquid sc
cid:4158,4158,Methylphenidate,Substituted_phenidates,chembl,IC50,438.0,nM,=,CHEMBL376,Ability to inhibit the uptake of dopamine [3H]DA in to rat brain synaptosomes
cid:4158,4158,Methylphenidate,Substituted_phenidates,chembl,IC50,171.0,nM,=,CHEMBL376,Ability to inhibit the uptake of norepinephrine [3H]-NE in to rat brain synaptosomes
cid:4158,4158,Methylphenidate,Substituted_phenidates,chembl,IC50,17.0,nM,=,CHEMBL238,Inhibition of [3H]WIN-35428 Binding to the Dopamine Transporter in Rhesus (Macaca mulatta) orCynomolgus Monkey (Macaca f
cid:4158,4158,Methylphenidate,Substituted_phenidates,chembl,IC50,100000.0,nM,>,CHEMBL612545,Inhibition of [3H]citalopram Binding to the Serotonin Transporter in Rhesus (Macaca mulatta) or Cynomolgus Monkey (Macac
cid:4158,4158,Methylphenidate,Substituted_phenidates,chembl,IC50,83.0,nM,=,CHEMBL338,Tested for the ability to bind stereoselectively and enantioselectively to the dopamine transporter (DAT); Value ranges 
cid:4158,4158,Methylphenidate,Substituted_phenidates,chembl,IC50,79.0,nM,=,CHEMBL238,Inhibition of [3H]DA uptake at human DAT expressing HEK293 cells
cid:4158,4158,Methylphenidate,Substituted_phenidates,chembl,IC50,5100.0,nM,=,CHEMBL228,Inhibition of [3H]5-HT uptake into human SERT expressing HEK293 cells
cid:4158,4158,Methylphenidate,Substituted_phenidates,chembl,IC50,61.0,nM,=,CHEMBL222,Inhibition of [3H]NE uptake into human NET expressing HEK293 cells
cid:4158,4158,Methylphenidate,Substituted_phenidates,chembl,IC50,,,,CHEMBL368,Antimicrobial activity against Trypanosoma cruzi
cid:4158,4158,Methylphenidate,Substituted_phenidates,chembl,IC50,,,,CHEMBL612348,Antimicrobial activity against Trypanosoma brucei rhodesiense
cid:4158,4158,Methylphenidate,Substituted_phenidates,chembl,IC50,,,,CHEMBL612851,Antimicrobial activity against Trypanosoma brucei brucei
cid:4158,4158,Methylphenidate,Substituted_phenidates,chembl,IC50,,,,CHEMBL612849,Antimicrobial activity against Trypanosoma brucei
cid:4158,4158,Methylphenidate,Substituted_phenidates,chembl,IC50,,,,CHEMBL612884,Antimicrobial activity against Trichomonas vaginalis
cid:4158,4158,Methylphenidate,Substituted_phenidates,chembl,IC50,,,,CHEMBL612888,Antimicrobial activity against Toxoplasma gondii
cid:4158,4158,Methylphenidate,Substituted_phenidates,chembl,IC50,,,,CHEMBL613064,Antimicrobial activity against Pneumocystis carinii
cid:4158,4158,Methylphenidate,Substituted_phenidates,chembl,Ki,110.0,nM,=,CHEMBL238,Displacement of [125I]RTI-55 from human DAT expressing HEK293 cells
cid:4158,4158,Methylphenidate,Substituted_phenidates,chembl,Ki,65000.0,nM,=,CHEMBL228,Displacement of [125I]RTI-55 from human SERT expressing HEK293 cells
cid:4158,4158,Methylphenidate,Substituted_phenidates,chembl,Ki,660.0,nM,=,CHEMBL222,Displacement of [125I]RTI-55 from human NET expressing HEK293 cells
cid:4158,4158,Methylphenidate,Substituted_phenidates,chembl,Ki,10000.0,nM,>,CHEMBL228,Displacement of [3H]Citolapram from human SERT expressed in HEK293E cells after 1 hr by liquid scintillation counting
cid:4158,4158,Methylphenidate,Substituted_phenidates,chembl,Ki,34.0,nM,=,CHEMBL238,"Displacement of [3H]WIN 35,428 from human DAT expressed in HEK293E cells after 1 hr by liquid scintillation counting"
cid:4158,4158,Methylphenidate,Substituted_phenidates,chembl,Ki,340.0,nM,=,CHEMBL222,Displacement of [3H]Nisoxetine from human NET expressed in HEK293E cells after 1 hr by liquid scintillation counting
cid:4192,4192,Midazolam,Benzodiazepines,chembl,IC50,8100.0,nM,=,CHEMBL340,Inhibition of human cytochrome P450 3A4
cid:4192,4192,Midazolam,Benzodiazepines,chembl,IC50,50000.0,nM,>,CHEMBL4302,Inhibition of P-glycoprotein using calcein-AM assay transfected in porcine PBCEC
cid:4192,4192,Midazolam,Benzodiazepines,chembl,IC50,50000.0,nM,>,CHEMBL2573,"Inhibition of P-glycoprotein, mouse L-mdr1a expressed in LLC-PK1 epithelial cells using calcein-AM polarisation assay"
cid:4192,4192,Midazolam,Benzodiazepines,chembl,IC50,33000.0,nM,=,CHEMBL3467,"Inhibition of P-glycoprotein, mouse L-mdr1b expressed in LLC-PK1 epithelial cells using calcein-AM polarisation assay"
cid:4192,4192,Midazolam,Benzodiazepines,chembl,IC50,50000.0,nM,>,CHEMBL4302,"Inhibition of P-glycoprotein, human L-MDR1 expressed in LLC-PK1 epithelial cells using calcein-AM polarisation assay"
cid:4192,4192,Midazolam,Benzodiazepines,chembl,IC50,33000.0,nM,>,CHEMBL340,Inhibition of CYP3A4 in human liver microsome
cid:4192,4192,Midazolam,Benzodiazepines,chembl,IC50,33000.0,nM,=,CHEMBL3467,TP_TRANSPORTER: inhibition of Calcein-AM efflux in Mdr1b-expressing LLC-PK1 cells
cid:4192,4192,Midazolam,Benzodiazepines,chembl,IC50,50000.0,nM,>,CHEMBL4302,TP_TRANSPORTER: inhibition of Calcein-AM efflux in MDR1-expressing LLC-PK1 cells
cid:4192,4192,Midazolam,Benzodiazepines,chembl,IC50,50000.0,nM,>,CHEMBL2573,TP_TRANSPORTER: inhibition of Calcein-AM efflux in Mdr1a-expressing LLC-PK1 cells
cid:4192,4192,Midazolam,Benzodiazepines,chembl,IC50,41700.0,nM,=,CHEMBL6020,Inhibition of human BSEP expressed in fall armyworm sf9 cell plasma membrane vesicles assessed as reduction in vesicle-a
cid:4192,4192,Midazolam,Benzodiazepines,chembl,IC50,41700.0,nM,=,CHEMBL6020,Inhibition of recombinant human BSEP expressed in baculovirus infected sf9 cell plasma membrane vesicles assessed as red
cid:4192,4192,Midazolam,Benzodiazepines,chembl,IC50,,,,CHEMBL613642,Induction of mitochondrial dysfunction in Sprague-Dawley rat liver mitochondria assessed as inhibition of mitochondrial 
cid:4192,4192,Midazolam,Benzodiazepines,chembl,IC50,41740.0,nM,=,CHEMBL6020,Inhibition of human BSEP overexpressed in Sf9 cell membrane vesicles assessed as uptake of [3H]-taurocholate in presence
cid:4192,4192,Midazolam,Benzodiazepines,chembl,IC50,,,,CHEMBL5748,Inhibition of human MRP2 overexpressed in Sf9 cell membrane vesicles assessed as uptake of [3H]-estradiol-17beta-D-glucu
cid:4192,4192,Midazolam,Benzodiazepines,chembl,IC50,,,,CHEMBL5918,Inhibition of human MRP3 overexpressed in Sf9 insect cell membrane vesicles assessed as uptake of [3H]-estradiol-17beta-
cid:4192,4192,Midazolam,Benzodiazepines,chembl,Ki,2.0,nM,=,CHEMBL4552,Binding affinity against rat benzodiazepine (BZD) receptor
cid:4192,4192,Midazolam,Benzodiazepines,chembl,Ki,2.0,nM,=,CHEMBL1907607,Binding affinity to rat benzodiazepine receptor
cid:4192,4192,Midazolam,Benzodiazepines,chembl,Ki,3700.0,nM,=,CHEMBL5685,TP_TRANSPORTER: inhibition of TEA uptake in OCT1-expressing HeLa cells
cid:4192,4192,Midazolam,Benzodiazepines,chembl,Ki,2470.0,nM,=,CHEMBL340,Inhibition of human recombinant CYP3A4 in liver microsomes by mechanism based inhibition assay
cid:4192,4192,Midazolam,Benzodiazepines,chembl,EC50,143.0,nM,=,CHEMBL612545,Allosteric modulation of gamma-aminobutyric acid receptor A alpha1beta2gamma2S expressed in Xenopus oocytes assessed as 
cid:4205,4205,Mirtazapine,Piperazinoazepine,chembl,IC50,1000.0,nM,>,CHEMBL273,Binding affinity against 5-hydroxytryptamine 1A receptor (5-HT1A) by displacement of [3H]8-OH-DPAT from rat hippocampus 
cid:4205,4205,Mirtazapine,Piperazinoazepine,chembl,IC50,1000.0,nM,>,CHEMBL313,Binding affinity against serotonin transporter (SERT) by displacement of [3H]paroxetine in male wistar rats
cid:4205,4205,Mirtazapine,Piperazinoazepine,chembl,IC50,1000.0,nM,>,CHEMBL304,Binding affinity against norepinephrine transporter (NET) by displacement of [3H]nisoxetine in male wistar rats
cid:4205,4205,Mirtazapine,Piperazinoazepine,chembl,IC50,1000.0,nM,>,CHEMBL338,Binding affinity against dopamine transporter (DAT) by displacement of [3H]WIN-35428 in male wistar rats
cid:4205,4205,Mirtazapine,Piperazinoazepine,chembl,IC50,3162.28,nM,=,CHEMBL229,Binding affinity at human Alpha-1A adrenergic receptor in CHO cells uby [3H]prazosin (0.25 nM) displacement.
cid:4205,4205,Mirtazapine,Piperazinoazepine,chembl,IC50,85.11,nM,=,CHEMBL1867,Binding affinity at human Alpha-2A adrenergic receptor in CHO cells by [3H]rauwolscine (1 nM) displacement.
cid:4205,4205,Mirtazapine,Piperazinoazepine,chembl,IC50,223.87,nM,=,CHEMBL1942,Binding affinity at human Alpha-2B adrenergic receptor in CHO cells by [3H]rauwolscine (1 nM) displacement.
cid:4205,4205,Mirtazapine,Piperazinoazepine,chembl,IC50,199.53,nM,=,CHEMBL1916,Binding affinity at human Alpha-2C adrenergic receptor in CHO cells by [3H]rauwolscine (1 nM) displacement.
cid:4205,4205,Mirtazapine,Piperazinoazepine,chembl,IC50,260.0,nM,=,CHEMBL304,The binding affinity at the Norepinephrine transporter reuptake sites determined using competition binding assay
cid:4205,4205,Mirtazapine,Piperazinoazepine,chembl,IC50,100.0,nM,>,CHEMBL313,The binding affinity at the 5-HT reuptake sites determined using competition binding assay
cid:4205,4205,Mirtazapine,Piperazinoazepine,chembl,IC50,133000.0,nM,>,CHEMBL6020,Inhibition of human BSEP overexpressed in Sf9 cell membrane vesicles assessed as uptake of [3H]-taurocholate in presence
cid:4205,4205,Mirtazapine,Piperazinoazepine,chembl,IC50,133000.0,nM,>,CHEMBL5748,Inhibition of human MRP2 overexpressed in Sf9 cell membrane vesicles assessed as uptake of [3H]-estradiol-17beta-D-glucu
cid:4205,4205,Mirtazapine,Piperazinoazepine,chembl,IC50,133000.0,nM,>,CHEMBL5918,Inhibition of human MRP3 overexpressed in Sf9 insect cell membrane vesicles assessed as uptake of [3H]-estradiol-17beta-
cid:4205,4205,Mirtazapine,Piperazinoazepine,chembl,IC50,133000.0,nM,>,CHEMBL1743128,Inhibition of human MRP4 overexpressed in Sf9 cell membrane vesicles assessed as uptake of [3H]-estradiol-17beta-D-glucu
cid:4205,4205,Mirtazapine,Piperazinoazepine,chembl,IC50,20000.0,nM,>,CHEMBL4303835,Antiviral activity determined as inhibition of SARS-CoV-2 induced cytotoxicity of VERO-6 cells at 10 uM after 48 hours e
cid:4205,4205,Mirtazapine,Piperazinoazepine,chembl,Ki,14.8,nM,=,CHEMBL322,Binding affinity against 5-hydroxytryptamine 2A receptor by displacement of [3H]ketanserin from rat prefrontal cerebral 
cid:4205,4205,Mirtazapine,Piperazinoazepine,chembl,Ki,1460.0,nM,=,CHEMBL339,The binding affinity at the Dopamine receptor D2 determined using [3H]spiperone
cid:4205,4205,Mirtazapine,Piperazinoazepine,chembl,Ki,20.0,nM,>,CHEMBL234,The binding affinity at the Dopamine receptor D3 determined using [3H]spiperone
cid:4205,4205,Mirtazapine,Piperazinoazepine,chembl,Ki,25.0,nM,>,CHEMBL219,The binding affinity at the Dopamine receptor D4 determined using [3H]YM-09151-2
cid:4205,4205,Mirtazapine,Piperazinoazepine,chembl,Ki,18.0,nM,>,CHEMBL214,The binding affinity at the 5-hydroxytryptamine 1A receptor determined using [3H]5-CT
cid:4205,4205,Mirtazapine,Piperazinoazepine,chembl,Ki,,,,CHEMBL1983,The binding affinity at 5-hydroxytryptamine 1D receptor was determined using [3H]5-CT; Not tested
cid:4205,4205,Mirtazapine,Piperazinoazepine,chembl,Ki,2.0,nM,=,CHEMBL322,The binding affinity at 5-hydroxytryptamine 2A receptor was determined using [3H]ketanserin
cid:4205,4205,Mirtazapine,Piperazinoazepine,chembl,Ki,5.5,nM,=,CHEMBL324,The binding affinity at 5-hydroxytryptamine 2C receptor was determined using [3H]mesulergine
cid:4205,4205,Mirtazapine,Piperazinoazepine,chembl,Ki,,,,CHEMBL2094116,The binding affinity at 5-hydroxytryptamine 3 receptor was determined using [3H]LY-278584; Not tested
cid:4205,4205,Mirtazapine,Piperazinoazepine,chembl,Ki,1050.0,nM,=,CHEMBL1907610,The binding affinity at Alpha-1 adrenergic receptor determined using [3H]prazosin
cid:4205,4205,Mirtazapine,Piperazinoazepine,chembl,Ki,,,,CHEMBL2093864,The binding affinity at the Alpha-2 adrenergic receptor determined using [3H]RX-821002; Not tested
cid:4205,4205,Mirtazapine,Piperazinoazepine,chembl,Ki,5.1,nM,=,CHEMBL612545,The binding affinity at the Histamine H1 receptor determined using [3H]pyrilamine
cid:4205,4205,Mirtazapine,Piperazinoazepine,chembl,Ki,,,,CHEMBL2095200,The binding affinity at the Histamine H2 receptor determined using [3H]APT; Not tested
cid:4205,4205,Mirtazapine,Piperazinoazepine,chembl,Ki,4167.0,nM,=,CHEMBL265,Inhibition of [3H]SCH-23390 binding to rat Dopamine receptor D1
cid:4205,4205,Mirtazapine,Piperazinoazepine,chembl,Ki,20.0,nM,=,CHEMBL1867,Inhibition of [3H]rauwolscine binding to Alpha-2A adrenergic receptor
cid:4205,4205,Mirtazapine,Piperazinoazepine,chembl,Kd,1500000.0,nM,=,CHEMBL612545,Binding affinity to human telomerase P2b RNA by STD NMR
cid:4205,4205,Mirtazapine,Piperazinoazepine,chembl,Kd,5011.87,nM,=,CHEMBL214,Binding affinity to 5HT1A receptor
cid:4236,4236,Modafinil,Benzhydryl,chembl,IC50,,,,CHEMBL220,DRUGMATRIX: Acetylcholinesterase enzyme inhibition (substrate: acetylthiocholine)
cid:4236,4236,Modafinil,Benzhydryl,chembl,IC50,,,,CHEMBL226,DRUGMATRIX: Adenosine A1 radioligand binding (ligand: DPCPX)
cid:4236,4236,Modafinil,Benzhydryl,chembl,IC50,,,,CHEMBL251,DRUGMATRIX: Adenosine A2A radioligand binding (ligand: AB-MECA)
cid:4236,4236,Modafinil,Benzhydryl,chembl,IC50,,,,CHEMBL256,DRUGMATRIX: Adenosine A3 radioligand binding (ligand: AB-MECA)
cid:4236,4236,Modafinil,Benzhydryl,chembl,IC50,,,,CHEMBL612545,DRUGMATRIX: Sodium/nucleoside co-transporter radioligand binding (ligand: nitrobenzylthioinosine)
cid:4236,4236,Modafinil,Benzhydryl,chembl,IC50,,,,CHEMBL319,DRUGMATRIX: Alpha-1A adrenergic receptor radioligand binding (ligand: prazosin)
cid:4236,4236,Modafinil,Benzhydryl,chembl,IC50,,,,CHEMBL315,DRUGMATRIX: Alpha-1B adrenergic receptor radioligand binding (ligand: prazosin)
cid:4236,4236,Modafinil,Benzhydryl,chembl,IC50,,,,CHEMBL223,DRUGMATRIX: Alpha-1D adrenergic receptor radioligand binding (ligand: prazosin)
cid:4236,4236,Modafinil,Benzhydryl,chembl,IC50,,,,CHEMBL1867,DRUGMATRIX: Alpha-2A adrenergic receptor radioligand binding (ligand: MK-912)
cid:4236,4236,Modafinil,Benzhydryl,chembl,IC50,,,,CHEMBL1942,DRUGMATRIX: Alpha-2B adrenergic receptor radioligand binding (ligand: Rauwolscine)
cid:4236,4236,Modafinil,Benzhydryl,chembl,IC50,,,,CHEMBL1916,DRUGMATRIX: Adrenergic Alpha-2C radioligand binding (ligand: [3H] MK-912)
cid:4236,4236,Modafinil,Benzhydryl,chembl,IC50,,,,CHEMBL213,DRUGMATRIX: Adrenergic beta1 radioligand binding (ligand: [125I] Cyanopindolol)
cid:4236,4236,Modafinil,Benzhydryl,chembl,IC50,,,,CHEMBL210,DRUGMATRIX: Adrenergic beta2 radioligand binding (ligand: [3H] CGP-12177)
cid:4236,4236,Modafinil,Benzhydryl,chembl,IC50,,,,CHEMBL246,DRUGMATRIX: Adrenergic beta3 radioligand binding (ligand: [125I] Cyanopindolol)
cid:4236,4236,Modafinil,Benzhydryl,chembl,IC50,,,,CHEMBL222,DRUGMATRIX: Norepinephrine Transporter radioligand binding (ligand: [125I] RTI-55)
cid:4236,4236,Modafinil,Benzhydryl,chembl,Ki,3800.0,nM,=,CHEMBL338,Inhibition of high affinity uptake by the dopamine transporter from rat synaptosomal nerve endings by using [3H]DA as ra
cid:4236,4236,Modafinil,Benzhydryl,chembl,Ki,10000.0,nM,>,CHEMBL304,Inhibition of high affinity uptake by the norepinephrine transporter from rat synaptosomal nerve endings by using [3H]NE
cid:4236,4236,Modafinil,Benzhydryl,chembl,Ki,2520.0,nM,=,CHEMBL338,Displacement of [3H]WIN35428 from DAT in Sprague-Dawley rat brain membranes
cid:4236,4236,Modafinil,Benzhydryl,chembl,Ki,,,,CHEMBL220,DRUGMATRIX: Acetylcholinesterase enzyme inhibition (substrate: acetylthiocholine)
cid:4236,4236,Modafinil,Benzhydryl,chembl,Ki,,,,CHEMBL226,DRUGMATRIX: Adenosine A1 radioligand binding (ligand: DPCPX)
cid:4236,4236,Modafinil,Benzhydryl,chembl,Ki,,,,CHEMBL251,DRUGMATRIX: Adenosine A2A radioligand binding (ligand: AB-MECA)
cid:4236,4236,Modafinil,Benzhydryl,chembl,Ki,,,,CHEMBL256,DRUGMATRIX: Adenosine A3 radioligand binding (ligand: AB-MECA)
cid:4236,4236,Modafinil,Benzhydryl,chembl,Ki,,,,CHEMBL612545,DRUGMATRIX: Sodium/nucleoside co-transporter radioligand binding (ligand: nitrobenzylthioinosine)
cid:4236,4236,Modafinil,Benzhydryl,chembl,Ki,,,,CHEMBL319,DRUGMATRIX: Alpha-1A adrenergic receptor radioligand binding (ligand: prazosin)
cid:4236,4236,Modafinil,Benzhydryl,chembl,Ki,,,,CHEMBL315,DRUGMATRIX: Alpha-1B adrenergic receptor radioligand binding (ligand: prazosin)
cid:4236,4236,Modafinil,Benzhydryl,chembl,Ki,,,,CHEMBL223,DRUGMATRIX: Alpha-1D adrenergic receptor radioligand binding (ligand: prazosin)
cid:4236,4236,Modafinil,Benzhydryl,chembl,Ki,,,,CHEMBL1867,DRUGMATRIX: Alpha-2A adrenergic receptor radioligand binding (ligand: MK-912)
cid:4236,4236,Modafinil,Benzhydryl,chembl,Ki,,,,CHEMBL1942,DRUGMATRIX: Alpha-2B adrenergic receptor radioligand binding (ligand: Rauwolscine)
cid:4236,4236,Modafinil,Benzhydryl,chembl,Ki,,,,CHEMBL1916,DRUGMATRIX: Adrenergic Alpha-2C radioligand binding (ligand: [3H] MK-912)
cid:4236,4236,Modafinil,Benzhydryl,chembl,Ki,,,,CHEMBL213,DRUGMATRIX: Adrenergic beta1 radioligand binding (ligand: [125I] Cyanopindolol)
cid:5288826,5288826,Morphine,Substituted_morphinans,chembl,IC50,4.2,nM,=,CHEMBL2094129,Displacement [3H]naloxone from rat-brain Opioid receptors
cid:5288826,5288826,Morphine,Substituted_morphinans,chembl,IC50,27.0,nM,=,CHEMBL2094129,Displacement of [3H]nalotrexone from rat-brain Opioid receptors
cid:5288826,5288826,Morphine,Substituted_morphinans,chembl,IC50,54.7,nM,=,CHEMBL612545,Opioid receptor activity was evaluated using guinea pig ileum (GPI) assay
cid:5288826,5288826,Morphine,Substituted_morphinans,chembl,IC50,258.0,nM,=,CHEMBL2095192,Opioid receptor activity was evaluated using mouse vas deferens (MVD) assay
cid:5288826,5288826,Morphine,Substituted_morphinans,chembl,IC50,,nM,=,CHEMBL233,Binding affinity towards Opioid receptor mu 1 was evaluated
cid:5288826,5288826,Morphine,Substituted_morphinans,chembl,IC50,,nM,=,CHEMBL236,Binding affinity towards Opioid receptor delta 1 was evaluated
cid:5288826,5288826,Morphine,Substituted_morphinans,chembl,IC50,68.2,nM,=,CHEMBL369,Opioid agonistic activity was measured in guinea pig ileum
cid:5288826,5288826,Morphine,Substituted_morphinans,chembl,IC50,492.0,nM,=,CHEMBL375,Opioid agonistic activity was measured in mouse vas deferens
cid:5288826,5288826,Morphine,Substituted_morphinans,chembl,IC50,4.5,nM,=,CHEMBL2094129,Inhibition of [3H]-Naloxone binding to rat brain membrane without NaCl
cid:5288826,5288826,Morphine,Substituted_morphinans,chembl,IC50,73.0,nM,=,CHEMBL2094129,Inhibition of [3H]naloxone binding to rat brain membrane with 100 mM NaCl.
cid:5288826,5288826,Morphine,Substituted_morphinans,chembl,IC50,10.0,nM,=,CHEMBL2095181,Inhibition of Opioid receptors with [3H]naloxone binding in the absence of NaCl
cid:5288826,5288826,Morphine,Substituted_morphinans,chembl,IC50,250.0,nM,=,CHEMBL2095181,Inhibition of Opioid receptors binding by inhibiting specific [3H]naloxone binding by 50% in the presence of 100 mM NaCl
cid:5288826,5288826,Morphine,Substituted_morphinans,chembl,IC50,11.0,nM,=,CHEMBL2094129,Tested for In vitro binding constant for Opioid receptors by measuring the inhibition of stereospecific binding of [3H]n
cid:5288826,5288826,Morphine,Substituted_morphinans,chembl,IC50,79.0,nM,=,CHEMBL369,Opioid agonist activity was measured by Anti-Straub tail (AST) test after subcutaneous administration in guinea pig iliu
cid:5288826,5288826,Morphine,Substituted_morphinans,chembl,IC50,71.6,nM,=,CHEMBL4354,Evaluated for inhibitory activity against Opioid receptor mu 1 of guinea pig ileum (GPI)
cid:5288826,5288826,Morphine,Substituted_morphinans,chembl,Ki,32.5,nM,=,CHEMBL2094129,Compound was tested for its binding affinity towards Opioid receptors using [3H]naloxone from rat whole brain
cid:5288826,5288826,Morphine,Substituted_morphinans,chembl,Ki,2.1,nM,=,CHEMBL270,Ability to displace [3H]naloxone from the Opioid receptor mu 1 isolated from the rat brain membranes.
cid:5288826,5288826,Morphine,Substituted_morphinans,chembl,Ki,5.7,nM,=,CHEMBL270,Binding affinity to Opioid receptor mu 1 in rat brain using [3H]-NAL as radioligand
cid:5288826,5288826,Morphine,Substituted_morphinans,chembl,Ki,167.0,nM,=,CHEMBL3952,Binding affinity to Opioid receptor kappa 1 in guinea pig cortex using [3H]EKC as radioligand
cid:5288826,5288826,Morphine,Substituted_morphinans,chembl,Ki,0.88,nM,=,CHEMBL4354,Binding affinity towards Opioid receptor mu 1 of guinea pig brain membranes using radioligand 0.25 nM [3H]DAMGO
cid:5288826,5288826,Morphine,Substituted_morphinans,chembl,Ki,140.0,nM,=,CHEMBL236,Binding affinity towards Opioid receptor delta 1 of guinea pig brain membranes using radioligand 0.2 nM [3H]Naltrindole
cid:5288826,5288826,Morphine,Substituted_morphinans,chembl,Ki,24.0,nM,=,CHEMBL3952,Binding affinity towards guinea pig Opioid receptor kappa 1 using radioligand [3H]U-69593
cid:5288826,5288826,Morphine,Substituted_morphinans,chembl,Ki,301.0,nM,=,CHEMBL3952,Displacement of [3H]-BRL 52537 from opioid receptor kappa site in guinea pig
cid:5288826,5288826,Morphine,Substituted_morphinans,chembl,Ki,3.3,nM,=,CHEMBL4354,Affinity for opioid receptor mu sites
cid:5288826,5288826,Morphine,Substituted_morphinans,chembl,Ki,456.0,nM,=,CHEMBL236,Affinity for opioid receptor delta sites
cid:5288826,5288826,Morphine,Substituted_morphinans,chembl,Ki,0.78,nM,=,CHEMBL270,"mu-1 receptor binding affinity in rat brain by 3H [d-Ala2, d-Leu5] enkephalin displacement."
cid:5288826,5288826,Morphine,Substituted_morphinans,chembl,Ki,4.8,nM,=,CHEMBL270,"mu-2 receptor binding affinity in rat brain by 3H [d-Ala2, (N-Me)Phe4, Gly5-ol] enkephalin displacement."
cid:5288826,5288826,Morphine,Substituted_morphinans,chembl,Ki,38.0,nM,=,CHEMBL4354,In vivo binding affinity against mu opioid receptor was measured by using labeled ligand [3H]naloxone (0.5 nM)
cid:5288826,5288826,Morphine,Substituted_morphinans,chembl,Ki,1870.0,nM,=,CHEMBL3952,In vivo binding affinity against kappa opioid receptor was measured by using labeled ligand [3H]ethylketocyclazocine (1 
cid:5288826,5288826,Morphine,Substituted_morphinans,chembl,Ki,375.0,nM,=,CHEMBL236,In vivo binding affinity against delta Opioid receptor was measured by using labeled ligand [3H]DADLE (1 nM) with 4 nM s
cid:5288826,5288826,Morphine,Substituted_morphinans,chembl,EC50,19700.0,nM,=,CHEMBL375,Inhibition of the electrically induced muscle contractions was determined using the mouse vas deferens
cid:5288826,5288826,Morphine,Substituted_morphinans,chembl,EC50,51.0,nM,=,CHEMBL369,Inhibition of the electrically induced muscle contractions was determined using the guinea pig ileum
cid:5288826,5288826,Morphine,Substituted_morphinans,chembl,EC50,21.3,nM,=,CHEMBL270,"Compound was tested for its ability to stimulate [35S]GTP-gamma-S, binding to membranes from C6 glioma cells stably expr"
cid:5288826,5288826,Morphine,Substituted_morphinans,chembl,EC50,,,,CHEMBL612545,"Stimulation of [35S]GTP-gamma-S, binding at Opioid receptor kappa 1; no data"
cid:5288826,5288826,Morphine,Substituted_morphinans,chembl,EC50,15.6,,=,CHEMBL612545,"Stimulation of [35S]GTP-gamma-S, binding at Opioid receptor mu 1"
cid:5288826,5288826,Morphine,Substituted_morphinans,chembl,EC50,,,,CHEMBL612545,"Stimulation of [35S]GTP-gamma-S, binding at Opioid receptor delta 1; no data"
cid:5288826,5288826,Morphine,Substituted_morphinans,chembl,EC50,127.4,nM,=,CHEMBL369,Inhibition of isolated guinea pig ileum contraction induced by electrical stimulation
cid:5288826,5288826,Morphine,Substituted_morphinans,chembl,EC50,484.0,nM,=,CHEMBL237,Stimulation of [35S]GTP-gamma-S binding to human recombinant KOR
cid:5288826,5288826,Morphine,Substituted_morphinans,chembl,EC50,316.0,nM,=,CHEMBL236,Stimulation of [35S]GTP-gamma-S binding to human recombinant DOR
cid:5288826,5288826,Morphine,Substituted_morphinans,chembl,EC50,15.6,nM,=,CHEMBL233,Stimulation of [35S]GTPgammaS binding to human recombinant MOR
cid:5288826,5288826,Morphine,Substituted_morphinans,chembl,EC50,15.6,nM,=,CHEMBL233,Agonist activity at human mu opioid receptor expressed in CHO cells assessed as stimulation of [35S]GTP-gamma-S binding
cid:5288826,5288826,Morphine,Substituted_morphinans,chembl,EC50,484.0,nM,=,CHEMBL237,Agonist activity at human kappa opioid receptor expressed in CHO cells assessed as stimulation of [35S]GTP-gamma-S bindi
cid:5288826,5288826,Morphine,Substituted_morphinans,chembl,EC50,316.0,nM,=,CHEMBL233,Agonist activity at human delta opioid receptor expressed in CHO cells assessed as stimulation of [35S]GTP-gamma-S bindi
cid:5288826,5288826,Morphine,Substituted_morphinans,chembl,EC50,23.6,nM,=,CHEMBL612545,Displacement of [3H]etorphine from opioid receptor in rat cerebrum
cid:5288826,5288826,Morphine,Substituted_morphinans,chembl,EC50,142.0,nM,=,CHEMBL612545,Displacement of 3.0 nM [3H]etorphine from opioid receptor in rat cerebrum
cid:5288826,5288826,Morphine,Substituted_morphinans,chembl,Kd,6.31,nM,=,CHEMBL369,Opioid antagonist activity in guinea pig ileum assay
cid:5288826,5288826,Morphine,Substituted_morphinans,chembl,Kd,1000.0,nM,>,CHEMBL375,Narcotic antagonistic potency evaluated in morphine-induced Straub tail phenomenon in mice
cid:4276,4276,Myristicin,Phenylpropenes,chembl,IC50,196900.0,nM,=,CHEMBL4105839,Inhibition of Streptococcus pneumoniae sialidase NanA using 4-methylumbelliferyl-alpha-D-N-acetylneuraminic acid as subs
cid:4276,4276,Myristicin,Phenylpropenes,chembl,IC50,,,,CHEMBL612545,Inhibition of Streptococcus pneumoniae sialidase NanB using 4-methylumbelliferyl-alpha-D-N-acetylneuraminic acid as subs
cid:4276,4276,Myristicin,Phenylpropenes,chembl,IC50,,,,CHEMBL612545,Inhibition of Streptococcus pneumoniae sialidase NanC using 4-methylumbelliferyl-alpha-D-N-acetylneuraminic acid as subs
cid:4276,4276,Myristicin,Phenylpropenes,chembl,IC50,48600.0,nM,=,CHEMBL612557,Inhibition of LPS-induced NO production in mouse RAW264.7 cells incubated for 24 hrs in presence of LPS by Griess reagen
cid:4276,4276,Myristicin,Phenylpropenes,chembl,IC50,75.0,ug.mL-1,=,CHEMBL398,Antitumor activity against human KB cells assessed as cell growth inhibition
cid:12035,12035,N-Acetylcysteine,Cysteine,chembl,IC50,31000.0,nM,=,CHEMBL612545,Inhibition of horseradish peroxidase
cid:12035,12035,N-Acetylcysteine,Cysteine,chembl,IC50,28800000.0,nM,=,CHEMBL3879801,Cytotoxicity against drug-resistant human KBV1 cells expressing P-gp incubated for 72 hrs by MTT assay
cid:12035,12035,N-Acetylcysteine,Cysteine,chembl,IC50,29900000.0,nM,=,CHEMBL3879801,Cytotoxicity against human KB-3-1 cells incubated for 72 hrs by MTT assay
cid:12035,12035,N-Acetylcysteine,Cysteine,chembl,IC50,10000000.0,nM,=,CHEMBL613979,Antiinflammatory activity in HUVEC assessed as inhibition of TNFalpha-induced ICAM1 expression preincubated for 0.5 to 6
cid:12035,12035,N-Acetylcysteine,Cysteine,chembl,IC50,100000000.0,nM,>=,CHEMBL612545,Inhibition of Rana catesbeiana tadpole collagenase using lathyritic rat skin collagen as substrate after 41 hrs by radia
cid:12035,12035,N-Acetylcysteine,Cysteine,chembl,IC50,,,,CHEMBL612545,Inhibition of hexahistidine-tagged VIM-1 (unknown origin) expressed in Escherichia coli BL21 (DE3) cells using fluorocil
cid:12035,12035,N-Acetylcysteine,Cysteine,chembl,IC50,20700.0,nM,=,CHEMBL612545,Inhibition of hexahistidine-tagged IMP-7 (unknown origin) expressed in Escherichia coli BL21 (DE3) cells using fluorocil
cid:12035,12035,N-Acetylcysteine,Cysteine,chembl,IC50,,,,CHEMBL612545,Inhibition of hexahistidine-tagged NDM-1 (unknown origin) expressed in Escherichia coli BL21 (DE3) cells using fluorocil
cid:12035,12035,N-Acetylcysteine,Cysteine,chembl,IC50,3160000.0,nM,=,CHEMBL2093865,Inhibition of HDAC in human LoVo/DX cells using Boc-Lys(Ac)-AMC as substrate assessed as release of AMC pre-incubated fo
cid:12035,12035,N-Acetylcysteine,Cysteine,chembl,IC50,85000.0,nM,=,CHEMBL2362975,Antioxidant activity assessed as DPPH radical scavenging activity incubated for 30 mins under dark condition by spectrop
cid:12035,12035,N-Acetylcysteine,Cysteine,chembl,IC50,20000.0,nM,>,CHEMBL4303835,Antiviral activity determined as inhibition of SARS-CoV-2 induced cytotoxicity of VERO-6 cells at 10 uM after 48 hours e
cid:12035,12035,N-Acetylcysteine,Cysteine,chembl,IC50,19952.62,nM,>,CHEMBL4303835,Antiviral activity determined as inhibition of SARS-CoV-2 induced cytotoxicity of VERO-6 cells at 10 uM after 48 hours e
cid:12035,12035,N-Acetylcysteine,Cysteine,chembl,Ki,2000000.0,nM,=,CHEMBL1777665,TP_TRANSPORTER: inhibition of PAH uptake in Xenopus laevis oocytes
cid:12035,12035,N-Acetylcysteine,Cysteine,chembl,EC50,28000.0,nM,=,CHEMBL2362975,Antioxidant activity of the compound assessed as DPPH radical scavenging activity after 30 mins
cid:12035,12035,N-Acetylcysteine,Cysteine,chembl,EC50,1680000.0,nM,=,CHEMBL614910,Neuroprotection against H2O2-induced cell death in human SH-SY5Y cells preincubated for 6 hrs followed by H2O2 addition 
cid:12035,12035,N-Acetylcysteine,Cysteine,chembl,EC50,700000.0,nM,=,CHEMBL614316,Neuroprotective activity against glutamate-induced cell death in mouse HT-22 cells assessed as increase in cell viabilit
cid:12035,12035,N-Acetylcysteine,Cysteine,chembl,EC50,27900.0,nM,=,CHEMBL2362975,Antioxidant activity assessed as radical scavenging activity measured after 30 mins by microplate reader based DPPH assa
cid:12035,12035,N-Acetylcysteine,Cysteine,chembl,EC50,105600.0,nM,=,CHEMBL613362,Hepatoprotective activity against H2O2-induced cell damage in rat hepatocyte assessed as reduction in cell growth
cid:5284596,5284596,Naloxone,Substituted_morphinans,chembl,IC50,49.8,nM,=,CHEMBL237,"Antagonistic activity in the Opioid receptor kappa 1-mediated [35S]GTP-gamma-S, binding assay against 50 nM U-50,488"
cid:5284596,5284596,Naloxone,Substituted_morphinans,chembl,IC50,2.0,nM,=,CHEMBL233,Binding affinity against mu-opiate receptor (human) using [3H]DAMGO radioligand
cid:5284596,5284596,Naloxone,Substituted_morphinans,chembl,IC50,1.5,nM,=,CHEMBL237,"Binding affinity against opioid receptor kappa 1 using [3H]- U-69,593 radioligand"
cid:5284596,5284596,Naloxone,Substituted_morphinans,chembl,IC50,151.0,nM,=,CHEMBL236,Binding affinity against delta-opiate receptor (human) using [3H]-DPDPE radioligand
cid:5284596,5284596,Naloxone,Substituted_morphinans,chembl,IC50,500000.0,nM,=,CHEMBL2095192,Ability (10 ug/kg) to inhibit binding of [125I]iododexetimide to opioid receptor mice
cid:5284596,5284596,Naloxone,Substituted_morphinans,chembl,IC50,,nM,=,CHEMBL369,Opioid agonistic activity was measured in guinea pig ileum; infinite
cid:5284596,5284596,Naloxone,Substituted_morphinans,chembl,IC50,,nM,=,CHEMBL375,Opioid agonistic activity was measured in mouse vas deferens; infinite
cid:5284596,5284596,Naloxone,Substituted_morphinans,chembl,IC50,3.0,,=,CHEMBL2094129,Inhibition of [3H]naloxone receptor binding to opioid receptor in the presence of 100 mM NaCl
cid:5284596,5284596,Naloxone,Substituted_morphinans,chembl,IC50,3.2,,=,CHEMBL2094129,Inhibition of [3H]naloxone receptor binding to opioid receptor in the absence of 100 mM NaCl
cid:5284596,5284596,Naloxone,Substituted_morphinans,chembl,IC50,1.4,nM,=,CHEMBL2094129,Inhibition of [3H]-Naloxone binding to rat brain membrane without NaCl
cid:5284596,5284596,Naloxone,Substituted_morphinans,chembl,IC50,12.0,nM,=,CHEMBL2094129,Inhibition of [3H]naloxone binding to rat brain membrane with 100 mM NaCl.
cid:5284596,5284596,Naloxone,Substituted_morphinans,chembl,IC50,150.0,nM,=,CHEMBL2094129,Inhibition of stereospecific [3H]diprenorphine binding to opioid receptors of rat brain homogenates by 50% in the absenc
cid:5284596,5284596,Naloxone,Substituted_morphinans,chembl,IC50,44.0,nM,=,CHEMBL2094129,Inhibition of stereospecific [3H]diprenorphine binding to opioid receptors of rat brain homogenates by 50% in the presen
cid:5284596,5284596,Naloxone,Substituted_morphinans,chembl,IC50,43.0,nM,=,CHEMBL2095181,Inhibition of total opioid receptor by displacing 0.5 nM [3H]bremazocine in guinea pig brain membrane
cid:5284596,5284596,Naloxone,Substituted_morphinans,chembl,IC50,8.9,nM,=,CHEMBL4354,Inhibition of opioid receptor mu by displacing 1 nM [3H]DAGO in guinea pig brain membrane
cid:5284596,5284596,Naloxone,Substituted_morphinans,chembl,Ki,1.07,nM,=,CHEMBL270,Displacement [3H]-naloxone from the Opioid receptor mu 1 isolated from rat brain membrane.
cid:5284596,5284596,Naloxone,Substituted_morphinans,chembl,Ki,10.7,nM,=,CHEMBL237,In vitro binding affinity towards human Opioid receptor kappa 1 on CHO cell membranes using [3H]diprenorphine displaceme
cid:5284596,5284596,Naloxone,Substituted_morphinans,chembl,Ki,3.63,nM,=,CHEMBL233,In vitro binding affinity to human Opioid receptor mu 1 on CHO cell membranes using [3H]diprenorphine displacement.
cid:5284596,5284596,Naloxone,Substituted_morphinans,chembl,Ki,37.0,nM,=,CHEMBL236,In vitro binding affinity to human Opioid receptor delta 1 on CHO cell membranes using [3H]diprenorphine displacement.
cid:5284596,5284596,Naloxone,Substituted_morphinans,chembl,Ki,3.7,nM,=,CHEMBL270,Binding affinity towards mu opioid receptor by displacement of [3H]NAL from rat brain homogenates
cid:5284596,5284596,Naloxone,Substituted_morphinans,chembl,Ki,66.0,nM,=,CHEMBL3952,Binding affinity towards kappa-opioid receptor by displacement of [3H]-EKC at from guinea pig cortical tissue
cid:5284596,5284596,Naloxone,Substituted_morphinans,chembl,Ki,1.1,nM,=,CHEMBL4354,In vivo binding affinity against mu opioid receptor was measured by using labeled ligand [3H]naloxone (0.5 nM)
cid:5284596,5284596,Naloxone,Substituted_morphinans,chembl,Ki,12.0,nM,=,CHEMBL3952,In vivo binding affinity against kappa opioid receptor was measured by using labeled ligand [3H]ethylketocyclazocine (1 
cid:5284596,5284596,Naloxone,Substituted_morphinans,chembl,Ki,19.0,nM,=,CHEMBL236,In vivo binding affinity against delta Opioid receptor was measured by using labeled ligand [3H]DADLE (1 nM) with 4 nM s
cid:5284596,5284596,Naloxone,Substituted_morphinans,chembl,Ki,100000.0,nM,>,CHEMBL287,"In vivo binding affinity against sigma Opioid receptor was measured by using labeled ligand [3H]-SKF- 10,047 (1 nM)"
cid:5284596,5284596,Naloxone,Substituted_morphinans,chembl,Ki,3.2,nM,=,CHEMBL3952,Affinity to opioid receptor kappa 1 using [3H]U-69593 as radioligand in homogenates of guinea pig brain membranes
cid:5284596,5284596,Naloxone,Substituted_morphinans,chembl,Ki,0.68,nM,=,CHEMBL4354,"Affinity to mu-receptor, using [3H]DAMGO as radioligand in homogenates of guinea pig brain membranes"
cid:5284596,5284596,Naloxone,Substituted_morphinans,chembl,Ki,6.3,nM,=,CHEMBL270,Binding affinity towards mu-opioid receptor by the displacement of [3H]Nal in rat brain homogenates
cid:5284596,5284596,Naloxone,Substituted_morphinans,chembl,Ki,66.0,nM,=,CHEMBL3952,Binding affinity towards kappa opioid receptor by displacement of [3H]EKC in guinea pig cortical tissue
cid:5284596,5284596,Naloxone,Substituted_morphinans,chembl,Ki,32.0,nM,=,CHEMBL269,Binding affinity towards delta-opioid receptor by displacement of [3H]DADL in rat brain homogenates
cid:5284596,5284596,Naloxone,Substituted_morphinans,chembl,EC50,6.6,nM,=,CHEMBL237,"Effective concentration for half-maximal stimulation was determined by [35S]GTP-gamma-S, assay"
cid:5284596,5284596,Naloxone,Substituted_morphinans,chembl,EC50,10.0,nM,=,CHEMBL237,Agonist activity at human opioid kappa receptor expressed in CHO cells assessed as stimulation of [35S]GTPgammaS binding
cid:5284596,5284596,Naloxone,Substituted_morphinans,chembl,EC50,6.26,nM,=,CHEMBL612545,Displacement of [3H]etorphine from opioid receptor in rat cerebrum
cid:5284596,5284596,Naloxone,Substituted_morphinans,chembl,EC50,9.1,nM,=,CHEMBL612545,Displacement of 3.0 nM [3H]etorphine from opioid receptor in rat cerebrum
cid:5284596,5284596,Naloxone,Substituted_morphinans,chembl,EC50,1.5,nM,=,CHEMBL2094129,Binding affinity to rat brain opioid receptor
cid:5284596,5284596,Naloxone,Substituted_morphinans,chembl,EC50,,,,CHEMBL237,Agonist activity at kappa opioid receptor in human HEK293 cells after 30 mins by [35S]GTPgammaS binding assay
cid:5284596,5284596,Naloxone,Substituted_morphinans,chembl,EC50,,,,CHEMBL233,Agonist activity at human MOR expressed in CHO-K1 cells assessed as decrease in cAMP level incubated for 30 mins in pres
cid:5284596,5284596,Naloxone,Substituted_morphinans,chembl,EC50,,,,CHEMBL233,Agonist activity at human MOR expressed in CHO-K1 cells assessed as decrease in beta-arrestin 2 recruitment incubated fo
cid:5284596,5284596,Naloxone,Substituted_morphinans,chembl,EC50,8.64,nM,=,CHEMBL233,Displacement of [35S]GTP-gammaS from human MOR transfected in CHO cell membrane preincubated for 30 mins followed by rad
cid:5284596,5284596,Naloxone,Substituted_morphinans,chembl,Kd,0.4,nM,=,CHEMBL270,Opioid receptor mu 1 affinity against the receptor site model site 1 (mu1)
cid:5284596,5284596,Naloxone,Substituted_morphinans,chembl,Kd,5.0,nM,=,CHEMBL270,Opioid receptor mu 2 affinity against the receptor site model site 2(mu2)
cid:5284596,5284596,Naloxone,Substituted_morphinans,chembl,Kd,18.0,nM,=,CHEMBL269,Affinity against the Opioid receptor delta 1
cid:5284596,5284596,Naloxone,Substituted_morphinans,chembl,Kd,1.0,nM,=,CHEMBL3614,Compound was evaluated for Opioid receptor kappa 1 affinity against the receptor site model site 4(kappa)
cid:5284596,5284596,Naloxone,Substituted_morphinans,chembl,Kd,154.0,nM,=,CHEMBL2094129,Compound was evaluated for opioid receptor affinity against the receptor site model site 5
cid:5284596,5284596,Naloxone,Substituted_morphinans,chembl,Kd,10.0,nM,=,CHEMBL376,Binding of [3H]diprenorphine to rat brain membranes was evaluated and the dissociation constant (KD) was determined.
cid:5284596,5284596,Naloxone,Substituted_morphinans,chembl,Kd,2.951,nM,=,CHEMBL375,Narcotic antagonistic potency evaluated in morphine-induced Straub tail phenomenon in mice
cid:5284596,5284596,Naloxone,Substituted_morphinans,chembl,Kd,3.0,nM,=,CHEMBL270,Inhibition against binding of radioligand [N-allyl-2-3-3H]-naloxone to membrane of baby hamster kidney cells infected wi
cid:5284596,5284596,Naloxone,Substituted_morphinans,chembl,Kd,4.5,nM,=,CHEMBL3614,Inhibition against binding of radioligand [N-allyl-2-3-3H]-naloxone to membrane of baby hamster kidney cells infected wi
cid:5284596,5284596,Naloxone,Substituted_morphinans,chembl,Kd,1.862,nM,=,CHEMBL4354,Negative logarithm of the molar concentration of Opioid receptor mu 1 was determined in guinea pig ileum
cid:5284596,5284596,Naloxone,Substituted_morphinans,chembl,Kd,3.162,nM,=,CHEMBL4354,Tested for its antagonist activity against mu receptor using DAMGO as radioligand in isolated guinea pig ileum
cid:5284596,5284596,Naloxone,Substituted_morphinans,chembl,Kd,19.95,nM,=,CHEMBL3952,"Tested for its antagonist activity against kappa receptor using U-69,593 as radioligand in isolated guinea pig ileum"
cid:5284596,5284596,Naloxone,Substituted_morphinans,chembl,Kd,50.12,nM,=,CHEMBL3222,Tested for inhibitory activity against (DPDE)delta receptor in mouse vas deferens
cid:5284596,5284596,Naloxone,Substituted_morphinans,chembl,Kd,0.2188,nM,=,CHEMBL233,Antagonist activity against mu opioid receptor assessed as effect on endomorphin-2-induced calcium response in CHO cells
cid:5284596,5284596,Naloxone,Substituted_morphinans,chembl,Kd,0.2188,nM,=,CHEMBL233,Antagonist activity at mu opioid receptor expressed in CHO cells assessed as release of intracellular calcium ions by ae
cid:89594,89594,Nicotine,"Pyridine, Substituted_pyrrolidines",chembl,IC50,6.6,nM,=,CHEMBL2094110,In vitro displacement of [3H]methylcarbamylcholine from nicotinic acetylcholine receptor in rat brain cortex
cid:89594,89594,Nicotine,"Pyridine, Substituted_pyrrolidines",chembl,IC50,32000.0,nM,=,CHEMBL1907609,In vitro displacement of [3H]oxotremorine-M from muscarinic acetylcholine receptor in rat brain cortex
cid:89594,89594,Nicotine,"Pyridine, Substituted_pyrrolidines",chembl,IC50,4.0,nM,=,CHEMBL612545,"In vitro ability to displace tritiated nicotine from rat brain binding sites, and calcium flux (c.f)"
cid:89594,89594,Nicotine,"Pyridine, Substituted_pyrrolidines",chembl,IC50,16.0,nM,=,CHEMBL4980,Compound was tested for its binding affinity against nicotinic receptor in synaptic membrane fractions from rat cerebral
cid:89594,89594,Nicotine,"Pyridine, Substituted_pyrrolidines",chembl,IC50,3.8,nM,=,CHEMBL1907596,Inhibition of [3H](-)-nicotine binding to recombinant rat alpha4-beta2 nAChR.
cid:89594,89594,Nicotine,"Pyridine, Substituted_pyrrolidines",chembl,IC50,7.0,nM,=,CHEMBL2094110,Inhibition of (-)-[3H]nicotine binding to rat brain membranes
cid:89594,89594,Nicotine,"Pyridine, Substituted_pyrrolidines",chembl,IC50,4.0,nM,=,CHEMBL2096975,inhibition of (-)-[3H]nicotine binding to torpedo electroplax membranes
cid:89594,89594,Nicotine,"Pyridine, Substituted_pyrrolidines",chembl,IC50,3.0,nM,=,CHEMBL2094110,Inhibition of [3H]MCC binding to rat brain membranes
cid:89594,89594,Nicotine,"Pyridine, Substituted_pyrrolidines",chembl,IC50,1.0,nM,=,CHEMBL2096975,Inhibition of [3H]MCC binding to torpedo electroplax membranes
cid:89594,89594,Nicotine,"Pyridine, Substituted_pyrrolidines",chembl,IC50,4.0,nM,=,CHEMBL3350222,Binding affinity at NAChRs was determined by measuring the displacement of ([3H]Nic) from a preparation of rat cortical 
cid:89594,89594,Nicotine,"Pyridine, Substituted_pyrrolidines",chembl,IC50,360000.0,nM,=,CHEMBL1907609,Muscarinic acetylcholine receptor binding (rat cortical membranes) was determined by displacement of [3H]quinuclidinyl b
cid:89594,89594,Nicotine,"Pyridine, Substituted_pyrrolidines",chembl,IC50,4.0,nM,=,CHEMBL2094110,Inhibitory concentration required for in vitro binding affinity to cholinergic central Nicotinic acetylcholine receptor 
cid:89594,89594,Nicotine,"Pyridine, Substituted_pyrrolidines",chembl,IC50,28000.0,nM,=,CHEMBL1907609,Inhibitory concentration required for in vitro binding affinity to cholinergic central muscarinic receptor on rat brain 
cid:89594,89594,Nicotine,"Pyridine, Substituted_pyrrolidines",chembl,IC50,4.2,nM,=,CHEMBL612545,Inhibitory concentration required for in vitro binding affinity to Nicotinic acetylcholine receptor alpha4-beta2 express
cid:89594,89594,Nicotine,"Pyridine, Substituted_pyrrolidines",chembl,IC50,3.8,nM,=,CHEMBL2109234,Inhibitory concentration required for in vitro binding affinity to Nicotinic acetylcholine receptor alpha3-beta2 express
cid:89594,89594,Nicotine,"Pyridine, Substituted_pyrrolidines",chembl,Ki,1.05,nM,=,CHEMBL1907596,Binding potency for Nicotinic acetylcholine receptor alpha4-beta2 (rat brain)
cid:89594,89594,Nicotine,"Pyridine, Substituted_pyrrolidines",chembl,Ki,4000.0,nM,=,CHEMBL4980,Binding potency for Nicotinic acetylcholine receptor alpha-7 (rat brain)
cid:89594,89594,Nicotine,"Pyridine, Substituted_pyrrolidines",chembl,Ki,10000.0,nM,>,CHEMBL2096975,Binding potency for nAChR subtype Alpha-1-beta-1-delta-gamma (torpedo)
cid:89594,89594,Nicotine,"Pyridine, Substituted_pyrrolidines",chembl,Ki,8.4,nM,=,CHEMBL2094110,Binding affinity for Nicotinic acetylcholine receptor site in rat cortex was determined using [3H]MCC as radioligand
cid:89594,89594,Nicotine,"Pyridine, Substituted_pyrrolidines",chembl,Ki,5000.0,nM,>,CHEMBL1907609,Binding affinity for muscarinic receptor site in rat hippocampus was determined using competitive radioligand binding as
cid:89594,89594,Nicotine,"Pyridine, Substituted_pyrrolidines",chembl,Ki,2.4,nM,=,CHEMBL2094110,Binding affinity towards nicotinic acetylcholine receptor (nACh) using [3H](-)-nicotine as radioligand in rat brain
cid:89594,89594,Nicotine,"Pyridine, Substituted_pyrrolidines",chembl,Ki,0.94,nM,=,CHEMBL1907596,Displacement of [3H]cytisine from Nicotinic acetylcholine receptor alpha4-beta2 in rat forebrain
cid:89594,89594,Nicotine,"Pyridine, Substituted_pyrrolidines",chembl,Ki,1.15,nM,=,CHEMBL2094110,Ability to displace [3H](-)-cytisine from nicotinic acetylcholine receptor (nAChR) in a whole rat brain preparation
cid:89594,89594,Nicotine,"Pyridine, Substituted_pyrrolidines",chembl,Ki,1.1,nM,=,CHEMBL2094110,In vitro binding affinity to neuronal nAChRs was determined by measuring the displacement of [3H]cytisine in rat brain
cid:89594,89594,Nicotine,"Pyridine, Substituted_pyrrolidines",chembl,Ki,15.0,nM,=,CHEMBL1907592,Binding affinity towards rat nicotinic acetylcholine receptor alpha2-beta2 expressed in HEK293 cells using [3H]EB as rad
cid:89594,89594,Nicotine,"Pyridine, Substituted_pyrrolidines",chembl,Ki,130.0,nM,=,CHEMBL612545,Binding affinity towards rat alpha2-beta4 nACh receptor expressed in HEK293 cells using [3H]EB as radioligand
cid:89594,89594,Nicotine,"Pyridine, Substituted_pyrrolidines",chembl,Ki,43.0,nM,=,CHEMBL1907587,Binding affinity towards rat Nicotinic acetylcholine receptor alpha3-beta2 expressed in HEK293 cells using [3H]EB as rad
cid:89594,89594,Nicotine,"Pyridine, Substituted_pyrrolidines",chembl,Ki,530.0,nM,=,CHEMBL1907593,Binding affinity towards rat Nicotinic acetylcholine receptor alpha3-beta4 expressed in HEK293 cells using [3H]EB as rad
cid:89594,89594,Nicotine,"Pyridine, Substituted_pyrrolidines",chembl,Ki,12.0,nM,=,CHEMBL1907596,Binding affinity towards rat Nicotinic acetylcholine receptor alpha4-beta2 expressed in HEK293 cells using [3H]EB as rad
cid:89594,89594,Nicotine,"Pyridine, Substituted_pyrrolidines",chembl,Ki,46.0,nM,=,CHEMBL1907595,Binding affinity towards rat Nicotinic acetylcholine receptor alpha4-beta4 expressed in HEK293 cells using [3H]EB as rad
cid:89594,89594,Nicotine,"Pyridine, Substituted_pyrrolidines",chembl,EC50,4000.0,nM,=,CHEMBL1907596,Functional potency for Nicotinic acetylcholine receptor alpha4-beta2 (rat brain)
cid:89594,89594,Nicotine,"Pyridine, Substituted_pyrrolidines",chembl,EC50,54000.0,nM,=,CHEMBL4980,Functional potency for Nicotinic acetylcholine receptor alpha-7 (rat brain)
cid:89594,89594,Nicotine,"Pyridine, Substituted_pyrrolidines",chembl,EC50,60000.0,nM,=,CHEMBL2096975,Functional potency for nAChR subtype Alpha-1-beta-1-delta gamma(torpedo)
cid:89594,89594,Nicotine,"Pyridine, Substituted_pyrrolidines",chembl,EC50,4000.0,nM,=,CHEMBL1907589,Compound was evaluated for functional potencies and efficacies at human Nicotinic acetylcholine receptor alpha4-beta2
cid:89594,89594,Nicotine,"Pyridine, Substituted_pyrrolidines",chembl,EC50,83000.0,nM,=,CHEMBL2492,Compound was evaluated for functional potencies and efficacies at human Nicotinic acetylcholine receptor alpha7
cid:89594,89594,Nicotine,"Pyridine, Substituted_pyrrolidines",chembl,EC50,21000.0,nM,=,CHEMBL1907594,Compound was evaluated for functional potencies and efficacies at human Nicotinic acetylcholine receptor subtype IMR-32 
cid:89594,89594,Nicotine,"Pyridine, Substituted_pyrrolidines",chembl,EC50,160000.0,nM,=,CHEMBL3916,Compound was evaluated for functional potencies and efficacies at human Nicotinic acetylcholine receptor subtype TE671 (
cid:89594,89594,Nicotine,"Pyridine, Substituted_pyrrolidines",chembl,EC50,590.0,nM,=,CHEMBL1907596,Compound was evaluated for functional potencies and efficacies at ratNicotinic acetylcholine receptor alpha4-beta2
cid:89594,89594,Nicotine,"Pyridine, Substituted_pyrrolidines",chembl,EC50,20000.0,nM,=,CHEMBL2094110,Compound was evaluated for functional potencies and efficacies at rat Nicotinic acetylcholine receptor subtype PC12 (gan
cid:89594,89594,Nicotine,"Pyridine, Substituted_pyrrolidines",chembl,EC50,40.0,nM,=,CHEMBL376,Compound was evaluated for functional potencies and efficacies at rat nAChR subtype DA release
cid:89594,89594,Nicotine,"Pyridine, Substituted_pyrrolidines",chembl,EC50,5000.0,nM,=,CHEMBL1907589,Stimulation of cation efflux in human nAChR alpha4-beta2 expressing K177 cells
cid:89594,89594,Nicotine,"Pyridine, Substituted_pyrrolidines",chembl,EC50,21000.0,nM,=,CHEMBL2111384,Stimulation of cation efflux in human nAChR subtype alpha3-betaX expressing IMR-32 cells
cid:89594,89594,Nicotine,"Pyridine, Substituted_pyrrolidines",chembl,EC50,4300.0,nM,=,CHEMBL1907594,Agonistic potency against nicotinic acetylcholine receptor alpha3-beta4
cid:89594,89594,Nicotine,"Pyridine, Substituted_pyrrolidines",chembl,EC50,38000.0,nM,=,CHEMBL2492,"Effective concentration that causes inhibition of alpha-7 nAChR, was determined. Values are expressed as EC50 +/- SEM."
cid:89594,89594,Nicotine,"Pyridine, Substituted_pyrrolidines",chembl,EC50,21000.0,nM,=,CHEMBL614585,Concentration required to elicit ganglionic receptors measured using [86Rb+] flux functional assay in a human neuroblast
cid:89594,89594,Nicotine,"Pyridine, Substituted_pyrrolidines",chembl,Kd,1.41,nM,=,CHEMBL375,Equilibrium dissociation constant (Kd) was determined
cid:89594,89594,Nicotine,"Pyridine, Substituted_pyrrolidines",chembl,Kd,5.0,nM,=,CHEMBL2585,The compound was tested for the inhibition of binding of [3H]epibatidine to central nicotinic acetylcholine receptor (nA
cid:89594,89594,Nicotine,"Pyridine, Substituted_pyrrolidines",chembl,Kd,0.0000049,nM,=,CHEMBL2094110,Compound was evaluated for ability to enhance the binding of (+/-)-[3H]nicotine to the rat brain P2 fraction at binding 
cid:89594,89594,Nicotine,"Pyridine, Substituted_pyrrolidines",chembl,Kd,0.01,nM,=,CHEMBL2094110,Ability to enhance the binding of (+/-)-[3H]nicotine to the rat brain P2 fraction at binding site 2
cid:89594,89594,Nicotine,"Pyridine, Substituted_pyrrolidines",chembl,Kd,430.0,nM,=,CHEMBL2094110,Ability to enhance the binding of (+/-)-[3H]nicotine to the rat brain P2 fraction at binding site 3.
cid:89594,89594,Nicotine,"Pyridine, Substituted_pyrrolidines",chembl,Kd,11000.0,nM,=,CHEMBL2094110,Compounds was evaluated for ability to enhance the binding of (+/-)-[3H]nicotine to the rat brain P2 fraction at binding
cid:89594,89594,Nicotine,"Pyridine, Substituted_pyrrolidines",chembl,Kd,43000000.0,nM,=,CHEMBL2094110,Compounds was evaluated in vitro for ability to enhance and inhibit the binding of (+/-)-[3H]nicotine to the rat brain P
cid:89594,89594,Nicotine,"Pyridine, Substituted_pyrrolidines",chembl,Kd,0.022,nM,=,CHEMBL2094110,Compound was evaluated for ability to enhance the binding of (+/-)-[3H]nicotine to the rat brain P2 fraction at binding 
cid:89594,89594,Nicotine,"Pyridine, Substituted_pyrrolidines",chembl,Kd,10.0,nM,=,CHEMBL2094110,Ability to enhance the binding of (+/-)-[3H]nicotine to the rat brain P2 fraction at binding site 2
cid:89594,89594,Nicotine,"Pyridine, Substituted_pyrrolidines",chembl,Kd,5.2,nM,=,CHEMBL2094110,Ability to enhance the binding of (+/-)-[3H]nicotine to the rat brain P2 fraction at binding site 3.
cid:89594,89594,Nicotine,"Pyridine, Substituted_pyrrolidines",chembl,Kd,45000.0,nM,=,CHEMBL2094110,Compounds was evaluated in vitro for ability to enhance and inhibit the binding of (+/-)-[3H]nicotine to the rat brain P
cid:89594,89594,Nicotine,"Pyridine, Substituted_pyrrolidines",chembl,Kd,478.63,nM,=,CHEMBL6084,Binding affinity to Lymnaea stagnalis His6-AChBP expressed in Bac-to-Bac baculovirus expression system by surface plasmo
cid:89594,89594,Nicotine,"Pyridine, Substituted_pyrrolidines",chembl,Kd,2884.03,nM,=,CHEMBL612545,Binding affinity to Aplysia californica His6-AChBP expressed in Bac-to-Bac baculovirus expression system by surface plas
cid:89594,89594,Nicotine,"Pyridine, Substituted_pyrrolidines",chembl,Kd,470000.0,nM,=,CHEMBL5282,Binding affinity to CYP2A6 (unknown origin) assessed as type 1 interaction as increase in absorbance 379 to 387 nm and d
cid:89594,89594,Nicotine,"Pyridine, Substituted_pyrrolidines",chembl,Kd,54000.0,nM,=,CHEMBL3542436,Binding affinity to CYP2A13 (unknown origin) assessed as type 1 interaction as increase in absorbance 379 to 387 nm and 
cid:439260,439260,Noradrenaline,,chembl,IC50,0.00008,nM,=,CHEMBL217,Agonist required to inhibit Dopamine receptor D2 photoinactivation by 50% with Iodazidoclebopride using [3H]-Spiperone
cid:439260,439260,Noradrenaline,,chembl,IC50,16.0,nM,=,CHEMBL2094111,Binding affinity against Alpha adrenergic receptor using [3H]dihydroergocryptine radioligand in rat brain homogenate
cid:439260,439260,Noradrenaline,,chembl,IC50,5000.0,nM,=,CHEMBL2094111,"Inhibitory concentration required for displacement of Alpha adrenergic receptor specific ligand, 2-[ [ [(2,6-dimethoxyph"
cid:439260,439260,Noradrenaline,,chembl,IC50,1000.0,nM,=,CHEMBL2095166,Inhibitory concentration required for displacement of Beta adrenergic receptor specific ligand [3H]dihydroalprenolol fro
cid:439260,439260,Noradrenaline,,chembl,IC50,1500.0,nM,=,CHEMBL1907610,Displacement of [3H]prazosin from Alpha-1 adrenergic receptor of rat cortical membranes
cid:439260,439260,Noradrenaline,,chembl,IC50,750.0,nM,=,CHEMBL2093864,Displacement of [3H]rauwolscine from Alpha-2 adrenergic receptor of rat cortical membranes
cid:439260,439260,Noradrenaline,,chembl,IC50,1620.0,nM,=,CHEMBL1907610,The compound was evaluated for the inhibition of [3H]prazosin binding to alpha-1 adrenergic receptor from rat liver
cid:439260,439260,Noradrenaline,,chembl,IC50,33.0,nM,=,CHEMBL2093864,The compound was evaluated for the inhibition of [3H]rauwolscine binding to alpha-2-adrenergic receptor from rat cortex
cid:439260,439260,Noradrenaline,,chembl,IC50,69.0,ug.mL-1,=,CHEMBL614510,Inhibition of adipogenesis in mouse 3T3L1 cells assessed as triglyceride accumulation after 7 days
cid:439260,439260,Noradrenaline,,chembl,IC50,100.0,ug.mL-1,>,CHEMBL614510,Cytotoxicity against mouse 3T3L1 cells assessed as cell viability after 7 days
cid:439260,439260,Noradrenaline,,chembl,IC50,11000000.0,nM,=,CHEMBL1770032,TP_TRANSPORTER: inhibition of TEA uptake (TEA: 20 uM) in OCT2-expressing HRPE cells
cid:439260,439260,Noradrenaline,,chembl,IC50,434000.0,nM,=,CHEMBL1770033,TP_TRANSPORTER: inhibition of TEA uptake (TEA: 20 uM) in OCT3-expressing HRPE cells
cid:439260,439260,Noradrenaline,,chembl,IC50,,,,CHEMBL4460,Inhibition of human recombinant N-terminal His-tagged serine racemase expressed in Escherichia coli BL21(DE3) using L-se
cid:439260,439260,Noradrenaline,,chembl,IC50,,,,CHEMBL5887,Inhibition of human recombinant N-terminal His-tagged DDO expressed in Escherichia coli BL21(DE3) using D-aspartate as s
cid:439260,439260,Noradrenaline,,chembl,IC50,10000000.0,nM,>,CHEMBL5485,Inhibition of human recombinant N-terminal His-tagged DAO expressed in Escherichia coli BL21(DE3) using D-serine as subs
cid:439260,439260,Noradrenaline,,chembl,Ki,281.84,nM,=,CHEMBL319,Binding affinity towards Alpha-1A adrenergic receptor in rat submaxillary glands
cid:439260,439260,Noradrenaline,,chembl,Ki,446.68,nM,=,CHEMBL4892,Binding affinity towards bovine clonal Alpha-1A adrenergic receptor
cid:439260,439260,Noradrenaline,,chembl,Ki,263.03,nM,=,CHEMBL3122,Binding affinity towards hamster clonal Alpha-1B adrenergic receptor
cid:439260,439260,Noradrenaline,,chembl,Ki,22.39,nM,=,CHEMBL326,Binding affinity towards rat clonal Alpha-1D adrenergic receptor
cid:439260,439260,Noradrenaline,,chembl,Ki,390.0,nM,=,CHEMBL1907610,Binding affinity for alpha-1 adrenergic receptor in rat liver using [3H]prazosin.
cid:439260,439260,Noradrenaline,,chembl,Ki,37.0,nM,=,CHEMBL2093864,Binding affinity for alpha-2 adrenergic receptor in rat cortex using [3H]rauwolscine.
cid:439260,439260,Noradrenaline,,chembl,Ki,17.0,nM,=,CHEMBL2093864,Displacement of [3H]clonidine from Alpha-2 adrenergic receptor of rat brain membranes
cid:439260,439260,Noradrenaline,,chembl,Ki,450.0,nM,=,CHEMBL1907610,Tested for binding affinity against alpha-1 adrenergic receptor in rat brain using [3H]-Prazosin as radioligand
cid:439260,439260,Noradrenaline,,chembl,Ki,4.8,nM,=,CHEMBL2093864,Tested for binding affinity against alpha-2 adrenergic receptor in rat brain using [3H]- rauwolscine as radioligand
cid:439260,439260,Noradrenaline,,chembl,Ki,126.0,nM,=,CHEMBL3252,Tested for binding affinity against beta-1 adrenergic receptor in rat brain using [3H]-CGP- 26505 as radioligand
cid:439260,439260,Noradrenaline,,chembl,Ki,6000.0,nM,=,CHEMBL3373,Tested for binding affinity against beta-2 adrenergic receptor in bovine lung using [3H]DHA as radioligand
cid:439260,439260,Noradrenaline,,chembl,Ki,2600.0,nM,=,CHEMBL2094251,Binding affinity for human brain Alpha-1 adrenergic receptor
cid:439260,439260,Noradrenaline,,chembl,Ki,66.0,nM,=,CHEMBL1867,Binding affinity for human Alpha-2A adrenergic receptor
cid:439260,439260,Noradrenaline,,chembl,Ki,78.0,nM,=,CHEMBL266,Binding affinity for rat Alpha-2B adrenergic receptor
cid:439260,439260,Noradrenaline,,chembl,Ki,63.0,nM,=,CHEMBL1916,Binding affinity for human Alpha-2C adrenergic receptor
cid:439260,439260,Noradrenaline,,chembl,EC50,1174.9,nM,=,CHEMBL319,In vitro agonist potency towards Alpha-1A adrenergic receptor in rat vas deferens
cid:439260,439260,Noradrenaline,,chembl,EC50,2187.76,nM,=,CHEMBL229,In vitro agonist potency towards Alpha-1A adrenergic receptor in canine prostate
cid:439260,439260,Noradrenaline,,chembl,EC50,10232.93,nM,=,CHEMBL315,In vitro agonist potency towards Alpha-1B adrenergic receptor in rat spleen
cid:439260,439260,Noradrenaline,,chembl,EC50,12.02,nM,=,CHEMBL326,In vitro agonist potency towards Alpha-1D adrenergic receptor in rat aorta
cid:439260,439260,Noradrenaline,,chembl,EC50,83200.0,nM,=,CHEMBL1907610,Effective dose for on contraction of reserpine-pretreated rat vas deferens.
cid:439260,439260,Noradrenaline,,chembl,EC50,200.0,nM,=,CHEMBL1907610,Effective dose for on contraction of rat aorta.
cid:439260,439260,Noradrenaline,,chembl,EC50,2000.0,nM,=,CHEMBL612545,Effective dose for on contraction of rabbit aorta.
cid:439260,439260,Noradrenaline,,chembl,EC50,12000.0,nM,=,CHEMBL612545,Effective dose for compound on contraction of reserpine-pretreated guinea pig aorta.
cid:439260,439260,Noradrenaline,,chembl,EC50,14500.0,nM,=,CHEMBL612545,"Effective concentration for inhibition of neurotransmission in field-stimulated, reserpine-pretreated guinea pig ileum."
cid:439260,439260,Noradrenaline,,chembl,EC50,10000.0,nM,=,CHEMBL5471,Effective dose required to stimulate contractions in isolated guinea pig atrium.
cid:439260,439260,Noradrenaline,,chembl,EC50,30000.0,nM,=,CHEMBL5414,Activity for Beta-2 adrenergic receptor was assessed from effect on relaxation of guinea pig trachea.
cid:439260,439260,Noradrenaline,,chembl,EC50,100000.0,nM,=,CHEMBL4031,Activity for beta 3-adrenoceptor was assessed from effect on stimulation of lipolysis in rat adipocytes.
cid:439260,439260,Noradrenaline,,chembl,EC50,15800.0,nM,=,CHEMBL1907610,Effective dose for contraction of reserpine-pretreated rat vas deferens.
cid:439260,439260,Noradrenaline,,chembl,EC50,1.2,nM,=,CHEMBL1907610,Effective dose for contraction of rat aorta.
cid:439260,439260,Noradrenaline,,chembl,EC50,6.6,nM,=,CHEMBL612545,Effective dose for contraction of rabbit aorta.
cid:439260,439260,Noradrenaline,,chembl,Kd,50000.0,nM,=,CHEMBL2056,Equilibrium dissociation constant against recombinant Dopamine receptor D1A expressed in COS7 cells
cid:439260,439260,Noradrenaline,,chembl,Kd,3980.0,nM,=,CHEMBL210,Binding affinity to human adrenergic beta2 receptor
cid:439260,439260,Noradrenaline,,chembl,Kd,3981.07,nM,=,CHEMBL210,Binding affinity to beta-2 adrenergic receptor (unknown origin) at 1 to 10000 nM
cid:4626,4626,Oxiracetam,Racetams,chembl,EC50,5960.0,nM,=,CHEMBL364,NOVARTIS: Inhibition of Plasmodium falciparum 3D7 (drug-susceptible) proliferation in erythrocyte-based infection assay 
cid:4626,4626,Oxiracetam,Racetams,chembl,EC50,6220.0,nM,=,CHEMBL364,NOVARTIS: Inhibition of Plasmodium falciparum W2 (drug-resistant) proliferation in erythrocyte-based infection assay
cid:5284603,5284603,Oxycodone,Substituted_morphinans,chembl,IC50,76200.0,nM,=,CHEMBL4078,Inhibition of electric eel AChE by Ellman's method
cid:5284603,5284603,Oxycodone,Substituted_morphinans,chembl,IC50,2003780.0,nM,=,CHEMBL5685,Inhibition of human OCT1 expressed in HEK293 cells assessed as reduction in ASP+ substrate uptake by microplate reader b
cid:5284603,5284603,Oxycodone,Substituted_morphinans,chembl,IC50,20000.0,nM,>,CHEMBL4303835,Antiviral activity determined as inhibition of SARS-CoV-2 induced cytotoxicity of VERO-6 cells at 10 uM after 48 hours e
cid:5284603,5284603,Oxycodone,Substituted_morphinans,chembl,IC50,19952.62,nM,>,CHEMBL4303835,Antiviral activity determined as inhibition of SARS-CoV-2 induced cytotoxicity of VERO-6 cells at 10 uM after 48 hours e
cid:5284603,5284603,Oxycodone,Substituted_morphinans,chembl,IC50,10000.0,nM,>,CHEMBL240,Inhibition of human ERG expressed in CHO cells at -80 mV holding potential by whole cell patch clamp assay
cid:5284603,5284603,Oxycodone,Substituted_morphinans,chembl,Ki,43.6,nM,=,CHEMBL270,Displacement of [3H]DAMGO from mu opioid receptor of rat brain membranes
cid:5284603,5284603,Oxycodone,Substituted_morphinans,chembl,Ki,1087.0,nM,=,CHEMBL269,"Displacement of [3H[Ile5,6]-deltorphin II from delta opioid receptor of rat brain membranes"
cid:5284603,5284603,Oxycodone,Substituted_morphinans,chembl,Ki,2658.0,nM,=,CHEMBL3614,Displacement of [3H]U-69593 from kappa opioid receptor of rat brain membranes
cid:5284603,5284603,Oxycodone,Substituted_morphinans,chembl,Ki,10000.0,nM,>,CHEMBL270,Displacement of [3H]DAMGO from mu opioid receptor in rat brain membrane
cid:5284603,5284603,Oxycodone,Substituted_morphinans,chembl,Ki,10000.0,nM,>,CHEMBL269,"Displacement of [3H][Ile5,6]deltorphin2 from delta opioid receptor in rat brain membrane"
cid:5284603,5284603,Oxycodone,Substituted_morphinans,chembl,Ki,10000.0,nM,>,CHEMBL3952,Displacement of [3H]U69593 from kappa opioid receptor in guinea pig brain membrane
cid:5284603,5284603,Oxycodone,Substituted_morphinans,chembl,Ki,133.48,nM,=,CHEMBL233,"Scintillation Proximity Assay (SPA): Briefly, serial dilutions of the test compounds were placed in a 96-well plate to w"
cid:5284603,5284603,Oxycodone,Substituted_morphinans,chembl,Ki,12.0,nM,=,CHEMBL233,Displacement of [3H]-DAMGO from human MOR expressed in CHOK1 cell membranes incubated for 60 mins by liquid scintillatio
cid:5284603,5284603,Oxycodone,Substituted_morphinans,chembl,Ki,10000.0,nM,>,CHEMBL287,Displacement of [3H]-(+)-pentazocine from human sigma-1 receptor expressed in HEK293 membranes incubated for 120 mins by
cid:5284603,5284603,Oxycodone,Substituted_morphinans,chembl,Ki,10000.0,nM,>,CHEMBL2111385,Displacement of [3H]JWH-018 from CB1R/CB2R in Wistar rat brain membranes after 60 mins by liquid scintillation analysis
cid:5284603,5284603,Oxycodone,Substituted_morphinans,chembl,Ki,8.9,nM,=,CHEMBL270,Displacement of [3H]DAMGO from MOR in Wistar rat brain membranes after 60 mins by liquid scintillation analysis
cid:5284603,5284603,Oxycodone,Substituted_morphinans,chembl,Ki,487.0,nM,=,CHEMBL269,"Displacement of [3H]Ile5,6-deltorphin-2 from DOR in Wistar rat brain membranes after 60 mins by liquid scintillation ana"
cid:5284603,5284603,Oxycodone,Substituted_morphinans,chembl,Ki,325.0,nM,=,CHEMBL3952,Displacement of [3H]HS-665 from KOR in guinea pig brain membranes after 60 mins by liquid scintillation analysis
cid:5284603,5284603,Oxycodone,Substituted_morphinans,chembl,Ki,10000.0,nM,>,CHEMBL2111385,"Displacement of [3H]WIN-55,212-2 from CB1R/CB2R in Wistar rat brain membranes after 60 mins by liquid scintillation anal"
cid:5284603,5284603,Oxycodone,Substituted_morphinans,chembl,Ki,10000.0,nM,>,CHEMBL287,Displacement of 3H](+)-pentazocine from human sigma1 receptor expressed in HEK293 cell membranes incubated for 120 mins 
cid:5284603,5284603,Oxycodone,Substituted_morphinans,chembl,EC50,16000.0,nM,=,CHEMBL4329,Agonist activity at mouse KOR assessed as inhibition of forskolin-stimulated cAMP accumulation after 30 mins by cell bas
cid:5284603,5284603,Oxycodone,Substituted_morphinans,chembl,EC50,16000.0,nM,=,CHEMBL237,Agonist activity at human KOR assessed as inhibition of forskolin-stimulated cAMP accumulation after 30 mins by cell bas
cid:5284603,5284603,Oxycodone,Substituted_morphinans,chembl,EC50,4000.0,nM,=,CHEMBL236,Agonist activity at human DOR assessed as inhibition of forskolin-stimulated cAMP accumulation after 30 mins by cell bas
cid:5284603,5284603,Oxycodone,Substituted_morphinans,chembl,EC50,500.0,nM,=,CHEMBL233,Agonist activity at human MOR assessed as inhibition of forskolin-stimulated cAMP accumulation after 30 mins by cell bas
cid:5284603,5284603,Oxycodone,Substituted_morphinans,chembl,EC50,160.0,nM,=,CHEMBL2858,Agonist activity at mouse MOR assessed as inhibition of forskolin-stimulated cAMP accumulation after 30 mins by cell bas
cid:5284603,5284603,Oxycodone,Substituted_morphinans,chembl,EC50,478.0,nM,=,CHEMBL233,"HiRange Homogenous Time-Resolved Fluorescence (HTRF) Assay: Briefly, suspensions of cells expressing either the mu, kapp"
cid:5284603,5284603,Oxycodone,Substituted_morphinans,chembl,EC50,17.0,nM,=,CHEMBL233,Agonist activity at human MOR expressed in CHOK1 cells assessed as stimulation of cAMP accumulation incubated for 45 min
cid:5284603,5284603,Oxycodone,Substituted_morphinans,chembl,EC50,51.0,nM,=,CHEMBL612545,Agonist activity at MOR/CB1R/CB2R receptor in Wistar rat brain membranes after 60 mins by [35S]-GTPgammaS binding assay
cid:5284603,5284603,Oxycodone,Substituted_morphinans,chembl,EC50,25.0,nM,=,CHEMBL270,Agonist activity at MOR in Wistar rat brain membranes after 60 mins by [35S]-GTPgammaS binding assay
cid:5284603,5284603,Oxycodone,Substituted_morphinans,chembl,EC50,17.0,nM,=,CHEMBL233,Agonist activity at human MOR expressed in CHOK1 cells assessed as stimulation of cAMP accumulation incubated for 45 min
cid:5284603,5284603,Oxycodone,Substituted_morphinans,chembl,EC50,17.0,nM,=,CHEMBL233,Agonist activity at human MOR expressed in CHO-K1 cells assessed as reduction in forskolin-induced cAMP production incub
cid:5284604,5284604,Oxymorphone,Substituted_morphinans,chembl,IC50,90.0,nM,=,CHEMBL2095181,Inhibition of total opioid receptor by displacing 0.5 nM [3H]bremazocine in guinea pig brain membrane
cid:5284604,5284604,Oxymorphone,Substituted_morphinans,chembl,IC50,1.4,nM,=,CHEMBL4354,Inhibition of opioid receptor mu by displacing 1 nM [3H]DAGO in guinea pig brain membrane
cid:5284604,5284604,Oxymorphone,Substituted_morphinans,chembl,IC50,630.0,nM,=,CHEMBL3952,Inhibition of opioid receptor kappa by displacing 0.5 nM [3H]bremazocine in guinea pig brain membrane
cid:5284604,5284604,Oxymorphone,Substituted_morphinans,chembl,IC50,45.0,nM,=,CHEMBL236,Inhibition of Opioid receptor delta 1 by displacing 1 nM [3H]DPDPE in guinea pig brain membrane
cid:5284604,5284604,Oxymorphone,Substituted_morphinans,chembl,IC50,24.0,nM,=,CHEMBL369,Agonist activity in the guinea pig ileum longitudinal muscle myenteric plexus.
cid:5284604,5284604,Oxymorphone,Substituted_morphinans,chembl,IC50,77.0,nM,=,CHEMBL375,Agonist activity in the mouse vas deferens.
cid:5284604,5284604,Oxymorphone,Substituted_morphinans,chembl,IC50,0.013,nM,=,CHEMBL2094129,Concentration for 50% inhibition of [3H]naloxone (1 M) binding to opioid receptor in rat brain membrane was determined i
cid:5284604,5284604,Oxymorphone,Substituted_morphinans,chembl,IC50,0.15,nM,=,CHEMBL2094129,Concentration for 50% inhibition of [3H]naloxone (1 M) binding to opioid receptor in rat brain membrane was determined i
cid:5284604,5284604,Oxymorphone,Substituted_morphinans,chembl,IC50,250000.0,nM,=,CHEMBL5685,Inhibition of human OCT1 expressed in HEK293 cells assessed as reduction in ASP+ substrate uptake by microplate reader b
cid:5284604,5284604,Oxymorphone,Substituted_morphinans,chembl,Ki,0.78,nM,=,CHEMBL4354,Inhibitory binding constant in guinea pig brain homogenate was reported at mu site at a temperature 25 degree Centigrade
cid:5284604,5284604,Oxymorphone,Substituted_morphinans,chembl,Ki,50.0,nM,=,CHEMBL236,Inhibitory binding constant in guinea pig brain homogenate was reported at Opioid receptor delta 1 at a a temperature 25
cid:5284604,5284604,Oxymorphone,Substituted_morphinans,chembl,Ki,137.0,nM,=,CHEMBL3952,Inhibitory binding constant in guinea pig brain homogenate was reported at Opioid receptor kappa 1 at temperature 25 deg
cid:5284604,5284604,Oxymorphone,Substituted_morphinans,chembl,Ki,17.4,nM,=,CHEMBL270,Displacement of [3H]- diprenorphine from mu-receptor expressed in HEK 293 cells
cid:5284604,5284604,Oxymorphone,Substituted_morphinans,chembl,Ki,23.1,nM,=,CHEMBL270,Displacement of [3H]- diprenorphine from mu-W318A-receptor expressed in HEK 293
cid:5284604,5284604,Oxymorphone,Substituted_morphinans,chembl,Ki,26.2,nM,=,CHEMBL270,Displacement of [3H]- diprenorphine from mu-K303E-receptor expressed in HEK 293
cid:5284604,5284604,Oxymorphone,Substituted_morphinans,chembl,Ki,730.0,nM,=,CHEMBL3222,Displacement of [3H]- diprenorphine from delta-receptor expressed in HEK 293 cells
cid:5284604,5284604,Oxymorphone,Substituted_morphinans,chembl,Ki,610.0,nM,=,CHEMBL3222,Displacement of [3H]- diprenorphine from delta-W284E-receptor expressed in HEK 293 cells
cid:5284604,5284604,Oxymorphone,Substituted_morphinans,chembl,Ki,208.0,nM,=,CHEMBL3614,Displacement of [3H]diprenorphine from opioid receptor kappa 1 expressed in HEK 293 cells
cid:5284604,5284604,Oxymorphone,Substituted_morphinans,chembl,Ki,435.0,nM,=,CHEMBL3614,Displacement of [3H]diprenorphine from k-Y312A-receptor expressed in HEK 293 cells
cid:5284604,5284604,Oxymorphone,Substituted_morphinans,chembl,Ki,95.0,nM,=,CHEMBL3614,Displacement of [3H]diprenorphine from k-E297A-receptor expressed in HEK 293 cells
cid:5284604,5284604,Oxymorphone,Substituted_morphinans,chembl,Ki,15.0,nM,=,CHEMBL4354,Binding affinity against Opioid receptor mu 1 of guinea pig brain membranes using 0.5 nM of [3H]naloxone as radioligand
cid:5284604,5284604,Oxymorphone,Substituted_morphinans,chembl,Ki,725.0,nM,=,CHEMBL3952,Binding affinity against Opioid receptor kappa 1 of guinea pig brain membranes using 1 nM of (-)-[3H]ethylketazocine as 
cid:5284604,5284604,Oxymorphone,Substituted_morphinans,chembl,Ki,145.0,nM,=,CHEMBL236,Binding affinity against Opioid receptor delta 1 of guinea pig brain membranes using 1 nM of [3H]DADLE as radioligand
cid:5284604,5284604,Oxymorphone,Substituted_morphinans,chembl,Ki,0.97,nM,=,CHEMBL270,Inhibition of [3H]DAMGO binding to opioid receptor mu from rat brain membranes
cid:5284604,5284604,Oxymorphone,Substituted_morphinans,chembl,EC50,1.0,nM,=,CHEMBL2094129,Binding affinity to rat brain opioid receptor
cid:5284604,5284604,Oxymorphone,Substituted_morphinans,chembl,EC50,7.8,nM,=,CHEMBL233,Agonist activity at recombinant human MOR expressed in CHO cell membranes after 60 mins by [35S]GTPgammaS binding assay
cid:31721,31721,PMA,"Amphetamine, Substituted_amphetamines",chembl,IC50,300.0,nM,=,CHEMBL3358,Inhibitory concentration against monoamine oxidase A in rat brain mitochondrial suspension
cid:31721,31721,PMA,"Amphetamine, Substituted_amphetamines",chembl,IC50,173.0,nM,=,CHEMBL313,Inhibition of [3H]5-HT reuptake at rat SERT expressed in HEK293 cells after 2 mins by liquid scintillation counting
cid:31721,31721,PMA,"Amphetamine, Substituted_amphetamines",chembl,IC50,2691534.8,nM,=,CHEMBL612545,Inhibition of PNMT in rabbit adrenal gland using norepinephrine as substrate
cid:31721,31721,PMA,"Amphetamine, Substituted_amphetamines",chembl,IC50,20000.0,nM,>,CHEMBL4303835,Antiviral activity determined as inhibition of SARS-CoV-2 induced cytotoxicity of VERO-6 cells at 10 uM after 48 hours e
cid:31721,31721,PMA,"Amphetamine, Substituted_amphetamines",chembl,IC50,19952.62,nM,>,CHEMBL4303835,Antiviral activity determined as inhibition of SARS-CoV-2 induced cytotoxicity of VERO-6 cells at 10 uM after 48 hours e
cid:31721,31721,PMA,"Amphetamine, Substituted_amphetamines",chembl,Ki,79400.0,nM,=,CHEMBL2095159,Evaluated for binding affinity towards rat cortical membranes at 5-hydroxytryptamine 1 receptor binding site by using [3
cid:31721,31721,PMA,"Amphetamine, Substituted_amphetamines",chembl,Ki,33600.0,nM,=,CHEMBL2093870,Binding affinity to rat cortical membranes at 5-hydroxytryptamine 2 (5-HT2) receptor using [3H]KET as a radioligand
cid:31721,31721,PMA,"Amphetamine, Substituted_amphetamines",chembl,Ki,250.0,nM,=,CHEMBL3358,Inhibition of MAOA in rat brain mitochondria
cid:31721,31721,PMA,"Amphetamine, Substituted_amphetamines",chembl,Ki,,,,CHEMBL2993,Inhibition of MAOB in rat brain mitochondria at 100 uM
cid:31721,31721,PMA,"Amphetamine, Substituted_amphetamines",chembl,EC50,457088.19,nM,=,CHEMBL614818,Cytotoxicity against human HEK293 cells after 48 hrs by neutral red assay
cid:31721,31721,PMA,"Amphetamine, Substituted_amphetamines",chembl,EC50,1071519.31,nM,=,CHEMBL228,Induction of human SERT-dependent cytotoxicity in SERT expressing HEK293 cells after 48 hrs by neutral red assay
cid:31721,31721,PMA,"Amphetamine, Substituted_amphetamines",chembl,EC50,32359.37,nM,=,CHEMBL228,Induction of human SERT-dependent cytotoxicity in SERT expressing human DG75 cells after 48 hrs by neutral red assay
cid:31721,31721,PMA,"Amphetamine, Substituted_amphetamines",chembl,EC50,10000000.0,nM,>,CHEMBL614910,Cytotoxicity against human SH-SY5Y cells after 48 hrs by neutral red assay
cid:31721,31721,PMA,"Amphetamine, Substituted_amphetamines",chembl,Kd,7079.46,nM,=,CHEMBL2094123,Affinity against 5-hydroxytryptamine receptors in rat fundus model
cid:31721,31721,PMA,"Amphetamine, Substituted_amphetamines",chembl,Kd,7079.46,nM,=,CHEMBL2094123,Binding affinity at rat 5-hydroxytryptamine receptor.
cid:31721,31721,PMA,"Amphetamine, Substituted_amphetamines",chembl,Kd,6918.31,nM,=,CHEMBL323,Affinity against 5-hydroxytryptamine 2B receptor in the isolated rat stomach fundus
cid:4737,4737,Pentobarbital,Barbiturates,chembl,IC50,1700.0,nM,=,CHEMBL1907607,Ability to allosterically modulate the binding of [35S]TBPS to gamma-aminobutyric-acid A receptor in rat brain cortical 
cid:4737,4737,Pentobarbital,Barbiturates,chembl,IC50,40000.0,nM,=,CHEMBL1907607,Inhibition of [35S]TBPS binding to GABA-A receptor in rat cerebral cortex.
cid:4737,4737,Pentobarbital,Barbiturates,chembl,IC50,22800000.0,nM,=,CHEMBL240,Inhibitory concentration against IKr potassium channel
cid:4737,4737,Pentobarbital,Barbiturates,chembl,IC50,131825.67,nM,=,CHEMBL240,Inhibition of human ERG
cid:4737,4737,Pentobarbital,Barbiturates,chembl,IC50,1000000.0,nM,=,CHEMBL1962,Displacement of [3H]R-(-)-14 from human FLAG-tagged alpha1 GABA A receptor expressed in HEK293S cells
cid:4737,4737,Pentobarbital,Barbiturates,chembl,IC50,88000.0,nM,=,CHEMBL1847,Displacement of [3H]R-(-)-14 from human FLAG-tagged beta3 GABA A receptor expressed in HEK293S cells
cid:4737,4737,Pentobarbital,Barbiturates,chembl,IC50,299000.0,nM,=,CHEMBL2095229,"Inhibition of Cav1.2 current measured using PatchXpress automatic path clamp system in CHO cells expressing Cav1.2, beta"
cid:4737,4737,Pentobarbital,Barbiturates,chembl,IC50,20000.0,nM,>,CHEMBL4303835,Antiviral activity determined as inhibition of SARS-CoV-2 induced cytotoxicity of VERO-6 cells at 10 uM after 48 hours e
cid:4737,4737,Pentobarbital,Barbiturates,chembl,IC50,19952.62,nM,>,CHEMBL4303835,Antiviral activity determined as inhibition of SARS-CoV-2 induced cytotoxicity of VERO-6 cells at 10 uM after 48 hours e
cid:4737,4737,Pentobarbital,Barbiturates,chembl,EC50,50000.0,nM,=,CHEMBL2111413,Effective concentration against GABA-evoked chloride currents mediated by human Gamma-aminobutyric acid GABA-A receptor 
cid:4737,4737,Pentobarbital,Barbiturates,chembl,EC50,65000.0,nM,=,CHEMBL613478,Anesthetic activity in Xenopus laevis tadpoles assessed as loss of of righting reflexes
cid:1001,1001,Phenethylamine (compound),supplement,chembl,IC50,4410.0,nM,=,CHEMBL5282,Inhibitory concentration against human cytochrome P450 2A6
cid:1001,1001,Phenethylamine (compound),supplement,chembl,IC50,3000.0,nM,=,CHEMBL4085,Inhibitory concentration against mouse cytochrome P450 2A5
cid:1001,1001,Phenethylamine (compound),supplement,chembl,IC50,10900000.0,nM,=,CHEMBL612545,Inhibition of Phe-tRNA synthetase in rel+ Escherichia coli B assessed as growth inhibition
cid:1001,1001,Phenethylamine (compound),supplement,chembl,IC50,60100.0,nM,=,CHEMBL3714029,Inhibition of full length recombinant human LOXL2 expressed in CHO cells assessed as reduction in H2O2 production using 
cid:1001,1001,Phenethylamine (compound),supplement,chembl,Ki,16800.0,nM,=,CHEMBL224,Binding affinity was performed using [3H]ketanserin as the radioligand and stably transfected NIH3T3 cells expressing th
cid:1001,1001,Phenethylamine (compound),supplement,chembl,Ki,854000.0,nM,=,CHEMBL2331,In vitro inhibitory activity against bovine phenylethanolamine N-methyl-transferase
cid:1001,1001,Phenethylamine (compound),supplement,chembl,Ki,16820.0,nM,=,CHEMBL322,Binding affinity against 5-hydroxytryptamine 2A receptor expressed NIH3T3 cells using [3H]ketanserin
cid:1001,1001,Phenethylamine (compound),supplement,chembl,Ki,467000.0,nM,=,CHEMBL2331,Inhibitory activity against Norepinephrine N-methyl-transferase of bovine adrenal glands
cid:1001,1001,Phenethylamine (compound),supplement,chembl,Ki,11000.0,nM,=,CHEMBL3769,Binding affinity against bovine trypsin
cid:1001,1001,Phenethylamine (compound),supplement,chembl,Ki,220000.0,nM,=,CHEMBL2331,Inhibition of bovine PNMT by radiochemical assay
cid:1001,1001,Phenethylamine (compound),supplement,chembl,Ki,4000.0,nM,=,CHEMBL612545,Displacement of [3H]clonidine from adrenergic alpha-1 receptor in Sprague-Dawley rat cortex
cid:1001,1001,Phenethylamine (compound),supplement,chembl,Ki,16800.0,nM,=,CHEMBL224,Displacement of [3H]ketanserin from 5HT2A receptor expressed in NIH3T3 cells
cid:1001,1001,Phenethylamine (compound),supplement,chembl,Ki,753000.0,nM,=,CHEMBL1907608,Displacement of [3H]MK801 from NMDA receptor in rat brain neuronal membrane
cid:1001,1001,Phenethylamine (compound),supplement,chembl,Ki,93000.0,nM,=,CHEMBL612545,Inhibition of rel+ Escherichia coli B Phe-tRNA synthetase using L-[3H]-phenylalanine as substrate by scintillation count
cid:1001,1001,Phenethylamine (compound),supplement,chembl,Ki,10000.0,nM,>,CHEMBL322,Displacement of [3H]ketanserin from rat 5HT2A expressed in mouse NIH/3T3 cell membranes after 30 mins by scintillation c
cid:1001,1001,Phenethylamine (compound),supplement,chembl,EC50,129.0,nM,=,CHEMBL5857,Agonist activity at human trace amine associated receptor 1 expressed in RD-HGA16 CHO-K1 cells coexpressed with Galpha16
cid:1001,1001,Phenethylamine (compound),supplement,chembl,EC50,209.0,nM,=,CHEMBL3833,Activation of rat TAAR1 expressed in Syrian hamster AV12-664 cells assessed as accumulation of cAMP after 30 mins using 
cid:1001,1001,Phenethylamine (compound),supplement,chembl,EC50,106.0,nM,=,CHEMBL5857,Activation of human TAAR1 expressed in Syrian hamster AV12-664 cells co-expressing GalphaS protein assessed as accumulat
cid:1001,1001,Phenethylamine (compound),supplement,chembl,EC50,58.6,nM,=,CHEMBL4908,Activation of mouse TAAR1 transmembrane domain 7 Tyr287(7.39)Asn mutant expressed in HEK293 cells assessed as stimulatio
cid:1001,1001,Phenethylamine (compound),supplement,chembl,EC50,170.6,nM,=,CHEMBL3833,Activation of rat TAAR1 transmembrane domain 7 Asn287(7.39)Tyr mutant expressed in HEK293 cells assessed as stimulation 
cid:1001,1001,Phenethylamine (compound),supplement,chembl,EC50,47.3,nM,=,CHEMBL4908,Activation of mouse TAAR1 transmembrane domain 6 Thr268(6.55)Met mutant expressed in HEK293 cells assessed as stimulatio
cid:1001,1001,Phenethylamine (compound),supplement,chembl,EC50,261.2,nM,=,CHEMBL3833,Activation of rat TAAR1 transmembrane domain 6 Met268(6.55)Thr mutant expressed in HEK293 cells assessed as stimulation 
cid:1001,1001,Phenethylamine (compound),supplement,chembl,EC50,189.0,nM,=,CHEMBL4908,Activation of mouse wild type TAAR1 expressed in HEK293 cells assessed as stimulation of cAMP production after 1 hr by c
cid:1001,1001,Phenethylamine (compound),supplement,chembl,EC50,40.33,nM,=,CHEMBL3833,Activation of rat wild type TAAR1 expressed in HEK293 cells assessed as stimulation of cAMP production after 1 hr by che
cid:1001,1001,Phenethylamine (compound),supplement,chembl,EC50,138.0,nM,=,CHEMBL4908,Agonist activity at mouse TAAR1 expressed in HEK293 cells coexpressing cAMP BRET biosensor assessed as induction of CAMP
cid:1001,1001,Phenethylamine (compound),supplement,chembl,EC50,110.0,nM,=,CHEMBL5857,Agonist activity at human TAAR1 receptor expressed in HEK293T cells cotransfected with beta-2 receptor assessed as cAMP 
cid:1001,1001,Phenethylamine (compound),supplement,chembl,EC50,240.0,nM,=,CHEMBL3833,Agonist activity at rat N-terminal FLAG-tagged TAAR1 expressed in HEK293 cells assessed as [3H]cAMP accumulation measure
cid:1001,1001,Phenethylamine (compound),supplement,chembl,EC50,130.0,nM,=,CHEMBL5857,Agonist activity at human TAAR1 expressed in HEK293 cells assessed as cAMP accumulation after 20 mins by BRET assay
cid:1001,1001,Phenethylamine (compound),supplement,chembl,EC50,120.0,nM,=,CHEMBL4908,Agonist activity at mouse TAAR1 expressed in HEK293 cells assessed as cAMP accumulation after 20 mins by BRET assay
cid:1001,1001,Phenethylamine (compound),supplement,chembl,EC50,138.0,nM,=,CHEMBL4908,Agonist activity at mouse TAAR1 expressed in HEK293T cells assessed as induction of cAMP production by BRET assay
cid:1001,1001,Phenethylamine (compound),supplement,chembl,Kd,5495.41,nM,=,CHEMBL2094123,Affinity against 5-hydroxytryptamine receptors in rat fundus model
cid:1001,1001,Phenethylamine (compound),supplement,chembl,Kd,5495.41,nM,=,CHEMBL2094123,Affinity for 5-hydroxytryptamine receptor was determined using male Dawley rat fundus preparation
cid:14113,14113,Phenibut,Gabapentinoids,chembl,IC50,20000.0,nM,>,CHEMBL4303835,Antiviral activity determined as inhibition of SARS-CoV-2 induced cytotoxicity of VERO-6 cells at 10 uM after 48 hours e
cid:14113,14113,Phenibut,Gabapentinoids,chembl,IC50,19952.62,nM,>,CHEMBL4303835,Antiviral activity determined as inhibition of SARS-CoV-2 induced cytotoxicity of VERO-6 cells at 10 uM after 48 hours e
cid:14113,14113,Phenibut,Gabapentinoids,chembl,Ki,177000.0,nM,=,CHEMBL2111463,Displacement of [3H]CGP54626 from GABA-B receptor (unknown origin) by radioligand binding assay
cid:4763,4763,Phenobarbital,Barbiturates,chembl,IC50,10000.0,nM,>,CHEMBL2096682,Inhibition of [3H]BTX binding to guinea pig voltage-dependent sodium channel
cid:4763,4763,Phenobarbital,Barbiturates,chembl,IC50,2500.0,nM,=,CHEMBL2095171,Inhibition of [3H]BTX-B binding to neurotoxin site 2 of sodium channel of rat cerebral cortex synaptoneurosomes
cid:4763,4763,Phenobarbital,Barbiturates,chembl,IC50,3000000.0,nM,=,CHEMBL240,Inhibitory concentration against IKr potassium channel
cid:4763,4763,Phenobarbital,Barbiturates,chembl,IC50,3019951.72,nM,=,CHEMBL240,Inhibition of human ERG channel in HEK293 cells by voltage-clamp method
cid:4763,4763,Phenobarbital,Barbiturates,chembl,IC50,3019951.72,nM,=,CHEMBL240,Inhibition of human ERG
cid:4763,4763,Phenobarbital,Barbiturates,chembl,IC50,,,,CHEMBL220,DRUGMATRIX: Acetylcholinesterase enzyme inhibition (substrate: acetylthiocholine)
cid:4763,4763,Phenobarbital,Barbiturates,chembl,IC50,,,,CHEMBL226,DRUGMATRIX: Adenosine A1 radioligand binding (ligand: DPCPX)
cid:4763,4763,Phenobarbital,Barbiturates,chembl,IC50,,,,CHEMBL251,DRUGMATRIX: Adenosine A2A radioligand binding (ligand: AB-MECA)
cid:4763,4763,Phenobarbital,Barbiturates,chembl,IC50,,,,CHEMBL256,DRUGMATRIX: Adenosine A3 radioligand binding (ligand: AB-MECA)
cid:4763,4763,Phenobarbital,Barbiturates,chembl,IC50,,,,CHEMBL612545,DRUGMATRIX: Sodium/nucleoside co-transporter radioligand binding (ligand: nitrobenzylthioinosine)
cid:4763,4763,Phenobarbital,Barbiturates,chembl,IC50,,,,CHEMBL319,DRUGMATRIX: Alpha-1A adrenergic receptor radioligand binding (ligand: prazosin)
cid:4763,4763,Phenobarbital,Barbiturates,chembl,IC50,,,,CHEMBL315,DRUGMATRIX: Alpha-1B adrenergic receptor radioligand binding (ligand: prazosin)
cid:4763,4763,Phenobarbital,Barbiturates,chembl,IC50,,,,CHEMBL223,DRUGMATRIX: Alpha-1D adrenergic receptor radioligand binding (ligand: prazosin)
cid:4763,4763,Phenobarbital,Barbiturates,chembl,IC50,,,,CHEMBL1867,DRUGMATRIX: Alpha-2A adrenergic receptor radioligand binding (ligand: MK-912)
cid:4763,4763,Phenobarbital,Barbiturates,chembl,IC50,,,,CHEMBL1942,DRUGMATRIX: Alpha-2B adrenergic receptor radioligand binding (ligand: Rauwolscine)
cid:4763,4763,Phenobarbital,Barbiturates,chembl,Ki,,,,CHEMBL220,DRUGMATRIX: Acetylcholinesterase enzyme inhibition (substrate: acetylthiocholine)
cid:4763,4763,Phenobarbital,Barbiturates,chembl,Ki,,,,CHEMBL226,DRUGMATRIX: Adenosine A1 radioligand binding (ligand: DPCPX)
cid:4763,4763,Phenobarbital,Barbiturates,chembl,Ki,,,,CHEMBL251,DRUGMATRIX: Adenosine A2A radioligand binding (ligand: AB-MECA)
cid:4763,4763,Phenobarbital,Barbiturates,chembl,Ki,,,,CHEMBL256,DRUGMATRIX: Adenosine A3 radioligand binding (ligand: AB-MECA)
cid:4763,4763,Phenobarbital,Barbiturates,chembl,Ki,,,,CHEMBL612545,DRUGMATRIX: Sodium/nucleoside co-transporter radioligand binding (ligand: nitrobenzylthioinosine)
cid:4763,4763,Phenobarbital,Barbiturates,chembl,Ki,,,,CHEMBL319,DRUGMATRIX: Alpha-1A adrenergic receptor radioligand binding (ligand: prazosin)
cid:4763,4763,Phenobarbital,Barbiturates,chembl,Ki,,,,CHEMBL315,DRUGMATRIX: Alpha-1B adrenergic receptor radioligand binding (ligand: prazosin)
cid:4763,4763,Phenobarbital,Barbiturates,chembl,Ki,,,,CHEMBL223,DRUGMATRIX: Alpha-1D adrenergic receptor radioligand binding (ligand: prazosin)
cid:4763,4763,Phenobarbital,Barbiturates,chembl,Ki,,,,CHEMBL1867,DRUGMATRIX: Alpha-2A adrenergic receptor radioligand binding (ligand: MK-912)
cid:4763,4763,Phenobarbital,Barbiturates,chembl,Ki,,,,CHEMBL1942,DRUGMATRIX: Alpha-2B adrenergic receptor radioligand binding (ligand: Rauwolscine)
cid:4763,4763,Phenobarbital,Barbiturates,chembl,Ki,,,,CHEMBL1916,DRUGMATRIX: Adrenergic Alpha-2C radioligand binding (ligand: [3H] MK-912)
cid:4763,4763,Phenobarbital,Barbiturates,chembl,Ki,,,,CHEMBL213,DRUGMATRIX: Adrenergic beta1 radioligand binding (ligand: [125I] Cyanopindolol)
cid:4763,4763,Phenobarbital,Barbiturates,chembl,Ki,,,,CHEMBL210,DRUGMATRIX: Adrenergic beta2 radioligand binding (ligand: [3H] CGP-12177)
cid:4763,4763,Phenobarbital,Barbiturates,chembl,Ki,,,,CHEMBL246,DRUGMATRIX: Adrenergic beta3 radioligand binding (ligand: [125I] Cyanopindolol)
cid:4763,4763,Phenobarbital,Barbiturates,chembl,Ki,,,,CHEMBL222,DRUGMATRIX: Norepinephrine Transporter radioligand binding (ligand: [125I] RTI-55)
cid:4763,4763,Phenobarbital,Barbiturates,chembl,EC50,22.0,mg kg-1,=,CHEMBL375,Antiepileptic (anticonvulsant) activity in mice through maximal electroshock seizure (MES) assay
cid:132441,132441,Phenylpiracetam,Racetams,chembl,IC50,20000.0,nM,>,CHEMBL4303835,Antiviral activity determined as inhibition of SARS-CoV-2 induced cytotoxicity of VERO-6 cells at 10 uM after 48 hours e
cid:132441,132441,Phenylpiracetam,Racetams,chembl,IC50,19952.62,nM,>,CHEMBL4303835,Antiviral activity determined as inhibition of SARS-CoV-2 induced cytotoxicity of VERO-6 cells at 10 uM after 48 hours e
cid:51712,51712,Pramiracetam,Racetams,chembl,IC50,20000.0,nM,>,CHEMBL4303835,Antiviral activity determined as inhibition of SARS-CoV-2 induced cytotoxicity of VERO-6 cells at 10 uM after 48 hours e
cid:51712,51712,Pramiracetam,Racetams,chembl,IC50,19952.62,nM,>,CHEMBL4303835,Antiviral activity determined as inhibition of SARS-CoV-2 induced cytotoxicity of VERO-6 cells at 10 uM after 48 hours e
cid:5994,5994,Progesterone,Steroid,chembl,IC50,27400.0,nM,=,CHEMBL3879801,Growth inhibitory activity on MDA-435/LCC6 (Pgp-positive) human breast cancer cells.
cid:5994,5994,Progesterone,Steroid,chembl,IC50,36400.0,nM,=,CHEMBL3879801,Growth inhibitory activity on MDA-435/LCC6-MDRI (Pgp-negative) human breast cancer cells.
cid:5994,5994,Progesterone,Steroid,chembl,IC50,37.0,nM,=,CHEMBL1871,Inhibition of human androgen receptor at 10e-12 to 10e-5 M
cid:5994,5994,Progesterone,Steroid,chembl,IC50,1000.0,nM,>,CHEMBL2034,Inhibition of human glucocorticoid receptor at 10e-12 to 10e-5 M
cid:5994,5994,Progesterone,Steroid,chembl,IC50,14.0,nM,=,CHEMBL1994,Inhibitory activity against human Mineralocorticoid receptor
cid:5994,5994,Progesterone,Steroid,chembl,IC50,,nM,,CHEMBL2093866,Inhibition of binding to human estrogen receptor; No data
cid:5994,5994,Progesterone,Steroid,chembl,IC50,2600.0,nM,=,CHEMBL2096664,Inhibition of Testosterone-5 alpha-reductase activity at pH 7.4 from rat
cid:5994,5994,Progesterone,Steroid,chembl,IC50,1600.0,nM,=,CHEMBL2096664,Inhibition of rat testosterone-5 alpha-reductase activity at pH 6.6 from rat
cid:5994,5994,Progesterone,Steroid,chembl,IC50,37.0,nM,=,CHEMBL3056,Inhibitory activity against Androgen receptor
cid:5994,5994,Progesterone,Steroid,chembl,IC50,1000.0,nM,>,CHEMBL2034,Inhibitory activity against GR (glucocorticoid receptor)
cid:5994,5994,Progesterone,Steroid,chembl,IC50,,nM,,CHEMBL208,Antagonist activity against human progesterone receptor (hPR) expressed in CV-1 cells; NA=not active
cid:5994,5994,Progesterone,Steroid,chembl,IC50,,nM,,CHEMBL208,Antagonist activity against human progesterone receptor (hPR) in T47D human breast cancer cell line; NA=not active
cid:5994,5994,Progesterone,Steroid,chembl,IC50,,nM,,CHEMBL208,Inhibitory concentration for antagonistic activity towards human progesterone receptor (hPR) using the cotransfection as
cid:5994,5994,Progesterone,Steroid,chembl,IC50,37.0,nM,=,CHEMBL1871,Antagonist activity against Androgen receptor
cid:5994,5994,Progesterone,Steroid,chembl,IC50,1000.0,nM,>,CHEMBL2034,Antagonist activity at glucocorticoid (hGR) receptor; not active
cid:5994,5994,Progesterone,Steroid,chembl,Ki,3.5,nM,=,CHEMBL208,Binding affinity towards human progesterone receptor A isoform using progesterone as radioligand
cid:5994,5994,Progesterone,Steroid,chembl,Ki,8.5,nM,=,CHEMBL1871,Displacement of DHT from human androgen receptor expressed in baculovirus SF-12 cells
cid:5994,5994,Progesterone,Steroid,chembl,Ki,30.5,nM,=,CHEMBL2034,Displacement of Dexamethasone from human glucocorticoid receptor expressed in baculovirus SF-12 cells
cid:5994,5994,Progesterone,Steroid,chembl,Ki,36000.0,nM,=,CHEMBL613294,Binding affinity against Monoclonal antibody mAB-1B3 using [3H]digoxin as radioligand
cid:5994,5994,Progesterone,Steroid,chembl,Ki,,nM,,CHEMBL613294,Binding affinity against Monoclonal antibody mAB-1B3 using [3H]digitoxin as radioligand
cid:5994,5994,Progesterone,Steroid,chembl,Ki,3.5,nM,=,CHEMBL208,Binding affinity against baculovirus expressed human Progesterone receptor
cid:5994,5994,Progesterone,Steroid,chembl,Ki,8.5,nM,=,CHEMBL1871,Binding affinity against baculovirus expressed human androgen receptor (hAR)
cid:5994,5994,Progesterone,Steroid,chembl,Ki,30.5,nM,=,CHEMBL2034,Binding affinity against baculovirus expressed human glucocorticoid receptor (hGR)
cid:5994,5994,Progesterone,Steroid,chembl,Ki,3.5,nM,=,CHEMBL208,Binding affinity against human progesterone receptor (hPR) in a competitive binding assay
cid:5994,5994,Progesterone,Steroid,chembl,Ki,3.5,nM,=,CHEMBL208,Binding affinity to human progesterone receptor
cid:5994,5994,Progesterone,Steroid,chembl,Ki,5500.0,nM,=,CHEMBL3397,Binding affinity towards cytochrome P450 2C9
cid:5994,5994,Progesterone,Steroid,chembl,Ki,3.5,nM,=,CHEMBL208,Binding affinity determined for human Progesterone receptor A isoform
cid:5994,5994,Progesterone,Steroid,chembl,Ki,30.5,nM,=,CHEMBL2034,Binding affinity was determined for human glucocorticoid receptor(hGR).
cid:5994,5994,Progesterone,Steroid,chembl,Ki,8.5,nM,=,CHEMBL1871,Binding affinity for human Androgen receptor
cid:5994,5994,Progesterone,Steroid,chembl,Ki,10000.0,nM,>,CHEMBL2093866,Binding affinity for human estrogen receptor
cid:5994,5994,Progesterone,Steroid,chembl,EC50,18700.0,nM,=,CHEMBL614788,Concentration that reduces difference in reversal of [3H]VBL accumulation between MDA-435/LCC6 and MDA-435/LCC6-MDRI cel
cid:5994,5994,Progesterone,Steroid,chembl,EC50,21000.0,nM,=,CHEMBL612545,Effect on reversal of [3H]- VBL accumulation in MDA-435/LCC6 (Pgp-negative) cells.
cid:5994,5994,Progesterone,Steroid,chembl,EC50,22300.0,nM,=,CHEMBL614788,Concentration that reduces the difference in reversal of DOX accumulation between MDA-435/LCC6 and MDA-435/LCC6-MDRI cel
cid:5994,5994,Progesterone,Steroid,chembl,EC50,42200.0,nM,=,CHEMBL612545,Effect on reversal of DOX accumulation in MDA-435/LCC6 (Pgp-negative) cells.
cid:5994,5994,Progesterone,Steroid,chembl,EC50,2.9,nM,=,CHEMBL208,Agonistic activity against human progesterone receptor in CV-1 cells
cid:5994,5994,Progesterone,Steroid,chembl,EC50,1.8,nM,=,CHEMBL208,Agonistic activity against human progesterone receptor in T47D breast cancer cells
cid:5994,5994,Progesterone,Steroid,chembl,EC50,2.9,nM,=,CHEMBL208,Compound was tested for agonistic activity by cotransfection assay against human Progesterone receptor in CV-1 cells
cid:5994,5994,Progesterone,Steroid,chembl,EC50,1.8,nM,=,CHEMBL208,Agonistic activity by cotransfection assay against human Progesterone receptor in T47D cells
cid:5994,5994,Progesterone,Steroid,chembl,EC50,0.9,nM,=,CHEMBL208,Effective concentration on alkaline phosphatase activity in human T47D breast carcinoma cell line.
cid:5994,5994,Progesterone,Steroid,chembl,EC50,0.92,nM,=,CHEMBL208,Effective concentration against PR (progesterone receptor)
cid:5994,5994,Progesterone,Steroid,chembl,EC50,2.9,nM,=,CHEMBL208,Human progesterone receptor (hPR) agonist activity expressed in CV-1 cells
cid:5994,5994,Progesterone,Steroid,chembl,EC50,1.8,nM,=,CHEMBL208,Human progesterone receptor (hPR) agonist activity in T47D human breast cancer cell line
cid:5994,5994,Progesterone,Steroid,chembl,EC50,2.9,nM,=,CHEMBL208,Effective concentration for agonist activity towards human progesterone receptor (hPR) using the cotransfection assay in
cid:5994,5994,Progesterone,Steroid,chembl,EC50,0.92,nM,=,CHEMBL208,Agonistic activity against progesterone receptor in alkaline phosphatase assay using human T47D breast carcinoma cell li
cid:5994,5994,Progesterone,Steroid,chembl,EC50,2.9,nM,=,CHEMBL208,Agonist activity was determined against hPR (human progesterone receptor) compared to that of progesterone (100%)
cid:5994,5994,Progesterone,Steroid,chembl,Kd,3.9,nM,=,CHEMBL2094114,Equilibrium dissociation constant for rat uterine estrogen receptor binding [3H]estradiol
cid:5994,5994,Progesterone,Steroid,chembl,Kd,0.39,nM,=,CHEMBL1994,Affinity for recombinant Mineralocorticoid receptor
cid:5994,5994,Progesterone,Steroid,chembl,Kd,114.82,nM,=,CHEMBL3305,Displacement of [3H]5alpha dihydrotestosterone from human sex hormone binding globulin
cid:5994,5994,Progesterone,Steroid,chembl,Kd,239.0,nM,=,CHEMBL3602,Displacement of [3H]pentazocine from sigma-1 opioid receptor in rat liver membranes after 1 hr by liquid scintillation s
cid:5994,5994,Progesterone,Steroid,chembl,Kd,441.0,nM,=,CHEMBL612545,Displacement of [3H]ditolylguanidine from sigma-2 opioid receptor in rat liver membranes by liquid scintillation spectro
cid:4927,4927,Promethazine,Phenothiazine,chembl,IC50,6900.0,nM,=,CHEMBL2096682,Inhibition of binding of Batrachotoxinin [3H]BTX-B to high affinity sites on voltage dependent sodium channels in a vesi
cid:4927,4927,Promethazine,Phenothiazine,chembl,IC50,271000.0,nM,=,CHEMBL5131,Inhibitory activity against recombinant Trypanosoma cruzi (Trypanosoma cruzi) Trypanothione reductase
cid:4927,4927,Promethazine,Phenothiazine,chembl,IC50,,nM,,CHEMBL2755,Inhibitory activity against human erythrocyte glutathione reductase; '*' indicates No inhibition
cid:4927,4927,Promethazine,Phenothiazine,chembl,IC50,20000.0,nM,=,CHEMBL364,In vitro inhibitory activity against multidrug-resistant Plasmodium falciparum W2 Indochina
cid:4927,4927,Promethazine,Phenothiazine,chembl,IC50,400.0,nM,=,CHEMBL364,Concentration required to reduce chloroquine IC50 by 50%
cid:4927,4927,Promethazine,Phenothiazine,chembl,IC50,35100.0,nM,=,CHEMBL5685,Inhibition of 4-(4-(dimethylamino)styryl)-N-methylpyridinium uptake at human OCT1 expressed in HEK293 cells by confocal 
cid:4927,4927,Promethazine,Phenothiazine,chembl,IC50,20000.0,nM,=,CHEMBL364,Antimicrobial activity against Plasmodium falciparum
cid:4927,4927,Promethazine,Phenothiazine,chembl,IC50,17700.0,nM,=,CHEMBL1697658,Inhibition of Pdr5p-mediated rhodamine 6G transport in Saccharomyces cerevisiae MKPDR5h plasma membrane by spectrofluoro
cid:4927,4927,Promethazine,Phenothiazine,chembl,IC50,,,,CHEMBL220,DRUGMATRIX: Acetylcholinesterase enzyme inhibition (substrate: acetylthiocholine)
cid:4927,4927,Promethazine,Phenothiazine,chembl,IC50,,,,CHEMBL226,DRUGMATRIX: Adenosine A1 radioligand binding (ligand: DPCPX)
cid:4927,4927,Promethazine,Phenothiazine,chembl,IC50,,,,CHEMBL251,DRUGMATRIX: Adenosine A2A radioligand binding (ligand: AB-MECA)
cid:4927,4927,Promethazine,Phenothiazine,chembl,IC50,,,,CHEMBL256,DRUGMATRIX: Adenosine A3 radioligand binding (ligand: AB-MECA)
cid:4927,4927,Promethazine,Phenothiazine,chembl,IC50,,,,CHEMBL612545,DRUGMATRIX: Sodium/nucleoside co-transporter radioligand binding (ligand: nitrobenzylthioinosine)
cid:4927,4927,Promethazine,Phenothiazine,chembl,IC50,79.0,nM,=,CHEMBL319,DRUGMATRIX: Alpha-1A adrenergic receptor radioligand binding (ligand: prazosin)
cid:4927,4927,Promethazine,Phenothiazine,chembl,IC50,39.0,nM,=,CHEMBL315,DRUGMATRIX: Alpha-1B adrenergic receptor radioligand binding (ligand: prazosin)
cid:4927,4927,Promethazine,Phenothiazine,chembl,Ki,216000.0,nM,=,CHEMBL5131,Inhibitory activity against recombinant Trypanosoma cruzi (Trypanosoma cruzi) Trypanothione reductase (linear competitiv
cid:4927,4927,Promethazine,Phenothiazine,chembl,Ki,,,,CHEMBL220,DRUGMATRIX: Acetylcholinesterase enzyme inhibition (substrate: acetylthiocholine)
cid:4927,4927,Promethazine,Phenothiazine,chembl,Ki,,,,CHEMBL226,DRUGMATRIX: Adenosine A1 radioligand binding (ligand: DPCPX)
cid:4927,4927,Promethazine,Phenothiazine,chembl,Ki,,,,CHEMBL251,DRUGMATRIX: Adenosine A2A radioligand binding (ligand: AB-MECA)
cid:4927,4927,Promethazine,Phenothiazine,chembl,Ki,,,,CHEMBL256,DRUGMATRIX: Adenosine A3 radioligand binding (ligand: AB-MECA)
cid:4927,4927,Promethazine,Phenothiazine,chembl,Ki,,,,CHEMBL612545,DRUGMATRIX: Sodium/nucleoside co-transporter radioligand binding (ligand: nitrobenzylthioinosine)
cid:4927,4927,Promethazine,Phenothiazine,chembl,Ki,32.0,nM,=,CHEMBL319,DRUGMATRIX: Alpha-1A adrenergic receptor radioligand binding (ligand: prazosin)
cid:4927,4927,Promethazine,Phenothiazine,chembl,Ki,21.0,nM,=,CHEMBL315,DRUGMATRIX: Alpha-1B adrenergic receptor radioligand binding (ligand: prazosin)
cid:4927,4927,Promethazine,Phenothiazine,chembl,Ki,90.0,nM,=,CHEMBL223,DRUGMATRIX: Alpha-1D adrenergic receptor radioligand binding (ligand: prazosin)
cid:4927,4927,Promethazine,Phenothiazine,chembl,Ki,256.0,nM,=,CHEMBL1867,DRUGMATRIX: Alpha-2A adrenergic receptor radioligand binding (ligand: MK-912)
cid:4927,4927,Promethazine,Phenothiazine,chembl,Ki,24.0,nM,=,CHEMBL1942,DRUGMATRIX: Alpha-2B adrenergic receptor radioligand binding (ligand: Rauwolscine)
cid:4927,4927,Promethazine,Phenothiazine,chembl,Ki,353.0,nM,=,CHEMBL1916,DRUGMATRIX: Adrenergic Alpha-2C radioligand binding (ligand: [3H] MK-912)
cid:4927,4927,Promethazine,Phenothiazine,chembl,Ki,,,,CHEMBL213,DRUGMATRIX: Adrenergic beta1 radioligand binding (ligand: [125I] Cyanopindolol)
cid:4927,4927,Promethazine,Phenothiazine,chembl,Ki,,,,CHEMBL210,DRUGMATRIX: Adrenergic beta2 radioligand binding (ligand: [3H] CGP-12177)
cid:4927,4927,Promethazine,Phenothiazine,chembl,Ki,,,,CHEMBL246,DRUGMATRIX: Adrenergic beta3 radioligand binding (ligand: [125I] Cyanopindolol)
cid:4927,4927,Promethazine,Phenothiazine,chembl,EC50,8000.0,nM,=,CHEMBL4869,Half maximal inhibition of Prion protein PrPsc formation was assayed in ScN2a cells
cid:4927,4927,Promethazine,Phenothiazine,chembl,EC50,264.0,nM,=,CHEMBL614580,Inhibition of erastin-induced ferroptosis in human HT-1080 cells assessed as cell viability incubated for 48 hrs by MTT 
cid:4927,4927,Promethazine,Phenothiazine,chembl,Kd,50000.0,nM,=,CHEMBL6092,Binding affinity to bovine brain CaM by FTPFACE analysis
cid:4980,4980,Psilocin,Substituted_tryptamines,chembl,IC50,8.34,nM,=,CHEMBL224,"Modulation of human 5HT2A expressed in HEK293T cells co-transfected with Galphaq-RLuc8, Ggamma1-GFP2 and Gbeta1 assessed"
cid:4980,4980,Psilocin,Substituted_tryptamines,chembl,IC50,1.07,nM,=,CHEMBL1833,"Modulation of human 5HT2B expressed in HEK293T cells co-transfected with Galphaq-RLuc8, Ggamma1-GFP2 and Gbeta1 assessed"
cid:4980,4980,Psilocin,Substituted_tryptamines,chembl,IC50,7.79,nM,=,CHEMBL225,"Modulation of human 5HT2C expressed in HEK293T cells co-transfected with Galphaq-RLuc8, Ggamma1-GFP2 and Gbeta1 assessed"
cid:4980,4980,Psilocin,Substituted_tryptamines,chembl,IC50,500.0,nM,<,CHEMBL224,Radioligand Binding Assay: Table 2: i. Prepare the assay buffer following the table below;Reagent ConcentrationTris 50 m
cid:4980,4980,Psilocin,Substituted_tryptamines,chembl,IC50,500.0,nM,<,CHEMBL224,Radioligand Binding Assay: Table 2: i. Prepare the assay buffer following the table below;Reagent ConcentrationTris 50 m
cid:4980,4980,Psilocin,Substituted_tryptamines,chembl,IC50,500.0,nM,<,CHEMBL224,Radioligand Binding Assay: i. Prepare the assay buffer following the table below;Reagent ConcentrationTris 50 mMCaCl2  4
cid:4980,4980,Psilocin,Substituted_tryptamines,chembl,IC50,112.0,nM,=,CHEMBL224,FLIPR Assay: 1. Culture the cells in cell culture medium (DMEM containing 10% FBS 1× penicillin-streptomycin 300 μg/ml G
cid:4980,4980,Psilocin,Substituted_tryptamines,chembl,IC50,352.0,nM,=,CHEMBL224,FLIPR Assay: 1. Culture the cells in cell culture medium (DMEM containing 10% FBS 1× penicillin-streptomycin 300 μg/ml G
cid:4980,4980,Psilocin,Substituted_tryptamines,chembl,IC50,500.0,nM,<,CHEMBL224,Displacement of [3H]-ketanserin from human 5HT2A receptor incubated for 90 mins by Microbeta2 scintillation counting ana
cid:4980,4980,Psilocin,Substituted_tryptamines,chembl,IC50,195.7,nM,=,CHEMBL214,Displacement of [3H]-8-Hydroxy-DPAT from human 5-HT-1A receptor incubated for 90 mins by microbeta2 microplate counter b
cid:4980,4980,Psilocin,Substituted_tryptamines,chembl,Ki,390.0,nM,=,CHEMBL322,"Compound was tested for binding affinity using [3H]MDL-100,907 at 5-hydroxytryptamine 2A receptor sites in rat cortical "
cid:4980,4980,Psilocin,Substituted_tryptamines,chembl,Ki,25.0,nM,=,CHEMBL322,In vitro binding to 5-hydroxytryptamine 2A receptor using [125 I]-DOI
cid:4980,4980,Psilocin,Substituted_tryptamines,chembl,Ki,323.0,nM,=,CHEMBL322,Displacement of [3H]MDL100907 from 5HT2A receptor in Sprague-Dawley rat brain by liquid scintillation spectroscopy
cid:4980,4980,Psilocin,Substituted_tryptamines,chembl,Ki,107.2,nM,=,CHEMBL224,Inhibition of 5-HT2AR (unknown origin ) assessed as inhibition constant
cid:4980,4980,Psilocin,Substituted_tryptamines,chembl,Ki,4.6,nM,=,CHEMBL1833,Inhibition of 5-HT2BR (unknown origin ) assessed as inhibition constant
cid:4980,4980,Psilocin,Substituted_tryptamines,chembl,Ki,63.0,nM,=,CHEMBL214,Radioligand Binding Assay: The binding affinities shown in table 5 of psilocin and compound 8 at various monoaminergic r
cid:4980,4980,Psilocin,Substituted_tryptamines,chembl,Ki,305.0,nM,=,CHEMBL1898,Radioligand Binding Assay: The binding affinities shown in table 5 of psilocin and compound 8 at various monoaminergic r
cid:4980,4980,Psilocin,Substituted_tryptamines,chembl,Ki,19.0,nM,=,CHEMBL1983,Radioligand Binding Assay: The binding affinities shown in table 5 of psilocin and compound 8 at various monoaminergic r
cid:4980,4980,Psilocin,Substituted_tryptamines,chembl,Ki,44.0,nM,=,CHEMBL2182,Radioligand Binding Assay: The binding affinities shown in table 5 of psilocin and compound 8 at various monoaminergic r
cid:4980,4980,Psilocin,Substituted_tryptamines,chembl,Ki,340.0,nM,=,CHEMBL224,Radioligand Binding Assay: The binding affinities shown in table 5 of psilocin and compound 8 at various monoaminergic r
cid:4980,4980,Psilocin,Substituted_tryptamines,chembl,Ki,4.7,nM,=,CHEMBL1833,Radioligand Binding Assay: The binding affinities shown in table 5 of psilocin and compound 8 at various monoaminergic r
cid:4980,4980,Psilocin,Substituted_tryptamines,chembl,Ki,140.0,nM,=,CHEMBL225,Radioligand Binding Assay: The binding affinities shown in table 5 of psilocin and compound 8 at various monoaminergic r
cid:4980,4980,Psilocin,Substituted_tryptamines,chembl,Ki,70.0,nM,=,CHEMBL3426,Radioligand Binding Assay: The binding affinities shown in table 5 of psilocin and compound 8 at various monoaminergic r
cid:4980,4980,Psilocin,Substituted_tryptamines,chembl,Ki,72.0,nM,=,CHEMBL3371,Radioligand Binding Assay: The binding affinities shown in table 5 of psilocin and compound 8 at various monoaminergic r
cid:4980,4980,Psilocin,Substituted_tryptamines,chembl,Ki,72.0,nM,=,CHEMBL3155,Radioligand Binding Assay: The binding affinities shown in table 5 of psilocin and compound 8 at various monoaminergic r
cid:4980,4980,Psilocin,Substituted_tryptamines,chembl,EC50,2300.0,nM,=,CHEMBL322,Tested for its ability to activate phospholipase C by quantification of IP3 at cloned rat 5-hydroxytryptamine 2A recepto
cid:4980,4980,Psilocin,Substituted_tryptamines,chembl,EC50,24.0,nM,=,CHEMBL224,Effective concentration required for accumulation of [3H]inositol phosphate in cells stably expressing human 5-hydroxytr
cid:4980,4980,Psilocin,Substituted_tryptamines,chembl,EC50,58.0,nM,=,CHEMBL1833,Effective concentration required for accumulation of [3H]inositol phosphate in cells transiently expressing human 5-hydr
cid:4980,4980,Psilocin,Substituted_tryptamines,chembl,EC50,30.0,nM,=,CHEMBL225,Effective concentration required for accumulation of [3H]inositol phosphate in cells stably expressing human 5-hydroxytr
cid:4980,4980,Psilocin,Substituted_tryptamines,chembl,EC50,4.3,nM,=,CHEMBL224,Agonist activity at human 5-HT2A receptor expressed in Flp-In T-REx 293 cells assessed as induction of Gq-mediated calci
cid:4980,4980,Psilocin,Substituted_tryptamines,chembl,EC50,4.266,nM,=,CHEMBL224,Agonist activity at human 5-HT2A receptor expressed in Flp-In T-REx 293 cells assessed as induction of Gq-mediated calci
cid:4980,4980,Psilocin,Substituted_tryptamines,chembl,EC50,9.9,nM,=,CHEMBL5377,Agonist activity at mouse 5-HT2A receptor expressed in Flp-In T-REx 293 cells assessed as induction of Gq-mediated calci
cid:4980,4980,Psilocin,Substituted_tryptamines,chembl,EC50,9.772,nM,=,CHEMBL5377,Agonist activity at mouse 5-HT2A receptor expressed in Flp-In T-REx 293 cells assessed as induction of Gq-mediated calci
cid:4980,4980,Psilocin,Substituted_tryptamines,chembl,EC50,75.2,nM,=,CHEMBL224,Displacement of [3H]-ketanserin from human 5-HT2A receptor incubated for 90 mins by scintillation counting analysis
cid:4980,4980,Psilocin,Substituted_tryptamines,chembl,EC50,6.5,nM,=,CHEMBL224,Agonist activity at 5HT2A receptor (unknown origin) expressed in HEK293 cells by FLIPR calcium flux assay
cid:4980,4980,Psilocin,Substituted_tryptamines,chembl,EC50,6.5,nM,=,CHEMBL224,Agonist activity at 5-HT2A receptor (unknown origin) by calcium flux assay
cid:4980,4980,Psilocin,Substituted_tryptamines,chembl,EC50,1000.0,nM,<,CHEMBL224,Agonist activity at human 5-HT2A receptor expressed in cells assessed as increase in calcium mobilization by Calcium-6 d
cid:4980,4980,Psilocin,Substituted_tryptamines,chembl,EC50,1000.0,nM,<,CHEMBL224,Agonist activity at human 5-HT2A receptor assessed as activation of calcium mobilization incubated for 2 mins by Calcium
cid:4980,4980,Psilocin,Substituted_tryptamines,chembl,EC50,19.95,nM,=,CHEMBL224,Agonist activity at human smBiT-fused 5HT2A receptor expressed in CHO-K1 cells co-expressing IgBiT-fused beta-arrestin2 
cid:4980,4980,Psilocin,Substituted_tryptamines,chembl,EC50,22.0,nM,=,CHEMBL224,Agonist activity at human smBiT-fused 5HT2A receptor expressed in CHO-K1 cells co-expressing IgBiT-fused beta-arrestin2 
cid:12562545,12562545,Pyrazolam,Benzodiazepines,chembl,Ki,7.3,nM,=,CHEMBL2095172,Displacement of [3H]flunitrazepam from human recombinant alpha1beta2gamma2 GABAA receptor expressed in HEK cell membrane
cid:12562545,12562545,Pyrazolam,Benzodiazepines,chembl,Ki,6.1,nM,=,CHEMBL2111413,Displacement of [3H]flunitrazepam from human recombinant alpha2beta2gamma2 GABAA receptor expressed in HEK cell membrane
cid:12562545,12562545,Pyrazolam,Benzodiazepines,chembl,Ki,5.1,nM,=,CHEMBL2111339,Displacement of [3H]flunitrazepam from human recombinant alpha3beta2gamma2 GABAA receptor expressed in HEK cell membrane
cid:12562545,12562545,Pyrazolam,Benzodiazepines,chembl,Ki,7.7,nM,=,CHEMBL4523641,Displacement of [3H]flunitrazepam from human recombinant alpha5beta2gamma2 GABAA receptor expressed in HEK cell membrane
cid:5002,5002,Quetiapine,Dibenzothiazepine,chembl,IC50,330.0,nM,=,CHEMBL339,Inhibition of spiropiperidone binding at dopamine receptor D2 of rat.
cid:5002,5002,Quetiapine,Dibenzothiazepine,chembl,IC50,40.0,nM,=,CHEMBL4701,Displacement of [3H]mepyramine from H1R in rat brain
cid:5002,5002,Quetiapine,Dibenzothiazepine,chembl,IC50,102000.0,nM,=,CHEMBL5270,Inhibition of Bacillus anthracis DHFR
cid:5002,5002,Quetiapine,Dibenzothiazepine,chembl,IC50,5754.4,nM,=,CHEMBL240,Inhibition of human ERG
cid:5002,5002,Quetiapine,Dibenzothiazepine,chembl,IC50,,,,CHEMBL220,DRUGMATRIX: Acetylcholinesterase enzyme inhibition (substrate: acetylthiocholine)
cid:5002,5002,Quetiapine,Dibenzothiazepine,chembl,IC50,,,,CHEMBL226,DRUGMATRIX: Adenosine A1 radioligand binding (ligand: DPCPX)
cid:5002,5002,Quetiapine,Dibenzothiazepine,chembl,IC50,,,,CHEMBL251,DRUGMATRIX: Adenosine A2A radioligand binding (ligand: AB-MECA)
cid:5002,5002,Quetiapine,Dibenzothiazepine,chembl,IC50,,,,CHEMBL256,DRUGMATRIX: Adenosine A3 radioligand binding (ligand: AB-MECA)
cid:5002,5002,Quetiapine,Dibenzothiazepine,chembl,IC50,,,,CHEMBL612545,DRUGMATRIX: Sodium/nucleoside co-transporter radioligand binding (ligand: nitrobenzylthioinosine)
cid:5002,5002,Quetiapine,Dibenzothiazepine,chembl,IC50,86.2,nM,=,CHEMBL319,DRUGMATRIX: Alpha-1A adrenergic receptor radioligand binding (ligand: prazosin)
cid:5002,5002,Quetiapine,Dibenzothiazepine,chembl,IC50,24.5,nM,=,CHEMBL315,DRUGMATRIX: Alpha-1B adrenergic receptor radioligand binding (ligand: prazosin)
cid:5002,5002,Quetiapine,Dibenzothiazepine,chembl,IC50,96.6,nM,=,CHEMBL223,DRUGMATRIX: Alpha-1D adrenergic receptor radioligand binding (ligand: prazosin)
cid:5002,5002,Quetiapine,Dibenzothiazepine,chembl,IC50,2491.4,nM,=,CHEMBL1867,DRUGMATRIX: Alpha-2A adrenergic receptor radioligand binding (ligand: MK-912)
cid:5002,5002,Quetiapine,Dibenzothiazepine,chembl,IC50,100.3,nM,=,CHEMBL1942,DRUGMATRIX: Alpha-2B adrenergic receptor radioligand binding (ligand: Rauwolscine)
cid:5002,5002,Quetiapine,Dibenzothiazepine,chembl,IC50,420.8,nM,=,CHEMBL1916,DRUGMATRIX: Adrenergic Alpha-2C radioligand binding (ligand: [3H] MK-912)
cid:5002,5002,Quetiapine,Dibenzothiazepine,chembl,Ki,63.1,nM,=,CHEMBL217,In vitro binding affinity for Dopamine receptor D2
cid:5002,5002,Quetiapine,Dibenzothiazepine,chembl,Ki,220.0,nM,=,CHEMBL2095200,In vitro binding affinity for 5-hydroxytryptamine 2 receptor
cid:5002,5002,Quetiapine,Dibenzothiazepine,chembl,Ki,4240.0,nM,=,CHEMBL2056,Binding affinity towards human Dopamine receptor D1
cid:5002,5002,Quetiapine,Dibenzothiazepine,chembl,Ki,310.0,nM,=,CHEMBL217,Binding affinity towards human Dopamine receptor D2
cid:5002,5002,Quetiapine,Dibenzothiazepine,chembl,Ki,650.0,nM,=,CHEMBL234,Binding affinity towards human Dopamine receptor D3
cid:5002,5002,Quetiapine,Dibenzothiazepine,chembl,Ki,1600.0,nM,=,CHEMBL219,Binding affinity towards human dopamine-4.2 receptor
cid:5002,5002,Quetiapine,Dibenzothiazepine,chembl,Ki,120.0,nM,=,CHEMBL224,Binding affinity towards human serotonin 5-hydroxytryptamine 2A receptor
cid:5002,5002,Quetiapine,Dibenzothiazepine,chembl,Ki,3820.0,nM,=,CHEMBL225,Binding affinity towards human serotonin 5-hydroxytryptamine 2C receptor
cid:5002,5002,Quetiapine,Dibenzothiazepine,chembl,Ki,58.0,nM,=,CHEMBL2094251,Binding affinity towards human alpha-1 adrenergic receptor
cid:5002,5002,Quetiapine,Dibenzothiazepine,chembl,Ki,87.0,nM,=,CHEMBL2095158,Binding affinity towards human alpha-2 adrenergic receptor
cid:5002,5002,Quetiapine,Dibenzothiazepine,chembl,Ki,1020.0,nM,=,CHEMBL2094109,Binding affinity towards human muscarinic receptor
cid:5002,5002,Quetiapine,Dibenzothiazepine,chembl,Ki,19.0,nM,=,CHEMBL231,Binding affinity towards human histamine H1 receptor
cid:5002,5002,Quetiapine,Dibenzothiazepine,chembl,Ki,390.0,nM,=,CHEMBL2056,Binding affinity against dopamine receptor D1
cid:5002,5002,Quetiapine,Dibenzothiazepine,chembl,Ki,69.0,nM,=,CHEMBL217,Binding affinity towards human D2 dopamine receptor.
cid:5002,5002,Quetiapine,Dibenzothiazepine,chembl,Ki,340.0,nM,=,CHEMBL234,Binding affinity towards human dopamine receptor D3
cid:5002,5002,Quetiapine,Dibenzothiazepine,chembl,EC50,10000.0,nM,>,CHEMBL216,Agonist activity at muscarinic M1 receptor (unknown origin) expressed in CHO cells
cid:5002,5002,Quetiapine,Dibenzothiazepine,chembl,Kd,1300000.0,nM,=,CHEMBL612545,Binding affinity to human telomerase P2b RNA by STD NMR
cid:5073,5073,Risperidone,Benzisoxazole,chembl,IC50,163.0,nM,=,CHEMBL240,K+ channel blocking activity in human embryonic kidney cells expressing HERG Kv11.1
cid:5073,5073,Risperidone,Benzisoxazole,chembl,IC50,820.0,nM,=,CHEMBL273,Affinity for 5-hydroxytryptamine 1A receptor labeled with [3H]8-OH-DPAT radioligand in hippocampus tissue
cid:5073,5073,Risperidone,Benzisoxazole,chembl,IC50,5.0,nM,=,CHEMBL2093870,Compound was measured for affinity at 5-hydroxytryptamine 2 receptor in rat cortical by [3H]spiroperidol displacement.
cid:5073,5073,Risperidone,Benzisoxazole,chembl,IC50,30.0,nM,=,CHEMBL339,Compound was measured for affinity at dopamine receptor D2 labeled with [3H]spiroperidol radioligand in striatum tissue
cid:5073,5073,Risperidone,Benzisoxazole,chembl,IC50,27.4,nM,=,CHEMBL339,Inhibition of [3H]methylspiperone binding to rat striatal membrane Dopamine receptor D2
cid:5073,5073,Risperidone,Benzisoxazole,chembl,IC50,1.4,nM,=,CHEMBL322,Inhibition of [3H]ketanserin binding to rat frontal cortex membrane 5-hydroxytryptamine 2A receptor
cid:5073,5073,Risperidone,Benzisoxazole,chembl,IC50,37.0,nM,=,CHEMBL339,In vitro affinity towards D2 receptor using [3H]spiroperidol as radioligand in striatum
cid:5073,5073,Risperidone,Benzisoxazole,chembl,IC50,2.6,nM,=,CHEMBL322,In vitro affinity towards 5-hydroxytryptamine 2A receptor using [3H]spiroperidol as radioligand in cortex
cid:5073,5073,Risperidone,Benzisoxazole,chembl,IC50,950.0,nM,=,CHEMBL273,In vitro affinity towards 5-hydroxytryptamine 1A receptor using [3H]8-OH-DPAT as radioligand in hippocampus
cid:5073,5073,Risperidone,Benzisoxazole,chembl,IC50,2.9,nM,=,CHEMBL1907610,Its affinity towards alpha-1 receptor using [3H]WB-4101 as radioligand in whole brain minus cerebellum
cid:5073,5073,Risperidone,Benzisoxazole,chembl,IC50,37.5,nM,=,CHEMBL339,Affinity for dopamine receptor D2 binding sites by its ability to displace [3H]spiperone from rat striatum.
cid:5073,5073,Risperidone,Benzisoxazole,chembl,IC50,2.6,nM,=,CHEMBL2093870,Affinity for 5-hydroxytryptamine 2 receptor binding sites by its ability to displace [3H]spiperone from rat frontal cort
cid:5073,5073,Risperidone,Benzisoxazole,chembl,IC50,151.36,nM,=,CHEMBL240,Inhibition of human Potassium channel HERG expressed in mammalian cells
cid:5073,5073,Risperidone,Benzisoxazole,chembl,IC50,4.0,nM,=,CHEMBL339,Compound was tested for the inhibition of [3H]spiperone binding to dopamine receptor D2
cid:5073,5073,Risperidone,Benzisoxazole,chembl,IC50,0.76,nM,=,CHEMBL2093870,Inhibition of [3H]ketanserin binding to dopamine 5-hydroxytryptamine 2 receptor
cid:5073,5073,Risperidone,Benzisoxazole,chembl,Ki,1.4,nM,=,CHEMBL3223,Binding affinity towards rat 5-hydroxytryptamine 7 receptor
cid:5073,5073,Risperidone,Benzisoxazole,chembl,Ki,0.309,nM,=,CHEMBL322,Inhibitory constant on 5-hydroxytryptamine 2A receptor of Rat frontal cortex
cid:5073,5073,Risperidone,Benzisoxazole,chembl,Ki,41.69,nM,=,CHEMBL225,Inhibitory constant was determined on 5-hydroxytryptamine 2C receptor of Bovine choroid plexus
cid:5073,5073,Risperidone,Benzisoxazole,chembl,Ki,22.0,nM,=,CHEMBL265,Affinity for Dopamine receptor D1
cid:5073,5073,Risperidone,Benzisoxazole,chembl,Ki,2.1,nM,=,CHEMBL339,Affinity for Dopamine receptor D2
cid:5073,5073,Risperidone,Benzisoxazole,chembl,Ki,55.0,nM,=,CHEMBL612545,Affinity for 5-hydroxytryptamine 1 receptor
cid:5073,5073,Risperidone,Benzisoxazole,chembl,Ki,0.2,nM,=,CHEMBL2093870,Affinity for 5-hydroxytryptamine 2 receptor
cid:5073,5073,Risperidone,Benzisoxazole,chembl,Ki,3.0,nM,=,CHEMBL1907610,Affinity for alpha-1 adrenergic receptor
cid:5073,5073,Risperidone,Benzisoxazole,chembl,Ki,0.32,nM,=,CHEMBL376,The compound was measured at a dose 10 times the ED50 value for CAR block for production of catalepsy in the rat
cid:5073,5073,Risperidone,Benzisoxazole,chembl,Ki,35.0,nM,=,CHEMBL376,ED50 value for catalepsy indicates the dose required to produce a 50% of maximum catalepsy score
cid:5073,5073,Risperidone,Benzisoxazole,chembl,Ki,2.8,nM,=,CHEMBL339,The binding affinity was measured on dopamine receptor D2 in rat brain tissue
cid:5073,5073,Risperidone,Benzisoxazole,chembl,Ki,339.0,nM,=,CHEMBL2095159,The binding affinity was measured on serotonin 5-hydroxytryptamine 1 receptor in rat brain tissue
cid:5073,5073,Risperidone,Benzisoxazole,chembl,Ki,0.2,nM,=,CHEMBL2093870,The binding affinity was measured on 5-hydroxytryptamine 2 receptor in rat brain tissue
cid:5073,5073,Risperidone,Benzisoxazole,chembl,Ki,3.0,nM,=,CHEMBL1907610,The binding affinity was measured on adrenergic alpha-1 receptor in rat brain tissue
cid:5073,5073,Risperidone,Benzisoxazole,chembl,Ki,3.1,nM,=,CHEMBL339,Compound was evaluated for its binding affinity with Dopamine receptor D2 using membranes prepared from rat striatum
cid:5073,5073,Risperidone,Benzisoxazole,chembl,EC50,25000.0,nM,>,CHEMBL4888480,Antiviral activity against BKV Gardner ATCC VR837 infected in human WI38 cells assessed as reduction in viral DNA level 
cid:5073,5073,Risperidone,Benzisoxazole,chembl,EC50,320.0,nM,=,CHEMBL5845,Potentiation of human GlyR-alpha1 expressed in Xenopus laevis oocytes assessed as induction of glycine-activated current
cid:5073,5073,Risperidone,Benzisoxazole,chembl,EC50,10000.0,nM,>,CHEMBL214,Agonist activity at 5-HT1A receptor (unknown origin) after 60 mins by Ultra lance cAMP assay
cid:5073,5073,Risperidone,Benzisoxazole,chembl,EC50,,,,CHEMBL217,Agonist activity at D2 receptor (unknown origin)
cid:5073,5073,Risperidone,Benzisoxazole,chembl,EC50,,,,CHEMBL214,Agonist activity at human 5HT1A expressed in HEK293 cells assessed as inhibition of forskolin stimulated cAMP production
cid:5073,5073,Risperidone,Benzisoxazole,chembl,EC50,100000.0,nM,>,CHEMBL214,5-HT1A Receptor Agonism Activity Test: The 5-HT1A receptor agonism activity test (The agonism activity of test compounds
cid:5073,5073,Risperidone,Benzisoxazole,chembl,Kd,398.11,nM,=,CHEMBL214,Binding affinity to 5HT1A receptor
cid:5073,5073,Risperidone,Benzisoxazole,chembl,Kd,16400.0,nM,=,CHEMBL612558,Binding affinity to Wistar rat brain lipid by TRANSIL assay
cid:5073,5073,Risperidone,Benzisoxazole,chembl,Kd,43800.0,nM,=,CHEMBL4817,Binding affinity to Wistar rat serum albumin
cid:34755,34755,SAM-e,Nitrogenous_organic_acid,chembl,IC50,12000.0,nM,=,CHEMBL5524,Inhibition of GST-fused human recombinant PRMT1 after 90 mins by SDS-PAGE based scintillation counting
cid:34755,34755,SAM-e,Nitrogenous_organic_acid,chembl,IC50,793.0,nM,=,CHEMBL3137261,Inhibition of recombinant N-terminal FLAG-tagged human full-length PRMT5/full length human MEP50 extracted from baculovi
cid:34755,34755,SAM-e,Nitrogenous_organic_acid,chembl,IC50,468.0,nM,=,CHEMBL5524,Inhibition of PRMT1 (unknown origin)
cid:34755,34755,SAM-e,Nitrogenous_organic_acid,chembl,IC50,5175.0,nM,=,CHEMBL5891,Inhibition of PRMT3 (unknown origin)
cid:34755,34755,SAM-e,Nitrogenous_organic_acid,chembl,IC50,42.0,nM,=,CHEMBL5406,Inhibition of PRMT4 (unknown origin)
cid:34755,34755,SAM-e,Nitrogenous_organic_acid,chembl,IC50,1258.0,nM,=,CHEMBL1275221,Inhibition of PRMT6 (unknown origin)
cid:34755,34755,SAM-e,Nitrogenous_organic_acid,chembl,IC50,491.0,nM,=,CHEMBL3562175,Inhibition of PRMT7 (unknown origin)
cid:34755,34755,SAM-e,Nitrogenous_organic_acid,chembl,IC50,759.0,nM,=,CHEMBL3108648,Inhibition of PRMT8 (unknown origin)
cid:34755,34755,SAM-e,Nitrogenous_organic_acid,chembl,IC50,2.8,nM,=,CHEMBL5406,Inhibition of CARM1 (unknown origin)
cid:34755,34755,SAM-e,Nitrogenous_organic_acid,chembl,Ki,300000.0,nM,=,CHEMBL3808,In vitro inhibitory activity against S-adenosyl-L-methionine decarboxylase using liver from rat in absence of putrescine
cid:34755,34755,SAM-e,Nitrogenous_organic_acid,chembl,Ki,60000.0,nM,=,CHEMBL3808,In vitro inhibitory activity against S-adenosyl-L-methionine decarboxylase using liver from rat in presence of 1 mM putr
cid:34755,34755,SAM-e,Nitrogenous_organic_acid,chembl,Ki,48000.0,nM,=,CHEMBL4240,Kinetic constant was measured for PMII of Leishmania donovani promastigotes using supernatant (S12) fraction
cid:34755,34755,SAM-e,Nitrogenous_organic_acid,chembl,Ki,164000.0,nM,=,CHEMBL4240,Kinetic constant was measured for PMII of Leishmania donovani promastigotes using protein extracted from the 12000 g pel
cid:34755,34755,SAM-e,Nitrogenous_organic_acid,chembl,EC50,17.3,nM,=,CHEMBL1938227,Binding affinity to Escherichia coli metJ assessed as protein dimer-DNA complex formation using F-metC operator DNA by f
cid:34755,34755,SAM-e,Nitrogenous_organic_acid,chembl,Kd,4800.0,nM,=,CHEMBL4617,Activity of human wild type PNMT assessed as phenylethanolamine methylation
cid:34755,34755,SAM-e,Nitrogenous_organic_acid,chembl,Kd,7100.0,nM,=,CHEMBL4617,Activity of human PNMT V53A mutant assessed as phenylethanolamine methylation
cid:34755,34755,SAM-e,Nitrogenous_organic_acid,chembl,Kd,10700.0,nM,=,CHEMBL4617,Activity of human PNMT K57A mutant assessed as phenylethanolamine methylation
cid:34755,34755,SAM-e,Nitrogenous_organic_acid,chembl,Kd,7500.0,nM,=,CHEMBL4617,Activity of human PNMT E219A mutant assessed as phenylethanolamine methylation
cid:34755,34755,SAM-e,Nitrogenous_organic_acid,chembl,Kd,11000.0,nM,=,CHEMBL4617,Activity of human PNMT D267A mutant assessed as phenylethanolamine methylation
cid:34755,34755,SAM-e,Nitrogenous_organic_acid,chembl,Kd,7500.0,nM,=,CHEMBL4617,Activity of human PNMT D267N mutant assessed as phenylethanolamine methylation
cid:34755,34755,SAM-e,Nitrogenous_organic_acid,chembl,Kd,6000.0,nM,=,CHEMBL345,Binding affinity to 2-amino purine labelled SAM2 riboswitch aptamer assessed as change in fluorescence at 5 mM to 10 mM 
cid:34755,34755,SAM-e,Nitrogenous_organic_acid,chembl,Kd,4.0,nM,=,CHEMBL1938227,Binding affinity to Escherichia coli metJ in presence of operator DNA complex by filter binding study
cid:34755,34755,SAM-e,Nitrogenous_organic_acid,chembl,Kd,2580.0,nM,=,CHEMBL4523952,Binding affinity to Zika virus Methyltransferase
cid:34755,34755,SAM-e,Nitrogenous_organic_acid,chembl,Kd,826.0,nM,=,CHEMBL612545,Binding affinity to His-tagged Dengue virus 3 methyltransferase expressed in Escherichia coli Rosetta 2(DE3) by VP-ITC i
cid:34755,34755,SAM-e,Nitrogenous_organic_acid,chembl,Kd,2580.0,nM,=,CHEMBL612545,Binding affinity to Zika virus NS5-methyltransferase assessed as dissociation constant by isothermal titration microcalo
cid:34755,34755,SAM-e,Nitrogenous_organic_acid,chembl,Kd,330.0,nM,=,CHEMBL6195625,Binding affinity to Bifidobacterium angulatum SAM-VI riboswitch assessed as dissociation constant by ITC analysis
cid:34755,34755,SAM-e,Nitrogenous_organic_acid,chembl,Kd,3720.0,nM,=,CHEMBL6195624,Binding affinity to SA sensor chip-immobilized Tte preQ1 riboswitch aptamer assessed as dissociation constant by SPR ana
cid:34755,34755,SAM-e,Nitrogenous_organic_acid,chembl,Kd,4530.0,nM,=,CHEMBL6195624,Binding affinity to SA sensor chip-immobilized Tte preQ1 riboswitch aptamer assessed as dissociation constant by SPR ste
cid:34755,34755,SAM-e,Nitrogenous_organic_acid,chembl,Kd,718.0,nM,=,CHEMBL6195624,Binding affinity to Tte preQ1 riboswitch aptamer assessed as dissociation constant by MST analysis
cid:128563,128563,Salvinorin A,"Salvinorin, Terpenoid",chembl,IC50,100000.0,nM,>,CHEMBL387,Antiproliferative activity against human MCF7 cells assessed as growth inhibition after 72 hrs by MTS/PMS assay
cid:128563,128563,Salvinorin A,"Salvinorin, Terpenoid",chembl,Ki,1000.0,nM,>,CHEMBL233,Inhibition of [125I]- IOXY binding to human Opioid receptor mu1
cid:128563,128563,Salvinorin A,"Salvinorin, Terpenoid",chembl,Ki,5790.0,nM,=,CHEMBL236,Inhibition of [125I]- IOXY binding to human Opioid receptor delta1
cid:128563,128563,Salvinorin A,"Salvinorin, Terpenoid",chembl,Ki,1.9,nM,=,CHEMBL237,Inhibition of [125I]- IOXY binding to human Opioid receptor kappa1
cid:128563,128563,Salvinorin A,"Salvinorin, Terpenoid",chembl,Ki,10000.0,nM,>,CHEMBL233,Inhibition of [125I]- IOXY binding to human Opioid receptor mu1
cid:128563,128563,Salvinorin A,"Salvinorin, Terpenoid",chembl,Ki,10000.0,nM,>,CHEMBL236,Inhibition of [125I]- IOXY binding to human Opioid receptor delta1
cid:128563,128563,Salvinorin A,"Salvinorin, Terpenoid",chembl,Ki,38.0,nM,=,CHEMBL237,Inhibition of [125I]- IOXY binding to human Opioid receptor kappa1
cid:128563,128563,Salvinorin A,"Salvinorin, Terpenoid",chembl,Ki,4.0,nM,=,CHEMBL3614,Inhibition of [3H]U-69593 binding to rat opioid receptor kappa 1 expressed in HEK 293 cells
cid:128563,128563,Salvinorin A,"Salvinorin, Terpenoid",chembl,Ki,1.3,nM,=,CHEMBL237,Inhibition of [3H]diprenorphine binding to human Opioid receptor kappa 1 expressed in chinese hamster ovary cells
cid:128563,128563,Salvinorin A,"Salvinorin, Terpenoid",chembl,Ki,1.3,nM,=,CHEMBL237,Inhibition of [3H]diprenorphine binding to human KOR expressed in CHO cells
cid:128563,128563,Salvinorin A,"Salvinorin, Terpenoid",chembl,Ki,2.6,nM,=,CHEMBL237,Inhibition of [3H]diprenorphine binding to human KOR expressed in CHO cells
cid:128563,128563,Salvinorin A,"Salvinorin, Terpenoid",chembl,Ki,1.3,nM,=,CHEMBL237,Displacement of [3H]diprenorphine binding from human kappa opioid receptor expressed in CHO cells
cid:128563,128563,Salvinorin A,"Salvinorin, Terpenoid",chembl,Ki,0.75,nM,=,CHEMBL3614,Displacement of [3H]U-69593 from rat cloned KOR
cid:128563,128563,Salvinorin A,"Salvinorin, Terpenoid",chembl,Ki,18.4,nM,=,CHEMBL3614,Displacement of [3H]U-69593 from rat cloned KOR
cid:128563,128563,Salvinorin A,"Salvinorin, Terpenoid",chembl,Ki,2.4,nM,=,CHEMBL237,Displacement of [3H]diprenorphine from human kappa opioid receptor expressed in CHO cells
cid:128563,128563,Salvinorin A,"Salvinorin, Terpenoid",chembl,Ki,1000.0,nM,>,CHEMBL270,Displacement of [3H]diprenorphine from rat mu opioid receptor expressed in CHO cells
cid:128563,128563,Salvinorin A,"Salvinorin, Terpenoid",chembl,EC50,40.0,nM,=,CHEMBL237,"Stimulation of [35S]GTP-gamma-S, binding to Opioid receptor kappa1 expressed in CHO cells"
cid:128563,128563,Salvinorin A,"Salvinorin, Terpenoid",chembl,EC50,,,,CHEMBL233,"Stimulation of [35S]GTP-gamma-S, binding to Opioid receptor mu1 expressed in CHO cells; ND = Not determined"
cid:128563,128563,Salvinorin A,"Salvinorin, Terpenoid",chembl,EC50,,nM,,CHEMBL236,Stimulation of [35S]-GTP gammaS binding to Opioid receptor delta 1 expressed in CHO cells; ND = Not determined
cid:128563,128563,Salvinorin A,"Salvinorin, Terpenoid",chembl,EC50,46.0,nM,=,CHEMBL376,Effective concentration of compound against intracellular calcium mobilization in rat
cid:128563,128563,Salvinorin A,"Salvinorin, Terpenoid",chembl,EC50,4.5,nM,=,CHEMBL237,Effective concentration for activation of human Opioid receptor kappa 1 expressed in chinese hamster ovary cells to enha
cid:128563,128563,Salvinorin A,"Salvinorin, Terpenoid",chembl,EC50,4.5,nM,=,CHEMBL237,Enhancement of [35S]GTP-gamma-S binding to human KOR expressed in CHO cells
cid:128563,128563,Salvinorin A,"Salvinorin, Terpenoid",chembl,EC50,2.2,nM,=,CHEMBL237,Enhancement of [35S]GTP-gamma-S binding to human KOR expressed in CHO cells
cid:128563,128563,Salvinorin A,"Salvinorin, Terpenoid",chembl,EC50,4.5,nM,=,CHEMBL237,Binding potency at human kappa opioid receptor expressed in CHO cells by [35S]GTPgammaS binding assay
cid:128563,128563,Salvinorin A,"Salvinorin, Terpenoid",chembl,EC50,2.82,nM,=,CHEMBL237,Activity at human kappa opioid receptor expressed in HEK293 cells as intracellular calcium mobilization
cid:128563,128563,Salvinorin A,"Salvinorin, Terpenoid",chembl,EC50,4.77,nM,=,CHEMBL237,Activity at human kappa opioid receptor expressed in HEK293 cells as intracellular calcium mobilization
cid:128563,128563,Salvinorin A,"Salvinorin, Terpenoid",chembl,EC50,45.0,nM,=,CHEMBL237,Antagonist activity at human kappa opioid receptor expressed in CHO cells by [35S]GTP-gamma-S binding assay
cid:128563,128563,Salvinorin A,"Salvinorin, Terpenoid",chembl,EC50,1.24,nM,=,CHEMBL237,Agonist activity at human kappa opioid receptor assessed as inhibition of Galpha-16-induced calcium flux
cid:128563,128563,Salvinorin A,"Salvinorin, Terpenoid",chembl,EC50,1.8,nM,=,CHEMBL237,Agonist activity at human kappa opioid receptor expressed in CHO cells assessed as stimulation of [35S]GTPgammaS binding
cid:128563,128563,Salvinorin A,"Salvinorin, Terpenoid",chembl,EC50,,,,CHEMBL233,Agonist activity at human recombinant mu opioid receptor expressed in CHO cells by [35S]GTP-gamma-S binding assay
cid:128563,128563,Salvinorin A,"Salvinorin, Terpenoid",chembl,EC50,40.0,nM,=,CHEMBL237,Agonist activity at human recombinant kappa opioid receptor expressed in CHO cells by [35S]GTP-gamma-S binding assay
cid:5193,5193,Secobarbital,Barbiturates,chembl,IC50,,,,CHEMBL315,DRUGMATRIX: Alpha-1B adrenergic receptor radioligand binding (ligand: prazosin)
cid:5193,5193,Secobarbital,Barbiturates,chembl,IC50,,,,CHEMBL223,DRUGMATRIX: Alpha-1D adrenergic receptor radioligand binding (ligand: prazosin)
cid:5193,5193,Secobarbital,Barbiturates,chembl,IC50,,,,CHEMBL1867,DRUGMATRIX: Alpha-2A adrenergic receptor radioligand binding (ligand: MK-912)
cid:5193,5193,Secobarbital,Barbiturates,chembl,IC50,,,,CHEMBL1942,DRUGMATRIX: Alpha-2B adrenergic receptor radioligand binding (ligand: Rauwolscine)
cid:5193,5193,Secobarbital,Barbiturates,chembl,IC50,,,,CHEMBL1916,DRUGMATRIX: Adrenergic Alpha-2C radioligand binding (ligand: [3H] MK-912)
cid:5193,5193,Secobarbital,Barbiturates,chembl,IC50,,,,CHEMBL213,DRUGMATRIX: Adrenergic beta1 radioligand binding (ligand: [125I] Cyanopindolol)
cid:5193,5193,Secobarbital,Barbiturates,chembl,IC50,,,,CHEMBL210,DRUGMATRIX: Adrenergic beta2 radioligand binding (ligand: [3H] CGP-12177)
cid:5193,5193,Secobarbital,Barbiturates,chembl,IC50,,,,CHEMBL246,DRUGMATRIX: Adrenergic beta3 radioligand binding (ligand: [125I] Cyanopindolol)
cid:5193,5193,Secobarbital,Barbiturates,chembl,IC50,,,,CHEMBL222,DRUGMATRIX: Norepinephrine Transporter radioligand binding (ligand: [125I] RTI-55)
cid:5193,5193,Secobarbital,Barbiturates,chembl,IC50,,,,CHEMBL2622,DRUGMATRIX: Aldose Reductase enzyme inhibition (substrate: DL-Glyceraldehyde)
cid:5193,5193,Secobarbital,Barbiturates,chembl,IC50,,,,CHEMBL4607,DRUGMATRIX: Angiotensin AT2 radioligand binding (ligand: [125I] CGP-42112A)
cid:5193,5193,Secobarbital,Barbiturates,chembl,IC50,,,,CHEMBL612545,"DRUGMATRIX: ATPase, Na+/K+ enzyme inhibition (substrate: ATP)"
cid:5193,5193,Secobarbital,Barbiturates,chembl,IC50,,,,CHEMBL612545,DRUGMATRIX: Atrial Natriuretic Factor (ANF) radioligand binding (ligand: [125I] ANF (rat))
cid:5193,5193,Secobarbital,Barbiturates,chembl,IC50,,,,CHEMBL612545,DRUGMATRIX: beta-Lactamase enzyme inhibition (substrate: Nitrocefin)
cid:5193,5193,Secobarbital,Barbiturates,chembl,IC50,,,,CHEMBL3157,DRUGMATRIX: Bradykinin B2 radioligand binding (ligand: [3H] Bradykinin)
cid:5193,5193,Secobarbital,Barbiturates,chembl,Ki,,,,CHEMBL315,DRUGMATRIX: Alpha-1B adrenergic receptor radioligand binding (ligand: prazosin)
cid:5193,5193,Secobarbital,Barbiturates,chembl,Ki,,,,CHEMBL223,DRUGMATRIX: Alpha-1D adrenergic receptor radioligand binding (ligand: prazosin)
cid:5193,5193,Secobarbital,Barbiturates,chembl,Ki,,,,CHEMBL1867,DRUGMATRIX: Alpha-2A adrenergic receptor radioligand binding (ligand: MK-912)
cid:5193,5193,Secobarbital,Barbiturates,chembl,Ki,,,,CHEMBL1942,DRUGMATRIX: Alpha-2B adrenergic receptor radioligand binding (ligand: Rauwolscine)
cid:5193,5193,Secobarbital,Barbiturates,chembl,Ki,,,,CHEMBL1916,DRUGMATRIX: Adrenergic Alpha-2C radioligand binding (ligand: [3H] MK-912)
cid:5193,5193,Secobarbital,Barbiturates,chembl,Ki,,,,CHEMBL213,DRUGMATRIX: Adrenergic beta1 radioligand binding (ligand: [125I] Cyanopindolol)
cid:5193,5193,Secobarbital,Barbiturates,chembl,Ki,,,,CHEMBL210,DRUGMATRIX: Adrenergic beta2 radioligand binding (ligand: [3H] CGP-12177)
cid:5193,5193,Secobarbital,Barbiturates,chembl,Ki,,,,CHEMBL246,DRUGMATRIX: Adrenergic beta3 radioligand binding (ligand: [125I] Cyanopindolol)
cid:5193,5193,Secobarbital,Barbiturates,chembl,Ki,,,,CHEMBL222,DRUGMATRIX: Norepinephrine Transporter radioligand binding (ligand: [125I] RTI-55)
cid:5193,5193,Secobarbital,Barbiturates,chembl,Ki,,,,CHEMBL2622,DRUGMATRIX: Aldose Reductase enzyme inhibition (substrate: DL-Glyceraldehyde)
cid:5193,5193,Secobarbital,Barbiturates,chembl,Ki,,,,CHEMBL4607,DRUGMATRIX: Angiotensin AT2 radioligand binding (ligand: [125I] CGP-42112A)
cid:5193,5193,Secobarbital,Barbiturates,chembl,Ki,,,,CHEMBL612545,"DRUGMATRIX: ATPase, Na+/K+ enzyme inhibition (substrate: ATP)"
cid:5193,5193,Secobarbital,Barbiturates,chembl,Ki,,,,CHEMBL612545,DRUGMATRIX: Atrial Natriuretic Factor (ANF) radioligand binding (ligand: [125I] ANF (rat))
cid:5193,5193,Secobarbital,Barbiturates,chembl,Ki,,,,CHEMBL612545,DRUGMATRIX: beta-Lactamase enzyme inhibition (substrate: Nitrocefin)
cid:5193,5193,Secobarbital,Barbiturates,chembl,Ki,,,,CHEMBL3157,DRUGMATRIX: Bradykinin B2 radioligand binding (ligand: [3H] Bradykinin)
cid:5202,5202,Serotonin,,chembl,IC50,10.0,nM,=,CHEMBL4105,Binding activity against 5-hydroxytryptamine 1D receptor from pig caudate membrane using [3H]5-HT as radioligand
cid:5202,5202,Serotonin,,chembl,IC50,5.2,nM,=,CHEMBL273,Displacement of [3H]8-OH-DPAT from rat cortex 5-hydroxytryptamine 1A receptor
cid:5202,5202,Serotonin,,chembl,IC50,5.0,nM,=,CHEMBL3459,Inhibitory activity against 5-hydroxytryptamine 1B receptor of rat cortex using [3H]5-HT as the radioligand.
cid:5202,5202,Serotonin,,chembl,IC50,81.0,nM,=,CHEMBL225,inhibitory activity against 5-hydroxytryptamine 1C receptor of pig choroid plexus using [3H]mesulergine as the radioliga
cid:5202,5202,Serotonin,,chembl,IC50,3.0,nM,=,CHEMBL1983,Inhibitory activity against 5-hydroxytryptamine 1D receptor of bovine caudate using [3H]5-HT as the radioligand
cid:5202,5202,Serotonin,,chembl,IC50,4600.0,nM,=,CHEMBL2093870,Compound was evaluated for its inhibitory activity against 5-hydroxytryptamine 2 receptor of rat anterior cortex using [
cid:5202,5202,Serotonin,,chembl,IC50,3.0,nM,=,CHEMBL273,In vitro inhibitory concentration against radioligand [3H]8-OH-DPAT binding to 5-hydroxytryptamine 1A receptor in rat hi
cid:5202,5202,Serotonin,,chembl,IC50,10.0,nM,=,CHEMBL4105,Displacement of radioligand [3H]5-HT binding to 5-hydroxytryptamine 1D receptor in pig caudate membrane
cid:5202,5202,Serotonin,,chembl,IC50,,nM,,CHEMBL5017,"5-hydroxytryptamine 4 receptor antagonist activity, concentration which gave 50% reduction of the 5-HT-induced contracti"
cid:5202,5202,Serotonin,,chembl,IC50,5.2,nM,=,CHEMBL273,Binding affinity was measured against serotonin 5-hydroxytryptamine 1A receptor
cid:5202,5202,Serotonin,,chembl,IC50,3.0,nM,=,CHEMBL5450,Binding affinity was measured against serotonin 5-hydroxytryptamine 1D receptor
cid:5202,5202,Serotonin,,chembl,IC50,5.6,nM,=,CHEMBL214,In vitro inhibition of [3H]5-HT (2 nM) binding to 5-HT1A receptor from bovine hippocampus
cid:5202,5202,Serotonin,,chembl,IC50,6.0,nM,=,CHEMBL214,In vitro inhibition of [3H]5-HT (2 nM) binding to 5-hydroxytryptamine 1A receptor from bovine hippocampus
cid:5202,5202,Serotonin,,chembl,IC50,2.0,nM,=,CHEMBL214,In vitro inhibition of [125I]IPAPP (0.25 nM) binding to 5-HT1A receptor from bovine hippocampus
cid:5202,5202,Serotonin,,chembl,IC50,2.0,nM,=,CHEMBL214,In vitro inhibition of azido-[125I]-IPAPP (0.25 nM) binding to 5-HT1A receptor from bovine hippocampus
cid:5202,5202,Serotonin,,chembl,Ki,398.11,nM,=,CHEMBL2094116,The compound was tested for the binding affinity against 5-hydroxytryptamine 3 receptor using [3H]zacopride as radioliga
cid:5202,5202,Serotonin,,chembl,Ki,1.585,nM,=,CHEMBL273,The compound was tested for the binding affinity against 5-hydroxytryptamine 1A receptor using [3H]8-OH-DPAT as radiolig
cid:5202,5202,Serotonin,,chembl,Ki,2.512,nM,=,CHEMBL3459,The compound was tested for the binding affinity against 5-hydroxytryptamine 1B receptor using [3H]5-HT as radioligand.
cid:5202,5202,Serotonin,,chembl,Ki,1258.93,nM,=,CHEMBL322,The compound was tested for the binding affinity against 5-hydroxytryptamine 2A receptor using [3H]ketanserin as radioli
cid:5202,5202,Serotonin,,chembl,Ki,31.62,nM,=,CHEMBL324,The compound was tested for the binding affinity against 5-hydroxytryptamine 2C receptor using [3H]Mesulergine as radiol
cid:5202,5202,Serotonin,,chembl,Ki,100.0,nM,=,CHEMBL5017,The compound was tested for the binding affinity against 5-hydroxytryptamine 4 receptor using [3H]GR-113808 as radioliga
cid:5202,5202,Serotonin,,chembl,Ki,250.0,nM,=,CHEMBL3426,Binding affinity for rodent 5-hydroxytryptamine 5A receptor
cid:5202,5202,Serotonin,,chembl,Ki,126.0,nM,=,CHEMBL3426,Binding affinity towards human 5-hydroxytryptamine 5A receptor was evaluated using [3H]-5-CT as radioligand
cid:5202,5202,Serotonin,,chembl,Ki,150.0,nM,=,CHEMBL3597,Binding affinity towards mouse 5-hydroxytryptamine 5A receptor
cid:5202,5202,Serotonin,,chembl,Ki,10.0,nM,=,CHEMBL3223,Binding affinity towards rat 5-hydroxytryptamine 7 receptor
cid:5202,5202,Serotonin,,chembl,Ki,4.0,nM,=,CHEMBL3155,Binding affinity of compound towards rodent 5-hydroxytryptamine 7 receptor
cid:5202,5202,Serotonin,,chembl,Ki,65.0,nM,=,CHEMBL3371,Binding affinity towards human 5-hydroxytryptamine 6 receptor was evaluated using [3H]-LSD as radioligand
cid:5202,5202,Serotonin,,chembl,Ki,8.1,nM,=,CHEMBL3155,Displacement of [3H]5-HT from human 5-hydroxytryptamine 7 receptor
cid:5202,5202,Serotonin,,chembl,Ki,1.7,nM,=,CHEMBL273,Binding affinity towards 5-hydroxytryptamine 1A receptor
cid:5202,5202,Serotonin,,chembl,Ki,5.4,nM,=,CHEMBL3459,Evaluated for binding affinity towards 5-hydroxytryptamine 1B receptor
cid:5202,5202,Serotonin,,chembl,EC50,158.49,nM,=,CHEMBL374,Functional activity was determined by the contraction of New Zealand white rabbit saphenous vein.
cid:5202,5202,Serotonin,,chembl,EC50,11.0,nM,=,CHEMBL224,Functional activity against human 5-hydroxytryptamine 2A receptor expressed in CHO cells using fluorometric imaging plat
cid:5202,5202,Serotonin,,chembl,EC50,1.5,nM,=,CHEMBL1833,Functional activity against human 5-hydroxytryptamine 2B receptor expressed in CHO cells using fluorometric imaging plat
cid:5202,5202,Serotonin,,chembl,EC50,1.7,nM,=,CHEMBL225,Functional activity against human 5-hydroxytryptamine 2C receptor expressed in CHO cells using fluorometric imaging plat
cid:5202,5202,Serotonin,,chembl,EC50,30.0,nM,=,CHEMBL1898,Inhibition of Forskolin-stimulated adenylate cyclase activity against 5-hydroxytryptamine 1A receptor of guinea pig hipp
cid:5202,5202,Serotonin,,chembl,EC50,26.0,nM,=,CHEMBL3459,Inhibition of Forskolin-stimulated adenylate cyclase activity against 5-hydroxytryptamine 1B receptor of rat substantia 
cid:5202,5202,Serotonin,,chembl,EC50,16.0,nM,=,CHEMBL2304407,Inhibition of Forskolin-stimulated adenylate cyclase activity against 5-hydroxytryptamine 1D receptor of guinea pig subs
cid:5202,5202,Serotonin,,chembl,EC50,158.49,nM,=,CHEMBL374,Serotonergic activity was assessed in vitro on the New Zealand white rabbit saphenous vein preparation
cid:5202,5202,Serotonin,,chembl,EC50,5.0,nM,=,CHEMBL5017,"5-hydroxytryptamine 4 receptor agonist activity, concentration which gave 50% increase in the response to electrically-s"
cid:5202,5202,Serotonin,,chembl,EC50,10.0,nM,=,CHEMBL273,Inhibition of forskolin stimulated adenylate cyclase at 5-hydroxytryptamine 1A receptor
cid:5202,5202,Serotonin,,chembl,EC50,5.2,nM,=,CHEMBL5450,Inhibition of forskolin stimulated adenylate cyclase at 5-hydroxytryptamine 1D receptor
cid:5202,5202,Serotonin,,chembl,EC50,12000.0,nM,=,CHEMBL2411,Response at rat 5-hydroxytryptamine 3a receptor expressed in xenopus oocytes
cid:5202,5202,Serotonin,,chembl,EC50,977.24,nM,=,CHEMBL376,Tested for effective concentration against 5-HT mediated depolarization of isolated rat vagus nerve
cid:5202,5202,Serotonin,,chembl,EC50,6.31,nM,=,CHEMBL4317,5-hydroxytryptamine 4 receptor agonist activity in the rat esophageal muscularis mucosae
cid:5202,5202,Serotonin,,chembl,EC50,4.82,nM,=,CHEMBL1898,Inhibition of forskolin-stimulated c-AMP formation by human 5-hydroxytryptamine 1B receptor expressed in CHO-K1 cells
cid:5202,5202,Serotonin,,chembl,Kd,9690.0,nM,=,CHEMBL2056,Equilibrium dissociation constant against recombinant Dopamine receptor D1A expressed in COS7 cells
cid:5202,5202,Serotonin,,chembl,Kd,3.98,nM,=,CHEMBL3155,Displacement of [3H]5-HT from human 5HT7 receptor transfected in CFO-K1 cells after 30 mins by liquid scintillation spec
cid:36511,36511,Substance P,,chembl,IC50,0.12,nM,=,CHEMBL4027,Inhibition of [125]I-Bolton Hunter Substance P([125]I-BHSP) binding to standard Tachykinin receptor 1 from rat forebrain
cid:36511,36511,Substance P,,chembl,IC50,0.64,nM,=,CHEMBL4027,Concentration required to inhibit the specific binding of [125I]BH-SP to Neurokinin-1 (NK-1) receptor in rat brain synap
cid:36511,36511,Substance P,,chembl,IC50,200.0,nM,=,CHEMBL4554,Concentration required to inhibit the specific binding of [125I]NKA to Neurokinin-2 (NK-2) receptor in rat duodenum memb
cid:36511,36511,Substance P,,chembl,IC50,130.0,nM,=,CHEMBL3154,Concentration required to inhibit the specific binding of [125I]BH-ELE to Neurokinin-3 (NK-3) receptor in rat brain syna
cid:36511,36511,Substance P,,chembl,IC50,1.6,nM,=,CHEMBL369,Concentration required to inhibit nonspecific binding of [125I]-BH-SP to guinea pig membranes
cid:36511,36511,Substance P,,chembl,IC50,1.4,nM,=,CHEMBL249,"Tested for binding affinity against human wild type NK1 receptor expressed in CHO cells, using [125]SP as radioligand."
cid:36511,36511,Substance P,,chembl,IC50,1.7,nM,=,CHEMBL249,"Tested for binding affinity against Q165A mutant NK1 receptor expressed in CHO cells, using [125]SP as radioligand"
cid:36511,36511,Substance P,,chembl,IC50,0.9,nM,=,CHEMBL249,Tested for binding affinity against H197A mutant NK1 receptor using [125]SP radioligand in COS cells.
cid:36511,36511,Substance P,,chembl,IC50,1.1,nM,=,CHEMBL249,Tested for binding affinity against H265A mutant NK1 receptor using [125]SP radioligand in COS cells.
cid:36511,36511,Substance P,,chembl,IC50,0.24,nM,=,CHEMBL249,Compound was evaluated for the antagonistic activity against NK1 receptor
cid:36511,36511,Substance P,,chembl,IC50,0.12,nM,=,CHEMBL4027,"Binding affinity for tachykinin receptor 1 from rat forebrain tissue, [125I]-BH-SP as radioligand"
cid:36511,36511,Substance P,,chembl,IC50,0.12,nM,=,CHEMBL4027,Inhibition of Tachykinin receptor 1 of rat forebrain tissue
cid:36511,36511,Substance P,,chembl,IC50,1.5,nM,=,CHEMBL4027,"Affinity for rat Tachykinin receptor 1 determined in displacement screening by using radioligand 3,4-[3H]-(L-Pro e2) SP."
cid:36511,36511,Substance P,,chembl,IC50,148.0,nM,=,CHEMBL2304405,Competitive inhibition of [125I]NKA binding to hamster urinary bladder Tachykinin receptor 2
cid:36511,36511,Substance P,,chembl,IC50,0.26,nM,=,CHEMBL249,Inhibitory activity against binding of [125I]Bolton-Hunter SP to tachykinin NK-1 receptor in human lymphoma IM9 cells.
cid:36511,36511,Substance P,,chembl,Ki,1.6,nM,=,CHEMBL249,Compound was evaluated for affinity towards human tachykinin NK-1 receptor expressed in CHO cells
cid:36511,36511,Substance P,,chembl,Ki,50.5,nM,=,CHEMBL3942,Evaluated for the binding affinity against NK1 receptor
cid:36511,36511,Substance P,,chembl,Ki,102.0,nM,=,CHEMBL2327,The compound was tested for competition binding with [3H]NKA against the CHO cells from cloned human Tachykinin receptor
cid:36511,36511,Substance P,,chembl,Ki,30000.0,nM,>,CHEMBL2111386,Ability to inhibit the binding of [3H]N6-phenylisopropyl adenosine to adenosine receptor in rat cerebral cortex membrane
cid:36511,36511,Substance P,,chembl,Ki,1.1,nM,=,CHEMBL4027,Ability to inhibit the binding of [125I]physalaemin to the SP receptors in rat telencephalon slices
cid:36511,36511,Substance P,,chembl,EC50,1.0,nM,=,CHEMBL3942,Agonistic activity at tachykinin receptor 1 receptor in guinea pig ileum longitudinal smooth muscle
cid:36511,36511,Substance P,,chembl,EC50,1.0,nM,=,CHEMBL4554,Agonist activity at tachykinin receptor 2 in the rat colon muscularis mucosae
cid:36511,36511,Substance P,,chembl,EC50,4.91,nM,=,CHEMBL3942,Agonistic activity at neurokinin-1 (NK-1) receptor in guinea pig ileum longitudinal smooth muscle
cid:36511,36511,Substance P,,chembl,EC50,167.4,nM,=,CHEMBL4554,Agonist activity was measured at neurokinin-2 receptor in the rat colon muscularis mucosae
cid:36511,36511,Substance P,,chembl,EC50,2.5,nM,=,CHEMBL369,Effective concentration required for its inhibition of nonspecific binding to guinea pig membranes
cid:36511,36511,Substance P,,chembl,EC50,5.6,nM,=,CHEMBL3942,In vitro agonistic activity against tachykinin receptor 1 of guinea pig ileum longitudinal smooth muscle.
cid:36511,36511,Substance P,,chembl,EC50,167.0,nM,=,CHEMBL4554,In vitro agonistic activity against tachykinin receptor 2 of rat colon muscularis mucosae.
cid:36511,36511,Substance P,,chembl,EC50,7500.0,nM,=,CHEMBL3154,In vitro agonistic activity against tachykinin receptor 3 of everted rat protal vein.
cid:36511,36511,Substance P,,chembl,EC50,1.0,nM,=,CHEMBL613853,Compound was evaluated for the inhibition of IPs hydrolysis on intact CHO cells expressing the human tachykinin NK-1 rec
cid:36511,36511,Substance P,,chembl,EC50,8.0,nM,=,CHEMBL613853,Compound was evaluated for the inhibition of cAMP formation on intact CHO cells expressing the human tachykinin NK-1 rec
cid:36511,36511,Substance P,,chembl,EC50,2.0,nM,=,CHEMBL369,Relative activity was measured in vitro with respect to substance P (SP) in guinea pig ileum
cid:36511,36511,Substance P,,chembl,EC50,200.0,nM,=,CHEMBL376,Relative activity was measured in vitro with respect to substance P (SP) in rat colon muscularis mucosae
cid:36511,36511,Substance P,,chembl,EC50,0.61,nM,=,CHEMBL374,Ability to stimulate contraction of the rabbit iris sphincter smooth muscle using smooth muscle contraction assay
cid:36511,36511,Substance P,,chembl,EC50,1.0,nM,=,CHEMBL249,Agonist activity at bfSPR to produce increase in intracellular [Ca2+]
cid:36511,36511,Substance P,,chembl,EC50,0.6,nM,=,CHEMBL249,SP-induced [Ca2+] mobilization in CHO cells expressing human Tachykinin receptor 1
cid:41693,41693,Sufentanil,Anilidopiperidine,chembl,IC50,2.3,nM,=,CHEMBL2094129,Displacement of [3H]nalotrexone from rat-brain Opioid receptors
cid:41693,41693,Sufentanil,Anilidopiperidine,chembl,IC50,4500.0,nM,=,CHEMBL4302,TP_TRANSPORTER: inhibition of Digoxin transepithelial transport (basal to apical) (Digoxin: 5 uM) in Caco-2 cells
cid:41693,41693,Sufentanil,Anilidopiperidine,chembl,IC50,19360.0,nM,=,CHEMBL5685,Inhibition of human OCT1 expressed in HEK293 cells assessed as reduction in ASP+ substrate uptake by microplate reader b
cid:41693,41693,Sufentanil,Anilidopiperidine,chembl,IC50,0.4,nM,=,CHEMBL270,Displacement of [3H]DAMGO from rat brain mu opioid receptor incubated for 60 mins by microbeta scintillation counting me
cid:41693,41693,Sufentanil,Anilidopiperidine,chembl,IC50,2077.0,nM,=,CHEMBL4153,Displacement of [3H]pentazocine from LAL/HA/BR guinea pig brain sigma1 receptor incubated for 90 mins by liquid scintill
cid:41693,41693,Sufentanil,Anilidopiperidine,chembl,IC50,20000.0,nM,>,CHEMBL4303835,Antiviral activity determined as inhibition of SARS-CoV-2 induced cytotoxicity of VERO-6 cells at 10 uM after 48 hours e
cid:41693,41693,Sufentanil,Anilidopiperidine,chembl,IC50,19952.62,nM,>,CHEMBL4303835,Antiviral activity determined as inhibition of SARS-CoV-2 induced cytotoxicity of VERO-6 cells at 10 uM after 48 hours e
cid:41693,41693,Sufentanil,Anilidopiperidine,chembl,Ki,0.22,nM,=,CHEMBL270,Ability to displace [3H]naloxone from the Opioid receptor mu 1 isolated from the rat brain membranes.
cid:41693,41693,Sufentanil,Anilidopiperidine,chembl,Ki,0.02,nM,=,CHEMBL2094129,In vitro affinity to displace [3H]naloxone from opiate receptor in freshly prepared rat brain homogenates
cid:41693,41693,Sufentanil,Anilidopiperidine,chembl,Ki,7.8,nM,=,CHEMBL233,Displacement of [3H]DAMGO from MOR (unknown origin) extracted from HEK293 cell membrane incubated for 90 mins at pH 7.4
cid:41693,41693,Sufentanil,Anilidopiperidine,chembl,EC50,7.43,nM,=,CHEMBL369,Inhibition of electrically evoked contraction in guinea pig ileum determined in vitro
cid:41693,41693,Sufentanil,Anilidopiperidine,chembl,EC50,1.3,nM,=,CHEMBL233,Agonist activity at human mu opioid receptor expressed in CHO cell membranes after 1 hr by [35S]-GTPgammaS binding assay
cid:41693,41693,Sufentanil,Anilidopiperidine,chembl,EC50,1.5,nM,=,CHEMBL233,Agonist activity at human mu opioid receptor expressed in human U2OS cells co-transfected with beta-arrestin-2 assessed 
cid:31014,31014,TMA-2,Substituted_amphetamines,chembl,Ki,46400.0,nM,=,CHEMBL2095159,Evaluated for binding affinity towards rat cortical membranes at 5-hydroxytryptamine 1 receptor binding site by using [3
cid:31014,31014,TMA-2,Substituted_amphetamines,chembl,Ki,1650.0,nM,=,CHEMBL2093870,Binding affinity to rat cortical membranes at 5-hydroxytryptamine 2 (5-HT2) receptor using [3H]KET as a radioligand
cid:31014,31014,TMA-2,Substituted_amphetamines,chembl,Ki,1250.0,nM,=,CHEMBL2093870,Binding affinity against 5-hydroxytryptamine 2 receptor of rat frontal cortex using [3H]ketanserin radioligand
cid:31014,31014,TMA-2,Substituted_amphetamines,chembl,Ki,2666.0,nM,=,CHEMBL324,Binding affinity towards 5-hydroxytryptamine 1C receptor from frontal cortical regions of male Sprague-Dawley rat homoge
cid:31014,31014,TMA-2,Substituted_amphetamines,chembl,Ki,1250.0,nM,=,CHEMBL2093870,Binding affinity towards 5-hydroxytryptamine 2 receptor from frontal cortical regions of male Sprague-Dawley rat homogen
cid:31014,31014,TMA-2,Substituted_amphetamines,chembl,Ki,1200.0,nM,=,CHEMBL322,Binding affinity towards 5-hydroxytryptamine 2A receptor sites by using [3H]ketanserin as radioligand
cid:31014,31014,TMA-2,Substituted_amphetamines,chembl,Ki,1200.0,nM,=,CHEMBL224,Displacement of [3H]ketanserin from 5HT2A receptor expressed in NIH3T3 cells
cid:31014,31014,TMA-2,Substituted_amphetamines,chembl,Ki,1200.0,nM,=,CHEMBL322,Displacement of [3H]ketanserin from 5HT2A in Sprague-Dawley rat cortex membranes measured after 15 mins
cid:31014,31014,TMA-2,Substituted_amphetamines,chembl,Ki,81.0,nM,=,CHEMBL322,Displacement of [3H]DOB from 5HT2A in Sprague-Dawley rat cortex membranes measured after 15 mins by scintillation counti
cid:31014,31014,TMA-2,Substituted_amphetamines,chembl,Ki,57.9,nM,=,CHEMBL224,Displacement of [125I]DOI from recombinant human 5HT2A expressed in Syrian hamster AV12 cell membranes
cid:31014,31014,TMA-2,Substituted_amphetamines,chembl,Kd,154.88,nM,=,CHEMBL2094123,Affinity against 5-hydroxytryptamine receptors in rat fundus model
cid:31014,31014,TMA-2,Substituted_amphetamines,chembl,Kd,154.88,nM,=,CHEMBL2094123,Binding affinity at rat 5-hydroxytryptamine receptor.
cid:31014,31014,TMA-2,Substituted_amphetamines,chembl,Kd,154.88,nM,=,CHEMBL323,Affinity against 5-hydroxytryptamine 2B receptor in the isolated rat stomach fundus
cid:31014,31014,TMA-2,Substituted_amphetamines,chembl,Kd,154.88,nM,=,CHEMBL2094123,Competitive antagonist activity at 5-HT serotonin receptor in Sprague-Dawley rat stomach fundus model assessed as inhibi
cid:31015,31015,TMA-6,"Amphetamine, Substituted_amphetamines",chembl,IC50,400.0,nM,=,CHEMBL3358,Inhibitory concentration against monoamine oxidase A in rat brain mitochondrial suspension
cid:31015,31015,TMA-6,"Amphetamine, Substituted_amphetamines",chembl,Kd,524.81,nM,=,CHEMBL2094123,Affinity against 5-hydroxytryptamine receptors in rat fundus model
cid:31015,31015,TMA-6,"Amphetamine, Substituted_amphetamines",chembl,Kd,524.81,nM,=,CHEMBL323,Affinity against 5-hydroxytryptamine 2B receptor in the isolated rat stomach fundus
cid:9838022,9838022,Tapentadol,Phenylpropylamine,chembl,IC50,21890.0,nM,=,CHEMBL5685,Inhibition of human OCT1 expressed in HEK293 cells assessed as reduction in ASP+ substrate uptake by microplate reader b
cid:9838022,9838022,Tapentadol,Phenylpropylamine,chembl,IC50,20000.0,nM,>,CHEMBL4303835,Antiviral activity determined as inhibition of SARS-CoV-2 induced cytotoxicity of VERO-6 cells at 10 uM after 48 hours e
cid:9838022,9838022,Tapentadol,Phenylpropylamine,chembl,IC50,19952.62,nM,>,CHEMBL4303835,Antiviral activity determined as inhibition of SARS-CoV-2 induced cytotoxicity of VERO-6 cells at 10 uM after 48 hours e
cid:9838022,9838022,Tapentadol,Phenylpropylamine,chembl,Ki,160.0,nM,=,CHEMBL233,Displacement of [3H]DAMGO from human mu opioid receptor expressed in HEK-293 cells by scintillation counting
cid:9838022,9838022,Tapentadol,Phenylpropylamine,chembl,EC50,670.0,nM,=,CHEMBL233,Agonist activity at human mu opioid receptor expressed in CHO cells assessed as inhibition of forskolin-induced cAMP acc
cid:5391,5391,Temazepam,Benzodiazepines,chembl,IC50,62517269.28,nM,=,CHEMBL5742,Binding affinity of compound towards Benzodiazepine receptor in a competition assay
cid:5391,5391,Temazepam,Benzodiazepines,chembl,IC50,62517269.28,nM,=,CHEMBL2093872,Binding affinity towards benzodiazepine/GABA A receptor.
cid:5391,5391,Temazepam,Benzodiazepines,chembl,IC50,20000.0,nM,>,CHEMBL4303835,Antiviral activity determined as inhibition of SARS-CoV-2 induced cytotoxicity of VERO-6 cells at 10 uM after 48 hours e
cid:5391,5391,Temazepam,Benzodiazepines,chembl,IC50,19952.62,nM,>,CHEMBL4303835,Antiviral activity determined as inhibition of SARS-CoV-2 induced cytotoxicity of VERO-6 cells at 10 uM after 48 hours e
cid:5391,5391,Temazepam,Benzodiazepines,chembl,Ki,217000.0,nM,=,CHEMBL612545,Inhibition of 4-methylumbelliferone glucuronidation by human UGT enzymes from liver microsomes
cid:5391,5391,Temazepam,Benzodiazepines,chembl,Ki,580000.0,nM,=,CHEMBL612545,Inhibition of AZT glucuronidation by human UGT enzymes from liver microsomes
cid:16078,16078,Tetrahydrocannabinol,,chembl,IC50,5.8,nM,=,CHEMBL3571,Concentration of compound required to inhibit 50% of [3H]WIN-55212 binding to Cannabinoid receptor 1 in rat cerebellum m
cid:16078,16078,Tetrahydrocannabinol,,chembl,IC50,4.0,nM,=,CHEMBL375,Concentration required to inhibit electrically induced contractions in isolated mouse vas deferens preparation in vitro
cid:16078,16078,Tetrahydrocannabinol,,chembl,IC50,5.8,nM,=,CHEMBL2111385,Compound was evaluated for the inhibition of [3H]WIN-55212-2 binding in rat cerebellum membranes
cid:16078,16078,Tetrahydrocannabinol,,chembl,IC50,4.0,nM,=,CHEMBL375,In vitro inhibition of electrically induced contractions in isolated mouse vas deferens (MVD) preparations.
cid:16078,16078,Tetrahydrocannabinol,,chembl,IC50,218.0,nM,=,CHEMBL2111385,"The compound was tested in vitro for binding activity against THC cannabinoid receptor site, using 3H-CP-55940 as the ra"
cid:16078,16078,Tetrahydrocannabinol,,chembl,IC50,2.8,nM,=,CHEMBL218,Displacement of [3H]CP55940 from human recombinant CB1 receptor expressed in HEK293 cells after 90 mins
cid:16078,16078,Tetrahydrocannabinol,,chembl,IC50,9.5,nM,=,CHEMBL253,Displacement of [3H]CP55940 from human recombinant CB2 receptor expressed in HEK293 cells after 90 mins
cid:16078,16078,Tetrahydrocannabinol,,chembl,IC50,14200.0,nM,=,CHEMBL1075322,Antagonist activity at human GPR55 transfected in CHO cells assessed as inhibition of LPI-induced beta-arrestin recruitm
cid:16078,16078,Tetrahydrocannabinol,,chembl,IC50,5000.0,nM,=,CHEMBL400,Antiproliferative activity against human MDA-MB-231 cells after 72 hrs by MTT assay
cid:16078,16078,Tetrahydrocannabinol,,chembl,IC50,42000.0,nM,=,CHEMBL394,Cytotoxicity against human HCT116 cells assessed as reduction in cell viability incubated for 72 hrs by MTT assay
cid:16078,16078,Tetrahydrocannabinol,,chembl,IC50,63000.0,nM,=,CHEMBL614212,Cytotoxicity against human OVCAR cells assessed as reduction in cell viability incubated for 72 hrs by MTT assay
cid:16078,16078,Tetrahydrocannabinol,,chembl,IC50,45000.0,nM,=,CHEMBL392,Cytotoxicity against human A549 cells assessed as reduction in cell viability incubated for 72 hrs by MTT assay
cid:16078,16078,Tetrahydrocannabinol,,chembl,IC50,57000.0,nM,=,CHEMBL387,Cytotoxicity against human MCF7 cells assessed as reduction in cell viability incubated for 72 hrs by MTT assay
cid:16078,16078,Tetrahydrocannabinol,,chembl,IC50,65000.0,nM,=,CHEMBL390,Cytotoxicity against human PC3 cells assessed as reduction in cell viability incubated for 72 hrs by MTT assay
cid:16078,16078,Tetrahydrocannabinol,,chembl,IC50,59000.0,nM,=,CHEMBL395,Cytotoxicity against human HepG2 cells assessed as reduction in cell viability incubated for 72 hrs by MTT assay
cid:16078,16078,Tetrahydrocannabinol,,chembl,Ki,47.6,nM,=,CHEMBL3571,Compound was evaluated for its ability to displace specifically bound [3H]CP-55940 from a Cannabinoid receptor 1 enriche
cid:16078,16078,Tetrahydrocannabinol,,chembl,Ki,39.3,nM,=,CHEMBL5373,Compound was evaluated for its ability to displace specifically bound [3H]CP-55940 from a Cannabinoid receptor 2 enriche
cid:16078,16078,Tetrahydrocannabinol,,chembl,Ki,41.0,nM,=,CHEMBL218,Evaluated for its binding affinity towards Cannabinoid receptor 1 (CB1)
cid:16078,16078,Tetrahydrocannabinol,,chembl,Ki,41.0,nM,=,CHEMBL3037,Binding affinity for Cannabinoid receptor 1 in absence of phenylmethylsulfonyl fluoride (PMSF)
cid:16078,16078,Tetrahydrocannabinol,,chembl,Ki,66.5,nM,=,CHEMBL3571,Binding affinity for Cannabinoid receptor 1 using African green monkey (COS-7) cells transfected with the cDNA of rat br
cid:16078,16078,Tetrahydrocannabinol,,chembl,Ki,80.3,nM,=,CHEMBL3571,Binding to Cannabinoid receptor 1 using African green monkey (COS-7) cells transfected with the cDNA of rat CB1.
cid:16078,16078,Tetrahydrocannabinol,,chembl,Ki,32.2,nM,=,CHEMBL253,Binding affinity to Cannabinoid receptor 2 using African green monkey (COS-7) cells Chinese hamster ovary(CHO) cells tra
cid:16078,16078,Tetrahydrocannabinol,,chembl,Ki,41.0,nM,=,CHEMBL218,Binding affinity was determined for Cannabinoid receptor 1
cid:16078,16078,Tetrahydrocannabinol,,chembl,Ki,36.0,nM,=,CHEMBL253,Binding affinity was determined for Cannabinoid receptor 2
cid:16078,16078,Tetrahydrocannabinol,,chembl,Ki,46.0,nM,=,CHEMBL2111385,"Compound was evaluated for the competitive inhibition of [3H]3-(1,1-Dimethyl-heptyl)-9-hydroxymethyl-6,6-dimethyl-6a,7,8"
cid:16078,16078,Tetrahydrocannabinol,,chembl,Ki,41.0,nM,=,CHEMBL2096981,Binding affinity was determined in vitro against cannabinoid receptor by ability to displace [3H]CP-55940
cid:16078,16078,Tetrahydrocannabinol,,chembl,Ki,28.5,nM,=,CHEMBL218,Binding affinity towards Cannabinoid receptor 1 using CP-55940 as radioligand in HEK293 EBNA cells
cid:16078,16078,Tetrahydrocannabinol,,chembl,Ki,25.0,nM,=,CHEMBL253,Binding affinity towards Cannabinoid receptor 2 using CP-55940 as radioligand in HEK293 EBNA cells
cid:16078,16078,Tetrahydrocannabinol,,chembl,Ki,41.0,nM,=,CHEMBL218,Compound was evaluated for Pharmacological response in the Cannabinoid receptor 1
cid:16078,16078,Tetrahydrocannabinol,,chembl,Ki,36.0,nM,=,CHEMBL253,Ability to bind with Cannabinoid receptor 2 using [H]CP-55940 as radioligand from cloned human receptor preparation
cid:16078,16078,Tetrahydrocannabinol,,chembl,EC50,11.0,nM,=,CHEMBL3571,Effective concentration for inhibition of Cannabinoid receptor 1-mediated adenylyl cyclase activity using African green 
cid:16078,16078,Tetrahydrocannabinol,,chembl,EC50,199.53,nM,=,CHEMBL3571,Displacement of [35S]GTP-gamma-S from rat cerebellar CB1 receptor
cid:16078,16078,Tetrahydrocannabinol,,chembl,EC50,1.5,nM,=,CHEMBL253,Agonist activity at cloned human CB2 receptor in Sf9 cells assessed as stimulation of [35S]GTPgammaS binding assay
cid:16078,16078,Tetrahydrocannabinol,,chembl,EC50,230.0,nM,=,CHEMBL5160,Agonist activity at rat TRPA1 channel expressed in HEK293 cells assessed as increase in intracellular calcium influx
cid:16078,16078,Tetrahydrocannabinol,,chembl,EC50,17.0,nM,=,CHEMBL218,Agonist activity at human CB1 receptor expressed in HEK293 EBNA cells by [35S]GTPgamma binding assay
cid:16078,16078,Tetrahydrocannabinol,,chembl,EC50,4610.0,nM,=,CHEMBL2384898,Agonist activity at human GPR18 transfected in CHO cells after 90 mins by beta-arrestin translocation assay
cid:16078,16078,Tetrahydrocannabinol,,chembl,EC50,4610.0,nM,=,CHEMBL2384898,Agonist activity at human GPR18 expressed in CHO cells assessed as induction of beta-arrestin recruitment by beta-galact
cid:16078,16078,Tetrahydrocannabinol,,chembl,EC50,960.0,nM,=,CHEMBL2384898,Agonist activity at human GPR18 expressed in HEK203 cells by MAP kinase assay
cid:16078,16078,Tetrahydrocannabinol,,chembl,EC50,14200.0,nM,=,CHEMBL1075322,Agonist activity at human GPR55 expressed in CHO cells assessed as induction of LPI-induced beta-arrestin recruitment by
cid:16078,16078,Tetrahydrocannabinol,,chembl,EC50,12.3,nM,=,CHEMBL253,Partial agonist activity at human cannabinoid CB2 receptor expressed in CHO-K1 cells assessed as [S35]GTPgammaS binding 
cid:16078,16078,Tetrahydrocannabinol,,chembl,EC50,77.5,nM,=,CHEMBL218,Partial agonist activity at human cannabinoid CB1 receptor expressed in CHO-K1 cells assessed as [S35]GTPgammaS binding 
cid:16078,16078,Tetrahydrocannabinol,,chembl,EC50,1300.0,nM,=,CHEMBL5845,Potentiation of human GlyR-alpha1 expressed in Xenopus laevis oocytes assessed as induction of glycine-activated current
cid:16078,16078,Tetrahydrocannabinol,,chembl,EC50,31600.0,nM,=,CHEMBL3401,Activation of human PXR expressed in human HepG2 (DPX-2) cells after 24 hrs by luciferase reporter gene based luminescen
cid:16078,16078,Tetrahydrocannabinol,,chembl,EC50,12600.0,nM,=,CHEMBL3401,Activation of human PXR expressed in human HepG2 (DPX-2) cells assessed as induction of CYP3A4 after 24 hrs by luminesce
cid:16078,16078,Tetrahydrocannabinol,,chembl,EC50,12600.0,nM,=,CHEMBL3401,Competitive binding affinity to human PXR LBD (111 to 434) by TR-FRET assay
cid:75324,75324,Theacrine,"Xanthines, Purine_alkaloid",chembl,IC50,121000.0,nM,=,CHEMBL612545,Inhibition of Escherichia coli recombinant N-terminal hexahistidine-tagged CTP synthetase expressed in Escherichia coli 
cid:75324,75324,Theacrine,"Xanthines, Purine_alkaloid",chembl,IC50,79000.0,nM,=,CHEMBL612545,Inhibition of Escherichia coli recombinant N-terminal hexahistidine-tagged CTP synthetase expressed in Escherichia coli 
cid:68870,68870,Tianeptine,"Dibenzothiazepine, Antidepressants",chembl,IC50,,,,CHEMBL3199,Inhibition of Wistar rat brain AChE using acetylthiochloline iodide as substrate after 30 mins by Ellman's method
cid:68870,68870,Tianeptine,"Dibenzothiazepine, Antidepressants",chembl,IC50,,,,CHEMBL1914,Inhibition of human plasma BuChE using S-butyrylthiocholine iodide as substrate after 30 mins by Ellman's method
cid:5487,5487,Tizanidine,"Imidazoline, Arylaminoimidazoline",chembl,IC50,135000.0,nM,>,CHEMBL6020,Inhibition of human BSEP expressed in fall armyworm sf9 cell plasma membrane vesicles assessed as reduction in vesicle-a
cid:5487,5487,Tizanidine,"Imidazoline, Arylaminoimidazoline",chembl,IC50,133000.0,nM,>,CHEMBL6020,Inhibition of human BSEP overexpressed in Sf9 cell membrane vesicles assessed as uptake of [3H]-taurocholate in presence
cid:5487,5487,Tizanidine,"Imidazoline, Arylaminoimidazoline",chembl,IC50,133000.0,nM,>,CHEMBL5748,Inhibition of human MRP2 overexpressed in Sf9 cell membrane vesicles assessed as uptake of [3H]-estradiol-17beta-D-glucu
cid:5487,5487,Tizanidine,"Imidazoline, Arylaminoimidazoline",chembl,IC50,133000.0,nM,>,CHEMBL5918,Inhibition of human MRP3 overexpressed in Sf9 insect cell membrane vesicles assessed as uptake of [3H]-estradiol-17beta-
cid:5487,5487,Tizanidine,"Imidazoline, Arylaminoimidazoline",chembl,IC50,133000.0,nM,>,CHEMBL1743128,Inhibition of human MRP4 overexpressed in Sf9 cell membrane vesicles assessed as uptake of [3H]-estradiol-17beta-D-glucu
cid:5487,5487,Tizanidine,"Imidazoline, Arylaminoimidazoline",chembl,IC50,20000.0,nM,>,CHEMBL4303835,Antiviral activity determined as inhibition of SARS-CoV-2 induced cytotoxicity of VERO-6 cells at 10 uM after 48 hours e
cid:5487,5487,Tizanidine,"Imidazoline, Arylaminoimidazoline",chembl,IC50,19952.62,nM,>,CHEMBL4303835,Antiviral activity determined as inhibition of SARS-CoV-2 induced cytotoxicity of VERO-6 cells at 10 uM after 48 hours e
cid:5487,5487,Tizanidine,"Imidazoline, Arylaminoimidazoline",chembl,Ki,117.9,nM,=,CHEMBL612545,Displacement of [125I]PIC from human alpha2 adrenoceptors expressed in CHO cells
cid:5487,5487,Tizanidine,"Imidazoline, Arylaminoimidazoline",chembl,Ki,28.31,nM,=,CHEMBL3923,Displacement of [125I]PIC from human imidazoline receptor 1 in human platelets analyzed under norepinephrine mask of alp
cid:5487,5487,Tizanidine,"Imidazoline, Arylaminoimidazoline",chembl,Ki,28.3,nM,=,CHEMBL3923,Displacement of [125I]PIC from human imidazoline receptor 1 in human platelets analyzed under norepinephrine mask of alp
cid:5487,5487,Tizanidine,"Imidazoline, Arylaminoimidazoline",chembl,EC50,86.0,nM,=,CHEMBL1867,Agonist activity at human recombinant alpha-2A receptor expressed in PC12 cells assessed as inhibition of forskolin-stim
cid:5487,5487,Tizanidine,"Imidazoline, Arylaminoimidazoline",chembl,EC50,1231.0,nM,=,CHEMBL1916,Agonist activity at human recombinant alpha-2C receptor expressed in PC12 cells assessed as inhibition of forskolin-stim
cid:5487,5487,Tizanidine,"Imidazoline, Arylaminoimidazoline",chembl,EC50,264.0,nM,=,CHEMBL4892,Agonist activity at bovine recombinant alpha-1A receptor expressed in HEK293 cells coexpressing Gag-pol assessed as incr
cid:5487,5487,Tizanidine,"Imidazoline, Arylaminoimidazoline",chembl,EC50,322.0,nM,=,CHEMBL3988626,Agonist activity at hamster recombinant alpha-1B receptor expressed in HEK293 cells coexpressing Gag-pol assessed as inc
cid:33741,33741,Tramadol,Phenylpropylamine,chembl,IC50,88760.0,nM,=,CHEMBL5685,Inhibition of human OCT1 expressed in HEK293 cells assessed as reduction in ASP+ substrate uptake by microplate reader b
cid:33741,33741,Tramadol,Phenylpropylamine,chembl,Ki,2400.0,nM,=,CHEMBL233,Displacement of [3H]naloxone from human MOR expressed in CHO-K1 cell membranes after 60 mins by microbeta scintillation 
cid:33741,33741,Tramadol,Phenylpropylamine,chembl,Ki,10000.0,nM,>,CHEMBL237,Displacement of [3H]U69593 from human KOR expressed in CHO cell membranes after 60 mins
cid:33741,33741,Tramadol,Phenylpropylamine,chembl,Ki,10000.0,nM,>,CHEMBL236,Displacement of [3H]DPDPE from human DOR expressed in CHO cell membranes after 60 mins
cid:33741,33741,Tramadol,Phenylpropylamine,chembl,EC50,1000.0,nM,=,CHEMBL233,Agonist activity at human MOR expressed in CHO cell membranes after 60 mins by [35S]GTP-gamma-S binding assay
cid:5572,5572,Trihexyphenidyl,,chembl,IC50,,,,CHEMBL220,DRUGMATRIX: Acetylcholinesterase enzyme inhibition (substrate: acetylthiocholine)
cid:5572,5572,Trihexyphenidyl,,chembl,IC50,,,,CHEMBL226,DRUGMATRIX: Adenosine A1 radioligand binding (ligand: DPCPX)
cid:5572,5572,Trihexyphenidyl,,chembl,IC50,,,,CHEMBL251,DRUGMATRIX: Adenosine A2A radioligand binding (ligand: AB-MECA)
cid:5572,5572,Trihexyphenidyl,,chembl,IC50,,,,CHEMBL256,DRUGMATRIX: Adenosine A3 radioligand binding (ligand: AB-MECA)
cid:5572,5572,Trihexyphenidyl,,chembl,IC50,,,,CHEMBL612545,DRUGMATRIX: Sodium/nucleoside co-transporter radioligand binding (ligand: nitrobenzylthioinosine)
cid:5572,5572,Trihexyphenidyl,,chembl,IC50,,,,CHEMBL319,DRUGMATRIX: Alpha-1A adrenergic receptor radioligand binding (ligand: prazosin)
cid:5572,5572,Trihexyphenidyl,,chembl,IC50,,,,CHEMBL315,DRUGMATRIX: Alpha-1B adrenergic receptor radioligand binding (ligand: prazosin)
cid:5572,5572,Trihexyphenidyl,,chembl,IC50,,,,CHEMBL223,DRUGMATRIX: Alpha-1D adrenergic receptor radioligand binding (ligand: prazosin)
cid:5572,5572,Trihexyphenidyl,,chembl,IC50,,,,CHEMBL1867,DRUGMATRIX: Alpha-2A adrenergic receptor radioligand binding (ligand: MK-912)
cid:5572,5572,Trihexyphenidyl,,chembl,IC50,,,,CHEMBL1942,DRUGMATRIX: Alpha-2B adrenergic receptor radioligand binding (ligand: Rauwolscine)
cid:5572,5572,Trihexyphenidyl,,chembl,IC50,,,,CHEMBL1916,DRUGMATRIX: Adrenergic Alpha-2C radioligand binding (ligand: [3H] MK-912)
cid:5572,5572,Trihexyphenidyl,,chembl,IC50,,,,CHEMBL213,DRUGMATRIX: Adrenergic beta1 radioligand binding (ligand: [125I] Cyanopindolol)
cid:5572,5572,Trihexyphenidyl,,chembl,IC50,,,,CHEMBL210,DRUGMATRIX: Adrenergic beta2 radioligand binding (ligand: [3H] CGP-12177)
cid:5572,5572,Trihexyphenidyl,,chembl,IC50,,,,CHEMBL246,DRUGMATRIX: Adrenergic beta3 radioligand binding (ligand: [125I] Cyanopindolol)
cid:5572,5572,Trihexyphenidyl,,chembl,IC50,,,,CHEMBL222,DRUGMATRIX: Norepinephrine Transporter radioligand binding (ligand: [125I] RTI-55)
cid:5572,5572,Trihexyphenidyl,,chembl,Ki,,,,CHEMBL220,DRUGMATRIX: Acetylcholinesterase enzyme inhibition (substrate: acetylthiocholine)
cid:5572,5572,Trihexyphenidyl,,chembl,Ki,,,,CHEMBL226,DRUGMATRIX: Adenosine A1 radioligand binding (ligand: DPCPX)
cid:5572,5572,Trihexyphenidyl,,chembl,Ki,,,,CHEMBL251,DRUGMATRIX: Adenosine A2A radioligand binding (ligand: AB-MECA)
cid:5572,5572,Trihexyphenidyl,,chembl,Ki,,,,CHEMBL256,DRUGMATRIX: Adenosine A3 radioligand binding (ligand: AB-MECA)
cid:5572,5572,Trihexyphenidyl,,chembl,Ki,,,,CHEMBL612545,DRUGMATRIX: Sodium/nucleoside co-transporter radioligand binding (ligand: nitrobenzylthioinosine)
cid:5572,5572,Trihexyphenidyl,,chembl,Ki,,,,CHEMBL319,DRUGMATRIX: Alpha-1A adrenergic receptor radioligand binding (ligand: prazosin)
cid:5572,5572,Trihexyphenidyl,,chembl,Ki,,,,CHEMBL315,DRUGMATRIX: Alpha-1B adrenergic receptor radioligand binding (ligand: prazosin)
cid:5572,5572,Trihexyphenidyl,,chembl,Ki,,,,CHEMBL223,DRUGMATRIX: Alpha-1D adrenergic receptor radioligand binding (ligand: prazosin)
cid:5572,5572,Trihexyphenidyl,,chembl,Ki,,,,CHEMBL1867,DRUGMATRIX: Alpha-2A adrenergic receptor radioligand binding (ligand: MK-912)
cid:5572,5572,Trihexyphenidyl,,chembl,Ki,,,,CHEMBL1942,DRUGMATRIX: Alpha-2B adrenergic receptor radioligand binding (ligand: Rauwolscine)
cid:5572,5572,Trihexyphenidyl,,chembl,Ki,,,,CHEMBL1916,DRUGMATRIX: Adrenergic Alpha-2C radioligand binding (ligand: [3H] MK-912)
cid:5572,5572,Trihexyphenidyl,,chembl,Ki,,,,CHEMBL213,DRUGMATRIX: Adrenergic beta1 radioligand binding (ligand: [125I] Cyanopindolol)
cid:5572,5572,Trihexyphenidyl,,chembl,Ki,,,,CHEMBL210,DRUGMATRIX: Adrenergic beta2 radioligand binding (ligand: [3H] CGP-12177)
cid:5572,5572,Trihexyphenidyl,,chembl,Ki,,,,CHEMBL246,DRUGMATRIX: Adrenergic beta3 radioligand binding (ligand: [125I] Cyanopindolol)
cid:5572,5572,Trihexyphenidyl,,chembl,Ki,,,,CHEMBL222,DRUGMATRIX: Norepinephrine Transporter radioligand binding (ligand: [125I] RTI-55)
cid:6057,6057,Tyrosine,"Substituted_phenethylamines, Amino_acid",chembl,IC50,,,,CHEMBL2439,Inhibition of human recombinant MPO-mediated taurine chlorination after 5 mins by microplate assay
cid:6057,6057,Tyrosine,"Substituted_phenethylamines, Amino_acid",chembl,IC50,13000.0,nM,=,CHEMBL612545,Inhibition of Mycobacterium tuberculosis MTCC 300 DAH7PS expressed in Escherichia coli BL21 (DE3) using 25 to 125 uM PEP
cid:6057,6057,Tyrosine,"Substituted_phenethylamines, Amino_acid",chembl,IC50,68000.0,nM,=,CHEMBL4459,Cis-inhibition of human LAT1 expressed in TREx HEK293 cells at 200 uM assessed as inhibition of [3H]-gabapentin uptake p
cid:6057,6057,Tyrosine,"Substituted_phenethylamines, Amino_acid",chembl,IC50,60000.0,nM,>,CHEMBL1929,Determination of Xanthine Oxidase Inhibitory Activity of Aryl Benzofuran Amidated Derivatives and Reagents (Amino Deriva
cid:5732,5732,Zolpidem,Imidazopyridine,chembl,IC50,14.0,nM,=,CHEMBL1962,Inhibition of [3H]flumazenil binding to recombinant GABA-A receptor alpha-1 subunit in cerebellum
cid:5732,5732,Zolpidem,Imidazopyridine,chembl,IC50,130.0,nM,=,CHEMBL1962,Inhibition of [3H]flumazenil binding to recombinant GABA-A receptor alpha-1 subunit in spinal cord
cid:5732,5732,Zolpidem,Imidazopyridine,chembl,IC50,46.3,nM,=,CHEMBL2095172,Inhibition of [3H]flumazenil binding to recombinant GABA-A receptor alpha-1-beta-2-gamma-2 subunits
cid:5732,5732,Zolpidem,Imidazopyridine,chembl,IC50,10000.0,nM,>=,CHEMBL2095172,Inhibition of [3H]flumazenil binding to recombinant GABA-A receptor alpha-1-beta-2-gamma-2 subunits
cid:5732,5732,Zolpidem,Imidazopyridine,chembl,IC50,48.0,nM,=,CHEMBL1907607,Displacement of [3H]flunitrazepam from rat brain GABA-A Benzodiazepine receptor
cid:5732,5732,Zolpidem,Imidazopyridine,chembl,IC50,4700.0,nM,=,CHEMBL4552,Displacement of Ro 5-4864 from peripheral (renal cell) Benzodiazepine receptor
cid:5732,5732,Zolpidem,Imidazopyridine,chembl,IC50,20000.0,nM,>,CHEMBL4303835,Antiviral activity determined as inhibition of SARS-CoV-2 induced cytotoxicity of VERO-6 cells at 10 uM after 48 hours e
cid:5732,5732,Zolpidem,Imidazopyridine,chembl,IC50,19952.62,nM,>,CHEMBL4303835,Antiviral activity determined as inhibition of SARS-CoV-2 induced cytotoxicity of VERO-6 cells at 10 uM after 48 hours e
cid:5732,5732,Zolpidem,Imidazopyridine,chembl,IC50,37153.52,nM,=,CHEMBL240,Inhibition of human ERG expressed in CHO cells by automated patch clamp method
cid:5732,5732,Zolpidem,Imidazopyridine,chembl,Ki,19.0,nM,=,CHEMBL2095167,Binding affinity for rat GABA-A receptor alpha-1-beta-2-gamma-2 subunits expressed in HEK293 cells
cid:5732,5732,Zolpidem,Imidazopyridine,chembl,Ki,400.0,nM,=,CHEMBL2111343,Binding affinity for rat GABA-A receptor alpha-3-beta-2-gamma-2 subunits expressed in HEK293 cells
cid:5732,5732,Zolpidem,Imidazopyridine,chembl,Ki,10000.0,nM,>,CHEMBL612545,Binding affinity for rat GABA-A receptor alpha-4-beta-2-gamma-2 subunits expressed in HEK293 cells
cid:5732,5732,Zolpidem,Imidazopyridine,chembl,Ki,15000.0,nM,>,CHEMBL612545,Binding affinity for rat GABA-A receptor alpha-5--beta-2-gamma-2 subunits expressed in HEK293 cells
cid:5732,5732,Zolpidem,Imidazopyridine,chembl,Ki,10000.0,nM,>,CHEMBL2111365,Binding affinity for rat GABA-A receptor alpha-6-beta-2-gamma-2 subunits expressed in HEK293 cells
cid:5732,5732,Zolpidem,Imidazopyridine,chembl,Ki,10000.0,nM,>,CHEMBL2095167,Binding affinity for mutant rat GABA-A receptor alpha-1-(arg)-beta-2-gamma-2 subunits expressed in HEK293 cells
cid:5732,5732,Zolpidem,Imidazopyridine,chembl,Ki,76.0,nM,=,CHEMBL612545,Binding affinity for mutant rat GABA-A receptor alpha-4-(his)-beta-2-gamma-2 subunits expressed in HEK293 cells
cid:5732,5732,Zolpidem,Imidazopyridine,chembl,Ki,10000.0,nM,>,CHEMBL2111365,Binding affinity for mutant rat GABA-A receptor alpha-6-(his)-beta-2-gamma-2 subunits expressed in HEK293 cells
cid:5732,5732,Zolpidem,Imidazopyridine,chembl,Ki,10000.0,nM,>,CHEMBL2111365,"Binding affinity for mutant rat GABA-A receptor alpha-6-(his,thr)beta2gamma2 subunits expressed in HEK293 cells"
cid:5732,5732,Zolpidem,Imidazopyridine,chembl,Ki,980.0,nM,=,CHEMBL2111365,"Binding affinity for mutant rat GABA-A receptor alpha-6-(his,thr,gly)beta2gamma2 subunits expressed in HEK293 cells"
cid:5732,5732,Zolpidem,Imidazopyridine,chembl,Ki,1400.0,nM,=,CHEMBL2111365,"Binding affinity for mutant rat GABA-A receptor alpha-6-(his,thr,gly,val)beta2gamma2 subunits expressed in HEK293 cells"
cid:5732,5732,Zolpidem,Imidazopyridine,chembl,Ki,125.0,nM,=,CHEMBL612545,"Binding affinity to rat chimeric GABA-A receptor C6, alpha1-alpha6 chimeric subunit co-expressed with beta-2 gamma2 subu"
cid:5732,5732,Zolpidem,Imidazopyridine,chembl,Ki,48.0,nM,=,CHEMBL1907607,Binding affinity was determined by displacement of [3H]flumazenil from rat cortex homogenates
cid:5732,5732,Zolpidem,Imidazopyridine,chembl,Ki,27.0,nM,=,CHEMBL2094121,Binding affinity for human GABA-A receptor alpha-4-beta-3-gamma-2 subunits in L(tk-) cells
cid:5732,5732,Zolpidem,Imidazopyridine,chembl,Ki,160.0,nM,=,CHEMBL2094130,Binding affinity for human GABA-A receptor alpha-2-beta-3-gamma-2 subunits in L(tk-) cells
cid:5732,5732,Zolpidem,Imidazopyridine,chembl,EC50,198.0,nM,=,CHEMBL1962,"Effective concentration against gamma-aminobutyric acid (GABA) A receptor, alpha 1"
cid:5732,5732,Zolpidem,Imidazopyridine,chembl,EC50,737.0,nM,=,CHEMBL4956,"Effective concentration against gamma-aminobutyric acid (GABA) A receptor, alpha 2"
cid:5732,5732,Zolpidem,Imidazopyridine,chembl,EC50,3000.0,nM,>,CHEMBL3026,"Effective concentration against gamma-aminobutyric acid (GABA) A receptor, alpha 3"
cid:5732,5732,Zolpidem,Imidazopyridine,chembl,EC50,3000.0,nM,>,CHEMBL5112,"Effective concentration against Gamma-aminobutyric acid A receptor, alpha 5"
cid:5732,5732,Zolpidem,Imidazopyridine,chembl,EC50,180.0,nM,=,CHEMBL2111413,Potentiation of GABA-evoked Cl- currents in Xenopus oocytes expressing human alpha-2-beta-2-gamma-2 subunits
cid:5732,5732,Zolpidem,Imidazopyridine,chembl,EC50,191.0,nM,=,CHEMBL1962,Activity at rat wild type GABAA alpha-1-beta-2-gamma-2 receptor expressed in xenopus oocytes assessed as GABA-elicited r
cid:5732,5732,Zolpidem,Imidazopyridine,chembl,EC50,1180.0,nM,=,CHEMBL612545,Activity at rat wild type GABAA alpha-1H101Cbeta-2-gamma-2 mutant receptor expressed in xenopus oocytes assessed as GABA
cid:5732,5732,Zolpidem,Imidazopyridine,chembl,EC50,2630.0,nM,=,CHEMBL612545,Activity at rat wild type GABAA alpha-1G157Cbeta-2-gamma-2 mutant receptor expressed in xenopus oocytes assessed as GABA
cid:5732,5732,Zolpidem,Imidazopyridine,chembl,EC50,2750.0,nM,=,CHEMBL612545,Activity at rat wild type GABAA alpha-1V202Cbeta-2-gamma-2 mutant receptor expressed in xenopus oocytes assessed as GABA
cid:5732,5732,Zolpidem,Imidazopyridine,chembl,EC50,341.0,nM,=,CHEMBL612545,Activity at rat wild type GABAA alpha-1V211Cbeta-2-gamma-2 mutant receptor expressed in xenopus oocytes assessed as GABA
cid:5732,5732,Zolpidem,Imidazopyridine,chembl,EC50,240.0,nM,=,CHEMBL2095172,Positive allosteric modulation of human recombinant GABA-A receptor alpha1beta2gamma2 expressed in HEK293 cells assessed
cid:5732,5732,Zolpidem,Imidazopyridine,chembl,EC50,340.0,nM,=,CHEMBL612545,Positive allosteric modulator activity at rat alpha1beta2gamma2L GABA-A receptor expressed in Xenopus laevis oocytes in 
cid:5732,5732,Zolpidem,Imidazopyridine,chembl,Kd,63000.0,nM,=,CHEMBL3253,Binding affinity to albumin (unknown origin)
cid:5735,5735,Zopiclone,Cyclopyrrolone,chembl,IC50,29.0,nM,=,CHEMBL1907607,Binding affinity against central benzodiazepine receptor(CBR).
cid:64961,64961,Beta-Carboline,,chembl,IC50,1621.81,nM,=,CHEMBL1907607,Binding affinity for rat benzodiazepine receptor inverse agonist site
cid:64961,64961,Beta-Carboline,,chembl,IC50,1620.0,nM,=,CHEMBL612545,In vitro displacement of [3H]-diazepam from GABA-A benzodiazepine receptor in rat cerebral cortex
cid:64961,64961,Beta-Carboline,,chembl,IC50,1620.0,nM,=,CHEMBL1907607,In vitro inhibition of binding to the benzodiazepine receptor in rat cerebral cortical membrane using [3H]diazepam as ra
cid:64961,64961,Beta-Carboline,,chembl,IC50,1621.81,nM,=,CHEMBL1907607,Binding affinity towards benzodiazepine receptor inverse agonist site by the displacement of [3H]diazepam in rat cerebra
cid:64961,64961,Beta-Carboline,,chembl,IC50,1621.81,nM,=,CHEMBL2093872,Inhibition on Benzodiazepine receptor
cid:64961,64961,Beta-Carboline,,chembl,IC50,15000.0,nM,=,CHEMBL3476,Inhibitory activity against IkappaB kinase(IKK) isolated from HeLa cells activated with recombinant MEEK1 in an ELISA ph
cid:64961,64961,Beta-Carboline,,chembl,IC50,25000.0,nM,>,CHEMBL2095191,Inhibitory activity against CKII kinase.
cid:64961,64961,Beta-Carboline,,chembl,IC50,25000.0,nM,>,CHEMBL2094138,Inhibitory activity against protein kinase A.
cid:64961,64961,Beta-Carboline,,chembl,IC50,25000.0,nM,>,CHEMBL2093867,Inhibitory activity against protein kinase C.
cid:64961,64961,Beta-Carboline,,chembl,IC50,1620.0,nM,=,CHEMBL1907607,In vitro inhibition of 3[H]Diazepam binding to Benzodiazepine receptor from rat cerebral cortical membranes
cid:64961,64961,Beta-Carboline,,chembl,IC50,141700.0,nM,=,CHEMBL614806,Cytotoxicity against human H9 cells
cid:64961,64961,Beta-Carboline,,chembl,IC50,1621.81,nM,=,CHEMBL612545,Displacement of [3H]diazepam from GABAA/BzR in rat brain membrane
cid:64961,64961,Beta-Carboline,,chembl,IC50,25.0,ug.mL-1,=,CHEMBL389,Cytotoxicity against mouse P388 cells
cid:64961,64961,Beta-Carboline,,chembl,IC50,1621.81,nM,=,CHEMBL612545,Displacement of [3H]diazepam from benzodiazepine receptor in rat brain
cid:64961,64961,Beta-Carboline,,chembl,IC50,130000.0,nM,>,CHEMBL3879801,Antiplatelet aggregation activity against collagen-induced platelet
cid:64961,64961,Beta-Carboline,,chembl,Ki,1620.0,nM,=,CHEMBL1907607,In vitro inhibition of [3H]diazepam binding to benzodiazepine receptor in rat cerebral cortical membrane
cid:64961,64961,Beta-Carboline,,chembl,Ki,120.0,nM,=,CHEMBL4685,Inhibition of IDO
cid:64961,64961,Beta-Carboline,,chembl,Ki,1200.0,nM,=,CHEMBL2039,Reversible inhibition of MAO-B
cid:64961,64961,Beta-Carboline,,chembl,Ki,7943.28,nM,=,CHEMBL1991,PUBCHEM_BIOASSAY: Navigating the Kinome. (Class of assay: other) Panel member name: IKBKB
cid:64961,64961,Beta-Carboline,,chembl,Ki,15848.93,nM,=,CHEMBL4722,PUBCHEM_BIOASSAY: Navigating the Kinome. (Class of assay: other) Panel member name: STK6
cid:64961,64961,Beta-Carboline,,chembl,Ki,6309.57,nM,=,CHEMBL2147,PUBCHEM_BIOASSAY: Navigating the Kinome. (Class of assay: other) Panel member name: PIM1
cid:64961,64961,Beta-Carboline,,chembl,Ki,260.0,nM,=,CHEMBL1951,Competitive inhibition of recombinant human MAO-A using kynuramine as substrate by Lineweaver-Burk plot analysis
cid:64961,64961,Beta-Carboline,,chembl,Ki,1120.0,nM,=,CHEMBL2039,Competitive inhibition of recombinant human MAO-B expressed in baculovirus system using kynuramine as substrate after 40
cid:64961,64961,Beta-Carboline,,chembl,Ki,180000.0,nM,=,CHEMBL4685,Inhibition of IDO1 (unknown origin)
cid:64961,64961,Beta-Carboline,,chembl,EC50,8800.0,nM,=,CHEMBL612571,Antiviral activity against BVDV infected in MDBK cells assessed as reduction in viral induced cell destruction by MTT as
cid:64961,64961,Beta-Carboline,,chembl,EC50,44100.0,nM,=,CHEMBL378,Antiviral activity against HIV1 in human H9 cells assessed as inhibition of viral replication
cid:64961,64961,Beta-Carboline,,chembl,EC50,8800.0,nM,=,CHEMBL612571,Antiviral activity against bovine viral diarrhea virus 1 infected in MDBK cells assessed as reduction in viral replicati
cid:9287,9287,ΑMT,Substituted_tryptamines,chembl,IC50,2344.23,nM,=,CHEMBL228,Inhibition of [3H]5-HT uptake at human SERT expressed in HEK293 cells preincubated for 10 mins prior to substrate additi
cid:9287,9287,ΑMT,Substituted_tryptamines,chembl,IC50,3715.35,nM,=,CHEMBL222,Inhibition of [3H]norepinephrine uptake at human NET expressed in HEK293 cells preincubated for 10 mins prior to substra
cid:9287,9287,ΑMT,Substituted_tryptamines,chembl,IC50,1862.09,nM,=,CHEMBL238,Inhibition of [3H]dopamine uptake at human DAT expressed in HEK293 cells preincubated for 10 mins prior to substrate add
cid:9287,9287,ΑMT,Substituted_tryptamines,chembl,Ki,10000.0,nM,>,CHEMBL2093870,Binding affinity against 5-hydroxytryptamine 2 receptor using [3H]ketanserin as radioligand
cid:9287,9287,ΑMT,Substituted_tryptamines,chembl,Ki,530.0,nM,=,CHEMBL273,Binding affinity against 5-hydroxytryptamine 1A receptor using [3H]-8-OH-DPAT as radioligand
cid:9287,9287,ΑMT,Substituted_tryptamines,chembl,Ki,10000.0,nM,>,CHEMBL612545,Displacement of [3H]DTG from sigma 2 receptor in rat PC12 cells after 1 to 1.5 hrs by scintillation counting analysis
cid:9287,9287,ΑMT,Substituted_tryptamines,chembl,Ki,10000.0,nM,>,CHEMBL4153,Displacement of [3H]Pentazocine from guinea pig sigma 1 receptor after 1 to 1.5 hrs by scintillation counting analysis
cid:9287,9287,ΑMT,Substituted_tryptamines,chembl,Ki,1127.0,nM,=,CHEMBL228,Displacement of [3H]Citalopram from human recombinant serotonin transporter expressed in HEK293 cells after 1 to 1.5 hrs
cid:9287,9287,ΑMT,Substituted_tryptamines,chembl,Ki,1122.02,nM,=,CHEMBL228,Displacement of [3H]Citalopram from human recombinant serotonin transporter expressed in HEK293 cells after 1 to 1.5 hrs
cid:9287,9287,ΑMT,Substituted_tryptamines,chembl,Ki,10000.0,nM,>,CHEMBL4552,Displacement of [3H]PK11195 from peripheral benzodiazepine receptor in rat brain after 1 to 1.5 hrs by scintillation cou
cid:9287,9287,ΑMT,Substituted_tryptamines,chembl,Ki,10000.0,nM,>,CHEMBL1907608,Displacement of [3H]MK801 from NMDA receptor PCP binding site in rat brain after 1 to 1.5 hrs by scintillation counting 
cid:9287,9287,ΑMT,Substituted_tryptamines,chembl,Ki,10000.0,nM,>,CHEMBL222,Displacement of [3H]Nisoxetine from human recombinant norepinephrine transporter expressed in HEK293 cells after 1 to 1.
cid:9287,9287,ΑMT,Substituted_tryptamines,chembl,Ki,10000.0,nM,>,CHEMBL233,Displacement of [3H]DAMGO from human recombinant mu opioid receptor receptor expressed in HEK293 cells after 1 to 1.5 hr
cid:9287,9287,ΑMT,Substituted_tryptamines,chembl,Ki,10000.0,nM,>,CHEMBL2035,Displacement of [3H]QNB from human recombinant muscarinic M5 receptor expressed in CHO cells after 1 to 1.5 hrs by scint
cid:9287,9287,ΑMT,Substituted_tryptamines,chembl,Ki,10000.0,nM,>,CHEMBL1821,Displacement of [3H]QNB from human recombinant muscarinic M4 receptor expressed in CHO cells after 1 to 1.5 hrs by scint
cid:9287,9287,ΑMT,Substituted_tryptamines,chembl,Ki,10000.0,nM,>,CHEMBL245,Displacement of [3H]QNB from human recombinant muscarinic M3 receptor expressed in CHO cells after 1 to 1.5 hrs by scint
cid:9287,9287,ΑMT,Substituted_tryptamines,chembl,Ki,10000.0,nM,>,CHEMBL211,Displacement of [3H]QNB from human recombinant muscarinic M2 receptor expressed in CHO cells after 1 to 1.5 hrs by scint
cid:9287,9287,ΑMT,Substituted_tryptamines,chembl,Ki,10000.0,nM,>,CHEMBL216,Displacement of [3H]QNB from human recombinant muscarinic M1 receptor expressed in CHO cells after 1 to 1.5 hrs by scint
cid:9287,9287,ΑMT,Substituted_tryptamines,chembl,EC50,107.1,nM,=,CHEMBL225,Agonist activity at human 5-HT2C receptor expressed in HEK293 cells assessed as increase in calcium mobilization by FLIP
cid:9287,9287,ΑMT,Substituted_tryptamines,chembl,EC50,75.8,nM,=,CHEMBL1833,Agonist activity at human 5-HT2B receptor expressed in HEK293 cells assessed as increase in calcium mobilization by FLIP
cid:9287,9287,ΑMT,Substituted_tryptamines,chembl,EC50,18.9,nM,=,CHEMBL224,Agonist activity at human 5-HT2A receptor expressed in HEK293 cells assessed as increase in calcium mobilization by FLIP
cid:9287,9287,ΑMT,Substituted_tryptamines,chembl,EC50,107.15,nM,=,CHEMBL225,Agonist activity at human 5-HT2C receptor expressed in HEK293 cells assessed as increase in calcium mobilization by FLIP
cid:9287,9287,ΑMT,Substituted_tryptamines,chembl,EC50,75.86,nM,=,CHEMBL1833,Agonist activity at human 5-HT2B receptor expressed in HEK293 cells assessed as increase in calcium mobilization by FLIP
cid:9287,9287,ΑMT,Substituted_tryptamines,chembl,EC50,19.05,nM,=,CHEMBL224,Agonist activity at human 5-HT2A receptor expressed in HEK293 cells assessed as increase in calcium mobilization by FLIP
cid:9287,9287,ΑMT,Substituted_tryptamines,chembl,EC50,78.6,nM,=,CHEMBL338,Induction of DAT-mediated dopamine release in rat brain synaptosomes by [3H]DA release assay
cid:9287,9287,ΑMT,Substituted_tryptamines,chembl,EC50,21.7,nM,=,CHEMBL313,Induction of 5-HTT-mediated 5-HT release in rat brain synaptosomes by [3H]5-HT release assay
cid:9287,9287,ΑMT,Substituted_tryptamines,chembl,EC50,112.0,nM,=,CHEMBL304,Induction of NET-mediated norepinephrine release in rat brain synaptosomes by [3H]NE release assay
cid:9287,9287,ΑMT,Substituted_tryptamines,chembl,EC50,23.1,nM,=,CHEMBL224,Agonist activity at 5HT2A receptor (unknown origin) by cell based calcium mobilization assay
